OBJECTID,poly_SourceOID,poly_IncidentName,poly_FeatureCategory,poly_MapMethod,poly_GISAcres,poly_DeleteThis,poly_FeatureAccess,poly_FeatureStatus,poly_IsVisible,poly_CreateDate,poly_DateCurrent,poly_PolygonDateTime,poly_IRWINID,poly_FORID,poly_Acres_AutoCalc,poly_SourceGlobalID,poly_Source,attr_SourceOID,attr_ABCDMisc,attr_ADSPermissionState,attr_CalculatedAcres,attr_ContainmentDateTime,attr_ControlDateTime,attr_CreatedBySystem,attr_IncidentSize,attr_DiscoveryAcres,attr_DispatchCenterID,attr_EstimatedCostToDate,attr_FinalAcres,attr_FFReportApprovedByTitle,attr_FFReportApprovedByUnit,attr_FFReportApprovedDate,attr_FireBehaviorGeneral,attr_FireBehaviorGeneral1,attr_FireBehaviorGeneral2,attr_FireBehaviorGeneral3,attr_FireCause,attr_FireCauseGeneral,attr_FireCauseSpecific,attr_FireCode,attr_FireDepartmentID,attr_FireDiscoveryDateTime,attr_FireMgmtComplexity,attr_FireOutDateTime,attr_FireStrategyConfinePercent,attr_FireStrategyFullSuppPrcnt,attr_FireStrategyMonitorPercent,attr_FireStrategyPointZonePrcnt,attr_FSJobCode,attr_FSOverrideCode,attr_GACC,attr_ICS209ReportDateTime,attr_ICS209RptForTimePeriodFrom,attr_ICS209RptForTimePeriodTo,attr_ICS209ReportStatus,attr_IncidentManagementOrg,attr_IncidentName,attr_IncidentShortDescription,attr_IncidentTypeCategory,attr_IncidentTypeKind,attr_InitialLatitude,attr_InitialLongitude,attr_InitialResponseAcres,attr_InitialResponseDateTime,attr_IrwinID,attr_IsFireCauseInvestigated,attr_IsFireCodeRequested,attr_IsFSAssisted,attr_IsMultiJurisdictional,attr_IsQuarantined,attr_IsReimbursable,attr_IsTrespass,attr_IsUnifiedCommand,attr_IsValid,attr_LocalIncidentIdentifier,attr_ModifiedBySystem,attr_PercentContained,attr_PercentPerimToBeContained,attr_POOCity,attr_POOCounty,attr_POODispatchCenterID,attr_POOFips,attr_POOJurisdictionalAgency,attr_POOJurisdictionalUnit,attr_POOJurisdictUnitParentUnit,attr_POOLandownerCategory,attr_POOLandownerKind,attr_POOLegalDescPrincipalMerid,attr_POOLegalDescQtr,attr_POOLegalDescQtrQtr,attr_POOLegalDescRange,attr_POOLegalDescSection,attr_POOLegalDescTownship,attr_POOPredictiveServiceAreaID,attr_POOProtectingAgency,attr_POOProtectingUnit,attr_POOState,attr_PredominantFuelGroup,attr_PredominantFuelModel,attr_PrimaryFuelModel,attr_SecondaryFuelModel,attr_TotalIncidentPersonnel,attr_UniqueFireIdentifier,attr_FORID,attr_WFDSSDecisionStatus,attr_EstimatedFinalCost,attr_OrganizationalAssessment,attr_StratDecisionPublishDate,attr_CreatedOnDateTime_dt,attr_ModifiedOnDateTime_dt,attr_Source,attr_IsCpxChild,attr_CpxName,attr_CpxID,attr_SourceGlobalID,GlobalID,Shape__Area,Shape__Length,attr_IncidentComplexityLevel
36832,1339,CALFD-000042,Wildfire Daily Fire Perimeter,Hand Sketch,5.05,No,Public,Approved,Yes,1/31/2025 11:36:18 PM,1/31/2025 11:36:18 PM,1/31/2025 11:36:17 PM,{39C2CD9F-4829-4D86-8412-0FB954D5B33C},,5.04976699403293,{85AA924B-2B67-4BD9-A205-0602DE5857DE},2025 NIFS,33052641,,DEFAULT,5.05,1/1/2025 12:46:00 PM,,INFORM_Inspector,5,5,CALACC,,,,,,,,,,Human,Fireworks,Unknown (remarks required),,,1/1/2025 8:17:11 AM,,,,,,,,,OSCC,,,,,,CALFD-000042,,WF,FI,,,,,{39C2CD9F-4829-4D86-8412-0FB954D5B33C},,0,0,,0,,,,1,000042,INFORM_Inspector,,,,Los Angeles,CALACC,06037,,,,Private,Private,,,,,,,SC08,C&L,CALFD,US-CA,Brush,SH5,,,,2025-CALFD-000042,,No Decision,,,,1/31/2025 11:35:28 PM,1/31/2025 11:50:23 PM,IRWIN,0,,,{EC789843-0F37-4B59-A0F4-6F4D89CD18EC},8306c7da-f848-4438-a330-37c0b426bfcb,1.99592341232346E-06,0.00784714363008459,
36470,400,Egret,Wildfire Daily Fire Perimeter,GPS-Walked,0.27,No,Public,Approved,Yes,1/13/2025 10:41:09 PM,1/13/2025 10:50:16 PM,1/2/2025 3:26:33 PM,{9437FAA9-3CC5-40D2-95B0-083A084455C1},,0.272001649100223,{C79227F2-F9FE-4F4D-AD6D-BBFC587DD7A6},2025 NIFS,33044850,,DEFAULT,,1/2/2025 4:20:00 PM,1/6/2025 6:20:00 PM,wildcade,0.26,0.26,FLFIC,,,,,,,,,,Undetermined,,,SD7C,,1/1/2025 5:05:00 PM,,1/6/2025 6:20:00 PM,,,,,P8,0805,SACC,,,,,,Egret,,WF,FI,29.43365,-81.74226,,,{9437FAA9-3CC5-40D2-95B0-083A084455C1},,0,,,0,,,,1,000001,wildcade,,,,Putnam,FLFIC,12107,USFS,FLFNF,,USFS,Federal,,,,,,,SA48,USFS,FLFNF,US-FL,,,,,,2025-FLFNF-000001,,No Decision,,,,1/2/2025 4:25:01 PM,1/6/2025 6:20:14 PM,IRWIN,0,,,{97B33189-EE37-4576-8AB1-87BBA3E1600F},e2db0bc0-1195-4585-a820-0a0e31509381,1.0234930414299E-07,0.00240544501101158,
37062,2007,Drive By,Wildfire Daily Fire Perimeter,Mixed Methods,2.46,No,Public,Approved,Yes,2/19/2025 1:51:17 PM,2/19/2025 2:49:26 PM,2/4/2025 7:35:17 PM,{31313E21-9ECC-452F-99A7-E2DEDBF85E8A},,2.46303746458011,{AF395067-FF2B-4522-99C6-C1B38A8ED11D},2025 NIFS,33052957,,DEFAULT,,,2/3/2025 5:10:00 PM,iffrs,2.46,2,WIWISC,,2.46,,,,,,,,Human,Other causes,Other (remarks required),SE7A,,1/1/2025 10:30:00 PM,,2/3/2025 5:42:00 PM,,,,,,,EACC,,,,,,Drive By,,WF,FI,44.11024,-90.29291,2,2/3/2025 5:08:00 PM,{31313E21-9ECC-452F-99A7-E2DEDBF85E8A},,0,,,0,,,,1,FIRE123093,iffrs,,,,Juneau,WIWIC,55057,FWS,WINCR,,USFWS,Federal,,,,,,,EA05,DNR,WIWIS,US-WI,,,Hardwood Litter,,,2025-WIWIS-FIRE123093,,No Decision,,,,2/3/2025 7:58:29 PM,2/20/2025 4:24:19 PM,IRWIN,0,,,{4BF57A2B-84D5-4833-BFAA-87E12A8B3758},79233a11-dfcb-46f3-9d4a-43b71b84ccbc,1.12053248813027E-06,0.00745641162272955,
36252,4188,BORDER,Wildfire Daily Fire Perimeter,GPS-Walked,16.91,No,Public,Approved,Yes,3/8/2025 1:45:10 AM,3/8/2025 1:45:57 AM,1/3/2025 3:00:00 AM,{3A99A059-7B44-427A-9470-8DB062638552},,16.9114350658886,{C6CEE062-998E-438D-8719-C1B6F8026349},2025 NIFS,33044725,,DEFAULT,,1/2/2025 6:39:00 AM,1/3/2025 7:59:00 AM,cfcad,17,0.01,CASDIC,,17,,,,,,,,Undetermined,,,SD66,,1/2/2025 2:23:09 AM,,,,,,,PN,1522,OSCC,,,,,,BORDER,,WF,FI,32.59853,-116.82817,,,{3A99A059-7B44-427A-9470-8DB062638552},,0,0,1,0,1,1,,1,000091,INFORM_Inspector,,,,San Diego,CASDIC,06073,BLM,CACDD,,BLM,Federal,,,,,,,SC08,CAL FIRE,CASDU,US-CA,,,,,,2025-CASDU-000091,,No Decision,,,,1/2/2025 2:23:57 AM,1/14/2025 7:10:17 PM,IRWIN,0,,,{1370B9D3-9BC5-4895-9DAD-5DABE97CFB3B},b7ed8cbe-c443-4c6e-98a1-942d51036a9a,6.5739704950829E-06,0.0176545067757641,
36471,16,MONUMENT,Wildfire Daily Fire Perimeter,GPS-Walked,17.5864729905362,No,Public,Approved,Yes,1/3/2025 1:01:01 AM,1/13/2025 11:56:42 PM,1/8/2025 4:28:52 PM,{002742B0-61E8-4BB8-A016-BE12F029CEA8},,17.5864082386949,{53E063FF-36ED-4133-9657-C75343ECF587},2025 NIFS,33045138,,DEFAULT,,1/6/2025 9:35:00 PM,1/7/2025 11:00:00 PM,wildcade,17.6,4,NMABC,,,,,,,,,,Human,,,SD72,,1/2/2025 10:42:12 PM,,1/16/2025 10:00:00 PM,,,,,PP,1522,SWCC,,,,,,MONUMENT,,WF,FI,35.043783,-108.356117,,,{002742B0-61E8-4BB8-A016-BE12F029CEA8},,0,1,,0,,,,1,000001,wildcade,,,,Cibola,NMABC,35006,NPS,NMELP,,NPS,Federal,,,,,,,SW07,NPS,NMELP,US-NM,,,,,,2025-NMELP-000001,,No Decision,,,,1/3/2025 1:00:26 AM,1/16/2025 9:41:54 PM,IRWIN,0,,,{14417711-3ED1-40E7-AAC8-C855340DA770},2e59764b-4c55-4cdf-9927-d3506e5390e0,7.03100226928655E-06,0.0174452581185502,
37043,1999,Marble Quarry,Wildfire Daily Fire Perimeter,Mixed Methods,1.98,No,Public,Approved,Yes,2/19/2025 1:51:17 PM,2/19/2025 2:15:19 PM,1/30/2025 2:06:23 PM,{6B3112F3-5257-4187-BEBA-C23B3600719F},,1.98327164686047,{67A2F009-08A1-4A40-A6FC-1EB731181072},2025 NIFS,33045653,,DEFAULT,,,1/4/2025 6:10:00 PM,iffrs,1.98,2,WIWISC,,1.98,,,,,,,,Human,Debris and open burning,Escaped Prescribed Burn,SD88,,1/4/2025 5:25:00 PM,,1/4/2025 6:20:00 PM,,,,,,,EACC,,,,,,Marble Quarry,,WF,FI,43.31628,-90.16458,2,1/4/2025 5:48:00 PM,{6B3112F3-5257-4187-BEBA-C23B3600719F},,0,,,0,,,,1,FIRE123013,iffrs,,,,Sauk,WIWIC,55111,,,,Private,Private,,,,,,,EA05,DNR,WIWIS,US-WI,,,Tall Grass (2.5 feet),,,2025-WIWIS-FIRE123013,,No Decision,,,,1/6/2025 5:24:57 PM,1/30/2025 2:06:08 PM,IRWIN,0,,,{B4ABB0C0-7AFC-4771-922A-EC042BF47B94},41b63d3b-9189-4abb-ad17-8863838d82fb,8.905508366297E-07,0.00381868056266473,
37109,2104,Freaking Cold Fire,Wildfire Daily Fire Perimeter,GPS-Walked,2,No,Public,Approved,Yes,2/21/2025 2:13:32 PM,3/10/2025 5:30:56 PM,1/4/2025 5:48:45 PM,{65A6DC15-9041-459B-B481-25BC7672270F},,2.00605172762905,{2768A394-B64D-4278-B968-2AE8C1896059},2025 NIFS,33054758,,DEFAULT,2,,,INFORM_Mobile,2,,MIMISC,,,,,,,,,,Human,Recreation and ceremony,Campfire,,,1/4/2025 6:48:00 PM,,1/5/2025 3:00:00 PM,,,,,,,EACC,,,,,,Freaking Cold Fire,,WF,FI,,,,,{65A6DC15-9041-459B-B481-25BC7672270F},,0,,,0,,,,1,010001,INFORM_Inspector,,,,Alcona,MIMIDC,26001,DNR,MIMIS,,Private,Private,,,,,,,EA07,DNR,MIMIS,US-MI,,,,,,2025-MIMIS-010001,,No Decision,,,,2/10/2025 8:13:35 PM,2/21/2025 2:24:23 PM,IRWIN,0,,,{8CF038FF-9137-45C6-8708-C122D5D5851B},9169b775-6871-41cd-984a-ecbb9f3274f6,9.21418632060522E-07,0.00422387261475424,
37210,240,BICY Boot Hill Rx,Prescribed Fire,Auto-generated for InFORM,20837,No,Public,Approved,Yes,1/9/2025 2:13:49 PM,3/1/2025 3:56:01 PM,2/3/2025 11:48:33 AM,{2071D7A0-5569-47A4-897E-FF9F4F8EEA63},,22804.175688054,{9A2D7BB2-39BD-47B4-8AD3-E9524AA8BD06},2025 NIFS,33045384,,DEFAULT,,,,wildcade,20837,,FLFIC,,,,,,,,,,Undetermined,,,,,1/4/2025 9:31:42 PM,,,,,,,,,SACC,,,,,,BICY Boot Hill Rx,,RX,FI,26.0074,-81.097717,,,{2071D7A0-5569-47A4-897E-FF9F4F8EEA63},,0,,,0,,,,1,000021,wildcade,,,,Collier,FLFIC,12021,NPS,FLBCP,,NPS,Federal,,,,,,,SA50,NPS,FLBCP,US-FL,,,,,,2025-FLBCP-000021,,No Decision,,,,1/4/2025 9:32:22 PM,2/3/2025 11:48:06 AM,IRWIN,0,,,{DAF66F85-D448-4B4A-BB25-26EBF5FFBFDA},55ea0b08-3230-4cfb-a639-07cf5c8a8e6a,0.00832072452112698,0.464317587950766,
36659,63,CALLBOX,Wildfire Daily Fire Perimeter,Auto-generated for InFORM,0.1,No,Public,Approved,Yes,1/5/2025 1:01:10 AM,1/22/2025 8:20:05 PM,1/6/2025 11:48:02 PM,{1BCE1596-7F5F-4973-82DE-45B600368E10},,145.05881310061,{92CF219D-EAEA-4F7E-8251-C48C67BB7819},2025 NIFS,33045409,,DEFAULT,,1/5/2025 1:40:00 AM,1/5/2025 1:40:00 AM,wildcade,0.1,0.1,CAANCC,,,,,,,,,,Undetermined,,,SD8P,,1/5/2025 12:53:33 AM,,1/5/2025 1:40:00 AM,,,,,,,OSCC,,,,,,CALLBOX,,WF,FI,34.584801,-118.560303,,,{1BCE1596-7F5F-4973-82DE-45B600368E10},,0,1,,0,,1,,1,250049,INFORM_Inspector,,,,Los Angeles,CAANCC,06037,USFS,CAANF,,USFS,Federal,,,,,,,SC09,USFS,CAANF,US-CA,,,,,,2025-CAANF-250049,,No Decision,,,,1/5/2025 1:00:48 AM,1/6/2025 11:47:40 PM,IRWIN,0,,,{9826410D-D0F2-4F9B-9649-B9C5A7C5D5D4},8bbd9f08-fd4c-4820-a270-42785baca2e1,5.76696102143615E-05,0.0369849625481792,
36644,26774,Wedding ,Wildfire Final Fire Perimeter,Mixed Methods,28.6,No,Public,Approved,Yes,1/22/2025 3:58:11 PM,1/22/2025 3:58:11 PM,1/22/2025 3:58:11 PM,{E278DE97-ED1B-419D-B466-9B3FC2567F7B},{22597EC0-430D-4949-8FCB-17919CC15092},28.6072189145278,,FFP,5362203,,CERTIFIED,28.61,1/6/2025 12:15:00 AM,1/6/2025 4:00:00 PM,wildcade,28,,MSMIC,,,,,1/22/2025 3:58:04 PM,,,,,,,,SD8T,,1/5/2025 8:39:00 PM,,1/10/2025 6:00:00 PM,,,,,P8,0807,SACC,,,,,,Wedding Fire,,WF,FI,31.3845,-91.0216,,1/5/2025 8:40:00 PM,,,,1,,0,,,,1,000014,INFORM_Inspector,,,,Franklin,MSMIC,28037,USFS,MSMNF,,USFS,Federal,,,,,,,,USFS,MSMNF,US-MS,Grass,GR2,,,,2025-MSMNF-000014,{22597EC0-430D-4949-8FCB-17919CC15092},,,,,1/5/2025 10:04:25 PM,1/22/2025 3:49:08 PM,FODR,,,,{A85975CE-200D-4A09-AA8E-10168CFCCFDF},7dbab526-249e-49c4-bcb1-0050b92185b2,1.09772947780584E-05,0.0156405443922539,
36446,380,East Hartford,Wildfire Daily Fire Perimeter,Mixed Methods,2.98043215135052,No,Public,Approved,Yes,1/13/2025 4:39:13 PM,1/13/2025 4:39:13 PM,,{49592D68-35E2-49CC-A1C8-7AC30DCCBF99},,2.9804201607155,{0307DB3A-252E-4FBA-A32B-431757FA4399},2025 NIFS,33045497,,DEFAULT,,1/5/2025 11:14:00 PM,1/5/2025 11:58:00 PM,wildcade,3,3,UTUBC,,,,,,,,,,Human,,,SD8X,,1/5/2025 8:59:00 PM,,1/7/2025 3:52:00 PM,,,,,,,GBCC,,,,,,East Hartford,,WF,FI,40.227976,-109.98002,,,{49592D68-35E2-49CC-A1C8-7AC30DCCBF99},,0,1,,0,,,,1,100001,wildcade,,,,Duchesne,UTUBC,49013,,,,Private,Private,,,,,,,GB29,DFF,UTNES,US-UT,,,,,,2025-UTNES-100001,,No Decision,,,,1/6/2025 12:00:24 AM,1/7/2025 4:01:35 PM,IRWIN,0,,,{D13AFA17-E799-4F93-AD2B-2ABB24C7982A},3cfa40fe-5684-452f-93c6-0372d3cd3f8d,1.28461442727712E-06,0.00523726621576028,
36425,26526,Roter,Wildfire Final Fire Perimeter,GPS-Walked,1.258778,No,Public,Approved,Yes,1/10/2025 3:11:03 PM,1/10/2025 3:11:03 PM,1/10/2025 3:11:03 PM,{60AA7CF4-F533-47F9-BDDF-2D4A54DFBCC8},{01A61F84-61FE-4BC7-BF90-0D26396DBEC6},1.25877371194102,,FFP,5334427,,CERTIFIED,1.26,1/6/2025 1:14:00 AM,1/8/2025 6:37:00 PM,wildcade,1.26,,AZPHC,,,,,1/10/2025 3:10:56 PM,,,,,,,,SD96,,1/5/2025 10:06:45 PM,,1/8/2025 6:37:00 PM,,,,,P3,,SWCC,,,,,,Roter,,WF,FI,33.3075,-111.246,,1/5/2025 11:06:00 PM,,,,1,,0,,,,1,000024,wildcade,,,,Pinal,AZPHC,04021,USFS,AZTNF,,USFS,Federal,,,,,,,,USFS,AZTNF,US-AZ,Grass-Shrub,GS2,,,,2025-AZTNF-000024,{01A61F84-61FE-4BC7-BF90-0D26396DBEC6},,,,,1/6/2025 12:54:02 AM,1/8/2025 11:33:57 PM,FODR,,,,{7C853D06-F21D-4131-BA79-BABFC516349C},23c35eef-298b-4a19-96fc-f3a10fcf3e31,4.93061179440701E-07,0.00392280491565659,
36723,26869,Bell Springs,Wildfire Final Fire Perimeter,Phone/Tablet,0.1,No,Public,Approved,Yes,1/27/2025 7:01:55 PM,1/27/2025 7:01:55 PM,1/27/2025 7:01:54 PM,{17A682C5-9ADB-4A33-B7CF-28940D77CDB7},{30AF5773-E6AD-4A95-AB45-5DBA6E1FA8E2},14.8160267786479,,FFP,5377586,,CERTIFIED,14.81,1/7/2025 3:40:00 PM,1/13/2025 12:30:53 PM,wildcade,14.81,,ALAIC,,,,,1/27/2025 7:01:48 PM,,,,,,,,SD8W,,1/5/2025 10:10:00 PM,,1/13/2025 1:00:53 PM,,,,,P8,0801,SACC,,,,,,Bell Springs,,WF,FI,33.529286,-85.884933,,1/5/2025 10:30:00 PM,,1,,1,,0,,1,,1,000009,wildcade,,,,Talladega,ALAIC,01121,USFS,ALALF,,USFS,Federal,,,,,,,,USFS,ALALF,US-AL,Timber,TL9,,,,2025-ALALF-000009,{30AF5773-E6AD-4A95-AB45-5DBA6E1FA8E2},,,,,1/5/2025 11:39:02 PM,1/13/2025 10:51:26 PM,FODR,,,,{B2C2B162-3F84-4264-A255-6CE7A981D04B},6d6c2d58-8f08-40bc-8a3b-f23bd5e4e6cc,5.81994868298352E-06,0.0218924121928744,
36334,138,Daggett Brook,Wildfire Daily Fire Perimeter,Auto-generated for InFORM,0.25,No,Public,Approved,Yes,1/7/2025 3:39:36 PM,1/7/2025 4:42:37 PM,1/7/2025 3:39:36 PM,{75486FFF-E80B-4933-9B0C-D3DEFE580BDC},,0.110335421695817,{31ECDAA6-ED4E-45C7-A05A-030FF6828AF6},2025 NIFS,33045821,,DEFAULT,,1/6/2025 9:00:00 AM,1/6/2025 9:30:00 AM,wildcade,0.25,0.25,MNMNCC,,,,,,,,,,Undetermined,,,,,1/6/2025 8:32:00 AM,,1/6/2025 3:55:00 PM,,,,,,,EACC,,,,,,Daggett Brook,,WF,FI,46.199533,-94.103951,,,{75486FFF-E80B-4933-9B0C-D3DEFE580BDC},,0,,,0,,,,1,000029,wildcade,,,,Crow Wing,MNMNCC,27035,,,,Private,Private,,,,,,,EA03,DNR,MN1FS,US-MN,,,,,,2025-MN1FS-000029,,No Decision,,,,1/7/2025 3:39:13 PM,1/7/2025 3:39:13 PM,IRWIN,0,,,{C7FFB004-D6C1-4B48-BEB7-E701581CE6E4},b505cfc7-e5cc-4bb7-963e-f7f3686c0d80,5.20240064361133E-08,0.00112349635682662,
36700,26843,NV COVE RX,Wildfire Final Fire Perimeter,Auto-generated for InFORM,14,No,Public,Approved,Yes,1/24/2025 6:59:33 PM,1/24/2025 6:59:33 PM,1/24/2025 6:59:32 PM,{8C14996E-0A98-41AB-962B-16BA1A4E77D0},{6157D3B9-C0E3-41C2-BB53-EAA73127773D},13.8591910283198,,FFP,5333605,,CERTIFIED,13.86,,,wildcade,14,,NVLIC,,,,,1/24/2025 6:59:24 PM,,,,,,,,,,1/6/2025 7:00:00 PM,,1/17/2025 10:00:00 PM,,,,,,,GBCC,,,,,,NV COVE RX,,RX,FI,35.378889,-114.635556,,,,,,0,,0,,,,1,500007,wildcade,,,,Clark,NVLIC,32003,NPS,NVLAP,,NPS,Federal,,,,,,,,NPS,NVLAP,US-NV,Brush,SH5,,,,2025-NVLAP-500007,{6157D3B9-C0E3-41C2-BB53-EAA73127773D},,,,,1/3/2025 4:05:11 PM,1/8/2025 11:08:59 PM,FODR,,,,{B5A6476E-EF8F-4C67-8968-D7AE75E8D0CE},a66c493e-51bb-4a4a-81a8-92d25718988a,5.57011162527488E-06,0.0245211572579663,
36400,211,Beaver Creek,Wildfire Daily Fire Perimeter,Hand Sketch,0.14,No,Public,Approved,Yes,1/8/2025 9:23:51 PM,1/8/2025 9:25:10 PM,1/6/2025 8:45:00 PM,{AA320EAC-41B7-4996-A227-E56FC8236B23},,0.273118895840647,{5239B9C9-3EB5-4EB2-8E82-C370ED5D3ACF},2025 NIFS,33045822,,DEFAULT,,1/6/2025 8:45:00 PM,1/6/2025 9:00:00 PM,wildcade,1,1,MNMNCC,,,,,,,,,,Undetermined,,,,,1/6/2025 8:12:00 PM,,1/7/2025 2:30:00 PM,,,,,,,EACC,,,,,,Beaver Creek,,WF,FI,46.48835,-93.876007,,,{AA320EAC-41B7-4996-A227-E56FC8236B23},,0,,,0,,,,1,000030,INFORM_Inspector,,,,Crow Wing,MNMNCC,27035,,,,Private,Private,,,,,,,EA01,DNR,MN1FS,US-MN,,,,,,2025-MN1FS-000030,,No Decision,,,,1/7/2025 3:40:26 PM,1/14/2025 7:25:58 PM,IRWIN,0,,,{DDEAC0E4-5140-4276-9996-4013D16FB1A5},2330124e-6788-4ff2-a8f1-cf8f965b3a40,1.29503405332798E-07,0.0018176210257509,
37105,2066,RX - Rowans Creek,Prescribed Fire,Digitized,90.1195442216496,No,Public,Approved,Yes,2/19/2025 9:55:29 PM,2/20/2025 6:12:53 PM,,{196B158B-C8F9-4281-8EBA-FECB0C9D8CA7},,90.1195848614255,{7BEB7E44-D275-4AFC-8267-C74144E38C95},2025 NIFS,33045880,,DEFAULT,,,,wildcade,,,TNTNC,,,,,,,,,,Undetermined,,,,,1/7/2025 6:22:43 PM,,,,,,,,,SACC,,,,,,RX - T32 Maple Knob,,RX,FI,35.320667,-84.189817,,,{196B158B-C8F9-4281-8EBA-FECB0C9D8CA7},,0,,,0,,,,1,000043,wildcade,,,,Monroe,TNTNC,47123,USFS,TNCNF,,USFS,Federal,,,,,,,SA25B,USFS,TNCNF,US-TN,,,,,,2025-TNCNF-000043,,No Decision,,,,1/7/2025 6:25:08 PM,1/7/2025 6:25:08 PM,IRWIN,0,,,{9A66F14D-5719-4B4D-B2E2-2B92676CFF28},8f0dcb91-35f3-4011-a8c4-1b19444e4a79,3.62745731763425E-05,0.0356435416457898,
36398,172,PALISADES,Wildfire Daily Fire Perimeter,IR Image Interpretation,23448,No,Public,Approved,Yes,1/8/2025 6:00:47 AM,1/21/2025 11:43:48 PM,1/8/2025 2:31:44 PM,{A7EA5D21-F882-44B8-BF64-44AB11059DC1},,23448.7954165889,{844FD304-34F1-4397-86D4-9020AF2355B9},2025 NIFS,33045918,,DEFAULT,,,,IROC,23448,,CAXLAC,208946523,,,,,Minimal,,Smoldering,Creeping,Undetermined,,,SD90,,1/7/2025 6:30:00 PM,,,0,100,0,0,,,OSCC,2/1/2025 1:45:24 AM,1/31/2025 2:00:00 AM,2/1/2025 1:30:00 AM,F,Type 3 Team,Palisades,Pacific Palisades,WF,FI,,,,,{A7EA5D21-F882-44B8-BF64-44AB11059DC1},,0,,,0,,,1,1,000738,ics209,100,100,Los Angeles City,Los Angeles,CALACC,06037,,,,Private,Private,,,,,,,SC08,C&L,CALFD,US-CA,,,Chaparral (6 feet),Brush (2 feet),60,2025-CALFD-000738,,No Decision,,,,1/7/2025 7:23:56 PM,2/1/2025 1:45:24 AM,IRWIN,0,,,{35C19D7C-FEDA-42F8-AD76-9B094E783801},2a11c9e3-3295-4623-8c53-4e9a192ae0f3,0.00926798820046315,1.15761439191469,Type 3 Incident
36951,1761,Keeting,Wildfire Daily Fire Perimeter,Mixed Methods,6.829341225546,No,Public,Approved,Yes,2/10/2025 7:40:30 PM,2/10/2025 7:44:54 PM,1/7/2025 6:00:42 PM,{8E58F968-1822-4BC7-80C8-323D4B29B7CB},,6.82934415582033,{D26C100A-224D-44AD-BD96-13A5325D5CD1},2025 NIFS,33045990,,DEFAULT,,1/8/2025 4:12:32 PM,,firesponse,7,7,TXTIC,,,,,,Moderate,,,,Human,Debris and open burning,Open trash burning,,,1/8/2025 12:00:42 AM,Type 5 Incident,,,,,,,,SACC,,,,,,Keeting,,WF,FI,28.38714,-97.43228,,,{8E58F968-1822-4BC7-80C8-323D4B29B7CB},,0,,,0,,,0,1,250110,firesponse,100,,,Bee,TXTIC,48025,SFS,TXTXS,,Private,Private,,,,,,,SA14,SFS,TXTXS,US-TX,,,,,,2025-TXTXS-250110,,No Decision,,,,1/7/2025 11:55:31 PM,1/23/2025 8:50:39 PM,IRWIN,0,,,{831962B4-5F8D-490C-84DD-CE0DFD535F3C},5df43092-c304-4e7c-8338-82bf17f1c3ea,2.54447104452993E-06,0.00845527226579915,
36389,170,Cattle,Wildfire Daily Fire Perimeter,Auto-generated for InFORM,48,No,Public,Approved,Yes,1/8/2025 3:13:13 AM,1/8/2025 6:43:58 PM,1/8/2025 5:36:40 AM,{A7F41DAF-A6E0-47D5-B6BE-14FCEC2BFFC8},,44.983047734953,{BA8190E3-AF4A-4098-8561-EA4DB69F6DEA},2025 NIFS,33046023,,DEFAULT,,1/13/2025 3:42:00 PM,1/19/2025 5:00:00 PM,wildcade,48,0.1,AZADC,,,,,,,,,,Undetermined,,,SD92,,1/8/2025 1:18:30 AM,,1/19/2025 5:00:00 PM,,,,,PN,,SWCC,,,,,,Cattle,,WF,FI,32.735052,-114.252907,,,{A7F41DAF-A6E0-47D5-B6BE-14FCEC2BFFC8},,0,1,,0,,,,1,250069,wildcade,,,,Yuma,AZPDC,04027,,,,Private,Private,,,,,,,SW03,DFFM,AZA4S,US-AZ,,,,,,2025-AZA4S-250069,,No Decision,,,,1/8/2025 3:12:53 AM,1/19/2025 6:15:31 PM,IRWIN,0,,,{F245862E-1C38-4B14-9D56-1989DE930B16},63c34d34-c1ad-46ba-8470-ead7afb4757b,1.75145257799159E-05,0.0433065007753875,
36410,615,Eaton,Wildfire Daily Fire Perimeter,Mixed Methods,14021.1087122511,No,Public,Approved,Yes,1/18/2025 11:33:05 PM,1/21/2025 12:18:44 AM,,{72660ADC-B5EF-4D96-A33F-B4EA3740A4E3},,14021.052948419,{C8C94ACA-EFD8-415E-A549-C34EBC33F1B3},2025 NIFS,37659999,,DEFAULT,14023.7197,1/31/2025 11:00:00 PM,2/17/2025 11:00:00 PM,lacocad,14021,0.01,CALACC,96100000,,,,,Minimal,,Smoldering,Smoldering,Undetermined,,,SD94,,1/8/2025 2:18:47 AM,,2/18/2025 3:00:00 AM,0,100,0,0,,,OSCC,2/1/2025 1:28:22 AM,1/31/2025 2:00:00 PM,2/1/2025 1:00:00 AM,F,Type 4 IC,EATON,"Altadena, CA",WF,FI,34.19163,-118.10544,,,{72660ADC-B5EF-4D96-A33F-B4EA3740A4E3},,0,1,0,0,1,0,0,1,009087,wfdss,100,100,Altadena,Los Angeles,CALACC,06037,,,,Private,Private,,,,,,,SC08,C&L,CALAC,US-CA,,,Short Grass (1 foot),Chaparral (6 feet),33,2025-CALAC-009087,,Approved Decision,100000000,Type 3 Team,1/25/2025 12:16:01 AM,1/8/2025 2:22:48 AM,3/5/2025 5:44:11 PM,IRWIN,0,,,{72660ADC-B5EF-4D96-A33F-B4EA3740A4E3},52bfca63-1058-40fe-a4b8-ec17b36361c1,0.00554998096640702,0.919339515388689,Type 4 Incident
36392,171,Ranch,Wildfire Daily Fire Perimeter,Auto-generated for InFORM,65,No,Public,Approved,Yes,1/8/2025 5:47:09 AM,1/8/2025 7:04:11 PM,1/8/2025 11:54:56 AM,{871AEB04-A5ED-4B30-988F-65BEDA931C45},,26.7635637546804,{7115D6A7-CB1F-46F0-B391-EF6CD82A64DD},2025 NIFS,33046044,,DEFAULT,,1/13/2025 3:20:00 PM,1/19/2025 5:00:00 PM,wildcade,65,0.1,AZADC,,,,,,,,,,Undetermined,,,SD93,,1/8/2025 5:38:07 AM,,1/19/2025 5:00:00 PM,,,,,PN,1522,SWCC,,,,,,Ranch,,WF,FI,32.733795,-114.534607,,,{871AEB04-A5ED-4B30-988F-65BEDA931C45},,0,1,,0,,,,1,250070,wildcade,,,,Yuma,AZPDC,04027,,,,Private,Private,,,,,,,SW03,DFFM,AZA4S,US-AZ,,,,,,2025-AZA4S-250070,,No Decision,,,,1/8/2025 5:46:10 AM,1/19/2025 6:12:49 PM,IRWIN,0,,,{99CB6F45-56B8-48D8-B828-A7E2397AC33C},80d6f02f-6b45-47f6-a661-76eff90b4529,1.04194089090015E-05,0.028967930276959,
36411,312,Hurst,Wildfire Daily Fire Perimeter,Mixed Methods,799.817637619929,No,Public,Approved,Yes,1/11/2025 3:23:24 AM,1/11/2025 3:25:04 AM,,{F4E810AD-CDF3-4ED4-B63F-03D43785BA7B},,799.814634817516,{5884A793-1B89-4BA6-929E-7907499B79AA},2025 NIFS,33046053,,DEFAULT,,,,IROC,799,,CAXLAC,3123000,,,,,Minimal,,Spotting,Uphill Runs,Undetermined,,,,,1/8/2025 6:30:00 AM,,,0,100,0,0,,,OSCC,1/17/2025 1:20:08 AM,1/16/2025 2:00:00 PM,1/17/2025 1:00:00 AM,F,Type 3 IC,HURST,Sylmar,WF,FI,,,,,{F4E810AD-CDF3-4ED4-B63F-03D43785BA7B},,0,,,0,,,0,1,0003294,ics209,100,100,,Los Angeles,CALACC,06037,,,,Private,Private,,,,,,,SC09,C&L,CALFD,US-CA,,,Chaparral (6 feet),Brush (2 feet),67,2025-CALFD-0003294,,No Decision,,,,1/8/2025 6:53:19 AM,1/17/2025 1:20:08 AM,IRWIN,0,,,{D69D1FE4-0B5E-43AF-89FF-BD4757EF0DFA},a54b079e-9b60-497f-bbb6-672f21184aa0,0.000317080273134707,0.104646901397375,Type 3 Incident
36479,26570,Mudd Bayou SW,Wildfire Final Fire Perimeter,Auto-generated for InFORM,0.5,No,Public,Approved,Yes,1/14/2025 3:45:55 PM,1/14/2025 3:45:55 PM,1/14/2025 3:45:55 PM,{392EA9C7-46F1-4E03-9028-1C2B563BCEB9},{8F06ED0F-D990-4DB8-BF40-CEF419547474},2.65416706085571,,FFP,5342386,,CERTIFIED,2.65,,1/9/2025 5:38:00 PM,wildcade,2.8,,TXTIC,,,,,1/14/2025 3:45:49 PM,,,,,,,,SEA0,,1/8/2025 5:40:16 PM,,1/9/2025 6:00:00 PM,,,,,,,SACC,,,,,,Mud Bayou SW,,WF,FI,29.5585,-94.36995,,1/8/2025 6:28:00 PM,,0,,1,,0,,0,,1,000005,wildcade,,,,Chambers,TXTIC,48071,FWS,TXMCR,,USFWS,Federal,,,,,,,,FWS,TXMCR,US-TX,Grass,GR8,,,,2025-TXMCR-000005,{8F06ED0F-D990-4DB8-BF40-CEF419547474},,,,,1/8/2025 7:05:55 PM,1/9/2025 5:39:08 PM,FODR,,,,{7293B108-8F35-4ADB-88B8-EB1EC98A0DB0},d0fdec1a-d9c7-4275-9686-37b666c72ae5,9.99896201392403E-07,0.00413841237775176,
36562,510,FREDDY,Wildfire Daily Fire Perimeter,GPS-Walked,6.53,No,Public,Approved,Yes,1/15/2025 11:22:56 PM,1/15/2025 11:26:40 PM,1/8/2025 8:39:00 PM,{6E130ABB-D50A-476B-82A0-836EE2AF1F1B},,6.52613570233474,{6EFBD2AA-FC20-479A-8C03-26310EBEC7B4},2025 NIFS,33046215,,DEFAULT,,,,lacocad,,0.01,CALACC,,,,,,,,,,Undetermined,,,,,1/8/2025 8:38:04 PM,,,,,,,,,OSCC,,,,,,FREDDY,,WF,FI,34.04503,-118.93501,,,{6E130ABB-D50A-476B-82A0-836EE2AF1F1B},,0,,,0,,,,1,010618,INFORM_Inspector,,,,Los Angeles,CALACC,06037,C&L,CALAC,,State,Other,,,,,,,SC08,C&L,CALAC,US-CA,,,,,,2025-CALAC-010618,,No Decision,,,,1/8/2025 8:42:48 PM,1/15/2025 11:20:50 PM,IRWIN,0,,,{5FADAEC7-756F-4614-A42F-B442FB5B65D0},3aaa2e14-bef3-46f2-b2ad-e0f14e95d3be,2.57864803643315E-06,0.0085607583796934,
36477,26569,Mud Lake,Wildfire Final Fire Perimeter,Auto-generated for InFORM,2,No,Public,Approved,Yes,1/14/2025 3:43:26 PM,1/14/2025 3:43:26 PM,1/14/2025 3:43:25 PM,{06DC3ADA-F929-475F-B026-1ACDFABCA756},{96AE4BA2-2FCC-4353-A210-E5F2EFFA32C8},3.37635919068809,,FFP,5342385,,CERTIFIED,3.38,,1/8/2025 10:50:00 PM,wildcade,3.3,,TXTIC,,,,,1/14/2025 3:43:19 PM,,,,,,,,SEA9,,1/8/2025 10:40:00 PM,,1/8/2025 11:00:00 PM,,,,,,,SACC,,,,,,Mud Lake,,WF,FI,29.5692,-94.339083,,1/8/2025 10:41:00 PM,,,,1,,0,,,,1,000007,INFORM_Inspector,,,,Jefferson,TXTIC,48245,FWS,TXMCR,,USFWS,Federal,,,,,,,,FWS,TXMCR,US-TX,Grass,GR8,,,,2025-TXMCR-000007,{96AE4BA2-2FCC-4353-A210-E5F2EFFA32C8},,,,,1/8/2025 11:03:24 PM,1/14/2025 3:31:00 PM,FODR,,,,{24D373CE-0433-422D-B130-D7EC4F0134C8},8c834f60-5f2c-477b-85a0-a8ed022ba3fc,1.27211433209595E-06,0.00628239388180038,
36478,26568,West Easment,Wildfire Final Fire Perimeter,Auto-generated for InFORM,2,No,Public,Approved,Yes,1/14/2025 3:42:12 PM,1/14/2025 3:42:12 PM,1/14/2025 3:42:11 PM,{02016CFC-3328-4547-8168-003DF67E3FA9},{735CDB23-13A1-4655-A62E-533BFF5180CB},3.92011850080646,,FFP,5342379,,CERTIFIED,3.92,,,wildcade,3.9,,TXTIC,,,,,1/14/2025 3:42:04 PM,,,,,,,,SEA8,,1/8/2025 10:54:13 PM,,1/8/2025 10:55:00 PM,,,,,,,SACC,,,,,,West Easment,,WF,FI,29.574617,-94.32485,,1/8/2025 10:55:00 PM,,,,1,,0,,,,1,000006,INFORM_Inspector,,,,Jefferson,TXTIC,48245,FWS,TXMCR,,USFWS,Federal,,,,,,,,FWS,TXMCR,US-TX,Grass,GR8,,,,2025-TXMCR-000006,{735CDB23-13A1-4655-A62E-533BFF5180CB},,,,,1/8/2025 10:57:22 PM,1/14/2025 3:27:58 PM,FODR,,,,{9A9F28CC-7712-455E-96F3-16C84EF0C8DF},bc17c629-1914-4e6d-9c13-aeffc8553a0a,1.47706373354595E-06,0.00741072957404331,
36611,26740,Rawhide,Wildfire Final Fire Perimeter,Auto-generated for InFORM,1,No,Public,Approved,Yes,1/17/2025 4:57:46 PM,1/17/2025 4:57:46 PM,1/17/2025 4:57:46 PM,{BDE99D13-8642-45C2-A507-46E649048F95},{1D47C057-DB73-4256-A4CB-DED622167632},2.79131326775656,,FFP,5354276,,CERTIFIED,2.79,1/9/2025 9:51:00 PM,,wildcade,2.9,,SDGPC,,,,,1/17/2025 4:57:39 PM,,,,,,,,SEB5,,1/9/2025 11:49:39 AM,,,,,,,PN,1532,RMCC,,,,,,Rawhide,,WF,FI,43.775165,-103.626761,,,,1,,1,,0,,0,,1,250047,wildcade,,,,Custer,SDGPC,46033,DWF,SDSDS,,Private,Private,,,,,,,,DWF,SDSDS,US-SD,Slash,SB1,,,,2025-SDSDS-250047,{1D47C057-DB73-4256-A4CB-DED622167632},,,,,1/9/2025 12:18:25 PM,1/9/2025 9:51:41 PM,FODR,,,,{F21AA4D9-42A7-4C52-AAC2-96390BA57166},433cd1ba-e3e3-4269-aea9-cbabf331cea3,1.26279746837099E-06,0.00868723929395493,
36421,266,KENNETH,Wildfire Daily Fire Perimeter,IR Image Interpretation,998.737772174156,No,Public,Approved,Yes,1/10/2025 4:59:31 AM,1/11/2025 1:34:57 AM,1/9/2025 6:00:00 PM,{842FB37B-7AC8-4700-BB9C-028BF753D149},,998.734023416823,{A0E29B9B-AB69-41EE-ADB4-9ACCAF2137BA},2025 NIFS,33046409,,DEFAULT,,,,IROC,1052,,CAVNCC,0,,,,,Minimal,,Long-range Spotting,Long-range Spotting,Undetermined,,,,,1/9/2025 10:52:00 PM,,,0,100,0,0,,,OSCC,1/12/2025 1:47:07 PM,1/12/2025 12:00:00 AM,1/12/2025 12:00:00 PM,F,Type 3 IC,KENNETH,"Victory Trailhead, Las Virgenes Canyon, Bell Canyon Fire Road.",WF,FI,,,,,{842FB37B-7AC8-4700-BB9C-028BF753D149},,0,,,0,,,1,1,003155,ics209,100,100,,Ventura,CAVNCC,06111,C&L,CAVNC,,State,Other,,,,,,,SC08,C&L,CAVNC,US-CA,,,Chaparral (6 feet),Brush (2 feet),180,2025-CAVNC-003155,,No Decision,,,,1/9/2025 10:55:01 PM,1/12/2025 1:47:07 PM,IRWIN,0,,,{99DAB162-D90A-44E4-9326-756A20C336B4},441e30cb-a3f3-4b71-8518-7025a19d821f,0.000395213280398821,0.127863001844508,Type 3 Incident
36437,391,Labor in Vain,Wildfire Daily Fire Perimeter,Hand Sketch,0.05,No,Public,Approved,Yes,1/13/2025 8:08:32 PM,1/13/2025 8:08:32 PM,1/13/2025 8:08:30 PM,{5BC035D4-07BF-485D-BA67-5B72F02D917D},,5.46098291971312E-12,{A04944CB-C7BF-41A1-AD2D-827783A721C0},2025 NIFS,33046545,,DEFAULT,,,,INFORM_Inspector,0.05,0.06,NHNEC,,,,,,,,,,Human,Undetermined (remarks required),Under investigation,,09144,1/10/2025 7:14:00 PM,,,,,,,,,EACC,,,,,,Labor in Vain,,WF,FI,,,,,{5BC035D4-07BF-485D-BA67-5B72F02D917D},1,0,0,,0,,0,,1,FD05004,INFORM_Inspector,,,,Essex,NHNEC,25009,,,,Private,Private,,,,,,,EA23,FFC,MAMAS,US-MA,Timber,,,,,2025-MAMAS-FD05004,,No Decision,,,,1/10/2025 8:25:43 PM,1/13/2025 8:08:34 PM,IRWIN,0,,,{05600998-60B9-4394-B689-8D306BD3BD44},ef84d97f-c257-4ec2-90eb-fe19c0ca3554,1.7954451503831E-18,5.56141938866555E-09,
36502,452,Auto,Wildfire Daily Fire Perimeter,IR Image Interpretation,60.9399864853757,No,Public,Approved,Yes,1/14/2025 8:03:35 PM,1/14/2025 8:07:57 PM,,{D0160365-55C1-4A6A-9AA6-A8AD445EA18A},,60.9397384584241,{2826674B-9ED6-40FF-812A-BC5FF6679A56},2025 NIFS,33047098,,DEFAULT,,,,IROC,,,CAVNCC,,,,,,,,,,,,,,,1/14/2025 2:50:00 AM,,,,,,,,,OSCC,,,,,,AUTO,,WF,FI,,,,,{D0160365-55C1-4A6A-9AA6-A8AD445EA18A},,0,,,0,,,,1,004700,IROC,,,,Ventura,CAVNCC,06111,,,,Private,Private,,,,,,,SC08,C&L,CAVNC,US-CA,,,,,,2025-CAVNC-004700,,No Decision,,,,1/14/2025 3:46:48 AM,1/14/2025 3:51:14 AM,IRWIN,0,,,{9542C162-EF09-4D41-BFD2-5A7381A9CC79},199f175d-60d8-4438-b5ca-228d916e5136,2.41319405631657E-05,0.0327890282495678,
36899,1616,Houston 0148,Wildfire Daily Fire Perimeter,Mixed Methods,6.08209509033953,No,Public,Approved,Yes,2/7/2025 7:31:52 PM,2/7/2025 7:32:22 PM,,{7DF64BF1-D1DC-4237-A899-7DCCAE13452B},,6.08209723644643,{038E12D6-1953-479A-B918-8D8887A8CB47},2025 NIFS,33047216,,DEFAULT,,1/14/2025 9:40:00 PM,1/15/2025 4:47:00 PM,firesponse,6,6,TXTIC,,,,,,Minimal,,,,Human,Power generation/transmission/distribution,Electrical transmission/distribution systems,,,1/14/2025 8:27:00 PM,Type 5 Incident,,,,,,,,SACC,,,,,,Houston 0148,,WF,FI,31.36305,-95.39506667,,,{7DF64BF1-D1DC-4237-A899-7DCCAE13452B},,0,,,0,,,1,1,250148,firesponse,100,,,Houston,TXTIC,48225,SFS,TXTXS,,Private,Private,,,,,,,SA12,SFS,TXTXS,US-TX,,,Tall Grass (2.5 feet),,,2025-TXTXS-250148,,No Decision,,,,1/14/2025 9:37:03 PM,1/27/2025 9:52:58 PM,IRWIN,0,,,{D0B4A765-976E-4CB9-B026-B46A79CB82C3},9ed506c3-bfde-4e9f-aaa1-d3c875455be0,2.33331479648768E-06,0.00785435206147771,
36782,530,EVP Block F Rx 0115,Prescribed Fire,Auto-generated for InFORM,47,No,Public,Approved,Yes,1/16/2025 6:57:15 PM,1/30/2025 1:18:34 PM,1/21/2025 2:10:51 AM,{BB9EF3E7-6FD7-4569-8C54-EFDBF37C5B46},,48.0365249299859,{EF5070C7-9031-4E40-ADD2-C1DD778D9552},2025 NIFS,33047292,,DEFAULT,,1/16/2025 10:00:00 PM,1/17/2025 10:00:00 PM,wildcade,47,,FLFIC,,,,,,,,,,Undetermined,,,,,1/15/2025 12:08:00 PM,,1/21/2025 10:00:00 PM,,,,,,,SACC,,,,,,EVER Block F Rx,,RX,FI,25.40205,-80.658383,,,{BB9EF3E7-6FD7-4569-8C54-EFDBF37C5B46},,0,,,0,,,,1,000108,wildcade,,,,Miami-Dade,FLFIC,12086,NPS,FLEVP,,NPS,Federal,,,,,,,SA50,NPS,FLEVP,US-FL,,,,,,2025-FLEVP-000108,,No Decision,,,,1/15/2025 12:09:26 PM,2/28/2025 4:21:36 PM,IRWIN,0,,,{BFC4ABCC-02FA-4E1C-BB40-E1325BBCEC4E},11f07602-ee9b-43c3-a0bb-0265b17094cd,1.74402775883209E-05,0.0203406302780793,
37118,2125,MOUNT LAMLAM 20250116,Wildfire Daily Fire Perimeter,Hand Sketch,43.35,No,Public,Approved,Yes,2/22/2025 12:00:00 AM,2/22/2025 12:00:00 AM,2/21/2025 11:59:59 PM,{5E79CBFC-7A03-434B-B1BE-D0BCA8CC9E53},,43.3452862586357,{3E3960E0-4FFB-4AAA-BB0F-870E5B3B2794},2025 NIFS,33055558,,DEFAULT,,,,IROC,,,CAMNFC,,,,,,,,,,,,,,,1/15/2025 8:00:00 PM,,,,,,,,,ONCC,,,,,,MOUNT LAMLAM 20250116,,WF,FI,,,,,{5E79CBFC-7A03-434B-B1BE-D0BCA8CC9E53},,0,,,0,,,,1,000124,IROC,,,,Guam,CAMNFC,66010,,,,DOD,Federal,,,,,,,None,FWS,GUGUR,US-GU,,,,,,2025-GUGUR-000124,,No Decision,,,,2/19/2025 6:42:17 PM,2/19/2025 11:50:34 PM,IRWIN,0,,,{CD49CB20-CD9D-440E-A360-2A0AB44DD2FB},a41c3737-b55a-4d5b-b5de-27c80b406082,1.46354497019274E-05,0.0282213514621721,
36757,26898,Rincon,Wildfire Final Fire Perimeter,GPS-Walked,3.017495,No,Public,Approved,Yes,1/29/2025 6:08:31 PM,1/29/2025 6:08:31 PM,1/29/2025 6:08:31 PM,{44866E9D-CB2B-4F8E-9EC0-B78403F58A57},{FCCFE802-FE42-44DD-B5C9-C946E43766CD},3.01748378871329,,FFP,5381071,,CERTIFIED,3.02,1/16/2025 8:47:00 PM,1/21/2025 8:20:00 PM,wildcade,3,,AZPHC,,,,,1/29/2025 6:08:25 PM,,,,,,,,SEQ4,,1/16/2025 1:55:39 PM,,1/21/2025 8:20:00 PM,,,,,P3,0312,SWCC,,,,,,Rincon,,WF,FI,33.822399,-111.474998,,1/16/2025 2:20:00 PM,,,,1,,0,,,,1,000075,wildcade,,,,Maricopa,AZPHC,04013,USFS,AZTNF,,USFS,Federal,,,,,,,,USFS,AZTNF,US-AZ,Grass-Shrub,GS2,,,,2025-AZTNF-000075,{FCCFE802-FE42-44DD-B5C9-C946E43766CD},,,,,1/16/2025 2:48:07 PM,1/28/2025 6:11:15 PM,FODR,,,,{8AB2780D-9206-4187-8773-D48B46A5DD25},b2e4307b-c209-4e63-9c51-9182e259c52a,1.18922866931825E-06,0.00742851484743895,
37078,2039,Brown Median,Wildfire Daily Fire Perimeter,Mixed Methods,0.03,No,Public,Approved,Yes,2/19/2025 3:07:56 PM,2/19/2025 3:15:30 PM,2/6/2025 2:10:08 PM,{B6D218E4-B3CA-4DCD-AD4F-F2730C9C6EF2},,0.0250297955732845,{33DBCC68-233D-4B43-B9A6-9976212D069B},2025 NIFS,33047647,,DEFAULT,,,1/17/2025 7:47:00 PM,iffrs,0.03,0.02,WIWISC,,0.03,,,,,,,,Human,Equipment and vehicle use,Other (remarks required),SES1,,1/17/2025 7:30:00 PM,,1/17/2025 7:49:00 PM,,,,,,,EACC,,,,,,Brown Median,,WF,FI,44.69167,-88.05057,0.02,1/17/2025 7:45:00 PM,{B6D218E4-B3CA-4DCD-AD4F-F2730C9C6EF2},,0,,,0,,,,1,FIRE123024,iffrs,,,,Oconto,WIWIC,55083,,,,Private,Private,,,,,,,EA06,DNR,WIWIS,US-WI,,,Short Grass (1 foot),,,2025-WIWIS-FIRE123024,,No Decision,,,,1/17/2025 7:55:28 PM,2/6/2025 2:09:44 PM,IRWIN,0,,,{4DEA5F2D-3255-4747-945F-64DE96033889},93818e66-f96d-48d6-95e9-45bccfb800f9,1.14980593934888E-08,0.000414484343239494,
36964,1782,Coyote Run,Wildfire Daily Fire Perimeter,Mixed Methods,555.413677504093,No,Public,Approved,Yes,2/10/2025 8:48:09 PM,2/10/2025 9:31:17 PM,2/7/2025 4:48:50 PM,{A92916E4-5811-4D44-BB37-A1086AB9C1C2},,555.413876971144,{266BADDD-64A3-4F0B-870C-E14F3ADE65F7},2025 NIFS,33047655,,DEFAULT,,1/18/2025 7:03:19 PM,1/23/2025 8:38:52 PM,firesponse,555,555,TXTIC,0,,,,,Active,,Creeping,Smoldering,Human,Power generation/transmission/distribution,Electrical transmission/distribution systems,,,1/17/2025 8:02:48 PM,Type 5 Incident,,0,100,0,0,,,SACC,1/21/2025 2:18:33 PM,1/18/2025 2:00:00 PM,1/18/2025 7:00:00 PM,F,Type 5 IC,Coyote Run,about 3.5 miles west of Levelland Tx,WF,FI,33.60573757,-102.46594126,,,{A92916E4-5811-4D44-BB37-A1086AB9C1C2},,0,,,0,,,1,1,250169,firesponse,100,100,,Hockley,TXTIC,48219,SFS,TXTXS,,Private,Private,,,,,,,SA04,SFS,TXTXS,US-TX,,,Tall Grass (2.5 feet),,10,2025-TXTXS-250169,,No Decision,,,,1/17/2025 9:22:27 PM,2/7/2025 4:48:41 PM,IRWIN,0,,,{AF483CB0-875F-484D-93B1-17999A0974DC},1705cdee-9c1a-4582-9ddb-c6938b03334d,0.000218316678456176,0.133702480018242,
37076,2034,Longview,Wildfire Daily Fire Perimeter,Mixed Methods,0.25,No,Public,Approved,Yes,2/19/2025 3:07:56 PM,2/19/2025 3:09:43 PM,2/18/2025 8:38:35 PM,{3D14C35D-5163-47D7-8D64-E2464D949E3C},,0.253175248229841,{6FE6BF1E-D6E3-4ED2-8854-8E3170AA2EA9},2025 NIFS,33048067,,DEFAULT,,,1/18/2025 12:00:00 AM,iffrs,0.25,0.01,WIWISC,,0.25,,,,,,,,Human,Debris and open burning,Hand pile/slash,SEW6,,1/17/2025 11:40:00 PM,,1/18/2025 12:11:00 AM,,,,,,,EACC,,,,,,Longview,,WF,FI,43.62436,-89.99752,0.01,1/17/2025 11:59:00 PM,{3D14C35D-5163-47D7-8D64-E2464D949E3C},,0,,,0,,,,1,FIRE123028,iffrs,,,,Sauk,WIWIC,55111,,,,Private,Private,,,,,,,EA05,DNR,WIWIS,US-WI,,,Short Grass (1 foot),,,2025-WIWIS-FIRE123028,,No Decision,,,,1/21/2025 4:03:06 PM,2/18/2025 8:38:23 PM,IRWIN,0,,,{CE37D7E0-49E6-4D29-A0B8-87763B155BCA},e185b60b-3522-45a0-bde9-fd930e118ba6,1.14255726657575E-07,0.00153721080966916,
37305,27169,West Road,Wildfire Final Fire Perimeter,Mixed Methods,1,No,Public,Approved,Yes,3/5/2025 3:01:05 PM,3/5/2025 3:01:05 PM,3/5/2025 3:00:54 PM,{6D3CFC3C-9958-4FD4-848D-F19FD29D0C76},{F4B788DA-0DB9-4271-8E24-663B8E659F9D},1.08886669482617,,FFP,5497566,,CERTIFIED,1.09,2/13/2025 6:00:00 AM,2/13/2025 6:00:00 AM,wildcade,1,,MSMIC,,,,,3/5/2025 2:59:40 PM,,,,,,,,SEY6,,1/18/2025 2:39:27 AM,,2/13/2025 4:00:00 PM,,,,,P8,0892,SACC,,,,,,West Road,,WF,FI,31.4901,-88.8613,,1/18/2025 2:45:00 AM,,1,,1,,0,,0,,1,000018,wildcade,,,,Wayne,MSMIC,28153,USFS,MSMNF,,USFS,Federal,,,,,,,,USFS,MSMNF,US-MS,Timber,TL3,,,,2025-MSMNF-000018,{F4B788DA-0DB9-4271-8E24-663B8E659F9D},,,,,1/18/2025 3:40:45 AM,2/13/2025 3:58:19 PM,FODR,,,,{587B515F-02D8-435D-BA7C-8141866D4506},73ce8c0c-a01d-4010-bee1-2415709d6aeb,4.18281615566229E-07,0.00272152174348585,
36721,605,Indian Creek,Wildfire Daily Fire Perimeter,IR Image Interpretation,10.9362628649578,No,Public,Approved,Yes,1/18/2025 8:54:28 PM,1/27/2025 3:38:07 PM,1/27/2025 2:01:51 PM,{9FCD429D-3661-4FD6-952A-37D86C99FA06},,10.9362243977202,{B3519DA1-FBC5-4832-9377-123DCB5C586F},2025 NIFS,33047737,,DEFAULT,,1/21/2025 5:00:00 PM,1/21/2025 5:00:00 PM,wildcade,10,15,FLFIC,,,,,,,,,,Human,,,SES8,,1/18/2025 6:40:44 PM,,1/21/2025 5:00:00 PM,,,,,P8,0805,SACC,,,,,,Indian Creek,,WF,FI,30.20757,-84.763631,,,{9FCD429D-3661-4FD6-952A-37D86C99FA06},,0,,,0,,,,1,000159,wildcade,,,,Liberty,FLFIC,12077,USFS,FLFNF,,USFS,Federal,,,,,,,SA47,USFS,FLFNF,US-FL,,,,,,2025-FLFNF-000159,,No Decision,,,,1/18/2025 8:54:03 PM,1/27/2025 2:02:15 PM,IRWIN,0,,,{087D0952-3985-4641-B81D-FF703CE71B09},43b8b91c-8b61-4a63-bb9d-3cdc2e624852,4.14591568187461E-06,0.0100974883249322,
36882,1592,Mesquite,Wildfire Daily Fire Perimeter,Mixed Methods,2.75370599640056,No,Public,Approved,Yes,2/7/2025 3:51:22 PM,2/7/2025 3:52:22 PM,,{842573F2-C286-4F62-9723-A75EEFAC7ED9},,2.75370710201938,{E7A79B31-95D1-4A82-80B8-F639E641A920},2025 NIFS,33047738,,DEFAULT,,1/18/2025 11:19:57 PM,1/21/2025 11:26:20 PM,firesponse,5,5,TXTIC,,,,,,Minimal,,,,Human,Equipment and vehicle use,Passenger vehicle/motorized RV,,,1/18/2025 8:50:59 PM,Type 5 Incident,,,,,,,,SACC,,,,,,Mesquite,,WF,FI,31.63919,-99.03039,,,{842573F2-C286-4F62-9723-A75EEFAC7ED9},,0,,,0,,,0,1,250173,firesponse,100,,,Brown,TXTIC,48049,SFS,TXTXS,,Private,Private,,,,,,,SA10,SFS,TXTXS,US-TX,,,Short Grass (1 foot),,,2025-TXTXS-250173,,No Decision,,,,1/18/2025 9:17:40 PM,1/23/2025 8:52:53 PM,IRWIN,0,,,{9BABF6EB-2893-4968-B6E3-625BB909B2B5},4865b876-ee3d-4b16-a5b7-9ab6dab5cfa2,1.05946060102724E-06,0.00516732034614673,
36937,1726,Titus 0174,Wildfire Daily Fire Perimeter,Mixed Methods,4.26270494347306,No,Public,Approved,Yes,2/10/2025 5:11:40 PM,2/10/2025 5:38:02 PM,,{A7C75BB8-6409-461C-B2D8-B2E4FFAC83C9},,4.26270665595769,{77383BAD-B749-4EA5-81E9-D6506F73646D},2025 NIFS,33047751,,DEFAULT,,1/18/2025 11:29:00 PM,1/18/2025 11:57:00 PM,firesponse,4,4,TXTIC,,,,,,Minimal,,,,Human,Debris and open burning,Hand pile/slash,,,1/18/2025 10:02:00 PM,Type 5 Incident,,,,,,,,SACC,,,,,,Titus 0174,,WF,FI,33.21026378,-94.98267814,,,{A7C75BB8-6409-461C-B2D8-B2E4FFAC83C9},,0,,,0,,,1,1,250174,firesponse,100,,,Titus,TXTIC,48449,SFS,TXTXS,,Private,Private,,,,,,,SA07,SFS,TXTXS,US-TX,,,Brush (2 feet),,,2025-TXTXS-250174,,No Decision,,,,1/18/2025 11:21:46 PM,1/27/2025 9:52:12 PM,IRWIN,0,,,{8826A0C0-D4B7-4827-A991-5ECC0D8D23B1},0ce4515d-cf44-4d5c-bec2-a010c00517a9,1.66831478054519E-06,0.00566084143131634,
37042,2000,Subzero,Wildfire Daily Fire Perimeter,Mixed Methods,20.94,No,Public,Approved,Yes,2/19/2025 1:51:17 PM,2/19/2025 1:51:17 PM,2/3/2025 9:11:35 PM,{2311D505-566B-4270-B1A5-AA2B3692F7BD},,20.9511737625105,{D877F510-32A8-4739-B5F0-C722367B1435},2025 NIFS,33048068,,DEFAULT,,,1/19/2025 12:36:00 AM,iffrs,20.94,21,WIWISC,,20.94,,,,,,,,Human,Debris and open burning,Machine pile/slash,SEW7,,1/18/2025 10:10:00 PM,,1/21/2025 5:15:00 PM,,,,,,,EACC,,,,,,Subzero,,WF,FI,43.59795,-89.48857,21,1/18/2025 10:51:00 PM,{2311D505-566B-4270-B1A5-AA2B3692F7BD},,0,,,0,,,,1,FIRE123029,iffrs,,,,Columbia,WIWIC,55021,,,,Private,Private,,,,,,,EA05,DNR,WIWIS,US-WI,,,Short Grass (1 foot),,,2025-WIWIS-FIRE123029,,No Decision,,,,1/21/2025 4:06:50 PM,2/3/2025 9:10:58 PM,IRWIN,0,,,{EA176BD3-DF5B-4950-97E9-01B20665A0F0},1dd07c30-015a-441e-9ab7-5bc2597c56db,9.45078045333503E-06,0.0302925337394596,
37100,616,HODGE,Wildfire Daily Fire Perimeter,Auto-generated for InFORM,0.1,No,Public,Approved,Yes,1/19/2025 12:34:14 AM,2/20/2025 4:08:15 PM,1/19/2025 12:34:14 AM,{93E758C2-42BC-482E-8270-8107B329B9F5},,0.0411776963030591,{BF7EE57B-633F-4458-BD10-E2FFBA67CB9E},2025 NIFS,33047770,,DEFAULT,,,,wildcade,0.1,0.1,CASBCC,,,,,,,,,,Undetermined,,,SET1,,1/18/2025 11:49:28 PM,,,,,,,,,OSCC,,,,,,HODGE,,WF,FI,34.753128,-117.166626,,,{93E758C2-42BC-482E-8270-8107B329B9F5},,0,1,,0,,,,1,001091,firecode,,,,San Bernardino,CASBCC,06071,,,,Private,Private,,,,,,,SC14,BLM,CACDD,US-CA,,,,,,2025-CACDD-001091,,No Decision,,,,1/19/2025 12:33:54 AM,1/19/2025 12:34:06 AM,IRWIN,0,,,{3DD463FA-4503-4994-9FB2-1671218E50A2},630869a0-5816-4299-af02-6d8bab842f75,1.63968252309132E-08,0.00058180866246624,
36953,1769,Post Oak,Wildfire Daily Fire Perimeter,Mixed Methods,1.66804062533373,No,Public,Approved,Yes,2/10/2025 8:03:35 PM,2/10/2025 8:06:28 PM,1/19/2025 1:34:42 PM,{26FC06F5-076F-41CF-95F5-C25BB12041A1},,1.66804136115423,{E12B2D5A-4CB0-4815-83FB-FE155A2E992B},2025 NIFS,33047871,,DEFAULT,,1/20/2025 12:00:20 AM,1/21/2025 3:00:24 PM,firesponse,1.7,1.7,TXTIC,,,,,,Moderate,,,,Human,Equipment and vehicle use,Hot work: welder/grinder/torch/cutter,,,1/19/2025 7:34:42 PM,Type 5 Incident,,,,,,,,SACC,,,,,,Post Oak,,WF,FI,27.96656398,-97.1341008,,,{26FC06F5-076F-41CF-95F5-C25BB12041A1},,0,,,0,,,0,1,250175,firesponse,100,,,Aransas,TXTIC,48007,SFS,TXTXS,,Private,Private,,,,,,,SA15,SFS,TXTXS,US-TX,,,,,,2025-TXTXS-250175,,No Decision,,,,1/19/2025 8:32:57 PM,1/23/2025 8:51:44 PM,IRWIN,0,,,{DB59823F-B7D3-4E3D-842C-BA9A2D7D93FC},1280f634-05c9-40bd-ad93-531580070ec1,6.19085540165543E-07,0.00580871667026692,
36900,1617,Cherokee 0176,Wildfire Daily Fire Perimeter,Mixed Methods,22.6403264564675,No,Public,Approved,Yes,2/7/2025 7:32:57 PM,2/7/2025 7:33:34 PM,,{410FD187-F782-4C63-A70E-3AEB3CC44701},,22.6403360200733,{09F39282-D6AB-4AE6-A4DC-C7FD82C7CD59},2025 NIFS,33047876,,DEFAULT,,1/19/2025 9:48:00 PM,1/21/2025 4:27:00 PM,firesponse,22.5,22.5,TXTIC,,,,,,Moderate,,,,Undetermined,Undetermined (remarks required),Under investigation,,,1/19/2025 8:16:00 PM,Type 5 Incident,,,,,,,,SACC,,,,,,Cherokee 0176,,WF,FI,31.87377561,-95.32345308,,,{410FD187-F782-4C63-A70E-3AEB3CC44701},,0,,,0,,,0,1,250176,firesponse,100,,,Cherokee,TXTIC,48073,SFS,TXTXS,,Private,Private,,,,,,,SA12,SFS,TXTXS,US-TX,,,Short Grass (1 foot),,,2025-TXTXS-250176,,No Decision,,,,1/19/2025 9:05:57 PM,1/21/2025 4:26:26 PM,IRWIN,0,,,{17260971-6D65-40BA-986D-588AB9A03221},83a4deaf-7a79-43c0-a0c1-d0d7c522018d,8.73279486768297E-06,0.0182125634866971,
36679,26814,Salt Lake Pond,Wildfire Final Fire Perimeter,Auto-generated for InFORM,14,No,Public,Approved,Yes,1/23/2025 6:53:58 PM,1/23/2025 6:53:58 PM,1/23/2025 6:53:57 PM,{35E6CE17-C1B0-4937-AD3E-543A7FB3454F},{FB540502-B583-4B48-9C29-694EB9B1E092},14.328372400525,,FFP,5366377,,CERTIFIED,14.33,,,wildcade,14,,TXTIC,,,,,1/23/2025 6:53:51 PM,,,,,,,,SET8,,1/19/2025 11:22:25 PM,,1/20/2025 10:00:00 PM,,,,,PR,,SACC,,,,,,Sea Rim Pond 6,,WF,FI,29.718889,-94.044167,,,,,,1,,0,,,,1,000014,wildcade,,,,Jefferson,TXTIC,48245,SFS,TXTXS,,State,Other,,,,,,,,FWS,TXMCR,US-TX,,,,,,2025-TXMCR-000014,{FB540502-B583-4B48-9C29-694EB9B1E092},,,,,1/19/2025 11:24:54 PM,1/22/2025 6:58:56 PM,FODR,,,,{E2915E70-C62E-4844-B4E8-C17A0C849DB2},4bac7f9c-285d-4a5d-a7bf-13af93a03fdf,5.40632663614815E-06,0.0134743037401568,
36926,1727,Cass 0180,Wildfire Daily Fire Perimeter,Mixed Methods,5.76648137028244,No,Public,Approved,Yes,2/10/2025 5:41:12 PM,2/10/2025 5:41:51 PM,1/29/2025 9:49:50 PM,{1F7C940D-6258-487C-9FBE-B61EEB9FCE19},,5.76648378845901,{3F6CDB15-74C9-423C-B48A-528F1BEB2987},2025 NIFS,33047965,,DEFAULT,,1/20/2025 9:06:00 PM,1/20/2025 9:46:00 PM,firesponse,6,6,TXTIC,,,,,,Minimal,,,,Human,Debris and open burning,Open trash burning,,,1/20/2025 7:09:00 PM,Type 5 Incident,,,,,,,,SACC,,,,,,Cass 0180,,WF,FI,33.01763706,-94.20799775,,,{1F7C940D-6258-487C-9FBE-B61EEB9FCE19},,0,,,0,,,0,1,250180,firesponse,100,,,Cass,TXTIC,48067,SFS,TXTXS,,Private,Private,,,,,,,SA07,SFS,TXTXS,US-TX,,,Timber (Litter and Understory),,,2025-TXTXS-250180,,No Decision,,,,1/20/2025 8:25:53 PM,1/29/2025 9:49:14 PM,IRWIN,0,,,{DAE745A1-B34E-4F6D-8454-737B4268A9DA},d1dfd7f3-e96b-4184-8927-d5260dcd2a7d,2.25199778469687E-06,0.00769926431534282,
36699,665,PRESLEY RD,Wildfire Daily Fire Perimeter,Auto-generated for InFORM,114,No,Public,Approved,Yes,1/21/2025 2:14:05 AM,1/24/2025 5:46:56 PM,1/21/2025 5:39:52 PM,{1F8C6C47-6C9E-4075-9663-63808B9EDC58},,114.210375645053,{55C61E7F-499F-4CF1-952C-4DCC67992C8C},2025 NIFS,33048002,,DEFAULT,114.2108,1/21/2025 3:00:00 AM,1/21/2025 3:00:00 AM,firecode,114,,MSMIC,,,,,,,,,,Human,,,SEU9,,1/20/2025 8:25:00 PM,,1/24/2025 2:00:00 PM,,,,,,,SACC,,,,,,PRESLEY RD,,WF,FI,,,,,{1F8C6C47-6C9E-4075-9663-63808B9EDC58},,0,0,0,0,0,0,,1,025001,INFORM_Inspector,,,,Jackson,MSMIC,28059,,,,Private,Private,,,,,,,SA21B,FWS,MSGBR,US-MS,,,,,,2025-MSGBR-025001,,No Decision,,,,1/21/2025 2:00:13 AM,1/24/2025 5:48:47 PM,IRWIN,0,,,{17D174BA-7BFB-4E60-A54D-D4CE26EF8FCE},d3d67fe1-5e74-43b9-9d89-b720634044c6,4.34217674865067E-05,0.0310652220644833,
36901,1619,Donup,Wildfire Daily Fire Perimeter,Mixed Methods,130.391845433787,No,Public,Approved,Yes,2/7/2025 7:35:14 PM,2/7/2025 7:38:45 PM,1/28/2025 11:07:31 PM,{DAF2301C-E379-4AE3-B639-3C4BA95CD78D},,130.391898659237,{6E96D6C2-F401-4A52-B6B5-81979B693DF1},2025 NIFS,33048001,,DEFAULT,,1/22/2025 12:18:18 AM,1/28/2025 11:06:20 PM,firesponse,122,122,TXTIC,,,,,,Minimal,,,,Human,Equipment and vehicle use,Passenger vehicle/motorized RV,,,1/20/2025 8:43:36 PM,Type 5 Incident,,,,,,,,SACC,,,,,,Donup,,WF,FI,30.82,-99.145,,,{DAF2301C-E379-4AE3-B639-3C4BA95CD78D},,0,,,0,,,0,1,250181,firesponse,100,,,Mason,TXTIC,48319,SFS,TXTXS,,Private,Private,,,,,,,SA10,SFS,TXTXS,US-TX,,,,,,2025-TXTXS-250181,,No Decision,,,,1/21/2025 1:47:44 AM,1/28/2025 11:07:15 PM,IRWIN,0,,,{950697A6-33FF-4A4A-9652-75A1AEA016D2},a8a6dbf0-108c-4d72-a093-b5d17f903b40,4.97437304147752E-05,0.0381400300941774,
37390,4216,Bryant,Wildfire Daily Fire Perimeter,Hand Sketch,15.56,No,Public,Approved,Yes,3/8/2025 9:22:38 PM,3/8/2025 9:22:38 PM,1/21/2025 1:36:00 AM,{245B8D6A-0648-4B27-AE74-E6519E697470},,15.5556113909093,{78C75925-ACF4-4814-A803-AD231CF6D553},2025 NIFS,33049200,,DEFAULT,,1/21/2025 1:36:00 AM,1/24/2025 9:32:00 PM,wildcade,17,1,MSMIC,,,,,,,,,,Human,,,SEY7,,1/20/2025 10:15:38 PM,,2/6/2025 6:00:00 AM,,,,,P8,0892,SACC,,,,,,Bryant,,WF,FI,31.059024,-89.041128,,,{245B8D6A-0648-4B27-AE74-E6519E697470},,0,1,,0,,,,1,000021,wildcade,,,,Perry,MSMIC,28111,USFS,MSMNF,,USFS,Federal,,,,,,,SA22A,USFS,MSMNF,US-MS,,,,,,2025-MSMNF-000021,,No Decision,,,,1/22/2025 1:33:30 PM,2/6/2025 11:45:00 PM,IRWIN,0,,,{602A6E07-16D7-45E3-9FFA-F4C275A5C9C3},dba53ee1-817f-4e07-b493-6288c68e73c4,5.94950984122988E-06,0.0135445061853818,
37154,27133,MOUNT ALIFAN 20250120,Wildfire Final Fire Perimeter,Hand Sketch,0.27,No,Public,Approved,Yes,2/26/2025 6:11:08 PM,2/26/2025 6:11:08 PM,2/26/2025 6:11:07 PM,{7CA863DA-C774-4B99-915D-BD0618C67296},{E5A93AE5-1B82-4A3F-82AE-AD1C342AC3B4},0.269156681877876,,FFP,5484304,,CERTIFIED,0.27,,,IROC,0.26,,CAMNFC,,,,,2/26/2025 6:11:01 PM,,,,,,,,SF0C,66010,1/21/2025 1:00:00 AM,,2/23/2025 1:00:00 AM,,,,,,,ONCC,,,,,,MOUNT ALIFAN 20250120,,WF,FI,,,,1/21/2025 1:15:00 AM,,,,,,0,,,,1,000139,firecode,,,,Guam,CAMNFC,66010,NPS,GUWPP,,NPS,Federal,,,,,,,,NPS,GUWPP,US-GU,Grass,GR8,,,,2025-GUWPP-000139,{E5A93AE5-1B82-4A3F-82AE-AD1C342AC3B4},,,,,2/22/2025 7:14:52 PM,2/25/2025 9:42:32 PM,FODR,,,,{FC8E2C0C-CBD0-40B5-9F53-9AD73A307ACF},d5af72b8-fac0-4ce1-8337-3081bb477751,9.08961510504014E-08,0.00153404470951138,
36639,695,Prairie,Wildfire Daily Fire Perimeter,Mixed Methods,55,No,Public,Approved,Yes,1/21/2025 3:33:55 PM,1/25/2025 7:29:18 PM,1/23/2025 12:41:00 AM,{ACF5227F-5971-45BC-85A4-0778F0E8F73F},,54.8717412490678,{74ABC364-3D59-41EB-AC3A-CD54811D384E},2025 NIFS,33048050,,DEFAULT,,1/21/2025 11:58:00 PM,1/27/2025 5:25:00 PM,wildcade,56,10,AZWDC,,,,,,,,,,Human,,,SEW8,,1/21/2025 1:00:26 PM,,,,,,,P3,0307,SWCC,,,,,,Prairie,,WF,FI,35.23649,-111.979912,,,{ACF5227F-5971-45BC-85A4-0778F0E8F73F},,0,1,,0,,,,1,000054,wildcade,,,,Coconino,AZWDC,04005,USFS,AZKNF,,USFS,Federal,,,,,,,SW05,USFS,AZKNF,US-AZ,,,,,,2025-AZKNF-000054,,No Decision,,,,1/21/2025 1:50:19 PM,1/30/2025 3:12:33 PM,IRWIN,0,,,{2089F764-EC1D-4CD7-8E72-20566D60609F},f96fa6c2-3a8b-4b05-b853-6381eb45366b,2.19891926462878E-05,0.0235406106567554,
36648,754,Stump,Wildfire Daily Fire Perimeter,Mixed Methods,1.1,No,Public,Approved,Yes,1/22/2025 4:44:49 PM,1/22/2025 4:45:55 PM,1/22/2025 4:44:35 PM,{C26F72C7-293A-4F0F-A4EF-2C5B09DBB2BD},,1.13986742348818,{3389C384-8013-4FCD-A0EF-D9D9A2403671},2025 NIFS,33048083,,DEFAULT,,1/21/2025 10:00:00 PM,1/24/2025 7:20:00 PM,wildcade,1,1,AZWDC,,,,,,,,,,Human,,,SEX0,,1/21/2025 4:49:26 PM,,,,,,,P3,0307,SWCC,,,,,,Stump,,WF,FI,35.247823,-111.978989,,,{C26F72C7-293A-4F0F-A4EF-2C5B09DBB2BD},,0,1,,0,,,,1,000057,wildcade,,,,Coconino,AZWDC,04005,USFS,AZKNF,,USFS,Federal,,,,,,,SW05,USFS,AZKNF,US-AZ,,,,,,2025-AZKNF-000057,,No Decision,,,,1/21/2025 5:19:48 PM,1/30/2025 3:12:52 PM,IRWIN,0,,,{BCF1E387-3DE3-41B0-B22B-C31B04833CBE},60ea840d-540b-447d-9159-6e2a48710853,4.56871475762455E-07,0.00288624473251316,
36881,1591,Frio,Wildfire Daily Fire Perimeter,Mixed Methods,40.9640664259895,No,Public,Approved,Yes,2/7/2025 3:43:04 PM,2/7/2025 3:44:07 PM,1/28/2025 11:11:18 PM,{7752AC76-5FA9-48BC-A742-E8E54104F1E3},,40.9640822402231,{CB878CA5-F5EB-4997-9F99-9740C78AF838},2025 NIFS,33048106,,DEFAULT,,1/21/2025 11:00:16 PM,1/28/2025 11:10:34 PM,firesponse,41,41,TXTIC,,,,,,Minimal,,,,Human,Power generation/transmission/distribution,Electrical transmission/distribution systems,,,1/21/2025 5:01:05 PM,Type 5 Incident,,,,,,,,SACC,,,,,,Frio,,WF,FI,33.05676667,-100.12253333,,,{7752AC76-5FA9-48BC-A742-E8E54104F1E3},,0,,,0,,,1,1,250186,firesponse,100,,,Stonewall,TXTIC,48433,SFS,TXTXS,,Private,Private,,,,,,,SA05,SFS,TXTXS,US-TX,,,Short Grass (1 foot),,,2025-TXTXS-250186,,No Decision,,,,1/21/2025 7:49:30 PM,2/11/2025 10:57:45 PM,IRWIN,0,,,{B35558A4-630D-43E9-BF62-1C8F72839176},0dd84e8b-ca30-4f48-afcc-984c3236e7f2,1.60045462962444E-05,0.0201873533537107,Type 5 Incident
37297,27164,Sonsela Butte,Wildfire Final Fire Perimeter,GPS-Walked,5,No,Public,Approved,Yes,3/4/2025 8:45:50 PM,3/4/2025 8:45:50 PM,3/4/2025 8:45:50 PM,{07D2B421-5D07-4A7D-A3D9-F2D62EC2C03E},{829A6302-3884-4355-A240-7B19859BEDE5},132.361189464785,,FFP,5362617,,CERTIFIED,132.36,1/22/2025 11:45:00 PM,1/23/2025 11:00:00 PM,INFORM_Inspector,133,,AZNAOC,,,,,3/4/2025 8:45:43 PM,,,,,,,,SEX3,,1/21/2025 8:03:55 PM,,2/7/2025 8:00:00 PM,,,,,,,SWCC,,,,,,Sonsela Butte,,WF,FI,,,,1/21/2025 8:07:00 PM,,1,,1,,0,,,,1,000008,INFORM_Inspector,,,,San Juan,AZFDC,35045,BIA,AZNAA,,BIA,Federal,,,,,,,,BIA,AZNAA,US-NM,Timber,TU1,,,,2025-AZNAA-000008,{829A6302-3884-4355-A240-7B19859BEDE5},,,,,1/21/2025 9:22:54 PM,1/21/2025 9:22:54 PM,FODR,,,,{528CBDD8-579B-4234-911E-607131E36C22},f55f0a0f-ac93-4c65-8f75-8511ef6dea73,5.36048337380635E-05,0.0468295390244306,
36902,1620,Houston 0190,Wildfire Daily Fire Perimeter,Mixed Methods,38.214016265864,No,Public,Approved,Yes,2/7/2025 7:48:57 PM,2/7/2025 7:50:28 PM,1/25/2025 9:05:50 PM,{468F6029-BDAE-4162-9878-121013AD6EE8},,38.2140326088263,{7077A890-663B-44CA-8A79-D253D4503EC9},2025 NIFS,33048121,,DEFAULT,,1/22/2025 10:32:00 PM,1/25/2025 9:05:00 PM,firesponse,39,39,TXTIC,,,,,,Minimal,,,,Human,Debris and open burning,Burn Barrel,,,1/21/2025 9:17:00 PM,Type 5 Incident,,,,,,,,SACC,,,,,,Houston 0190,,WF,FI,31.42415317,-95.61423982,,,{468F6029-BDAE-4162-9878-121013AD6EE8},,0,,,0,,,0,1,250190,firesponse,100,,,Houston,TXTIC,48225,SFS,TXTXS,,Private,Private,,,,,,,SA12,SFS,TXTXS,US-TX,,,Timber (Grass and Understory),,,2025-TXTXS-250190,,No Decision,,,,1/21/2025 9:54:07 PM,2/28/2025 3:36:26 PM,IRWIN,0,,,{6F48BD4D-645C-44AF-98C3-5C48B0E47171},c2c59059-8d1b-4dc9-bcf0-0ce37e7902b6,1.46690704241337E-05,0.0269619218115602,Type 5 Incident
37166,27139,Dry Gulch,Wildfire Final Fire Perimeter,Digitized-Image,11.53606,No,Public,Approved,Yes,2/26/2025 9:59:58 PM,2/26/2025 9:59:58 PM,2/26/2025 9:59:58 PM,{93FED39F-A9CF-4E56-973F-8D42624C916A},{A81B6077-4EDA-4CA5-A68E-D862F79D956E},11.5360187081066,,FFP,5484735,,CERTIFIED,11.54,1/22/2025 6:00:00 PM,1/27/2025 6:30:00 PM,wildcade,11.7,,COPBC,,,,,2/26/2025 9:59:51 PM,,,,,,,,SEX8,,1/21/2025 9:49:19 PM,,2/14/2025 6:21:00 PM,,,,,PN,1532,RMCC,,,,,,Dry Gulch,,WF,FI,37.894468,-106.373667,,,,1,,1,,0,,1,,1,000037,wildcade,,,,Saguache,COPBC,08109,,,,Private,Private,,,,,,,,C&L,COSHX,US-CO,,,,,,2025-COSHX-000037,{A81B6077-4EDA-4CA5-A68E-D862F79D956E},,,,,1/21/2025 11:12:21 PM,2/14/2025 6:21:36 PM,FODR,,,,{BBF6282D-C0BD-4BD7-97ED-C915CFE07964},6f059595-bd71-4819-993c-8e944eb91cf8,4.78198921882722E-06,0.0127897316805212,
36732,1093,CHANDLER,Wildfire Daily Fire Perimeter,Hand Sketch,1.09,No,Public,Approved,Yes,1/28/2025 4:49:00 PM,1/28/2025 4:49:00 PM,1/22/2025 1:25:00 AM,{90B5D11B-7017-41EB-B6BD-2A0E9C22183C},,1.08812872360174,{A6E7C3B8-DA5A-44E5-89E0-80082DC4F3A9},2025 NIFS,33049449,,DEFAULT,,1/22/2025 1:25:00 AM,1/22/2025 2:05:00 AM,wildcade,1.1,0.01,CAPNFC,,,,,,,,,,Undetermined,,,SE0Z,,1/22/2025 12:23:25 AM,,1/24/2025 9:05:00 PM,,,,,P5,0511,ONCC,,,,,,CHANDLER,,WF,FI,39.95102,-120.881451,,,{90B5D11B-7017-41EB-B6BD-2A0E9C22183C},,0,,,0,,,,1,000058,wildcade,,,,Plumas,CAPNFC,06063,USFS,CAPNF,,USFS,Federal,,,,,,,NC07,USFS,CAPNF,US-CA,,,,,,2025-CAPNF-000058,,No Decision,,,,1/23/2025 10:31:57 PM,2/10/2025 11:21:36 PM,IRWIN,0,,,{7789ACFA-AA37-42CC-9023-68B984F76927},c947cfa1-781d-4c68-a76e-414ab7b01fb6,4.6410195864155E-07,0.00340594998237731,
37178,2511,Mountain Home,Wildfire Daily Fire Perimeter,Remote Sensing Derived,51.3883291261484,No,Public,Approved,Yes,2/27/2025 1:14:11 PM,2/27/2025 1:17:14 PM,1/22/2025 9:00:00 PM,{3E00C4F1-7DD2-4CCB-B1F7-6F37076B33D4},,51.3881372464218,{1551D836-9F50-4B70-B489-366E52DAF414},2025 NIFS,33049278,,DEFAULT,,1/22/2025 9:00:00 PM,1/23/2025 3:50:00 PM,wildcade,45.9,20,UTUBC,,,,,,,,,,Undetermined,,,SE0G,,1/22/2025 5:27:16 PM,,1/23/2025 3:50:00 PM,,,,,,,GBCC,,,,,,Mountain Home,,WF,FI,40.372,-110.3638,,,{3E00C4F1-7DD2-4CCB-B1F7-6F37076B33D4},,0,1,,0,,,,1,100007,wildcade,,,,Duchesne,UTUBC,49013,,,,Private,Private,,,,,,,GB29,DFF,UTNES,US-UT,,,,,,2025-UTNES-100007,,No Decision,,,,1/22/2025 10:27:27 PM,1/29/2025 3:35:28 PM,IRWIN,0,,,{51D94CDC-F607-498C-B1A1-6D846E8DA84C},81704e49-8c0d-438e-be5c-6c6877a2a2c4,2.20523320422217E-05,0.0298256863890616,
36658,912,Hughes,Wildfire Daily Fire Perimeter,IR Image Interpretation,10425.3433667278,No,Public,Approved,Yes,1/24/2025 10:51:24 PM,1/24/2025 10:59:04 PM,,{994072D2-E154-434A-BB95-6F6C94C40829},,10425.3042191464,{E96DEFA7-3497-477D-863A-6797C11C9E2A},2025 NIFS,37869601,,ICS209,10422.1182,1/31/2025 2:23:00 AM,2/17/2025 5:00:00 PM,wildcade,10425,0.1,CAANCC,20000000,,,,,Minimal,,Smoldering,Short-range Spotting,Undetermined,,,SEZ8,,1/22/2025 6:37:00 PM,,2/17/2025 11:00:00 PM,0,100,0,0,,,OSCC,2/2/2025 1:25:53 AM,2/1/2025 7:00:00 PM,2/2/2025 1:00:00 AM,F,Type 3 IC,HUGHES,"Castaic, CA",WF,FI,34.551719,-118.57574,,,{994072D2-E154-434A-BB95-6F6C94C40829},,0,,,0,,1,0,1,250270,wfdss,100,100,Castaic,Los Angeles,CAANCC,06037,USFS,CAANF,,USFS,Federal,,,,,,,SC09,USFS,CAANF,US-CA,,,Chaparral (6 feet),Brush (2 feet),169,2025-CAANF-250270,,Approved Decision,40000000,Type 3 Team,1/24/2025 11:27:42 PM,1/22/2025 6:43:27 PM,3/5/2025 5:43:43 PM,IRWIN,0,,,{994072D2-E154-434A-BB95-6F6C94C40829},34bbdfd9-eec4-4c10-8e82-294091e86685,0.00414321273115092,0.771307405555279,Type 3 Incident
36660,788,Highway 4,Wildfire Daily Fire Perimeter,Auto-generated for InFORM,0.2,No,Public,Approved,Yes,1/22/2025 9:13:46 PM,1/22/2025 9:13:46 PM,1/22/2025 8:56:09 PM,{BFFA73FD-61FB-4838-8FA1-45F233E286A6},,1.31386031882254,{5A88DB15-3F6C-4FA2-AF88-44008C9318D0},2025 NIFS,33049261,,DEFAULT,,1/22/2025 10:28:00 PM,1/24/2025 5:00:00 PM,wildcade,1.3,0.2,ILILC,,,,,,,,,,Undetermined,,,,,1/22/2025 7:43:00 PM,,1/24/2025 5:16:00 PM,,,,,,,EACC,,,,,,Highway 4,,WF,FI,37.181349,-89.335452,,,{BFFA73FD-61FB-4838-8FA1-45F233E286A6},,0,,,0,,,,1,250020,INFORM_Inspector,,,,Alexander,ILILC,17003,,,,Private,Private,,,,,,,EA14,USFS,ILSHF,US-IL,,,,,,2025-ILSHF-250020,,No Decision,,,,1/22/2025 8:55:45 PM,1/31/2025 9:30:07 PM,IRWIN,0,,,{471DDA28-A075-4858-949C-F3B0D5460629},23480b7a-5c5f-4a04-8066-c29006db7a04,5.39666643817327E-07,0.00412832414629335,
36868,792,Dispatch,Wildfire Daily Fire Perimeter,Auto-generated for InFORM,14.6,No,Public,Approved,Yes,1/22/2025 10:08:44 PM,2/6/2025 6:33:47 PM,1/29/2025 3:35:48 PM,{BB1215A1-E929-4F2C-B852-62E705540430},,14.5944391731174,{E258CC27-3B40-409F-96F1-757E69B49FDC},2025 NIFS,33049271,,DEFAULT,,1/22/2025 8:30:00 PM,1/22/2025 9:15:00 PM,wildcade,14.6,14.6,UTUBC,,,,,,,,,,Human,,,SE0F,,1/22/2025 7:46:19 PM,,1/22/2025 9:45:00 PM,,,,,,,GBCC,,,,,,Dispatch,,WF,FI,40.387,-109.49875,,,{BB1215A1-E929-4F2C-B852-62E705540430},,0,1,,0,,,,1,100008,wildcade,,,,Uintah,UTUBC,49047,,,,Private,Private,,,,,,,GB29,DFF,UTNES,US-UT,,,,,,2025-UTNES-100008,,No Decision,,,,1/22/2025 10:08:24 PM,1/29/2025 3:35:10 PM,IRWIN,0,,,{624473AE-FF01-47E4-B701-A7AC741D769A},e111a068-e252-4a2d-a5e7-eca20760a5d3,6.26401060799253E-06,0.0159870332691046,
36941,1728,Panola 0207,Wildfire Daily Fire Perimeter,Mixed Methods,7.59051296573452,No,Public,Approved,Yes,2/10/2025 5:42:38 PM,2/10/2025 6:21:18 PM,1/23/2025 6:31:18 PM,{58939046-028A-468B-A04C-AEC46E3D737C},,7.59051621513473,{F1293470-A4D8-4F86-B301-0AC3C29619E6},2025 NIFS,33049274,,DEFAULT,,1/22/2025 10:39:00 PM,,firesponse,5,5,TXTIC,,,,,,Moderate,,,,Human,Undetermined (remarks required),Origin and/or cause not identified,,,1/22/2025 8:30:00 PM,Type 5 Incident,,,,,,,,SACC,,,,,,Panola 0207,,WF,FI,32.07903762,-94.05682119,,,{58939046-028A-468B-A04C-AEC46E3D737C},,0,,,0,,,0,1,250207,firesponse,100,,,Panola,TXTIC,48365,SFS,TXTXS,,Private,Private,,,,,,,SA07,SFS,TXTXS,US-TX,,,Medium Logging Slash,,,2025-TXTXS-250207,,No Decision,,,,1/22/2025 10:13:18 PM,1/23/2025 6:30:59 PM,IRWIN,0,,,{FE4F69EC-5243-417F-8870-456B68AE4300},acd8cb4b-729c-4075-ace3-5a93aabe4d6c,2.93407651952293E-06,0.0072607923541064,
36903,1622,Grimes 0208,Wildfire Daily Fire Perimeter,Mixed Methods,154.664534740211,No,Public,Approved,Yes,2/7/2025 7:56:22 PM,2/7/2025 7:56:59 PM,2/1/2025 2:25:03 PM,{AF58BCE0-C3F5-4BDE-BB66-B996F18998A6},,154.664581938224,{54CE1E29-7D0C-47D0-864A-5992083AE1EE},2025 NIFS,33049269,,DEFAULT,,1/23/2025 11:58:15 PM,,firesponse,154,154,TXTIC,,,,,,Moderate,,,,Human,Debris and open burning,Yard debris,,,1/22/2025 8:58:51 PM,Type 5 Incident,,,,,,,,SACC,,,,,,Grimes 0208,,WF,FI,30.77810151,-95.98926176,,,{AF58BCE0-C3F5-4BDE-BB66-B996F18998A6},,0,,,0,,,1,1,250208,firesponse,100,,,Grimes,TXTIC,48185,SFS,TXTXS,,Private,Private,,,,,,,SA12,SFS,TXTXS,US-TX,,,,,,2025-TXTXS-250208,,No Decision,,,,1/22/2025 9:48:01 PM,2/11/2025 10:57:10 PM,IRWIN,0,,,{589E4130-4B9A-410D-957F-171693476EB0},dd8c2e2b-56c5-46c3-b0f3-1af3e8683d31,5.89744283843174E-05,0.0403628805172202,Type 5 Incident
36789,805,West,Wildfire Daily Fire Perimeter,Auto-generated for InFORM,10,No,Public,Approved,Yes,1/23/2025 12:31:17 AM,1/30/2025 6:21:36 PM,1/23/2025 3:31:48 PM,{6680E934-B9B2-436E-A332-F6A5C71648D3},,10.0362702190556,{B2B5FA6B-6B75-400E-ABBF-F977D10BBEA5},2025 NIFS,33049295,,DEFAULT,,1/22/2025 9:54:00 PM,1/22/2025 10:00:00 PM,wildcade,10,10,UTNUC,,,,,,,,,,Human,,,,,1/22/2025 9:00:00 PM,,1/23/2025 12:00:00 AM,,,,,,,GBCC,,,,,,West,,WF,FI,41.66895,-111.918333,,,{6680E934-B9B2-436E-A332-F6A5C71648D3},,0,1,,0,,,,1,200010,wildcade,,,,Cache,UTNUC,49005,,,,Private,Private,,,,,,,GB26,DFF,UTBRS,US-UT,,,,,,2025-UTBRS-200010,,No Decision,,,,1/23/2025 12:30:57 AM,1/23/2025 3:31:26 PM,IRWIN,0,,,{19ACE648-D337-43B8-8E0D-10D594BA456A},693d6b12-da5c-4c4e-bdfd-8ee276baf481,4.39103814642294E-06,0.00840691416132512,
36905,1626,Jack Rabbit,Wildfire Daily Fire Perimeter,Mixed Methods,9.78328902033135,No,Public,Approved,Yes,2/7/2025 8:09:23 PM,2/7/2025 8:13:32 PM,1/27/2025 11:36:08 PM,{C5BE7CDD-0E61-4E05-AE47-57F71FA81880},,9.78329307861271,{5EDD5EA6-9EA9-41F9-BB89-ABC1A1A7458D},2025 NIFS,33049299,,DEFAULT,,1/23/2025 11:41:44 PM,1/27/2025 11:25:52 PM,firesponse,10,10,TXTIC,,,,,,,,,,Undetermined,,,,,1/22/2025 10:06:05 PM,Type 5 Incident,,,,,,,,SACC,,,,,,Jack Rabbit,,WF,FI,30.57924753,-98.23756596,,,{C5BE7CDD-0E61-4E05-AE47-57F71FA81880},,0,,,0,,,1,1,250210,firesponse,100,,,Burnet,TXTIC,48053,SFS,TXTXS,,Private,Private,,,,,,,SA11,SFS,TXTXS,US-TX,,,,,,2025-TXTXS-250210,,No Decision,,,,1/23/2025 12:47:06 AM,1/27/2025 11:35:40 PM,IRWIN,0,,,{E8B716A7-CAFC-4814-8AA2-F8065150531E},0facfbd9-9b28-45e5-84f3-8da9e7b2af8a,3.72318936570082E-06,0.0148097774857243,
36904,1623,Anderson 0211,Wildfire Daily Fire Perimeter,Mixed Methods,0.615450706068506,No,Public,Approved,Yes,2/7/2025 8:07:00 PM,2/7/2025 8:08:04 PM,,{58E753B5-5787-41B6-8101-7AD37A67521F},,0.615450965644028,{F07540C3-F304-4030-B6A1-64289B16D46B},2025 NIFS,33049282,,DEFAULT,,1/22/2025 11:15:00 PM,1/23/2025 3:56:00 PM,firesponse,0.6,0.6,TXTIC,,,,,,Minimal,,,,Human,Debris and open burning,Open trash burning,,,1/22/2025 10:18:00 PM,Type 5 Incident,,,,,,,,SACC,,,,,,Anderson 0211,,WF,FI,31.80852316,-95.48108415,,,{58E753B5-5787-41B6-8101-7AD37A67521F},,0,,,0,,,0,1,250211,firesponse,100,,,Anderson,TXTIC,48001,SFS,TXTXS,,Private,Private,,,,,,,SA12,SFS,TXTXS,US-TX,,,Timber (Grass and Understory),,,2025-TXTXS-250211,,No Decision,,,,1/22/2025 11:04:57 PM,1/27/2025 9:52:16 PM,IRWIN,0,,,{80150DA6-E84A-4CA6-8F67-70AA97322756},7013d373-7632-4824-b727-9f8a5bdc0134,2.36954292631708E-07,0.00203624175658461,
36677,823,Laguna,Wildfire Daily Fire Perimeter,Mixed Methods,46.172183,No,Public,Approved,Yes,1/23/2025 5:33:37 PM,1/23/2025 8:54:14 PM,,{AF1F1DA6-6800-4CA1-B7B1-BC7E80265166},,66.5066787036011,{287CE8FA-D85D-4ED7-AAF1-5952B73193C5},2025 NIFS,33049376,,DEFAULT,,,,IROC,15,,CAVNCC,0,,,,,Moderate,,Short-range Spotting,Wind Driven Runs,Undetermined,,,SE0R,,1/23/2025 2:34:00 PM,,,0,100,0,0,,,OSCC,1/23/2025 6:01:09 PM,1/23/2025 2:34:00 PM,1/23/2025 3:30:00 PM,I,Type 3 IC,Laguna,"Oxnard Plains, CSUCI, Round Mountain",WF,FI,,,,,{AF1F1DA6-6800-4CA1-B7B1-BC7E80265166},,0,1,0,0,0,0,0,1,008174,firecode,0,100,,Ventura,CAVNCC,06111,,,,Private,Private,,,,,,,SC08,C&L,CAVNC,US-CA,,,Tall Grass (2.5 feet),Chaparral (6 feet),188,2025-CAVNC-008174,,No Decision,,,,1/23/2025 4:40:22 PM,1/26/2025 3:58:14 PM,IRWIN,0,,,{B5AD15C5-9711-498B-80BE-C8945D333D85},d5ce3fef-37b5-4cca-9b85-62edf14092f7,2.63137144429493E-05,0.0249728432131751,Type 3 Incident
36930,1729,Smith 0234,Wildfire Daily Fire Perimeter,Mixed Methods,1.01503279300016,No,Public,Approved,Yes,2/10/2025 5:46:59 PM,2/10/2025 6:21:18 PM,1/30/2025 5:12:47 PM,{9CBCCC39-BD30-48AD-ACD5-686D0657CD1F},,1.01503321725092,{EC945CF8-98E0-4F40-BE49-248538992B05},2025 NIFS,33049453,,DEFAULT,,1/23/2025 10:48:00 PM,1/30/2025 5:05:00 PM,firesponse,1,1,TXTIC,,,,,,Minimal,,,,Human,Debris and open burning,Yard debris,,,1/23/2025 9:01:00 PM,Type 5 Incident,,,,,,,,SACC,,,,,,Smith 0234,,WF,FI,32.38703633,-95.14742726,,,{9CBCCC39-BD30-48AD-ACD5-686D0657CD1F},,0,,,0,,,0,1,250234,firesponse,100,,,Smith,TXTIC,48423,SFS,TXTXS,,Private,Private,,,,,,,SA07,SFS,TXTXS,US-TX,,,Timber (Grass and Understory),,,2025-TXTXS-250234,,No Decision,,,,1/23/2025 10:55:30 PM,1/30/2025 5:12:23 PM,IRWIN,0,,,{8171C036-DD71-402A-AE4A-A95A23C94137},aa1b9b5a-f722-465f-b519-aff5b755c9da,3.93670006815228E-07,0.00308928799378293,
36696,962,Border 2,Wildfire Daily Fire Perimeter,IR Image Interpretation,6624.77,No,Public,Approved,Yes,1/26/2025 1:46:34 AM,1/26/2025 11:43:18 PM,1/25/2025 1:15:00 PM,{386EBECF-AF18-442D-B5D9-E2772B91914A},,6605.5420675223,{03A4D4C1-53B9-4A8E-B00F-23DBC221678D},2025 NIFS,33049438,,DEFAULT,6605.5529,1/29/2025 2:00:00 AM,1/30/2025 4:00:00 PM,cfcad,6625,0.01,CASDIC,18285706,,,,,Minimal,,Creeping,Short-range Spotting,Undetermined,,,SE04,,1/23/2025 9:58:14 PM,,,0,100,0,0,PN,1532,OSCC,1/30/2025 1:46:04 PM,1/30/2025 2:00:00 AM,1/30/2025 1:45:00 PM,F,Type 1 Team,BORDER 2,Otay Mountain Area,WF,FI,32.600524,-116.841271,,,{386EBECF-AF18-442D-B5D9-E2772B91914A},,0,1,1,0,1,1,1,1,001643,INFORM_Inspector,100,100,Chula Vista,San Diego,CASDIC,06073,BLM,CACDD,,BLM,Federal,San Bernardino,SE,SE,1E,14,18S,SC08,CAL FIRE,CASDU,US-CA,,,Chaparral (6 feet),Tall Grass (2.5 feet),1085,2025-CASDU-001643,,Pending Decision,,Complex Incident Manageme,,1/23/2025 9:59:13 PM,2/19/2025 10:17:49 PM,IRWIN,0,,,{BF1F872A-A878-4E67-94C0-9333396C144F},8dd373c5-b690-4a79-a21b-bca88542cf66,0.00256825822884821,0.657222140217616,Type 1 Incident
36698,26830,MA Cas Johnson,Wildfire Final Fire Perimeter,Mixed Methods,0.1,No,Public,Approved,Yes,1/24/2025 4:38:13 PM,1/24/2025 4:38:13 PM,1/24/2025 4:38:13 PM,{181CF41F-509C-4826-B13A-3A559BC3B03C},{1AB973CF-0D2D-412B-AA75-D55D87E50BC8},0.0947761159884449,,FFP,5367622,,CERTIFIED,0.09,1/23/2025 10:40:00 PM,1/23/2025 10:44:00 PM,wildcade,0.1,,TXTIC,,,,,1/24/2025 4:38:06 PM,,,,,,,,,TC501,1/23/2025 10:06:00 PM,,1/24/2025 4:35:55 PM,,,,,,,SACC,,,,,,MA Cas Johnson,,WF,FI,35.496209,-101.711341,,,,1,,,,0,,0,,1,000018,INFORM_Inspector,,,,Potter,TXTIC,48375,,,,Private,Private,,,,,,,,USFS,TXTXF,US-TX,Grass,GR2,,,,2025-TXTXF-000018,{1AB973CF-0D2D-412B-AA75-D55D87E50BC8},,,,,1/23/2025 10:46:59 PM,1/23/2025 11:18:54 PM,FODR,,,,{EBE97039-2E00-4FF5-B994-D27DF8F5E03C},0b90342e-335d-4335-a48e-5a29e7e3514c,3.81267000193475E-08,0.000820587584161607,
37072,2033,Frosty,Wildfire Daily Fire Perimeter,Mixed Methods,0.06,No,Public,Approved,Yes,2/19/2025 3:07:56 PM,2/19/2025 3:07:56 PM,2/11/2025 4:47:15 PM,{DB44E7C9-EC7F-469A-A0BF-D5561C30EFBD},,0.0567843933130588,{B7CBFC17-1FDE-48B2-A05E-ADFEC0332FB9},2025 NIFS,33049556,,DEFAULT,,,1/24/2025 3:55:00 AM,iffrs,0.06,0.06,WIWISC,,0.06,,,,,,,,Human,Equipment and vehicle use,Other (remarks required),SE06,,1/24/2025 3:30:00 AM,,1/24/2025 4:08:00 PM,,,,,,,EACC,,,,,,Frosty,,WF,FI,45.0418,-88.32917,0.06,1/24/2025 3:50:00 AM,{DB44E7C9-EC7F-469A-A0BF-D5561C30EFBD},,0,,,0,,,,1,FIRE123033,iffrs,,,,Oconto,WIWIC,55083,,,,Private,Private,,,,,,,EA06,DNR,WIWIS,US-WI,,,Tall Grass (2.5 feet),,,2025-WIWIS-FIRE123033,,No Decision,,,,1/24/2025 4:46:55 PM,2/11/2025 4:46:51 PM,IRWIN,0,,,{40A1E040-C152-466D-A504-E8479AD0070A},bb8b5a75-507d-4b6d-a823-80a4d57fe5a7,2.62446064880351E-08,0.00118322457833714,
36907,1632,Cherokee 0259,Wildfire Daily Fire Perimeter,Mixed Methods,6.17286091223943,No,Public,Approved,Yes,2/7/2025 9:02:49 PM,2/7/2025 9:02:49 PM,,{3157E2A8-7500-4745-804F-42EA1F2D1F0B},,6.17286351816216,{26A60799-E3C3-4956-8F7C-B8C390150F6B},2025 NIFS,33051894,,DEFAULT,,1/24/2025 7:39:00 PM,1/31/2025 1:00:00 PM,firesponse,6,6,TXTIC,,,,,,Minimal,,,,Human,Other causes,Structure,,,1/24/2025 6:05:00 PM,Type 5 Incident,,,,,,,,SACC,,,,,,Cherokee 0259,,WF,FI,31.90776667,-95.27138333,,,{3157E2A8-7500-4745-804F-42EA1F2D1F0B},,0,,,0,,,0,1,250259,firesponse,100,,,Cherokee,TXTIC,48073,SFS,TXTXS,,Private,Private,,,,,,,SA12,SFS,TXTXS,US-TX,,,Timber (Grass and Understory),,,2025-TXTXS-250259,,No Decision,,,,1/27/2025 2:35:42 PM,1/31/2025 1:32:00 PM,IRWIN,0,,,{21C84816-B436-4D92-A2CB-9B743BD08346},2efcf321-2f8e-4c63-9873-9af09f7df429,2.38176357925113E-06,0.00947602023680099,
36932,1730,Upshur 0261,Wildfire Daily Fire Perimeter,Mixed Methods,2.21043804889788,No,Public,Approved,Yes,2/10/2025 5:49:19 PM,2/10/2025 6:21:18 PM,1/30/2025 5:50:54 PM,{6F89F3CC-81F9-4952-9DAD-8271E217EBB1},,2.21043896451999,{B4A6C5A0-0D32-4478-8121-B655A04B40E4},2025 NIFS,33049585,,DEFAULT,,1/24/2025 9:40:00 PM,1/30/2025 5:49:00 PM,firesponse,2,2,TXTIC,,,,,,Minimal,,,,Undetermined,Undetermined (remarks required),Under investigation,,,1/24/2025 7:08:00 PM,Type 5 Incident,,,,,,,,SACC,,,,,,Upshur 0261,,WF,FI,32.82293848,-94.83371769,,,{6F89F3CC-81F9-4952-9DAD-8271E217EBB1},,0,,,0,,,0,1,250261,firesponse,100,,,Upshur,TXTIC,48459,SFS,TXTXS,,Private,Private,,,,,,,SA07,SFS,TXTXS,US-TX,,,Hardwood Litter,,,2025-TXTXS-250261,,No Decision,,,,1/24/2025 8:10:23 PM,1/30/2025 5:50:34 PM,IRWIN,0,,,{CEE142B5-CB0A-4D30-BCBF-CFACBFA6F313},cb5ec764-bf94-45ef-8d67-44ec92e51276,8.6141585597943E-07,0.00506090887063029,
36940,1732,Harrison 0263,Wildfire Daily Fire Perimeter,Mixed Methods,4.07423119753319,No,Public,Approved,Yes,2/10/2025 5:55:40 PM,2/10/2025 6:21:18 PM,1/29/2025 5:58:00 PM,{348F8204-1625-4A68-AD25-87F5F0E9F3DB},,4.07423292523059,{1F4BDF10-B21F-4AED-84DF-11E5F4EA617A},2025 NIFS,33049597,,DEFAULT,,1/24/2025 11:10:00 PM,1/25/2025 6:41:00 PM,firesponse,4,4,TXTIC,,,,,,Minimal,,,,Human,Equipment and vehicle use,Commercial transport vehicle,,,1/24/2025 7:42:00 PM,Type 5 Incident,,,,,,,,SACC,,,,,,Harrison 0263,,WF,FI,32.3996551,-94.34032872,,,{348F8204-1625-4A68-AD25-87F5F0E9F3DB},,0,,,0,,,0,1,250264,firesponse,100,,,Harrison,TXTIC,48203,SFS,TXTXS,,Private,Private,,,,,,,SA07,SFS,TXTXS,US-TX,,,Hardwood Litter,,,2025-TXTXS-250264,,No Decision,,,,1/24/2025 9:55:51 PM,1/29/2025 5:57:43 PM,IRWIN,0,,,{A866C44B-ABD3-4A98-8ECA-AEF102849216},cb463c81-ff58-4a44-b119-a21f6b4d9e58,1.58035004460544E-06,0.00704711183874248,
36938,1733,Red River 0269,Wildfire Daily Fire Perimeter,Mixed Methods,3.15950727015686,No,Public,Approved,Yes,2/10/2025 5:56:57 PM,2/10/2025 6:21:18 PM,2/7/2025 9:38:26 PM,{3CB00406-20FB-40B7-B74C-843CB636E1D3},,3.15950857559274,{2A25A5BA-9092-4731-89FD-404B138557E4},2025 NIFS,33049598,,DEFAULT,,1/24/2025 10:58:00 PM,,firesponse,3,3,TXTIC,,,,,,Minimal,,,,Undetermined,,,,,1/24/2025 9:00:00 PM,Type 5 Incident,,,,,,,,SACC,,,,,,Red River 0269,,WF,FI,33.56277778,-94.78888889,,,{3CB00406-20FB-40B7-B74C-843CB636E1D3},,0,,,0,,,0,1,250269,firesponse,100,,,Red River,TXTIC,48387,SFS,TXTXS,,Private,Private,,,,,,,SA07,SFS,TXTXS,US-TX,,,Timber (Litter and Understory),,,2025-TXTXS-250269,,No Decision,,,,1/24/2025 10:15:39 PM,2/7/2025 9:37:56 PM,IRWIN,0,,,{C72CD56A-6072-4451-9510-D2F8FFD953CE},01737c44-ce4d-4074-a824-092964309b84,1.24148868962948E-06,0.00478397268653749,
36884,1598,Panther,Wildfire Daily Fire Perimeter,Mixed Methods,9.24418934231583,No,Public,Approved,Yes,2/7/2025 5:15:57 PM,2/7/2025 5:18:13 PM,1/27/2025 2:32:16 PM,{D3502012-1A5A-4F00-800A-E2F4F4AE6EDB},,9.24419308360634,{88CAB298-EFAA-4722-AEBA-F58C20E94024},2025 NIFS,33049600,,DEFAULT,,1/25/2025 8:02:06 PM,,firesponse,10,10,TXTIC,,,,,,Minimal,,,,Human,Debris and open burning,Yard debris,,,1/24/2025 9:00:21 PM,Type 5 Incident,,,,,,,,SACC,,,,,,Panther,,WF,FI,32.3027,-97.8203,,,{D3502012-1A5A-4F00-800A-E2F4F4AE6EDB},,0,,,0,,,1,1,250267,firesponse,100,,,Hood,TXTIC,48221,SFS,TXTXS,,Private,Private,,,,,,,SA11,SFS,TXTXS,US-TX,,,,,,2025-TXTXS-250267,,No Decision,,,,1/24/2025 10:21:54 PM,2/11/2025 10:58:19 PM,IRWIN,0,,,{A0C80F7A-19D2-4A8C-8386-8CFDC42E044F},30fd4812-9224-41aa-9afc-7c969c27ad91,3.58201350536547E-06,0.0117776422669321,Type 5 Incident
36935,1731,Camp 0271,Wildfire Daily Fire Perimeter,Mixed Methods,3.31831328386808,No,Public,Approved,Yes,2/10/2025 5:54:30 PM,2/10/2025 6:21:18 PM,1/31/2025 1:31:03 PM,{205E51E1-CD8D-47B0-83BF-053F3BC9C9B3},,3.31831466930249,{BD3E2110-B783-4896-82A1-667FF8673348},2025 NIFS,33049595,,DEFAULT,,1/24/2025 10:28:00 PM,1/31/2025 1:00:00 PM,firesponse,4,4,TXTIC,,,,,,Minimal,,,,Human,Debris and open burning,Hand pile/slash,,,1/24/2025 9:06:00 PM,Type 5 Incident,,,,,,,,SACC,,,,,,Camp 0271,,WF,FI,33.02240294,-94.91338891,,,{205E51E1-CD8D-47B0-83BF-053F3BC9C9B3},,0,,,0,,,0,1,250271,firesponse,100,,,Camp,TXTIC,48063,SFS,TXTXS,,Private,Private,,,,,,,SA07,SFS,TXTXS,US-TX,,,Hardwood Litter,,,2025-TXTXS-250271,,No Decision,,,,1/24/2025 9:38:12 PM,1/31/2025 1:30:54 PM,IRWIN,0,,,{8D943495-B614-4620-927A-CCF3201B49BD},4a2a1d71-31ab-4ac5-a3e1-72c32f2f9b17,1.29604541143635E-06,0.0055345429958298,
36931,1734,Henderson 0273,Wildfire Daily Fire Perimeter,Mixed Methods,160.761436842513,No,Public,Approved,Yes,2/10/2025 5:57:48 PM,2/10/2025 6:21:18 PM,1/30/2025 5:11:12 PM,{6A761216-A51A-4639-B356-0AAAE2AA6E27},,160.761504221139,{3789CAEF-629D-4CC0-ACC4-D5B1041E730A},2025 NIFS,33049615,,DEFAULT,,1/25/2025 4:00:00 AM,1/30/2025 5:05:00 PM,firesponse,161,161,TXTIC,,,,,,Moderate,,,,Undetermined,Undetermined (remarks required),Origin and/or cause not identified,,,1/24/2025 9:16:00 PM,Type 4 Incident,,,,,,,,SACC,,,,,,Coppers Branch,,WF,FI,32.33586348,-95.81756024,,,{6A761216-A51A-4639-B356-0AAAE2AA6E27},,0,,,0,,,0,1,250274,firesponse,100,,,Henderson,TXTIC,48213,SFS,TXTXS,,Private,Private,,,,,,,SA07,SFS,TXTXS,US-TX,,,Timber (Grass and Understory),,,2025-TXTXS-250274,,No Decision,,,,1/24/2025 11:22:19 PM,2/25/2025 2:01:36 PM,IRWIN,0,,,{64B341ED-20F8-4E40-A401-C1849A53380D},f2eea9cd-2b73-4e41-af51-8b6f12e994ef,6.23179805643304E-05,0.0622801666648481,Type 4 Incident
36906,1627,Grimes 0273,Wildfire Daily Fire Perimeter,Mixed Methods,22.484556837336,No,Public,Approved,Yes,2/7/2025 8:17:16 PM,2/7/2025 8:18:06 PM,,{A15132A3-CBCB-43BA-A86E-680FC1D99094},,22.4845670832548,{E28CC96E-4544-46B2-9FA5-2CA16D24B13A},2025 NIFS,33049599,,DEFAULT,,1/25/2025 12:47:46 AM,1/27/2025 11:26:20 PM,firesponse,20,20,TXTIC,,,,,,,,,,Human,Debris and open burning,Escaped Prescribed Burn,,,1/24/2025 9:19:40 PM,Type 5 Incident,,,,,,,,SACC,,,,,,Grimes 0273,,WF,FI,30.50946787,-95.86221784,,,{A15132A3-CBCB-43BA-A86E-680FC1D99094},,0,,,0,,,1,1,250273,firesponse,100,,,Grimes,TXTIC,48185,SFS,TXTXS,,Private,Private,,,,,,,SA12,SFS,TXTXS,US-TX,,,,,,2025-TXTXS-250273,,No Decision,,,,1/24/2025 10:18:16 PM,1/27/2025 11:26:52 PM,IRWIN,0,,,{A278BED6-51D7-4D1B-AB10-3BBD279A2D57},6707bdb8-99a0-4c2c-a177-7bef062bed06,8.55090934237523E-06,0.0137920387762274,
36784,26923,02-Bravo-PAA,Wildfire Final Fire Perimeter,Auto-generated for InFORM,3,No,Public,Approved,Yes,1/30/2025 4:06:00 PM,1/30/2025 4:06:00 PM,1/30/2025 4:06:00 PM,{657FE8C1-F5D3-439F-9F2E-93657A9A1102},{8EA2D539-6FDA-4334-9D75-486B1A34C27D},2.73245308306367,,FFP,5382685,,CERTIFIED,3,1/24/2025 11:00:00 PM,1/25/2025 5:00:00 PM,wildcade,3,,ARAOC,,,,,1/30/2025 4:05:53 PM,,,,,,,,SE1L,,1/24/2025 10:00:00 PM,,1/27/2025 5:00:00 PM,,,,,PA,1522,SACC,,,,,,02-Bravo-PAA,,WF,FI,36.603611,-97.086389,,1/24/2025 10:15:00 PM,,,,1,,0,,,,1,000101,wildcade,,,,Kay,ARAOC,40071,BIA,OKPAA,,BIA,Federal,,,,,,,,BIA,OKPAA,US-OK,Grass-Shrub,GS3,,,,2025-OKPAA-000101,{8EA2D539-6FDA-4334-9D75-486B1A34C27D},,,,,1/25/2025 9:17:52 PM,1/27/2025 3:11:00 PM,FODR,,,,{367AF521-E8D9-4167-9789-A4F26AD7B219},e6fad2bc-ff56-4e31-9abf-3ec4b45883e0,1.11374492917093E-06,0.00539486765277239,
36948,1748,Jasper 0277,Wildfire Daily Fire Perimeter,GPS-Walked,2.41628496948158,No,Public,Approved,Yes,2/10/2025 6:47:37 PM,2/10/2025 7:21:52 PM,1/24/2025 5:41:27 PM,{7170EBBF-98E4-4BCE-89C8-5AA2841B871C},,2.41628602224456,{930DCE1F-3181-4664-B67A-5D46B0D5A0A0},2025 NIFS,33049618,,DEFAULT,,1/24/2025 11:56:00 PM,1/25/2025 12:01:00 AM,firesponse,2.4,2.4,TXTIC,,,,,,Minimal,,,,Human,Debris and open burning,Open trash burning,,,1/24/2025 10:52:00 PM,Type 5 Incident,,,,,,,,SACC,,,,,,Jasper 0277,,WF,FI,31.01278,-94.20029,,,{7170EBBF-98E4-4BCE-89C8-5AA2841B871C},,0,,,0,,,0,1,250277,firesponse,100,,,Jasper,TXTIC,48241,SFS,TXTXS,,Private,Private,,,,,,,SA12,SFS,TXTXS,US-TX,,,Timber (Litter and Understory),,,2025-TXTXS-250277,,No Decision,,,,1/24/2025 11:27:07 PM,1/27/2025 9:51:36 PM,IRWIN,0,,,{0E40FEE0-EEA0-44B4-A4D1-1ABEF112DD9E},49498377-69c7-426d-83af-875b22dbf2d5,9.23342213354772E-07,0.00420748077755603,
36927,1735,Upshur 0278,Wildfire Daily Fire Perimeter,Mixed Methods,2.59614788170374,No,Public,Approved,Yes,2/10/2025 6:07:45 PM,2/10/2025 6:21:18 PM,2/6/2025 3:26:08 PM,{92A6540D-ED3E-4EDC-A4CC-38FAB90383FA},,2.59614896387529,{C6D71F9C-6916-4A56-B17B-7442558C879F},2025 NIFS,33049683,,DEFAULT,,1/25/2025 4:02:00 PM,1/30/2025 5:50:00 PM,firesponse,2.5,2.5,TXTIC,,,,,,Minimal,,,,Human,Debris and open burning,Hand pile/slash,,,1/25/2025 1:05:00 AM,Type 5 Incident,,,,,,,,SACC,,,,,,Upshur 0278,,WF,FI,32.77254833,-94.98901387,,,{92A6540D-ED3E-4EDC-A4CC-38FAB90383FA},,0,,,0,,,0,1,250278,firesponse,100,,,Upshur,TXTIC,48459,SFS,TXTXS,,Private,Private,,,,,,,SA07,SFS,TXTXS,US-TX,,,Hardwood Litter,,,2025-TXTXS-250278,,No Decision,,,,1/25/2025 3:05:51 PM,2/6/2025 3:25:48 PM,IRWIN,0,,,{2A6B2001-216F-4172-980E-53EA425BDF35},6a0301c0-53c7-4ad4-8c4b-89c965baad59,1.01116370387899E-06,0.00519355267574503,
37000,27078,Cave Creek,Wildfire Final Fire Perimeter,GPS-Walked,200,No,Public,Approved,Yes,2/13/2025 1:08:19 PM,2/13/2025 1:08:19 PM,2/13/2025 1:08:18 PM,{FA2FB453-8F56-47C8-B624-98A505996949},{CD0FC583-B276-4C0B-95CD-74AE88AF98A0},200.353752906157,,FFP,5415991,,CERTIFIED,200.35,2/13/2025 12:00:00 PM,2/13/2025 12:10:00 PM,wildcade,200,,ALAIC,,,,,2/13/2025 1:08:11 PM,,,,,,,,SE1W,,1/26/2025 2:43:11 AM,,2/13/2025 12:30:00 PM,,,,,P8,,SACC,,,,,,Cave Creek,,WF,FI,33.418999,-85.827185,,1/26/2025 1:40:00 PM,,1,,1,,0,,1,,1,000028,wildcade,,,,Clay,ALAIC,01027,USFS,ALALF,,USFS,Federal,,,,,,,,USFS,ALALF,US-AL,Timber,TL9,,,,2025-ALALF-000028,{CD0FC583-B276-4C0B-95CD-74AE88AF98A0},,,,,1/26/2025 3:35:42 PM,2/13/2025 1:00:52 PM,FODR,,,,{F578F855-24F7-482E-8BC0-37E62A7B097B},51682f6d-db95-4b46-a9b1-f315df2f7337,7.86111354500463E-05,0.0926734039077377,
36720,988,Red Star,Wildfire Daily Fire Perimeter,Auto-generated for InFORM,1.89,No,Public,Approved,Yes,1/26/2025 5:58:08 PM,1/26/2025 9:18:09 PM,1/26/2025 8:27:29 PM,{91EEF6F1-BE9D-4BD2-91F6-B215AF5223FB},,1.81231571948085,{749D8884-C1B2-4B6D-A69F-653C74B25C85},2025 NIFS,33049819,,DEFAULT,,1/26/2025 11:48:00 PM,1/27/2025 6:19:00 PM,wildcade,1.89,0.1,SDGPC,,,,,,,,,,Human,,,SE12,,1/26/2025 5:05:38 PM,,2/6/2025 6:12:00 PM,,,,,PN,1532,RMCC,,,,,,Red Star,,WF,FI,43.643844,-103.645766,,,{91EEF6F1-BE9D-4BD2-91F6-B215AF5223FB},,0,1,,0,,,,1,250078,wildcade,,,,Custer,SDGPC,46033,,,,Private,Private,,,,,,,RM06,DWF,SDSDS,US-SD,,,,,,2025-SDSDS-250078,,No Decision,,,,1/26/2025 5:57:47 PM,2/6/2025 9:19:48 PM,IRWIN,0,,,{17C049F6-5BB4-4B84-9914-12865F4BC258},52e36573-c7c5-46f8-b33c-06a757b199e0,8.18159151094733E-07,0.00606708243054783,
37036,27107,Demi John,Wildfire Final Fire Perimeter,Auto-generated for InFORM,6,No,Public,Approved,Yes,2/18/2025 5:29:15 PM,2/18/2025 5:29:15 PM,2/18/2025 5:29:15 PM,{9DFDAFDB-0E04-47A6-B1ED-CAA493DA81A2},{A4253D6F-252D-4C85-85CF-C501C8D515F9},7.86277998043638,,FFP,5401844,,CERTIFIED,7.86,1/27/2025 8:18:00 PM,1/27/2025 8:18:00 PM,wildcade,6,,TXTIC,,,,,2/18/2025 5:29:07 PM,,,,,,,,SE14,,1/26/2025 5:43:20 PM,,1/27/2025 8:18:00 PM,,,,,,,SACC,,,,,,Demi John,,WF,FI,29.142649,-95.286896,,,,,,1,,0,,,,1,000022,wildcade,,,,Brazoria,TXTIC,48039,,,,Private,Private,,,,,,,,FWS,TXBRR,US-TX,,,,,,2025-TXBRR-000022,{A4253D6F-252D-4C85-85CF-C501C8D515F9},,,,,1/26/2025 6:55:22 PM,1/27/2025 8:19:51 PM,FODR,,,,{FB707948-D3CF-4630-8256-71DC5324E545},5a6c10ff-360b-4da4-b0d9-c4af07ccc271,2.94897881758516E-06,0.0113999422431828,
37050,2023,Oak Hill,Wildfire Daily Fire Perimeter,Mixed Methods,3.64,No,Public,Approved,Yes,2/19/2025 1:51:17 PM,2/19/2025 2:30:40 PM,2/13/2025 8:37:55 PM,{8EF30689-F587-4AE6-9039-7D68CE1795C5},,3.63801573159408,{64EA456A-8380-4D82-BBDF-6DE59CE8F1DD},2025 NIFS,33051893,,DEFAULT,,,1/26/2025 6:44:00 PM,iffrs,3.64,3.64,WIWISC,,3.64,,,,,,,,Human,Recreation and ceremony,Campfire,SE2D,,1/26/2025 6:10:00 PM,,1/27/2025 8:37:00 PM,,,,,,,EACC,,,,,,Oak Hill,,WF,FI,43.62106,-89.8755,3.64,1/26/2025 6:32:00 PM,{8EF30689-F587-4AE6-9039-7D68CE1795C5},,0,,,0,,,,1,FIRE123038,iffrs,,,,Sauk,WIWIC,55111,,,,Private,Private,,,,,,,EA05,DNR,WIWIS,US-WI,,,Short Grass (1 foot),,,2025-WIWIS-FIRE123038,,No Decision,,,,1/27/2025 2:24:53 PM,2/13/2025 8:37:30 PM,IRWIN,0,,,{56918B03-F718-49A4-8E4A-CEB46E5D3B9B},d764ebf2-cde0-4b27-a5a6-617a1f4ac952,1.6417197912233E-06,0.00724594607002066,
37053,2001,Reed Canary,Wildfire Daily Fire Perimeter,Mixed Methods,12.7,No,Public,Approved,Yes,2/19/2025 1:51:17 PM,2/19/2025 2:38:51 PM,2/3/2025 10:25:53 PM,{160F4224-D2B3-473B-A516-D3536207808D},,12.7078026853461,{DEA34B5E-3695-4291-9279-C34B7EE95039},2025 NIFS,33049837,,DEFAULT,,,1/26/2025 9:28:00 PM,iffrs,12.7,5,WIWISC,,12.7,,,,,,,,Human,Debris and open burning,Open trash burning,SE16,,1/26/2025 7:50:00 PM,,1/27/2025 4:33:00 PM,,,,,,,EACC,,,,,,Reed Canary,,WF,FI,44.04901,-89.05964,5,1/26/2025 8:08:00 PM,{160F4224-D2B3-473B-A516-D3536207808D},,0,,,0,,,,1,FIRE123034,iffrs,,,,Waushara,WIWIC,55137,,,,Private,Private,,,,,,,EA05,DNR,WIWIS,US-WI,,,Tall Grass (2.5 feet),,,2025-WIWIS-FIRE123034,,No Decision,,,,1/26/2025 9:10:05 PM,2/3/2025 10:25:26 PM,IRWIN,0,,,{C03058F0-8497-4625-BA14-33E3D93C2F6C},e1b92634-cb91-4570-8140-49d7504f1a7f,5.77545415580971E-06,0.0197505048267822,
37060,2010,Corn stubble,Wildfire Daily Fire Perimeter,Mixed Methods,2.89,No,Public,Approved,Yes,2/19/2025 1:51:17 PM,2/19/2025 2:53:49 PM,2/3/2025 10:28:15 PM,{F202E925-6FC5-429C-91B7-177728F6D78E},,2.89623653232547,{24B87EF9-DDA7-46A8-8358-5BABEB489194},2025 NIFS,33051889,,DEFAULT,,,1/26/2025 8:55:00 PM,iffrs,2.89,2.7,WIWISC,,2.89,,,,,,,,Human,Debris and open burning,Open trash burning,SE2A,,1/26/2025 8:06:00 PM,,1/26/2025 9:50:00 PM,,,,,,,EACC,,,,,,Corn stubble,,WF,FI,44.11428,-89.00926,2.7,1/26/2025 8:34:00 PM,{F202E925-6FC5-429C-91B7-177728F6D78E},,0,,,0,,,,1,FIRE123035,iffrs,,,,Waushara,WIWIC,55137,,,,Private,Private,,,,,,,EA05,DNR,WIWIS,US-WI,,,Short Grass (1 foot),,,2025-WIWIS-FIRE123035,,No Decision,,,,1/27/2025 1:49:49 PM,2/3/2025 10:27:48 PM,IRWIN,0,,,{1B4194BB-2757-49B0-AB6B-98033D90037F},fcc01b94-cf14-445d-a379-7c474176d6b9,1.31768365463358E-06,0.00563028936535011,
36869,27004,Turnaround fire,Wildfire Final Fire Perimeter,Auto-generated for InFORM,14.97,No,Public,Approved,Yes,2/6/2025 6:31:16 PM,2/6/2025 6:31:16 PM,2/6/2025 6:31:16 PM,{4FD6D295-873F-4F7E-B44C-B25684BDE95D},{FC5F4F24-011B-4A0B-B06E-0B17AEADD2C2},15.0501271458601,,FFP,5404731,,CERTIFIED,15.05,1/27/2025 7:40:00 PM,,wildcade,15,,ALAIC,,,,,2/6/2025 6:31:09 PM,,,,,,,,SE18,,1/26/2025 11:21:31 PM,,2/5/2025 8:18:00 PM,,,,,,0820,SACC,,,,,,Tuskehadky Branch,,WF,FI,33.542153,-85.841773,,1/27/2025 12:05:00 AM,,,,,,0,,,,1,000029,wildcade,,,,Talladega,ALAIC,01121,USFS,ALALF,,USFS,Federal,,,,,,,,USFS,ALALF,US-AL,Timber,TL9,,,,2025-ALALF-000029,{FC5F4F24-011B-4A0B-B06E-0B17AEADD2C2},,,,,1/27/2025 12:10:50 AM,2/5/2025 8:24:20 PM,FODR,,,,{3CC92918-5314-4E6E-80FE-7F75E986F3DB},8053c075-143c-4ba7-a139-3c10b261316b,5.91188813814369E-06,0.0126934185930415,
37045,2029,County Road CC 3,Wildfire Daily Fire Perimeter,Mixed Methods,3.69,No,Public,Approved,Yes,2/19/2025 1:51:17 PM,2/19/2025 2:15:19 PM,2/11/2025 5:00:03 PM,{C66AB1D3-C131-4D8E-ADE6-8D9DCB6852D0},,3.69091694826548,{BE822EB8-FAE4-490F-8042-4A9D98AC6A44},2025 NIFS,33051912,,DEFAULT,,,1/27/2025 2:23:00 PM,iffrs,3.69,3.69,WIWISC,,3.69,,,,,,,,Human,Equipment and vehicle use,Other (remarks required),SE2M,,1/27/2025 1:45:00 PM,,1/27/2025 3:01:00 PM,,,,,,,EACC,,,,,,County Road CC 3,,WF,FI,44.85303,-88.24792,3.69,1/27/2025 2:08:00 PM,{C66AB1D3-C131-4D8E-ADE6-8D9DCB6852D0},,0,,,0,,,,1,FIRE123040,iffrs,,,,Oconto,WIWIC,55083,,,,Private,Private,,,,,,,EA06,DNR,WIWIS,US-WI,,,Short Grass (1 foot),,,2025-WIWIS-FIRE123040,,No Decision,,,,1/27/2025 3:52:24 PM,2/11/2025 4:59:36 PM,IRWIN,0,,,{DB1D49D7-33A9-4F3A-815E-7EA2426C34A0},e8b881cb-25df-4dae-bbe8-3ef774666fbc,1.70035104929411E-06,0.00551338580625267,
37073,2037,County Road CC 4,Wildfire Daily Fire Perimeter,Mixed Methods,0.16,No,Public,Approved,Yes,2/19/2025 3:07:56 PM,2/19/2025 3:13:07 PM,2/11/2025 5:00:04 PM,{A6188AD8-4B9D-4E3B-B014-E2A68808791C},,0.163010957331203,{B8E18C92-1AFD-4DF4-B8A8-6E11E6637529},2025 NIFS,33051913,,DEFAULT,,,1/27/2025 2:23:00 PM,iffrs,0.16,0.16,WIWISC,,0.16,,,,,,,,Human,Equipment and vehicle use,Other (remarks required),SE2N,,1/27/2025 1:45:00 PM,,1/27/2025 3:01:00 PM,,,,,,,EACC,,,,,,County Road CC 4,,WF,FI,44.85564,-88.24799,0.16,1/27/2025 2:08:00 PM,{A6188AD8-4B9D-4E3B-B014-E2A68808791C},,0,,,0,,,,1,FIRE123041,iffrs,,,,Oconto,WIWIC,55083,,,,Private,Private,,,,,,,EA06,DNR,WIWIS,US-WI,,,Short Grass (1 foot),,,2025-WIWIS-FIRE123041,,No Decision,,,,1/27/2025 3:54:48 PM,2/11/2025 4:59:52 PM,IRWIN,0,,,{7851C457-4CD1-48AD-AC59-AC80F42CC7A4},2d62e021-67a0-47f8-a121-3ac7ddf9f2ab,7.51006155041978E-08,0.00167807250681151,
37075,2036,County Road CC 2,Wildfire Daily Fire Perimeter,Mixed Methods,0.14,No,Public,Approved,Yes,2/19/2025 3:07:56 PM,2/19/2025 3:11:58 PM,2/11/2025 4:59:10 PM,{9BF98189-3C9D-4D0D-AB50-4F4ADC7A30C1},,0.138820039426646,{E288E7A8-9069-4DB3-9CC7-0CF0EF672556},2025 NIFS,33051909,,DEFAULT,,,1/27/2025 2:23:00 PM,iffrs,0.14,0.14,WIWISC,,0.14,,,,,,,,Human,Equipment and vehicle use,Other (remarks required),SE2K,,1/27/2025 1:45:00 PM,,1/27/2025 3:01:00 PM,,,,,,,EACC,,,,,,County Road CC 2,,WF,FI,44.85112,-88.2482,0.14,1/27/2025 2:08:00 PM,{9BF98189-3C9D-4D0D-AB50-4F4ADC7A30C1},,0,,,0,,,,1,FIRE123039,iffrs,,,,Oconto,WIWIC,55083,,,,Private,Private,,,,,,,EA06,DNR,WIWIS,US-WI,,,Short Grass (1 foot),,,2025-WIWIS-FIRE123039,,No Decision,,,,1/27/2025 3:31:37 PM,2/11/2025 4:58:52 PM,IRWIN,0,,,{CE1CE145-87D2-4978-8CCF-FA4FD2905BB6},6432af8a-489d-4fb8-bbe8-ee37d04e0a20,6.39493009657599E-08,0.00129315747104279,
37079,2040,County Road CC 1,Wildfire Daily Fire Perimeter,Mixed Methods,0.01,No,Public,Approved,Yes,2/19/2025 3:07:56 PM,2/19/2025 3:16:48 PM,2/11/2025 4:58:02 PM,{A8779248-4EB4-4242-B56A-92F47D07FD18},,0.00515582067832901,{0D35DC87-077E-48A4-B5EF-A011C8A86529},2025 NIFS,33051890,,DEFAULT,,,1/27/2025 2:23:00 PM,iffrs,0.01,0.01,WIWISC,,0.01,,,,,,,,Human,Equipment and vehicle use,Other (remarks required),SE2B,,1/27/2025 1:45:00 PM,,1/27/2025 3:01:00 PM,,,,,,,EACC,,,,,,County Road CC 1,,WF,FI,44.85287,-88.24801,0.01,1/27/2025 2:08:00 PM,{A8779248-4EB4-4242-B56A-92F47D07FD18},,0,,,0,,,,1,FIRE123036,iffrs,,,,Oconto,WIWIC,55083,,,,Private,Private,,,,,,,EA06,DNR,WIWIS,US-WI,,,Short Grass (1 foot),,,2025-WIWIS-FIRE123036,,No Decision,,,,1/27/2025 1:55:22 PM,2/11/2025 4:57:42 PM,IRWIN,0,,,{992FB0BC-8A8E-4C14-A2E2-1F8A19F0553B},fdb9c607-ef4f-4614-ae04-9cb47924abac,2.37491804000456E-09,0.000207660404198775,
36866,27003,Happy,Wildfire Final Fire Perimeter,Auto-generated for InFORM,2,No,Public,Approved,Yes,2/6/2025 5:59:03 PM,2/6/2025 5:59:03 PM,2/6/2025 5:59:03 PM,{5186E66B-024C-405C-9C23-8C17E4EE7E15},{591A0FBF-B1BA-4C60-9254-CDE8013A08A6},2.51582085913461,,FFP,5405343,,CERTIFIED,2.52,1/27/2025 7:00:00 PM,1/29/2025 5:47:00 PM,wildcade,2.52,,MOMOC,,,,,2/6/2025 5:58:57 PM,,,,,,,,SE2L,,1/27/2025 2:35:51 PM,,1/30/2025 6:30:00 PM,,,,,P9,0905,EACC,,,,,,Happy,,WF,FI,36.924418,-90.434561,,1/27/2025 2:40:00 PM,,,,1,,0,,,,1,000021,wildcade,,,,Butler,MOMOC,29023,USFS,MOMTF,,USFS,Federal,,,,,,,,USFS,MOMTF,US-MO,Timber,TL9,,,,2025-MOMTF-000021,{591A0FBF-B1BA-4C60-9254-CDE8013A08A6},,,,,1/27/2025 3:40:07 PM,1/31/2025 4:07:08 PM,FODR,,,,{CEE7E519-73E1-42E3-BBAD-9940665B2055},a05b1adb-c15b-49e0-93c5-3b3bf79c6603,1.02963235804054E-06,0.00522517953899909,
37082,2045,Brimmer Road,Wildfire Daily Fire Perimeter,Mixed Methods,0.64,No,Public,Approved,Yes,2/19/2025 3:07:56 PM,2/19/2025 3:23:06 PM,2/18/2025 8:41:24 PM,{BA9A00D2-4390-4B2B-94D0-FD398849E872},,0.636728382808425,{5DCED766-87D0-4979-BDF0-20DAA519DDB7},2025 NIFS,33051953,,DEFAULT,,,1/27/2025 6:36:00 PM,iffrs,0.64,0.5,WIWISC,,0.64,,,,,,,,Human,Debris and open burning,Hand pile/slash,SE2W,,1/27/2025 5:40:00 PM,,1/27/2025 7:33:00 PM,,,,,,,EACC,,,,,,Brimmer Road,,WF,FI,43.57038,-90.12871,0.5,1/27/2025 5:56:00 PM,{BA9A00D2-4390-4B2B-94D0-FD398849E872},,0,,,0,,,,1,FIRE123042,iffrs,,,,Sauk,WIWIC,55111,,,,Private,Private,,,,,,,EA05,DNR,WIWIS,US-WI,,,Short Grass (1 foot),,,2025-WIWIS-FIRE123042,,No Decision,,,,1/27/2025 6:16:12 PM,2/18/2025 8:41:00 PM,IRWIN,0,,,{070547A6-D1E1-4AA0-AA95-17970AD7BDC3},a5991ddf-e316-4abe-9da2-33f505af61c4,2.87096781903529E-07,0.00239199988474406,
37113,27116,Little,Wildfire Final Fire Perimeter,Auto-generated for InFORM,0.39,No,Public,Approved,Yes,2/21/2025 4:45:07 PM,2/21/2025 4:45:07 PM,2/21/2025 4:45:06 PM,{E1DF5DF0-DBBE-4DC1-A786-2D039DFF8124},{54713689-0F4B-4D35-9B9A-A3DC5C6BCEE0},0.0384890138594973,,FFP,5382999,,CERTIFIED,0.04,1/27/2025 7:57:00 PM,1/30/2025 8:19:00 PM,wildcade,0.39,,MOMOC,,,,,2/21/2025 4:44:59 PM,,,,,,,,SE22,,1/27/2025 6:20:00 PM,,1/30/2025 8:19:00 PM,,,,,P9,0905,EACC,,,,,,Little,,WF,FI,36.794391,-92.683879,,,,0,,1,,0,,0,,1,000022,wildcade,,,,Ozark,MOMOC,29153,,,,Private,Private,,,,,,,,USFS,MOMTF,US-MO,,,,,,2025-MOMTF-000022,{54713689-0F4B-4D35-9B9A-A3DC5C6BCEE0},,,,,1/27/2025 7:14:48 PM,1/30/2025 8:19:28 PM,FODR,,,,{40E042BA-BE43-4479-97A4-17DC5F758A47},506f2937-081e-475e-b634-6ad80d7c07c2,1.57272097567329E-08,0.000586262504296539,
36825,26963,Snowman,Wildfire Final Fire Perimeter,Auto-generated for InFORM,3.1,No,Public,Approved,Yes,1/31/2025 7:32:51 PM,1/31/2025 7:32:51 PM,1/31/2025 7:32:51 PM,{90C83AF4-88CC-4208-A39E-4076B5B602D4},{E2BB9CEC-79D1-445E-BAB1-48E97ED693F6},5.08221061975865,,FFP,5388025,,CERTIFIED,5.08,1/27/2025 7:09:00 PM,,INFORM_Mobile,5.08,,SDGPC,,,,,1/31/2025 7:32:41 PM,,,,,,,,SE21,,1/27/2025 6:36:00 PM,,1/30/2025 11:30:00 PM,,,,,,,RMCC,,,,,,Snowman,,WF,FI,,,,1/27/2025 6:40:00 PM,,1,,1,,0,,0,,1,000001,firecode,,,,Oglala Lakota,SDGPC,46102,BIA,SDPRA,,BIA,Federal,,,,,,,,BIA,SDPRA,US-SD,Grass,GR3,,,,2025-SDPRA-000001,{E2BB9CEC-79D1-445E-BAB1-48E97ED693F6},,,,,1/27/2025 7:10:24 PM,1/27/2025 7:10:25 PM,FODR,,,,{64C28CEC-D3BC-4CEA-9500-05B1D161553F},0c1e6262-ecf9-4189-9c27-63884235fe3a,2.27447708311956E-06,0.0104724942142221,
37068,2015,Eager,Wildfire Daily Fire Perimeter,Mixed Methods,1.06,No,Public,Approved,Yes,2/19/2025 1:51:17 PM,2/19/2025 2:59:50 PM,2/7/2025 8:55:38 PM,{A129B037-0332-4F5F-ABD7-F58664B99BA6},,1.06459890511232,{A0B6ADEE-C7C3-4B7A-A9F7-0732650C0815},2025 NIFS,33051966,,DEFAULT,,,1/27/2025 7:46:00 PM,iffrs,1.06,0.01,WIWISC,,1.06,,,,,,,,Human,Equipment and vehicle use,Trailer,SE24,,1/27/2025 7:18:00 PM,,1/28/2025 2:00:00 PM,,,,,,,EACC,,,,,,Eager,,WF,FI,43.21649,-90.26433,0.01,1/27/2025 7:35:00 PM,{A129B037-0332-4F5F-ABD7-F58664B99BA6},,0,,,0,,,,1,FIRE123044,iffrs,,,,Richland,WIWIC,55103,,,,Private,Private,,,,,,,EA05,DNR,WIWIS,US-WI,,,Short Grass (1 foot),,,2025-WIWIS-FIRE123044,,No Decision,,,,1/27/2025 7:39:58 PM,2/7/2025 8:55:18 PM,IRWIN,0,,,{04510337-463C-4893-AD61-C63D61DC2F03},fdd7d94a-1910-447a-9b0b-04603c3a9efa,4.77174353363807E-07,0.00533857247172902,
36874,27014,Skyline,Wildfire Final Fire Perimeter,Auto-generated for InFORM,3,No,Public,Approved,Yes,2/6/2025 9:45:26 PM,2/6/2025 9:45:26 PM,2/6/2025 9:45:26 PM,{52803984-BF47-4AD2-B5FA-9529900F9E34},{9F29CB53-67B1-46A1-9183-30D448EBA3BF},11.2079634758383,,FFP,5405878,,CERTIFIED,11.21,1/28/2025 1:28:00 AM,1/28/2025 4:44:00 PM,wildcade,11.2,,SDGPC,,,,,2/6/2025 9:45:20 PM,,,,,,,,SE28,,1/27/2025 8:04:00 PM,,2/6/2025 7:58:00 PM,,,,,PN,1523,RMCC,,,,,,Skyline,,WF,FI,43.849763,-103.289083,,,,1,,1,,0,,0,,1,250084,wildcade,,,,Custer,SDGPC,46033,DWF,SDSDS,,Private,Private,,,,,,,,DWF,SDSDS,US-SD,Grass,GR2,,,,2025-SDSDS-250084,{9F29CB53-67B1-46A1-9183-30D448EBA3BF},,,,,1/27/2025 9:03:28 PM,2/6/2025 9:11:04 PM,FODR,,,,{B1E0EAF6-84E8-4CEF-A634-0649674F73C2},4fee8505-cac9-45c9-a712-f8d30dcee573,5.07686809214647E-06,0.0106557650359929,
37064,2011,Bighorn,Wildfire Daily Fire Perimeter,Mixed Methods,3.05,No,Public,Approved,Yes,2/19/2025 1:51:17 PM,2/19/2025 2:55:04 PM,2/3/2025 10:30:07 PM,{45B9FA69-EA09-48E9-8636-C3D068E4FD0F},,3.05574386360335,{E797B1FC-4A61-4C85-A09A-ED3B400A23DF},2025 NIFS,33051973,,DEFAULT,,,1/27/2025 9:29:00 PM,iffrs,3.05,0.01,WIWISC,,3.05,,,,,,,,Human,Other causes,Other (remarks required),SE26,,1/27/2025 9:00:00 PM,,1/27/2025 10:21:00 PM,,,,,,,EACC,,,,,,Bighorn,,WF,FI,44.12479,-88.97542,0.01,1/27/2025 9:19:00 PM,{45B9FA69-EA09-48E9-8636-C3D068E4FD0F},,0,,,0,,,,1,FIRE123045,iffrs,,,,Waushara,WIWIC,55137,,,,Private,Private,,,,,,,EA05,DNR,WIWIS,US-WI,,,Tall Grass (2.5 feet),,,2025-WIWIS-FIRE123045,,No Decision,,,,1/27/2025 9:06:01 PM,2/3/2025 10:29:47 PM,IRWIN,0,,,{126C3BA2-564C-4416-B62F-E696FD4A451B},2abb94f0-c634-47c2-83b1-2f5d183bab22,1.39048711389478E-06,0.0065281546079358,
36783,26922,CREEK LAND,Wildfire Final Fire Perimeter,Auto-generated for InFORM,1,No,Public,Approved,Yes,1/30/2025 2:59:32 PM,1/30/2025 2:59:32 PM,1/30/2025 2:59:32 PM,{EEC7CDEB-D8FB-4E6F-82DC-D77450679700},{CE240497-90C1-4BBF-9C9F-8B797A536F2F},1.59241118134638,,FFP,5382606,,CERTIFIED,1.59,1/28/2025 10:00:00 PM,1/29/2025 9:00:00 PM,wildcade,1,,ARAOC,,,,,1/30/2025 2:59:25 PM,,,,,,,,SE3G,,1/27/2025 9:30:00 PM,,1/30/2025 6:00:00 PM,,,,,PA,1522,SACC,,,,,,CREEK LAND,,WF,FI,36.477542,-96.635094,,1/27/2025 9:31:00 PM,,1,,1,,0,,0,,1,000130,firecode,,,,Osage,ARAOC,40113,BIA,OKOSA,,Private,Private,,,,,,,,BIA,OKOSA,US-OK,Grass-Shrub,GS1,,,,2025-OKOSA-000130,{CE240497-90C1-4BBF-9C9F-8B797A536F2F},,,,,1/28/2025 2:22:57 PM,1/28/2025 2:23:45 PM,FODR,,,,{D1FA7418-A1D0-487F-AF44-AC606476BD1D},7076bdc5-49d9-4a68-b3fa-2207a96f3ce8,6.48019067739369E-07,0.00313452549633772,
36790,1077,Buttram RX,Prescribed Fire,Auto-generated for InFORM,2258,No,Public,Approved,Yes,1/28/2025 12:35:46 PM,2/21/2025 4:54:25 PM,1/29/2025 11:52:14 PM,{E77994C5-DAB8-42D0-9EE2-B8CAED77B546},,2260.12770872595,{268C40C9-4F49-4F45-91C6-CF0407DA4BE8},2025 NIFS,33052027,,DEFAULT,,2/25/2025 2:45:00 PM,2/25/2025 2:45:00 PM,wildcade,2258,1850,MOMOC,,,,,,,,,,Undetermined,,,,,1/28/2025 12:14:00 PM,,2/25/2025 2:45:00 PM,,,,,,,EACC,,,,,,Buttram RX,,RX,FI,36.702667,-92.764833,,,{E77994C5-DAB8-42D0-9EE2-B8CAED77B546},,0,,,0,,,,1,000023,wildcade,,,,Ozark,MOMOC,29153,USFS,MOMTF,,USFS,Federal,,,,,,,EA13,USFS,MOMTF,US-MO,,,,,,2025-MOMTF-000023,,No Decision,,,,1/28/2025 12:35:17 PM,2/25/2025 2:48:38 PM,IRWIN,0,,,{BA8F064B-5388-40A0-BF53-7986FA57E39B},05a91bdc-62cd-4151-ac1f-c19923f9891d,0.000922377529605001,0.20074973295056,
36912,1132,RX Cedar Lake North Shore,Prescribed Fire,Mixed Methods,182,No,Public,Approved,Yes,1/28/2025 11:24:13 PM,2/7/2025 11:56:54 PM,1/28/2025 11:24:13 PM,{209B1596-A373-421A-9B45-009F6BFE9968},,182.414654516725,{B5722066-732A-4873-8E7F-9A8D75BEE79B},2025 NIFS,33052047,,DEFAULT,,,,wildcade,178,,ARAOC,,,,,,,,,,Undetermined,,,,,1/28/2025 2:30:43 PM,,,,,,,,,SACC,,,,,,RX Cedar Lake North Shore,,RX,FI,34.7788,-94.694133,,,{209B1596-A373-421A-9B45-009F6BFE9968},,0,,,0,,,,1,000134,wildcade,,,,Le Flore,ARAOC,40079,USFS,AROUF,,USFS,Federal,,,,,,,SA17A,USFS,AROUF,US-OK,,,,,,2025-AROUF-000134,,No Decision,,,,1/28/2025 2:31:06 PM,1/28/2025 11:23:49 PM,IRWIN,0,,,{2911878C-1293-4302-AF9B-0FB2B9670D90},600bb126-a78e-449c-976b-62002ddd5ded,7.26960211068217E-05,0.065860933052498,
36747,1101,Arikara,Wildfire Daily Fire Perimeter,Auto-generated for InFORM,5,No,Public,Approved,Yes,1/28/2025 7:16:03 PM,1/28/2025 8:01:22 PM,1/28/2025 7:26:24 PM,{F9A0497F-D7D5-410D-8C0F-A9FDCD33DDE8},,23.3438609314691,{987210B8-7BE6-4C49-8697-865DB75A39EB},2025 NIFS,33052102,,DEFAULT,,1/28/2025 8:10:00 PM,1/28/2025 8:12:00 PM,wildcade,23.3,5,SDGPC,,,,,,,,,,Human,,,SE3R,,1/28/2025 6:38:04 PM,,1/28/2025 9:00:00 PM,,,,,PN,1532,RMCC,,,,,,Arikara,,WF,FI,44.396384,-100.259833,,,{F9A0497F-D7D5-410D-8C0F-A9FDCD33DDE8},,0,1,,0,,,,1,250087,wildcade,,,,Hughes,SDGPC,46065,,,,Private,Private,,,,,,,RM23,C&L,SDHUX,US-SD,,,,,,2025-SDHUX-250087,,No Decision,,,,1/28/2025 7:15:58 PM,2/12/2025 5:32:46 PM,IRWIN,0,,,{B74E731B-9E8F-4B1F-9354-18A5563AFEEA},3f6e66bf-a9cf-4942-bea4-53a3e6d3c7d8,1.06703387245943E-05,0.0174678429836844,
37112,27115,Panther Hollow,Wildfire Final Fire Perimeter,Auto-generated for InFORM,5,No,Public,Approved,Yes,2/21/2025 4:42:59 PM,2/21/2025 4:42:59 PM,2/21/2025 4:42:59 PM,{DA8CE169-9801-4EE7-9073-0B509034DACF},{16BBFDE0-1331-4214-9626-93DE53BEE186},9.06527744774882,,FFP,5455389,,CERTIFIED,9.07,1/28/2025 10:58:00 PM,1/29/2025 10:12:00 PM,wildcade,9.1,,MOMOC,,,,,2/21/2025 4:42:52 PM,,,,,,,,SE3W,,1/28/2025 7:23:00 PM,,2/16/2025 6:00:00 PM,,,,,P9,0905,EACC,,,,,,Panther,,WF,FI,36.659442,-92.632909,,,,0,,1,,0,,0,,1,000026,wildcade,,,,Ozark,MOMOC,29153,,,,Private,Private,,,,,,,,USFS,MOMTF,US-MO,,,,,,2025-MOMTF-000026,{16BBFDE0-1331-4214-9626-93DE53BEE186},,,,,1/28/2025 8:41:35 PM,2/16/2025 6:10:23 PM,FODR,,,,{326B09D4-6611-44F5-A74D-3B876DDFD79C},1284c8bf-6b6c-4846-b6bd-c82a9ea7e9a1,3.69702706848329E-06,0.0121491844870236,
37066,2012,Black Duck,Wildfire Daily Fire Perimeter,Mixed Methods,1.7,No,Public,Approved,Yes,2/19/2025 1:51:17 PM,2/19/2025 2:56:17 PM,2/13/2025 8:40:33 PM,{1F2A8481-EB85-496A-B7DD-B840C8717773},,1.70269395870983,{0B17C673-2571-4403-918B-50BCC5185752},2025 NIFS,33052123,,DEFAULT,,,1/28/2025 8:51:00 PM,iffrs,1.7,0.01,WIWISC,,1.7,,,,,,,,Human,Debris and open burning,Open trash burning,SE3U,,1/28/2025 8:00:00 PM,,1/30/2025 2:15:00 PM,,,,,,,EACC,,,,,,Black Duck,,WF,FI,43.0862,-90.62677,0.01,1/28/2025 8:40:00 PM,{1F2A8481-EB85-496A-B7DD-B840C8717773},,0,,,0,,,,1,FIRE123049,iffrs,,,,Grant,WIWIC,55043,,,,Private,Private,,,,,,,EA05,DNR,WIWIS,US-WI,,,Short Grass (1 foot),,,2025-WIWIS-FIRE123049,,No Decision,,,,1/28/2025 8:34:59 PM,2/13/2025 8:40:13 PM,IRWIN,0,,,{2BD6A1D4-DCD4-4FB0-B2ED-FF4D1A80F197},5f587bb4-2ac3-431d-b68a-702ce0e462e9,7.62136551202275E-07,0.00596745978232572,
37088,1160,Pearl,Wildfire Daily Fire Perimeter,Mixed Methods,0.41,No,Public,Approved,Yes,1/29/2025 3:56:48 PM,2/20/2025 8:50:05 PM,1/31/2025 4:18:47 PM,{0468F320-41C9-4269-9CE7-A2AC95FA728E},,0.409413509178022,{5F90E3E5-244A-4192-9890-986178DD8660},2025 NIFS,33052214,,DEFAULT,,,1/29/2025 12:00:00 AM,iffrs,0.41,0.01,WIWISC,,0.41,,,,,,,,Human,Debris and open burning,Hand pile/slash,SE4B,,1/28/2025 11:35:00 PM,,1/29/2025 12:23:00 AM,,,,,,,EACC,,,,,,Pearl,,WF,FI,43.19368,-90.09593,0.01,1/28/2025 11:52:00 PM,{0468F320-41C9-4269-9CE7-A2AC95FA728E},,0,,,0,,,,1,FIRE123054,iffrs,,,,Sauk,WIWIC,55111,,,,Private,Private,,,,,,,EA05,DNR,WIWIS,US-WI,,,Short Grass (1 foot),,,2025-WIWIS-FIRE123054,,No Decision,,,,1/29/2025 3:56:17 PM,2/20/2025 5:36:14 PM,IRWIN,0,,,{19953896-7B4D-4454-A1D6-B788CE60524A},b85c73a1-3c67-4195-9d77-f9b9cf483fa8,1.8347350305703E-07,0.00369593889751692,
37056,2002,Ross Rd,Wildfire Daily Fire Perimeter,Mixed Methods,20.4,No,Public,Approved,Yes,2/19/2025 1:51:17 PM,2/19/2025 2:41:29 PM,2/13/2025 10:10:10 PM,{C99050DA-68DE-41A3-A958-A113D4D847D6},,20.4117168795135,{032FBC1E-C07F-4EBF-A1EE-7CFA56D4939D},2025 NIFS,33052215,,DEFAULT,,,1/29/2025 3:30:00 PM,iffrs,20.4,10,WIWISC,,20.4,,,,,,,,Human,Debris and open burning,Burn Barrel,SE4C,,1/29/2025 1:10:00 PM,,1/30/2025 6:28:00 PM,,,,,,,EACC,,,,,,Ross Rd,,WF,FI,43.59994,-89.20813,10,1/29/2025 1:27:00 PM,{C99050DA-68DE-41A3-A958-A113D4D847D6},,0,,,0,,,,1,FIRE123055,iffrs,,,,Columbia,WIWIC,55021,,,,Private,Private,,,,,,,EA05,DNR,WIWIS,US-WI,,,Tall Grass (2.5 feet),,,2025-WIWIS-FIRE123055,,No Decision,,,,1/29/2025 3:58:11 PM,2/13/2025 10:09:48 PM,IRWIN,0,,,{0E9B870F-838D-4860-95DE-E8DC55E2CF3E},bc0407f1-70ef-4692-917a-e72679510ae9,9.20770776247082E-06,0.023242954602773,
37057,2003,Kranz Road,Wildfire Daily Fire Perimeter,Mixed Methods,28.66,No,Public,Approved,Yes,2/19/2025 1:51:17 PM,2/19/2025 2:42:50 PM,2/14/2025 2:59:42 PM,{3124A990-23DD-4AA1-B7CE-1684229AE374},,28.6771877766361,{FE42BF65-4FA6-49ED-9DA1-B0A167F0EE6A},2025 NIFS,33052251,,DEFAULT,,,1/29/2025 7:43:00 PM,iffrs,28.66,0.01,WIWISC,,28.66,,,,,,,,Human,Debris and open burning,Ditch/fence line burning,SE4T,,1/29/2025 4:00:00 PM,,1/30/2025 6:14:00 PM,,,,,,,EACC,,,,,,Kranz Road,,WF,FI,43.30053,-89.19733,0.01,1/29/2025 7:13:00 PM,{3124A990-23DD-4AA1-B7CE-1684229AE374},,0,,,0,,,,1,FIRE123059,iffrs,,,,Columbia,WIWIC,55021,,,,Private,Private,,,,,,,EA05,DNR,WIWIS,US-WI,,,Short Grass (1 foot),,,2025-WIWIS-FIRE123059,,No Decision,,,,1/29/2025 7:10:51 PM,2/14/2025 2:59:32 PM,IRWIN,0,,,{4E1BBE8D-9811-4D2D-98DF-5AC37BEA7F77},c6f61094-3fc9-4df1-88a4-e05d06370c27,1.28735296129889E-05,0.0257453073638328,
37162,27138,285,Wildfire Final Fire Perimeter,Mixed Methods,3.105959,No,Public,Approved,Yes,2/26/2025 9:22:23 PM,2/26/2025 9:22:23 PM,2/26/2025 9:22:23 PM,{6FEC5983-4A44-4E18-94F0-0F6DF92C12D2},{CEAA4167-3D7D-4EC3-B9B3-6AA604DFF3C4},3.10594773390152,,FFP,5484595,,CERTIFIED,3.1,2/13/2025 6:30:00 PM,2/13/2025 6:31:00 PM,wildcade,3.1,,COPBC,,,,,2/26/2025 9:22:16 PM,,,,,,,,SFF4,,1/29/2025 4:39:00 PM,,2/13/2025 6:32:00 PM,,,,,,1532,RMCC,,,,,,HWY 285,,WF,FI,38.332147,-106.011028,,1/29/2025 5:00:00 PM,,1,,1,,0,,0,,1,000073,wildcade,,,,Saguache,COPBC,08109,BLM,COSLD,,BLM,Federal,,,,,,,,BLM,COSLD,US-CO,Grass-Shrub,GS1,,,,2025-COSLD-000073,{CEAA4167-3D7D-4EC3-B9B3-6AA604DFF3C4},,,,,2/11/2025 4:51:57 PM,2/14/2025 10:29:20 PM,FODR,,,,{ED6FE8AC-A4F7-4C29-B17E-B9EE22E81295},9ded10b1-cd5a-4a45-a9b4-ae4ca7ff4c2b,1.29512818602961E-06,0.0106155979941171,
37063,2013,Sydo,Wildfire Daily Fire Perimeter,Mixed Methods,6.54,No,Public,Approved,Yes,2/19/2025 1:51:17 PM,2/19/2025 2:57:30 PM,2/7/2025 10:26:11 PM,{57EB54E7-0C3C-48B1-B443-8DB8341B084E},,6.54235945473218,{48916D4E-CBAC-4E17-906D-8A8D58EF3F61},2025 NIFS,33052236,,DEFAULT,,,1/29/2025 6:55:00 PM,iffrs,6.54,0.01,WIWISC,,6.54,,,,,,,,Human,Other causes,Structure,SE4M,,1/29/2025 5:40:00 PM,,1/30/2025 5:18:00 PM,,,,,,,EACC,,,,,,Sydo,,WF,FI,43.29161,-89.02748,0.01,1/29/2025 5:59:00 PM,{57EB54E7-0C3C-48B1-B443-8DB8341B084E},,0,,,0,,,,1,FIRE123057,iffrs,,,,Columbia,WIWIC,55021,,,,Private,Private,,,,,,,EA05,DNR,WIWIS,US-WI,,,Short Grass (1 foot),,,2025-WIWIS-FIRE123057,,No Decision,,,,1/29/2025 5:54:08 PM,2/7/2025 10:26:05 PM,IRWIN,0,,,{B262E799-B744-4F66-AA5B-C944F8E4F455},6db142b1-ff3a-4ee4-9e2e-953ca4816916,2.93645484816807E-06,0.0114243390557282,
36957,27041,Colen Ridge,Wildfire Final Fire Perimeter,Auto-generated for InFORM,26,No,Public,Approved,Yes,2/10/2025 8:14:29 PM,2/10/2025 8:14:29 PM,2/10/2025 8:14:28 PM,{7C579D8F-C2A8-4CD2-B504-B74F31A77EB3},{7C9213B0-FC20-4DB6-8610-CE4F5878C270},26.8721852217138,,FFP,5404589,,CERTIFIED,26.87,1/30/2025 12:15:00 AM,2/5/2025 4:30:00 PM,wildcade,26,,MOMOC,,,,,2/10/2025 8:14:22 PM,,,,,,,,SE4N,,1/29/2025 6:04:16 PM,,2/10/2025 8:13:00 PM,,,,,P9,0905,EACC,,,,,,Mallow Ridge,,WF,FI,37.838633,-91.036133,,1/29/2025 6:18:00 PM,,,,1,,0,,,,1,000031,wildcade,,,,Washington,MOMOC,29221,USFS,MOMTF,,USFS,Federal,,,,,,,,USFS,MOMTF,US-MO,Timber,TL9,,,,2025-MOMTF-000031,{7C9213B0-FC20-4DB6-8610-CE4F5878C270},,,,,1/29/2025 6:15:09 PM,2/5/2025 4:30:11 PM,FODR,,,,{8417F2D5-7DF9-429A-83CB-6DD23552352A},3dbe80c3-22dd-4346-89fd-b31d777f474b,1.11305498649017E-05,0.0169349955260624,
37347,27200,Double B,Wildfire Final Fire Perimeter,Mixed Methods,99.05,No,Public,Approved,Yes,3/6/2025 9:53:47 PM,3/6/2025 9:53:47 PM,3/6/2025 9:53:47 PM,{AA9A8ADF-054D-4C7F-B603-CEFBDB7F434D},{0F258A84-2F0D-4964-8C72-703552E4C4D7},99.1140815707565,,FFP,5499776,,CERTIFIED,99.11,,1/29/2025 8:55:00 PM,iffrs,99.05,,WIWISC,,,,,3/6/2025 9:53:40 PM,,,,,,,,SE46,,1/29/2025 6:05:00 PM,,,,,,,,,EACC,,,,,,Double B,,WF,FI,43.33047,-88.91237,,1/29/2025 6:24:00 PM,,1,,,,0,,,,1,FIRE123064,iffrs,,,,Dodge,WIWIC,55027,,,,Private,Private,,,,,,,,DNR,WIWIS,US-WI,,,,,,2025-WIWIS-FIRE123064,{0F258A84-2F0D-4964-8C72-703552E4C4D7},,,,,1/29/2025 10:43:35 PM,2/25/2025 1:20:14 AM,FODR,,,,{76DEB821-44D1-445D-9A91-5AE9FDB9E830},3ca99fea-a85f-460a-820a-36f5ec68ad88,4.45108323674503E-05,0.0478128996926562,
37061,2009,Gravity,Wildfire Daily Fire Perimeter,Mixed Methods,8.02,No,Public,Approved,Yes,2/19/2025 1:51:17 PM,2/19/2025 2:52:36 PM,2/17/2025 6:29:45 PM,{E0726BDC-48AB-44C7-AE03-1EA103F03DB8},,8.03040506624889,{2575CF36-FB2C-48C2-9074-F018BC091BB8},2025 NIFS,33052248,,DEFAULT,,,1/29/2025 8:05:00 PM,iffrs,8.02,0.01,WIWISC,,8.02,,,,,,,,Human,Other causes,Structure,SE4Q,,1/29/2025 6:32:00 PM,,1/31/2025 10:01:00 PM,,,,,,,EACC,,,,,,Gravity,,WF,FI,43.54427,-90.43559,0.01,1/29/2025 7:26:00 PM,{E0726BDC-48AB-44C7-AE03-1EA103F03DB8},,0,,,0,,,,1,FIRE123058,iffrs,,,,Richland,WIWIC,55103,,,,Private,Private,,,,,,,EA05,DNR,WIWIS,US-WI,,,Short Grass (1 foot),,,2025-WIWIS-FIRE123058,,No Decision,,,,1/29/2025 7:01:45 PM,2/17/2025 6:29:29 PM,IRWIN,0,,,{54A13E25-AB9F-4A6D-9BF2-031145E8E1AD},df31cdc6-31b0-4a03-be03-b968a331f6c5,3.61937895831943E-06,0.0107189690403129,
37090,1187,Ostrander,Wildfire Daily Fire Perimeter,Mixed Methods,0.49,No,Public,Approved,Yes,1/29/2025 9:11:50 PM,2/19/2025 6:27:53 PM,2/19/2025 6:09:47 PM,{B370786D-072B-4828-8E19-CA8CA61FBF16},,0.494144737706527,{FDD844FB-C8AD-4D42-8FD1-3CCED3591163},2025 NIFS,33052283,,DEFAULT,,,1/29/2025 9:47:00 PM,iffrs,0.49,0.01,WIWISC,,0.49,,,,,,,,Human,Other causes,Structure,SE40,,1/29/2025 8:50:00 PM,,1/29/2025 10:20:00 PM,,,,,,,EACC,,,,,,Ostrander,,WF,FI,44.40046,-88.8559,0.01,1/29/2025 9:35:00 PM,{B370786D-072B-4828-8E19-CA8CA61FBF16},,0,,,0,,,,1,FIRE123062,iffrs,,,,Waupaca,WIWIC,55135,,,,Private,Private,,,,,,,EA05,DNR,WIWIS,US-WI,,,Short Grass (1 foot),,,2025-WIWIS-FIRE123062,,No Decision,,,,1/29/2025 9:11:35 PM,2/24/2025 9:28:48 PM,IRWIN,0,,,{587553C3-7A17-4570-9976-458193626AC3},8c1058ad-86b2-4b7a-bca0-0435d72d3637,2.25899384531658E-07,0.00266619748813911,
37331,27178,North Fork,Wildfire Final Fire Perimeter,Mixed Methods,643.7943,No,Public,Approved,Yes,3/6/2025 1:53:08 PM,3/6/2025 1:53:08 PM,3/6/2025 1:53:08 PM,{F63ADC5A-5722-4631-8BB4-26DF340FD22A},{096D8E4E-01FF-45BE-993B-30AED57ECA93},643.791997390363,,FFP,5463820,,CERTIFIED,643.8,2/9/2025 8:15:00 PM,2/16/2025 5:00:00 PM,wildcade,644,,NCNCC,,,,,3/6/2025 1:53:02 PM,,,,,,,,SE48,,1/29/2025 9:05:53 PM,,2/18/2025 6:50:00 PM,,,,,P8,0811,SACC,,,,,,NORTH FORK,,WF,FI,35.806845,-81.98792,,1/29/2025 9:15:00 PM,,,,1,,0,,,,1,250021,wildcade,,,Marion,McDowell,NCNCC,37111,USFS,NCNCF,,USFS,Federal,,,,,,,,USFS,NCNCF,US-NC,Timber,TL9,,,,2025-NCNCF-250021,{096D8E4E-01FF-45BE-993B-30AED57ECA93},,,,,1/30/2025 12:19:35 AM,2/18/2025 6:59:19 PM,FODR,,,,{CC811B78-08DC-4E22-B825-F6D24CF09436},e6c5ce7b-9c5b-4675-a281-947cb1462448,0.000259681422903668,0.0969572834900081,
37114,27127,Audrain,Wildfire Final Fire Perimeter,Auto-generated for InFORM,8,No,Public,Approved,Yes,2/25/2025 6:41:58 PM,2/25/2025 6:41:58 PM,2/25/2025 6:41:58 PM,{059D6739-C687-49CA-96F8-F2547D0422AD},{E685EAD2-3C5F-413E-84BA-052E0A352A70},14.7633124981819,,FFP,5483364,,CERTIFIED,14.77,1/29/2025 11:01:00 PM,2/16/2025 5:55:00 PM,wildcade,8,,MOMOC,,,,,2/25/2025 6:41:51 PM,,,,,Human,,,SE47,,1/29/2025 10:09:21 PM,,2/16/2025 6:00:00 PM,,,,,P9,0905,EACC,,,,,,Audrain,,WF,FI,37.528404,-92.291594,,,{059D6739-C687-49CA-96F8-F2547D0422AD},0,0,1,,0,,0,,1,000034,wildcade,,,,Laclede,MOMOC,29105,,,,Private,Private,,,,,,,EA13,USFS,MOMTF,US-MO,,,,,,2025-MOMTF-000034,{E685EAD2-3C5F-413E-84BA-052E0A352A70},No Decision,,,,1/29/2025 11:05:57 PM,2/16/2025 6:10:04 PM,FODR,0,,,{6C79BEC7-32C0-4FC4-9B6E-CADE0C26A572},4905af48-02db-4640-b678-91182eff04fe,6.08923096478975E-06,0.0122324627045162,
37080,2041,Pleasant,Wildfire Daily Fire Perimeter,Mixed Methods,0.05,No,Public,Approved,Yes,2/19/2025 3:07:56 PM,2/19/2025 6:41:50 PM,2/14/2025 3:51:04 PM,{5543E479-0F95-4FB0-9682-783641559221},,0.0541567629096037,{D3FE6918-6C0B-4012-AB04-20E1A0A24003},2025 NIFS,33052407,,DEFAULT,,,1/30/2025 5:03:00 PM,iffrs,0.05,0.01,WIWISC,,0.05,,,,,,,,Human,Debris and open burning,Hand pile/slash,SE5C,,1/30/2025 1:00:00 PM,,1/30/2025 5:46:00 PM,,,,,,,EACC,,,,,,Pleasant,,WF,FI,43.10366,-89.79557,0.01,1/30/2025 5:03:00 PM,{5543E479-0F95-4FB0-9682-783641559221},,0,,,0,,,,1,FIRE123066,iffrs,,,,Dane,WIWIC,55025,,,,Private,Private,,,,,,,EA05,DNR,WIWIS,US-WI,,,Short Grass (1 foot),,,2025-WIWIS-FIRE123066,,No Decision,,,,1/30/2025 4:58:41 PM,2/19/2025 3:33:06 PM,IRWIN,0,,,{EFC84466-6416-4E0F-BAD7-E5176DD4726A},5fa62f82-bf58-42ba-b7ee-cb48162fdbe9,2.42346231971169E-08,0.000607813543752199,
37107,1233,Zabel,Wildfire Daily Fire Perimeter,Mixed Methods,1.1,No,Public,Approved,Yes,1/30/2025 4:50:43 PM,2/20/2025 8:48:46 PM,2/20/2025 5:30:45 PM,{86DE8C70-2ABF-48BB-9A33-E2889B3B5D9B},,1.09652439003166,{8854AD7E-C19A-48AE-868A-3FB335E53F10},2025 NIFS,33052403,,DEFAULT,,,1/30/2025 5:36:00 PM,iffrs,1.1,0.01,WIWISC,,1.1,,,,,,,,Human,Debris and open burning,Escaped Prescribed Burn,SE5B,,1/30/2025 4:30:00 PM,,1/31/2025 5:00:00 PM,,,,,,,EACC,,,,,,Zabel,,WF,FI,44.2526,-88.98853,0.01,1/30/2025 4:57:00 PM,{86DE8C70-2ABF-48BB-9A33-E2889B3B5D9B},,0,,,0,,,,1,FIRE123065,iffrs,,,,Waupaca,WIWIC,55135,,,,Private,Private,,,,,,,EA05,DNR,WIWIS,US-WI,,,Tall Grass (2.5 feet),,,2025-WIWIS-FIRE123065,,No Decision,,,,1/30/2025 4:50:13 PM,2/24/2025 9:32:46 PM,IRWIN,0,,,{70C27378-BF85-4BA8-AFE8-7C6271EB7748},41b4db15-f785-41fb-8bf1-b0ce3e1e6e80,5.00008127346518E-07,0.00366430460464704,
36844,2005,Morris Valley,Wildfire Daily Fire Perimeter,Mixed Methods,2.47,No,Public,Approved,Yes,2/19/2025 1:51:17 PM,2/19/2025 2:45:10 PM,2/4/2025 2:05:28 PM,{7880F86E-AF58-4789-A1D8-7AABFD43E212},,2.47040674852159,{D081EA67-86C5-4442-8A25-101A0EA83B68},2025 NIFS,33052420,,DEFAULT,,,1/30/2025 7:58:00 PM,iffrs,2.47,0.01,WIWISC,,2.47,,,,,,,,Human,Misuse of fire by a minor,Lighter/matches,SE5F,,1/30/2025 6:15:00 PM,,1/31/2025 2:00:00 PM,,,,,,,EACC,,,,,,Morris Valley,,WF,FI,43.35892,-90.37261,0.01,1/30/2025 6:46:00 PM,{7880F86E-AF58-4789-A1D8-7AABFD43E212},,0,,,0,,,,1,FIRE123069,iffrs,,,,Richland,WIWIC,55103,,,,Private,Private,,,,,,,EA05,DNR,WIWIS,US-WI,,,Short Grass (1 foot),,,2025-WIWIS-FIRE123069,,No Decision,,,,1/30/2025 6:25:21 PM,2/5/2025 1:27:50 AM,IRWIN,0,,,{F374ED24-4FA8-43C4-B054-3FC48C622875},a15276ed-4615-4cfd-bd29-4091d2a48041,1.11006670522329E-06,0.00487459585307636,
37058,2006,Greenwing,Wildfire Daily Fire Perimeter,Mixed Methods,7.1,No,Public,Approved,Yes,2/19/2025 1:51:17 PM,2/19/2025 2:48:07 PM,2/17/2025 8:26:13 PM,{2D11D98F-D98D-4FF7-BB4B-75F74F5A005F},,7.1065046153889,{D52C27C2-0C4E-4568-B546-BDF6915A79F7},2025 NIFS,33052423,,DEFAULT,,,1/30/2025 7:26:00 PM,iffrs,7.1,0.01,WIWISC,,7.1,,,,,,,,Human,Debris and open burning,Open trash burning,SE5H,,1/30/2025 6:45:00 PM,,1/30/2025 7:57:00 PM,,,,,,,EACC,,,,,,Greenwing,,WF,FI,43.11888,-90.79699,0.01,1/30/2025 7:09:00 PM,{2D11D98F-D98D-4FF7-BB4B-75F74F5A005F},,0,,,0,,,,1,FIRE123071,iffrs,,,,Crawford,WIWIC,55023,,,,Private,Private,,,,,,,EA05,DNR,WIWIS,US-WI,,,Short Grass (1 foot),,,2025-WIWIS-FIRE123071,,No Decision,,,,1/30/2025 6:52:27 PM,2/17/2025 8:25:48 PM,IRWIN,0,,,{D120F1FE-CE8E-4986-9F7B-62F0B3EB609C},1c0507a9-10c8-4c71-a12e-e1cd04b81a17,3.18093270834652E-06,0.0118601728917249,
37074,2035,Shore,Wildfire Daily Fire Perimeter,Mixed Methods,0.2,No,Public,Approved,Yes,2/19/2025 3:07:56 PM,2/19/2025 3:10:50 PM,2/7/2025 5:51:04 PM,{5A3F11B3-71B9-4F4A-8B2E-D99CD38E63C9},,0.196929808183777,{F25004DE-184C-4D2F-8DC4-165F8CB9D871},2025 NIFS,33052424,,DEFAULT,,,1/30/2025 7:13:00 PM,iffrs,0.2,0.01,WIWISC,,0.2,,,,,,,,Human,Debris and open burning,Yard debris,SE5J,,1/30/2025 6:45:00 PM,,1/30/2025 7:40:00 PM,,,,,,,EACC,,,,,,Shore,,WF,FI,45.06292,-87.61995,0.01,1/30/2025 7:06:00 PM,{5A3F11B3-71B9-4F4A-8B2E-D99CD38E63C9},,0,,,0,,,,1,FIRE123072,iffrs,,,,Marinette,WIWIC,55075,,,,Private,Private,,,,,,,EA06,DNR,WIWIS,US-WI,,,Short Grass (1 foot),,,2025-WIWIS-FIRE123072,,No Decision,,,,1/30/2025 6:59:47 PM,2/7/2025 5:50:41 PM,IRWIN,0,,,{346283B2-B628-4494-85CF-F8C7E7F139D9},2c52277f-2179-410f-8329-2688bf9b0345,9.10499693418387E-08,0.00154826468477613,
37065,2014,Crystal Lake,Wildfire Daily Fire Perimeter,Mixed Methods,5.78,No,Public,Approved,Yes,2/19/2025 1:51:17 PM,2/20/2025 8:46:43 PM,1/31/2025 6:45:07 PM,{5F2E78FB-066E-4AC6-A17E-4A7EFE403390},,5.78866959075975,{EA9F24DC-BED9-49A0-AD3A-3AE38134FEC4},2025 NIFS,33052426,,DEFAULT,,,1/30/2025 8:12:00 PM,iffrs,5.78,0.01,WIWISC,,5.78,,,,,,,,Human,Debris and open burning,Open trash burning,SE5K,,1/30/2025 7:00:00 PM,,1/30/2025 8:30:00 PM,,,,,,,EACC,,,,,,Crystal Lake,,WF,FI,44.25859,-89.12595,0.01,1/30/2025 7:16:00 PM,{5F2E78FB-066E-4AC6-A17E-4A7EFE403390},,0,,,0,,,,1,FIRE123073,iffrs,,,,Waupaca,WIWIC,55135,,,,Private,Private,,,,,,,EA05,DNR,WIWIS,US-WI,,,Tall Grass (2.5 feet),,,2025-WIWIS-FIRE123073,,No Decision,,,,1/30/2025 7:06:32 PM,2/25/2025 6:45:10 PM,IRWIN,0,,,{35D0AD2F-1A82-48BD-B3FF-E91D79CF0E27},65630b86-6660-47db-bd2e-e68eb3167435,2.64000641436724E-06,0.00812740848926632,
37040,2031,More Corn,Wildfire Daily Fire Perimeter,Mixed Methods,7.36,No,Public,Approved,Yes,2/19/2025 1:51:17 PM,2/19/2025 2:06:40 PM,2/10/2025 10:11:01 PM,{B42E0E2B-94EF-4733-AB4B-34B176DB6295},,7.36052469913458,{489D3E0E-4526-456A-9ACC-151DE5DEA61A},2025 NIFS,33052432,,DEFAULT,,,1/30/2025 8:58:00 PM,iffrs,7.36,1,WIWISC,,7.36,,,,,,,,Human,Other causes,Structure,SE5M,,1/30/2025 7:30:00 PM,,1/31/2025 6:34:00 PM,,,,,,,EACC,,,,,,Highway 22,,WF,FI,44.88673,-88.10558,1,1/30/2025 7:57:00 PM,{B42E0E2B-94EF-4733-AB4B-34B176DB6295},,0,,,0,,,,1,FIRE123075,iffrs,,,,Oconto,WIWIC,55083,,,,Private,Private,,,,,,,EA06,DNR,WIWIS,US-WI,,,Short Grass (1 foot),,,2025-WIWIS-FIRE123075,,No Decision,,,,1/30/2025 7:50:53 PM,2/26/2025 7:13:24 PM,IRWIN,0,,,{935276B0-9DB6-477A-A325-A96B817640F7},7b21dbf1-a17c-4afb-9a0f-930b82585e3f,3.39310395247594E-06,0.0213183519073533,
36824,26962,Dairy,Wildfire Final Fire Perimeter,Auto-generated for InFORM,2.82,No,Public,Approved,Yes,1/31/2025 7:31:09 PM,1/31/2025 7:31:09 PM,1/31/2025 7:31:08 PM,{315EA4F6-C21B-4F01-B107-5F52B48C87CB},{18D7369D-5F64-4AF2-84F9-E04B4B663C7F},2.82433859621329,,FFP,5384999,,CERTIFIED,2.82,1/30/2025 8:10:00 PM,1/30/2025 10:30:00 PM,INFORM_Inspector,2.82,,WIWIC,,,,,1/31/2025 7:30:57 PM,,,,,,,,SE50,,1/30/2025 7:30:13 PM,,,,,,,,,EACC,,,,,,Dairy,,WF,FI,,,,,,,,0,,0,,,,1,900001,INFORM_Inspector,,,,Dodge,WIWIC,55027,,,,Private,Private,,,,,,,,DNR,WIWIS,US-WI,,,,,,2025-WIWIS-900001,{18D7369D-5F64-4AF2-84F9-E04B4B663C7F},,,,,1/31/2025 5:31:01 PM,1/31/2025 5:31:01 PM,FODR,,,,{60114E85-A6E7-486B-8392-B9A6365A2568},c94d510b-97d6-4237-8c88-cd971b2018f6,1.27399403027084E-06,0.00485891566810202,
37046,2030,Swampside,Wildfire Daily Fire Perimeter,Mixed Methods,1.07,No,Public,Approved,Yes,2/19/2025 1:51:17 PM,2/19/2025 2:13:40 PM,2/12/2025 8:45:02 PM,{A2562FC0-268B-4967-B3B7-C9CE9FE6BC78},,1.06931806147353,{48ED424A-A6D5-4A39-B259-2220FEA97861},2025 NIFS,33052450,,DEFAULT,,,1/30/2025 9:06:00 PM,iffrs,1.07,0.01,WIWISC,,1.07,,,,,,,,Human,Debris and open burning,Escaped Prescribed Burn,SE5R,,1/30/2025 8:20:00 PM,,1/30/2025 10:02:00 PM,,,,,,,EACC,,,,,,Swampside,,WF,FI,45.04552,-91.04508,0.01,1/30/2025 8:35:00 PM,{A2562FC0-268B-4967-B3B7-C9CE9FE6BC78},,0,,,0,,,,1,FIRE123078,iffrs,,,,Chippewa,WIWIC,55017,,,,Private,Private,,,,,,,EA04,DNR,WIWIS,US-WI,,,Tall Grass (2.5 feet),,,2025-WIWIS-FIRE123078,,No Decision,,,,1/30/2025 8:46:39 PM,2/12/2025 8:44:28 PM,IRWIN,0,,,{D21AC84C-365A-4FD3-8F9E-E31DC8BE5426},73b640b1-4ed8-451e-b997-78bef21a193a,4.94306277687429E-07,0.00316279020722096,
37044,2028,Bloom,Wildfire Daily Fire Perimeter,Mixed Methods,5.84,No,Public,Approved,Yes,2/19/2025 1:51:17 PM,2/19/2025 2:19:32 PM,2/10/2025 4:30:54 PM,{15E03041-CEDA-4B05-8629-45332F7BFDA6},,5.72675427335165,{BF2137F0-2127-4575-B84B-468E7C0915B6},2025 NIFS,33052447,,DEFAULT,,,1/30/2025 9:43:00 PM,iffrs,5.84,1,WIWISC,,5.84,,,,,,,,Human,Other causes,Structure,SE5P,,1/30/2025 8:25:00 PM,,1/30/2025 11:00:00 PM,,,,,,,EACC,,,,,,Bloom,,WF,FI,44.96382,-88.42152,1,1/30/2025 8:52:00 PM,{15E03041-CEDA-4B05-8629-45332F7BFDA6},,0,,,0,,,,1,FIRE123077,iffrs,,,,Oconto,WIWIC,55083,,,,Private,Private,,,,,,,EA05,DNR,WIWIS,US-WI,,,Short Grass (1 foot),,,2025-WIWIS-FIRE123077,,No Decision,,,,1/30/2025 8:42:36 PM,2/27/2025 5:32:25 PM,IRWIN,0,,,{2EB4AB54-428C-4E60-AB4C-22FF9FEFC738},41849513-8bfe-483f-9b29-60704aaa8538,2.64220125245629E-06,0.00829984602968071,
37054,2019,9 Hole,Wildfire Daily Fire Perimeter,Mixed Methods,1,No,Public,Approved,Yes,2/19/2025 1:51:17 PM,2/19/2025 2:37:22 PM,2/13/2025 8:43:37 PM,{5066A0E9-B2D2-451B-87FF-9F640A6F64D2},,1.00278061539624,{DF28B676-3A74-46F8-B274-92D4C5F44EF0},2025 NIFS,33052451,,DEFAULT,,,1/30/2025 9:20:00 PM,iffrs,1,0.01,WIWISC,,1,,,,,,,,Human,Debris and open burning,Hand pile/slash,SE5S,,1/30/2025 8:50:00 PM,,1/31/2025 2:30:00 PM,,,,,,,EACC,,,,,,9 Hole,,WF,FI,43.33092,-90.40503,0.01,1/30/2025 9:04:00 PM,{5066A0E9-B2D2-451B-87FF-9F640A6F64D2},,0,,,0,,,,1,FIRE123079,iffrs,,,,Richland,WIWIC,55103,,,,Private,Private,,,,,,,EA05,DNR,WIWIS,US-WI,,,Short Grass (1 foot),,,2025-WIWIS-FIRE123079,,No Decision,,,,1/30/2025 8:54:57 PM,2/13/2025 8:43:14 PM,IRWIN,0,,,{032CA691-E234-473E-B415-5502AA710BAC},4297da07-ce70-4166-8f45-164f5e2c1495,4.50348807135015E-07,0.00394767955474186,
37048,2027,Brick,Wildfire Daily Fire Perimeter,Mixed Methods,0.12,No,Public,Approved,Yes,2/19/2025 1:51:17 PM,2/19/2025 2:24:06 PM,2/19/2025 1:49:18 PM,{6AD1F528-E58D-43D4-8259-BFC287146988},,0.119107535861138,{6F33C51A-5E09-4660-A36B-94CA552565A0},2025 NIFS,33052616,,DEFAULT,,,1/30/2025 11:30:00 PM,iffrs,0.12,0.12,WIWISC,,0.12,,,,,,,,Human,Debris and open burning,Burn Barrel,SE56,,1/30/2025 11:00:00 PM,,1/31/2025 3:07:00 PM,,,,,,,EACC,,,,,,Brick,,WF,FI,44.83134,-88.16742,0.12,1/30/2025 11:24:00 PM,{6AD1F528-E58D-43D4-8259-BFC287146988},,0,,,0,,,,1,FIRE123086,iffrs,,,,Oconto,WIWIC,55083,,,,Private,Private,,,,,,,EA06,DNR,WIWIS,US-WI,,,Short Grass (1 foot),,,2025-WIWIS-FIRE123086,,No Decision,,,,1/31/2025 8:00:51 PM,2/26/2025 7:30:13 PM,IRWIN,0,,,{8CC43FA4-8975-4902-AA55-9ABC8D8C15E3},2c0ade6d-43f4-47b1-8f74-52427fbb1992,5.48507159692235E-08,0.00165679709532436,
36847,1409,Elm Creek Fire,Wildfire Daily Fire Perimeter,Auto-generated for InFORM,12,No,Public,Approved,Yes,2/3/2025 7:42:04 PM,2/4/2025 2:07:14 PM,2/3/2025 7:42:04 PM,{B2C8CE53-B788-4A3A-9661-A3EBF44C5723},,12.0349644523763,{D48E21B9-0C68-48CF-99B1-20AF7786FD8A},2025 NIFS,33052952,,DEFAULT,,1/31/2025 8:47:00 PM,1/31/2025 8:47:00 PM,wildcade,12,12,MNMNCC,,,,,,,,,,Human,,,,,1/31/2025 6:09:00 PM,,2/4/2025 2:00:00 PM,,,,,,,EACC,,,,,,Elm Creek,,WF,FI,45.17451,-93.39853,,,{B2C8CE53-B788-4A3A-9661-A3EBF44C5723},,0,1,,0,,,,1,000079,wildcade,,,,Hennepin,MNMNCC,27053,,,,OthLoc,Other,,,,,,,EA03,DNR,MN3SS,US-MN,,,,,,2025-MN3SS-000079,,No Decision,,,,2/3/2025 7:41:43 PM,2/5/2025 3:37:19 PM,IRWIN,0,,,{19EF6D4F-55D2-48A0-9FFC-0D239BF19A18},598bdd52-7912-4289-894f-79d86b2d48bf,5.57494422537275E-06,0.0107804785230962,
37031,1941, Highway W Fire,Wildfire Daily Fire Perimeter,Mixed Methods,7.4,No,Public,Approved,Yes,2/17/2025 2:09:08 PM,2/17/2025 3:38:39 PM,1/31/2025 6:00:00 AM,{0E20AE21-CCAB-4248-97CE-20B11BB81D90},,7.40084189046584,{5D7932A0-E9D5-4C9A-8E6C-10433C7163C9},2025 NIFS,33052607,,DEFAULT,,,1/31/2025 8:17:00 PM,iffrs,7.4,0.01,WIWISC,,7.4,,,,,,,,Human,Other causes,Other (remarks required),SE54,,1/31/2025 7:03:00 PM,,2/1/2025 4:00:00 PM,,,,,,,EACC,,,,,,Highway W Fire,,WF,FI,44.3093,-89.49666,0.01,1/31/2025 7:20:00 PM,{0E20AE21-CCAB-4248-97CE-20B11BB81D90},,0,,,0,,,,1,FIRE123084,iffrs,,,,Portage,WIWIC,55097,,,,Private,Private,,,,,,,EA05,DNR,WIWIS,US-WI,,,Short Grass (1 foot),,,2025-WIWIS-FIRE123084,,No Decision,,,,1/31/2025 7:13:23 PM,2/21/2025 8:47:53 PM,IRWIN,0,,,{46E05D41-B634-4943-934A-E7910C636D6A},cb61ba5e-81ea-4a6e-81f4-7f7f53962d1e,3.37799360750068E-06,0.00966745157980916,
37106,1327,Kelley Dr,Wildfire Daily Fire Perimeter,Mixed Methods,0.88,No,Public,Approved,Yes,1/31/2025 8:01:08 PM,2/20/2025 8:24:14 PM,2/20/2025 7:14:19 PM,{6935A411-5580-4B5E-A5B7-7FC68153854B},,0.882931804308633,{EFBC1E4E-E55F-4646-8C85-4B471CDD5F56},2025 NIFS,33052615,,DEFAULT,,,1/31/2025 8:26:00 PM,iffrs,0.88,0.01,WIWISC,,0.88,,,,,,,,Human,Debris and open burning,Open trash burning,SE55,,1/31/2025 7:50:00 PM,,1/31/2025 9:24:00 PM,,,,,,,EACC,,,,,,Kelley Dr,,WF,FI,43.61139,-89.97995,0.01,1/31/2025 8:03:00 PM,{6935A411-5580-4B5E-A5B7-7FC68153854B},,0,,,0,,,,1,FIRE123085,iffrs,,,,Sauk,WIWIC,55111,,,,Private,Private,,,,,,,EA05,DNR,WIWIS,US-WI,,,Tall Grass (2.5 feet),,,2025-WIWIS-FIRE123085,,No Decision,,,,1/31/2025 8:00:47 PM,2/26/2025 3:43:35 AM,IRWIN,0,,,{725169FD-9217-41FA-8390-2FFF015573FB},483b3895-93af-4897-938f-0c0ea0592cdf,3.98366410081508E-07,0.00308527150424236,
36839,1380,Costello,Wildfire Daily Fire Perimeter,Hand Sketch,11.88,No,Public,Approved,Yes,2/2/2025 11:55:55 PM,2/2/2025 11:55:55 PM,2/2/2025 11:55:54 PM,{C6D99A8E-F662-4002-835E-D05D3A6270BE},,11.8815947707561,{E9D895AF-AB60-45CC-9023-52647E390A76},2025 NIFS,33052836,,DEFAULT,11.88,,,INFORM_Inspector,12,14,SDGPC,,,,,,,,,,Human,Debris and open burning,Machine pile/slash,SE6S,,1/31/2025 8:30:06 PM,,2/3/2025 6:00:00 PM,,,,,,,RMCC,,,,,,Costello,,WF,FI,,,,1/31/2025 10:15:00 PM,{C6D99A8E-F662-4002-835E-D05D3A6270BE},,0,0,,0,,,,1,SD-MDR,INFORM_Inspector,,,,Minnehaha,SDGPC,46099,FWS,SDMDR,,USFWS,Federal,,,,,,,RM23,FWS,SDMDR,US-SD,Grass,GR2,,,,2025-SDMDR-SD-MDR,,No Decision,,,,2/2/2025 11:41:23 PM,2/3/2025 4:59:40 PM,IRWIN,0,,,{42F51754-FD43-4BF9-A3DA-94F588FF0869},0f840878-9df2-459a-9c0b-b70c6e61514c,5.35691515324288E-06,0.01501296608258,
36853,1335,Fish Bone,Wildfire Daily Fire Perimeter,Auto-generated for InFORM,40,No,Public,Approved,Yes,1/31/2025 10:11:29 PM,2/4/2025 8:25:40 PM,2/1/2025 5:40:55 PM,{F1C3AFFC-29E3-454E-9C90-A820870D8BB5},,40.1504633305497,{CA0CF280-A58E-47E1-B122-E05E2D4AC9E0},2025 NIFS,33052633,,DEFAULT,,2/5/2025 11:00:00 PM,2/5/2025 11:00:00 PM,wildcade,40,30,FLFIC,,,,,,,,,,Human,,,SE6A,,1/31/2025 8:52:00 PM,,2/7/2025 10:00:00 PM,,,,,PR,1523,SACC,,,,,,Fish Bone,,WF,FI,29.43,-83.198,,,{F1C3AFFC-29E3-454E-9C90-A820870D8BB5},,0,1,,0,,,,1,000279,INFORM_Inspector,,,,Dixie,FLFIC,12029,FWS,FLLSR,,USFWS,Federal,,,,,,,SA49,FWS,FLLSR,US-FL,,,,,,2025-FLLSR-000279,,No Decision,,,,1/31/2025 10:11:17 PM,2/10/2025 3:50:02 PM,IRWIN,0,,,{BB22676D-46CC-4E1D-9B8E-E49A91F223EC},62574423-8be4-431e-bb8e-55aa0adfbdd7,1.5107122635527E-05,0.0271242656224414,
37117,2124,SABANA BATEA 20250201,Wildfire Daily Fire Perimeter,Hand Sketch,5.08,No,Public,Approved,Yes,2/21/2025 11:38:58 PM,2/21/2025 11:38:58 PM,2/21/2025 11:38:57 PM,{5294C85C-3AE7-476C-AABA-0DBD2AC18149},,5.08237368616757,{CD510AD1-5817-4638-970A-7A9C5616E9A3},2025 NIFS,33055628,,DEFAULT,,,,IROC,,,CAMNFC,,,,,,,,,,,,,,,1/31/2025 10:00:00 PM,,,,,,,,,ONCC,,,,,,SABANA BATEA 20250201,,WF,FI,,,,,{5294C85C-3AE7-476C-AABA-0DBD2AC18149},,0,,,0,,,,1,000125,IROC,,,,Guam,CAMNFC,66010,,,,DOD,Federal,,,,,,,None,FWS,GUGUR,US-GU,,,,,,2025-GUGUR-000125,,No Decision,,,,2/20/2025 2:51:04 PM,2/20/2025 2:51:04 PM,IRWIN,0,,,{6A74A779-66C1-4260-AB6B-1D55EED233BD},e77ea363-75c9-4a47-ac71-4fad30775077,1.71640988355648E-06,0.00766786742696876,
37077,2038,Big Spice,Wildfire Daily Fire Perimeter,Mixed Methods,0.79,No,Public,Approved,Yes,2/19/2025 3:07:56 PM,2/19/2025 3:14:23 PM,2/7/2025 5:53:43 PM,{EF404816-7591-4266-9F72-785D13A1A2B7},,0.793133881416091,{4B314C37-0ED5-49B6-A4F2-315F3AC06829},2025 NIFS,33052635,,DEFAULT,,,1/31/2025 10:39:00 PM,iffrs,0.79,0.01,WIWISC,,0.79,,,,,,,,Human,Debris and open burning,Open trash burning,SE6B,,1/31/2025 10:10:00 PM,,1/31/2025 11:03:00 PM,,,,,,,EACC,,,,,,Big Spice,,WF,FI,45.21778,-88.07556,0.01,1/31/2025 10:31:00 PM,{EF404816-7591-4266-9F72-785D13A1A2B7},,0,,,0,,,,1,FIRE123088,iffrs,,,,Marinette,WIWIC,55075,,,,Private,Private,,,,,,,EA04,DNR,WIWIS,US-WI,,,Tall Grass (2.5 feet),,,2025-WIWIS-FIRE123088,,No Decision,,,,1/31/2025 10:20:31 PM,2/7/2025 5:53:32 PM,IRWIN,0,,,{72D72423-CBB2-4F71-A0B5-11A6F14F5ACD},f7f8db10-874c-452f-9bee-688c909ebc64,3.67681877833093E-07,0.0027554300794528,
37119,2126,FENA VALLEY 20250201,Wildfire Daily Fire Perimeter,Hand Sketch,6.3,No,Public,Approved,Yes,2/22/2025 12:11:43 AM,2/22/2025 12:11:43 AM,2/4/2025 1:00:00 AM,{4E4F3A6F-48B7-463D-974A-431D59B6672D},,6.29833909939995,{F4E4C63E-3829-496D-A1E1-8D5D1F5B6184},2025 NIFS,33055557,,DEFAULT,,,,IROC,,,CAMNFC,,,,,,,,,,,,,,,2/1/2025 6:00:00 AM,,,,,,,,,ONCC,,,,,,FENA VALLEY 20250201,,WF,FI,,,,,{4E4F3A6F-48B7-463D-974A-431D59B6672D},,0,,,0,,,,1,000126,IROC,,,,Guam,CAMNFC,66010,,,,DOD,Federal,,,,,,,None,FWS,GUGUR,US-GU,,,,,,2025-GUGUR-000126,,No Decision,,,,2/19/2025 6:35:28 PM,2/20/2025 12:04:38 AM,IRWIN,0,,,{1579FDAF-493F-4B75-82D5-45D2625C091A},4b0fec41-6082-4651-ab21-a1f06f4b3339,2.12668214771838E-06,0.0129850645768228,
36845,1349,Blue Hills,Wildfire Daily Fire Perimeter,Mixed Methods,3899.77389941544,No,Public,Approved,Yes,2/1/2025 8:42:02 PM,2/10/2025 8:54:37 PM,2/3/2025 1:28:30 AM,{44A955B6-41A4-44EE-9311-A8E954C429F0},,3899.75971035245,{56224DFC-7D9C-4519-BA91-32EFEB1F5611},2025 NIFS,33052713,,DEFAULT,,2/4/2025 11:44:30 PM,2/8/2025 11:05:53 PM,firesponse,3900,3900,TXTIC,0,,,,,Moderate,,Smoldering,,Human,Power generation/transmission/distribution,Electrical transmission/distribution systems,SE9J,,2/1/2025 7:11:41 PM,Type 5 Incident,,0,100,0,0,,,SACC,2/5/2025 7:01:31 PM,2/5/2025 2:00:00 PM,2/5/2025 6:30:00 PM,F,Type 5 IC,Blue Hills,about 22 miles south east of Dumas Texas.,WF,FI,35.70057,-101.65394,,,{44A955B6-41A4-44EE-9311-A8E954C429F0},,0,,,0,,,1,1,250333,firesponse,100,100,Dumas,Moore,TXTIC,48341,SFS,TXTXS,,NPS,Federal,,,,,,,SA01,SFS,TXTXS,US-TX,,,Tall Grass (2.5 feet),Brush (2 feet),1,2025-TXTXS-250333,,No Decision,,,,2/1/2025 8:41:39 PM,2/18/2025 3:02:15 PM,IRWIN,0,,,{26999F71-CD65-4BFE-A81F-4246FCF02BA9},61fc16b4-f9fa-4cd3-970c-6538e3109fa1,0.00157179511325012,0.29746317653894,Type 5 Incident
36880,1589,Viper 3,Wildfire Daily Fire Perimeter,Mixed Methods,239.11309274383,No,Public,Approved,Yes,2/7/2025 3:12:29 PM,2/7/2025 3:20:24 PM,2/2/2025 6:25:50 PM,{BBBE4228-B725-4A2F-8DF3-4B901CCB7E36},,239.113188162441,{E0E26B42-A7B7-4581-BF9F-31CB0EE59150},2025 NIFS,33052714,,DEFAULT,,2/2/2025 6:25:07 PM,,firesponse,236,236,TXTIC,,,,,,Active,,,,Human,Equipment and vehicle use,Passenger vehicle/motorized RV,,,2/1/2025 7:14:24 PM,Type 5 Incident,,,,,,,,SACC,,,,,,Viper 3,,WF,FI,32.27615,-99.00196,,,{BBBE4228-B725-4A2F-8DF3-4B901CCB7E36},,0,,,0,,,1,1,250334,firesponse,100,,,Eastland,TXTIC,48133,SFS,TXTXS,,Private,Private,,,,,,,SA10,SFS,TXTXS,US-TX,,,,,,2025-TXTXS-250334,,No Decision,,,,2/1/2025 8:43:50 PM,2/13/2025 2:33:40 PM,IRWIN,0,,,{2FC18D26-FA42-4AEE-AD3F-DDC8F068D006},76bf1d26-7501-491a-935d-213a831daa8c,9.26340446767426E-05,0.0616853904136518,Type 5 Incident
36838,1356,Muffler,Wildfire Daily Fire Perimeter,Auto-generated for InFORM,5,No,Public,Approved,Yes,2/1/2025 10:38:18 PM,2/2/2025 6:51:53 PM,2/1/2025 10:38:18 PM,{CB17E378-7211-4C64-BA8F-0D0A3B68D4C0},,10.1144161800414,{316E740C-1F86-4BAE-BD16-EE9929B1579D},2025 NIFS,38003601,,DEFAULT,10.11,2/1/2025 10:35:43 PM,,INFORM_Mobile,10.11,,SDGPC,,,,,,,,,,Human,Equipment and vehicle use,Other small engine equipment,SE6G,,2/1/2025 8:20:00 PM,,2/3/2025 11:33:00 PM,,,,,,,RMCC,,,,,,Muffler,,WF,FI,,,,2/1/2025 8:35:00 PM,{CB17E378-7211-4C64-BA8F-0D0A3B68D4C0},1,0,0,,0,,0,,1,000002,INFORM_Inspector,,,,Oglala Lakota,SDGPC,46102,BIA,SDPRA,,BIA,Federal,,,,,,,RM24,BIA,SDPRA,US-SD,Grass,GR2,,,,2025-SDPRA-000002,,No Decision,,,,2/1/2025 10:37:52 PM,3/8/2025 11:34:19 PM,IRWIN,0,,,{CB17E378-7211-4C64-BA8F-0D0A3B68D4C0},9e5faa36-265a-425c-a93c-fe80a708e683,4.55526242149062E-06,0.0117443772702621,
36955,1768,Brick and Tile,Wildfire Daily Fire Perimeter,Mixed Methods,7.44767544527599,No,Public,Approved,Yes,2/10/2025 8:00:10 PM,2/10/2025 8:06:28 PM,,{E74DF9AD-FD3C-4E6B-B709-E9471B614C90},,7.4476787176773,{E93635AD-4CE3-4A05-99B0-235A06526E36},2025 NIFS,33052726,,DEFAULT,,2/2/2025 12:50:14 AM,,firesponse,8,8,TXTIC,,,,,,,,,,Undetermined,,,,,2/1/2025 9:17:07 PM,Type 5 Incident,,,,,,,,SACC,,,,,,Brick and Tile,,WF,FI,27.73027851,-98.05545425,,,{E74DF9AD-FD3C-4E6B-B709-E9471B614C90},,0,,,0,,,0,1,250335,firesponse,100,,,Jim Wells,TXTIC,48249,SFS,TXTXS,,Private,Private,,,,,,,SA14,SFS,TXTXS,US-TX,,,,,,2025-TXTXS-250335,,No Decision,,,,2/1/2025 10:20:02 PM,2/4/2025 12:04:06 AM,IRWIN,0,,,{3EAD4982-2642-44E9-8EA4-CB9C22029C5A},c0d68bde-eb66-458e-b229-7ee246828c8f,2.758334403552E-06,0.0093296057212026,
37189,1359,Trabing ,Wildfire Daily Fire Perimeter,Mixed Methods,,No,Public,Approved,Yes,2/1/2025 11:14:42 PM,2/28/2025 4:15:10 PM,,{512C956D-8B11-4A5D-8AA5-D9BE3CECE060},,10.7494340360692,{4B9A0BCA-C9BE-4198-B39C-E4D0E715AEB3},2025 NIFS,33052737,,DEFAULT,,,,wildcade,10.7,0.1,WYCPC,,,,,,,,,,Undetermined,,,SE6H,,2/1/2025 10:27:04 PM,,,,,,,PN,1522,RMCC,,,,,,Trabing,,WF,FI,44.166472,-106.603956,,,{512C956D-8B11-4A5D-8AA5-D9BE3CECE060},,0,1,,0,,,,1,250012,wildcade,,,,Johnson,WYCPC,56019,,,,Private,Private,,,,,,,RM04,C&L,WYJOX,US-WY,,,,,,2025-WYJOX-250012,,No Decision,,,,2/1/2025 11:11:47 PM,2/7/2025 8:11:24 PM,IRWIN,0,,,{23AB07FE-5027-4BA1-9763-99DFF41326A8},89c8c6fb-b543-4abd-af88-b655c6b9acbe,4.89488138555316E-06,0.010569497128408,
37099,1403,PUMA,Wildfire Daily Fire Perimeter,Auto-generated for InFORM,0.1,No,Public,Approved,Yes,2/3/2025 5:58:33 PM,2/20/2025 4:04:54 PM,2/3/2025 5:58:32 PM,{F7FC7320-9021-4A20-8E0D-554D5957C4AD},,0.0129987067521638,{97E165F1-C7D1-461F-8F6D-C5CF09E5C653},2025 NIFS,33052745,,DEFAULT,,2/2/2025 12:30:00 AM,2/2/2025 12:30:00 AM,wildcade,0.1,0.1,CASBCC,,,,,,,,,,Undetermined,,,SE6J,,2/1/2025 11:39:03 PM,,,,,,,,,OSCC,,,,,,PUMA,,WF,FI,34.589218,-117.260783,,,{F7FC7320-9021-4A20-8E0D-554D5957C4AD},,0,1,0,0,0,0,,1,002021,firecode,,,,San Bernardino,CASBCC,06071,BLM,CACDD,,BLM,Federal,,,,,,,SC14,BLM,CACDD,US-CA,,,,,,2025-CACDD-002021,,No Decision,,,,2/2/2025 12:07:48 AM,2/3/2025 5:59:06 PM,IRWIN,0,,,{92174C79-7373-4CC3-8316-B9B7A4CDE4E4},faff4672-166f-4f7b-94d1-cdd5c5b07125,5.17070475325454E-09,0.000413919769429078,
36879,1588,Jax,Wildfire Daily Fire Perimeter,Mixed Methods,10.6625631735966,No,Public,Approved,Yes,2/7/2025 3:00:08 PM,2/7/2025 3:01:31 PM,2/2/2025 12:36:42 PM,{19F23940-DB47-4717-9927-50C5011EF1CC},,10.6625675292052,{1E26C8BD-30B3-4D36-BAD2-750B3B36D104},2025 NIFS,33052762,,DEFAULT,,2/2/2025 5:32:57 AM,,firesponse,5,5,TXTIC,,,,,,Minimal,,,,Undetermined,Undetermined (remarks required),Origin and/or cause not identified,,,2/2/2025 2:11:43 AM,Type 5 Incident,,,,,,,,SACC,,,,,,Jax,,WF,FI,31.79888889,-98.75666667,,,{19F23940-DB47-4717-9927-50C5011EF1CC},,0,,,0,,,1,1,250340,firesponse,100,,,Brown,TXTIC,48049,SFS,TXTXS,,Private,Private,,,,,,,SA10,SFS,TXTXS,US-TX,,,Tall Grass (2.5 feet),,,2025-TXTXS-250340,,No Decision,,,,2/2/2025 3:23:37 AM,2/13/2025 2:28:28 PM,IRWIN,0,,,{3DEF3CCC-4522-4C32-A6BA-6BFD8B2EEE3A},43789ad2-bc11-441b-bbc9-5014c823ab5a,4.10933557759563E-06,0.010989854660208,Type 5 Incident
36855,26990,Plate,Wildfire Final Fire Perimeter,GPS-Walked,0.25,No,Public,Approved,Yes,2/4/2025 9:51:54 PM,2/4/2025 9:51:54 PM,2/4/2025 9:51:54 PM,{A16BE5C7-A813-4324-8079-0B7488874BFB},{1D4B1220-1DEC-481F-91FD-BBA461D7B96E},0.249798787426511,,FFP,5401817,,CERTIFIED,0.25,2/3/2025 7:07:00 PM,2/3/2025 7:07:00 PM,wildcade,0.25,,AZPHC,,,,,2/4/2025 9:51:48 PM,,,,,,,,SE7Q,,2/2/2025 6:00:31 PM,,2/3/2025 7:07:00 PM,,,,,P3,0312,SWCC,,,,,,Plate,,WF,FI,33.288343,-111.262683,,2/3/2025 6:29:00 PM,,,,1,,0,,,,1,000145,wildcade,,,,Pinal,AZPHC,04021,USFS,AZTNF,,USFS,Federal,,,,,,,,USFS,AZTNF,US-AZ,Grass-Shrub,GS2,,,,2025-AZTNF-000145,{1D4B1220-1DEC-481F-91FD-BBA461D7B96E},,,,,2/4/2025 3:24:03 PM,2/4/2025 3:25:32 PM,FODR,,,,{C8E8FF7F-398E-4E85-8531-234B80EDB154},817b8190-7a14-4ecc-a0b9-d19b8ae73b5b,9.78504886006704E-08,0.00170674861969891,
36945,1749,Newton 0346,Wildfire Daily Fire Perimeter,GPS-Walked,5.01109247327986,No,Public,Approved,Yes,2/10/2025 6:51:13 PM,2/10/2025 7:21:52 PM,2/7/2025 1:57:55 PM,{1BA9B7B4-D33B-4EA8-BDC8-47EDEAE7D2BA},,5.01109467922086,{9FEC899D-3DCC-4A49-A591-9D79F42D2BF2},2025 NIFS,33052819,,DEFAULT,,2/2/2025 9:55:00 PM,2/2/2025 10:37:00 PM,firesponse,5,5,TXTIC,,,,,,Minimal,,,,Human,Debris and open burning,Open trash burning,,,2/2/2025 8:24:00 PM,Type 5 Incident,,,,,,,,SACC,,,,,,Newton 0346,,WF,FI,30.70591016,-93.72892846,,,{1BA9B7B4-D33B-4EA8-BDC8-47EDEAE7D2BA},,0,,,0,,,0,1,250346,firesponse,100,,,Newton,TXTIC,48351,SFS,TXTXS,,Private,Private,,,,,,,SA12,SFS,TXTXS,US-TX,,,Timber (Litter and Understory),,,2025-TXTXS-250346,,No Decision,,,,2/2/2025 9:34:54 PM,2/7/2025 1:57:44 PM,IRWIN,0,,,{1E3E682E-C4A4-4C88-A4BE-5272FB4D6E57},c634a02c-6f74-47a6-953a-1881ad04990e,1.9094791241514E-06,0.00732007232800903,
36946,1750,Milam 0347,Wildfire Daily Fire Perimeter,Mixed Methods,15.3088297106139,No,Public,Approved,Yes,2/10/2025 6:52:52 PM,2/10/2025 7:21:52 PM,2/3/2025 7:40:25 PM,{9100823A-D4EF-408E-8DB3-0C199C35A6E8},,15.3088361913383,{43A544E6-0234-4321-9451-E44424B0B4BB},2025 NIFS,33052824,,DEFAULT,,2/3/2025 7:39:59 PM,,firesponse,15,15,TXTIC,,,,,,Moderate,,,,Human,Debris and open burning,Machine pile/slash,,,2/2/2025 8:39:09 PM,Type 5 Incident,,,,,,,,SACC,,,,,,Milam 0347,,WF,FI,30.56065487,-97.14301854,,,{9100823A-D4EF-408E-8DB3-0C199C35A6E8},,0,,,0,,,1,1,250347,firesponse,100,,,Milam,TXTIC,48331,SFS,TXTXS,,Private,Private,,,,,,,SA11,SFS,TXTXS,US-TX,,,Tall Grass (2.5 feet),,,2025-TXTXS-250347,,No Decision,,,,2/2/2025 10:24:06 PM,2/24/2025 3:13:45 PM,IRWIN,0,,,{6388EE18-BEC3-4896-989D-D71D4FFCFD72},42e64a63-ab26-4165-91eb-156d9caea292,5.82503071200335E-06,0.013405699417189,Type 5 Incident
37134,1374,205,Wildfire Daily Fire Perimeter,Auto-generated for InFORM,0.1,No,Public,Approved,Yes,2/2/2025 10:11:09 PM,2/24/2025 8:06:41 PM,2/3/2025 8:44:15 PM,{1A71C546-0E0F-422D-A74F-19F1799E526D},,0.114759416312712,{6341B181-B1A8-4CF8-8029-278B9320646C},2025 NIFS,33052823,,DEFAULT,,2/3/2025 8:44:00 PM,2/3/2025 8:44:00 PM,wildcade,0.1,0.1,FLFIC,,,,,,,,,,Human,,,SE6R,,2/2/2025 9:47:37 PM,,2/3/2025 8:44:00 PM,,,,,PP,1532,SACC,,,,,,205,,WF,FI,25.623,-80.5247,,,{1A71C546-0E0F-422D-A74F-19F1799E526D},,0,1,,0,,,,1,000293,wildcade,,,,Miami-Dade,FLFLSC,12086,,,,Private,Private,,,,,,,SA50,NPS,FLEVP,US-FL,,,,,,2025-FLEVP-000293,,No Decision,,,,2/2/2025 10:10:53 PM,2/3/2025 8:44:21 PM,IRWIN,0,,,{B574C2BA-0974-44E2-B149-B5856DE47921},232cd294-4b06-4256-a4ad-eaa5d140d658,4.17412593378685E-08,0.000905787055672124,
36898,27032,Valley,Wildfire Final Fire Perimeter,Auto-generated for InFORM,2.5,No,Public,Approved,Yes,2/7/2025 6:39:12 PM,2/7/2025 6:39:12 PM,2/7/2025 6:39:12 PM,{C3E76AB1-078F-465B-8C3C-1BF77F7D542D},{C4E9BF4E-CC71-4D9F-B4E4-8E053006957E},2.40902532110106,,FFP,5401367,,CERTIFIED,2.41,,,INFORM_Inspector,2.5,,AZNAOC,,,,,2/7/2025 6:39:06 PM,,,,,,,,SE7G,,2/2/2025 10:21:17 PM,,2/3/2025 9:57:00 PM,,,,,,,SWCC,,,,,,Valley,,WF,FI,,,,2/2/2025 10:25:00 PM,,,,1,,0,,,,1,000014,INFORM_Inspector,,,,Apache,AZFDC,04001,BIA,AZNAA,,BIA,Federal,,,,,,,,BIA,AZNAA,US-AZ,Grass-Shrub,GS1,,,,2025-AZNAA-000014,{C4E9BF4E-CC71-4D9F-B4E4-8E053006957E},,,,,2/3/2025 9:58:07 PM,2/3/2025 9:58:07 PM,FODR,,,,{A7237D40-F2E9-4134-A6DF-69A68EC91CE7},160d6acb-1add-4d98-a918-adc2b1f91375,9.64970013228594E-07,0.00743031678480822,
36911,1440,RX Cedar Lake South Shore,Prescribed Fire,Mixed Methods,573,No,Public,Approved,Yes,2/3/2025 11:39:42 PM,2/7/2025 11:55:58 PM,2/3/2025 11:39:42 PM,{0D63FF1C-0A33-4CC1-92B2-8B9172CC0B75},,573.319593707617,{5DCC9E82-30E5-4052-9B7A-E802660CD813},2025 NIFS,33052912,,DEFAULT,,,,wildcade,581,,ARAOC,,,,,,,,,,Undetermined,,,,,2/3/2025 3:44:07 PM,,,,,,,,,SACC,,,,,,Rx Cedar Lake N Shore,,RX,FI,34.874167,-94.775,,,{0D63FF1C-0A33-4CC1-92B2-8B9172CC0B75},,0,,,0,,,,1,000157,wildcade,,,,Le Flore,ARAOC,40079,USFS,AROUF,,USFS,Federal,,,,,,,SA17A,USFS,AROUF,US-OK,,,,,,2025-AROUF-000157,,No Decision,,,,2/3/2025 3:46:41 PM,2/3/2025 11:39:04 PM,IRWIN,0,,,{D586999F-BFFF-44A7-887B-A3B219787516},20341938-31cd-409b-a0f0-0d19de1d2572,0.000228476792472065,0.103648747934289,
36883,1595,Patrick Creek,Wildfire Daily Fire Perimeter,Mixed Methods,136.761004543078,No,Public,Approved,Yes,2/7/2025 4:10:11 PM,2/7/2025 4:59:54 PM,2/6/2025 10:41:19 PM,{A2127795-B9F4-4F6E-AC25-DD6D81A20668},,136.761055329155,{57D55723-FA3C-468B-9C5D-7509CB82CB99},2025 NIFS,33052960,,DEFAULT,,2/4/2025 12:00:12 AM,,firesponse,150,150,TXTIC,,,,,,Moderate,,,,Human,Equipment and vehicle use,Hot work: welder/grinder/torch/cutter,,,2/3/2025 5:55:57 PM,Type 5 Incident,,,,,,,,SACC,,,,,,Patrick Creek,,WF,FI,34.2569,-101.04737,,,{A2127795-B9F4-4F6E-AC25-DD6D81A20668},,0,,,0,,,0,1,250365,firesponse,100,,,Floyd,TXTIC,48153,SFS,TXTXS,,Private,Private,,,,,,,SA04,SFS,TXTXS,US-TX,,,,,,2025-TXTXS-250365,,No Decision,,,,2/3/2025 8:04:27 PM,2/24/2025 3:14:22 PM,IRWIN,0,,,{AE1BF4A0-194B-4B22-990E-9C43C86BFE82},3948d3dc-49be-45d6-93b7-d05df1f7fbd2,5.41727965810423E-05,0.035785693342693,Type 5 Incident
36851,1437,VEG/ZL/71A,Wildfire Daily Fire Perimeter,GPS-Walked/Driven,0.01,No,Public,Approved,Yes,2/3/2025 11:24:37 PM,2/4/2025 5:36:41 PM,2/4/2025 1:30:04 AM,{2C1A59F9-C8C5-4646-8CDB-9EE9A1C576C2},,0.00496539871490511,{946A57A6-78A1-430E-A026-A38CA80ECD3D},2025 NIFS,33052973,,DEFAULT,,,,wildcade,0.01,0.01,CASBCC,,,,,,,,,,Undetermined,,,SFC5,,2/3/2025 9:05:00 PM,,,,,,,,,OSCC,,,,,,OGILBY,,WF,FI,32.8154,-114.838,,,{2C1A59F9-C8C5-4646-8CDB-9EE9A1C576C2},,0,1,,0,,1,,1,002228,firecode,,,,Imperial,CASBCC,06025,BLM,CACDD,,BLM,Federal,,,,,,,SC13,BLM,CACDD,US-CA,,,,,,2025-CACDD-002228,,No Decision,,,,2/3/2025 9:10:58 PM,2/10/2025 4:07:34 PM,IRWIN,0,,,{10EC1C20-4EB4-47D3-BFDE-0BC25CABFEEE},a6514ecb-ab51-46f3-a10c-29344be5e3e9,1.94040694623254E-09,0.000194193295653958,
37084,27110,RIO SAN JUAN,Wildfire Final Fire Perimeter,Auto-generated for InFORM,100,No,Public,Approved,Yes,2/19/2025 3:10:20 PM,2/19/2025 3:10:20 PM,2/19/2025 3:10:20 PM,{A61FED2A-44CC-4A5C-A0E7-390481BEF960},{C72EAAB1-5114-412B-8E81-489B5FDCD968},143.714591587391,,FFP,5464224,,CERTIFIED,143.72,2/4/2025 2:00:00 AM,2/11/2025 7:00:00 PM,INFORM_Inspector,143.72,,TXTIC,,,,,2/19/2025 3:10:12 PM,,,,,,,,SE7F,,2/3/2025 9:13:45 PM,,2/11/2025 7:00:00 PM,,,,,,,SACC,,,,,,RIO SAN JUAN,,WF,FI,,,,2/3/2025 9:24:00 PM,,0,,0,,0,,0,,1,000002,INFORM_Inspector,,,,Starr,TXTIC,48427,FWS,TXRGR,,USFWS,Federal,,,,,,,,FWS,TXRGR,US-TX,Grass-Shrub,GS3,,,,2025-TXRGR-000002,{C72EAAB1-5114-412B-8E81-489B5FDCD968},,,,,2/3/2025 9:38:48 PM,2/13/2025 4:07:55 PM,FODR,,,,{E583CD7E-CDAA-40ED-A57E-A47667A42FBA},290147ea-a536-4ea7-9f28-7abdce3d0816,5.25938753526134E-05,0.0448353588190389,
36934,1736,Upshur 0368,Wildfire Daily Fire Perimeter,Mixed Methods,18.0057792150408,No,Public,Approved,Yes,2/10/2025 6:09:18 PM,2/10/2025 6:21:18 PM,2/4/2025 4:43:44 PM,{CB0D7513-DA29-4AD0-9AC9-683BFC91D7CB},,18.0057866659815,{71D13414-6F2E-4DAE-B2F5-0BEF717EAA24},2025 NIFS,33052997,,DEFAULT,,2/4/2025 4:41:00 PM,,firesponse,10,10,TXTIC,,,,,,Minimal,,,,Natural,Natural,Lightning,,,2/3/2025 10:04:00 PM,Type 5 Incident,,,,,,,,SACC,,,,,,Upshur 0368,,WF,FI,32.74055556,-94.92388889,,,{CB0D7513-DA29-4AD0-9AC9-683BFC91D7CB},,0,,,0,,,0,1,250368,firesponse,100,,,Upshur,TXTIC,48459,SFS,TXTXS,,Private,Private,,,,,,,SA07,SFS,TXTXS,US-TX,,,Timber (Litter and Understory),,,2025-TXTXS-250368,,No Decision,,,,2/3/2025 11:35:10 PM,2/4/2025 4:43:21 PM,IRWIN,0,,,{3F282195-0902-4E48-808F-BB981B7E9274},62c76ee1-4b82-4f86-a5c5-4e08dc422bea,7.01022690918762E-06,0.0126921792370423,
37098,1507,ORANGE,Wildfire Daily Fire Perimeter,Auto-generated for InFORM,0.1,No,Public,Approved,Yes,2/5/2025 7:25:09 PM,2/20/2025 4:04:54 PM,2/5/2025 9:34:05 PM,{3EE0761F-C3EA-46DE-83F3-BB8A9C1E9D3D},,0.0307061703738336,{5683E6F0-2563-4084-94DF-0EDBEE82365B},2025 NIFS,38051606,,DEFAULT,,2/4/2025 10:07:00 AM,2/4/2025 10:07:00 AM,wildcade,0.1,0.1,CASBCC,,,,,,,,,,Undetermined,,,SE8G,,2/4/2025 9:42:29 AM,,2/4/2025 10:07:00 AM,,,,,,,OSCC,,,,,,ORANGE,,WF,FI,34.09522,-117.182423,,,{3EE0761F-C3EA-46DE-83F3-BB8A9C1E9D3D},,0,1,,0,,1,,1,002277,INFORM_Inspector,,,,San Bernardino,CASBCC,06071,BLM,CACDD,,BLM,Federal,,,,,,,SC08,BLM,CACDD,US-CA,,,,,,2025-CACDD-002277,,No Decision,,,,2/5/2025 7:24:40 PM,3/10/2025 2:03:19 PM,IRWIN,0,,,{3EE0761F-C3EA-46DE-83F3-BB8A9C1E9D3D},d4f7565b-7298-4b88-a015-a16b3c0b1a68,1.2139935279265E-08,0.000465905194645646,
37059,2008,Yarrow,Wildfire Daily Fire Perimeter,Mixed Methods,17.5,No,Public,Approved,Yes,2/19/2025 1:51:17 PM,2/19/2025 2:50:49 PM,2/18/2025 6:52:27 PM,{65D39DBC-DF20-4278-A0F3-24E9954E5A48},,17.5131689277611,{3A35CB3B-C365-4D07-B54D-104DB1C8E7F3},2025 NIFS,33053105,,DEFAULT,,,2/4/2025 9:22:00 PM,iffrs,17.5,0.25,WIWISC,,17.5,,,,,,,,Human,Debris and open burning,Open trash burning,SE70,,2/4/2025 7:15:00 PM,,2/5/2025 6:41:00 PM,,,,,,,EACC,,,,,,Yarrow,,WF,FI,43.61455,-89.14542,0.25,2/4/2025 7:54:00 PM,{65D39DBC-DF20-4278-A0F3-24E9954E5A48},,0,,,0,,,,1,FIRE123098,iffrs,,,,Columbia,WIWIC,55021,,,,Private,Private,,,,,,,EA05,DNR,WIWIS,US-WI,,,Short Grass (1 foot),,,2025-WIWIS-FIRE123098,,No Decision,,,,2/4/2025 7:51:13 PM,2/18/2025 6:52:01 PM,IRWIN,0,,,{67CD71C9-30F7-42EE-9145-C4B8DAEB3B37},5a4e023b-3a28-41ed-95d7-feb372b0b481,7.90250305726659E-06,0.0166670413787396,
36867,1518,Tower,Wildfire Daily Fire Perimeter,GPS-Walked,8.89548133121445,No,Public,Approved,Yes,2/5/2025 10:29:17 PM,2/6/2025 6:32:13 PM,2/6/2025 12:06:24 AM,{D958D029-7891-4E35-9A44-E8D0FDBA5BCF},,8.89545024487827,{5C2CE264-79C8-4597-89D3-C69188C022FD},2025 NIFS,33054245,,DEFAULT,,2/6/2025 12:06:00 AM,2/24/2025 9:15:00 PM,wildcade,8.9,10,FLFIC,,,,,,,,,,Undetermined,,,SE81,,2/5/2025 9:08:00 PM,,2/24/2025 9:15:00 PM,,,,,P8,0805,SACC,,,,,,Tower,,WF,FI,29.122262,-81.533696,,,{D958D029-7891-4E35-9A44-E8D0FDBA5BCF},,0,,,0,,,,1,000329,wildcade,,,,Lake,FLFIC,12069,USFS,FLFNF,,USFS,Federal,,,,,,,SA48,USFS,FLFNF,US-FL,,,,,,2025-FLFNF-000329,,No Decision,,,,2/5/2025 10:28:51 PM,2/26/2025 4:11:08 PM,IRWIN,0,,,{F00E5C59-B3DE-4AAC-9B29-151BC40A8958},adc4d7d7-9d84-41ef-bf47-2709b401e9a4,3.33713319378148E-06,0.0106222482026534,
37120,2127,TINECHONG RIVER 20250206,Wildfire Daily Fire Perimeter,Hand Sketch,11.92,No,Public,Approved,Yes,2/22/2025 12:39:41 AM,2/22/2025 12:39:41 AM,2/22/2025 12:39:40 AM,{E08B184A-9789-4FAD-8A8D-F7B44754A389},,11.9187343136248,{92E26E1E-F930-4D58-AEFE-85B850D2378D},2025 NIFS,33055553,,DEFAULT,,,,IROC,,,CAMNFC,,,,,,,,,,,,,,,2/5/2025 10:00:00 PM,,,,,,,,,ONCC,,,,,,TINECHONG RIVER 20250206,,WF,FI,,,,,{E08B184A-9789-4FAD-8A8D-F7B44754A389},,0,,,0,,,,1,000127,INFORM_Inspector,,,,Guam,CAMNFC,66010,,,,Private,Private,,,,,,,None,FWS,GUGUR,US-GU,,,,,,2025-GUGUR-000127,,No Decision,,,,2/19/2025 6:30:57 PM,2/22/2025 3:14:55 AM,IRWIN,0,,,{A266C3B7-767D-4715-993F-560DA1C1CE83},8eecea69-e187-482c-90b4-003e22b6798d,4.03861133690953E-06,0.0170647930162478,
36962,1780,PIT FIRE,Wildfire Daily Fire Perimeter,Hand Sketch,0.35,No,Public,Approved,Yes,2/10/2025 9:33:52 PM,2/10/2025 9:33:52 PM,2/6/2025 10:04:00 PM,{51F41919-DE24-4479-81D4-366FC508B847},,0.346534925732885,{250EDA3D-09F6-4839-A98E-4FE8B94B7D02},2025 NIFS,33054761,,DEFAULT,,,,firecode,,,SDGPC,,,,,,,,,,,,,SFE0,,2/6/2025 7:23:00 PM,,,,,,,,,RMCC,,,,,,PIT FIRE,,WF,FI,,,,,{51F41919-DE24-4479-81D4-366FC508B847},,0,0,0,0,0,0,,1,000001,INFORM_Inspector,,,,Thurston,SDGPC,31173,BIA,NEWIA,,BIA,Federal,,,,,,,RM26,BIA,NEWIA,US-NE,,,,,,2025-NEWIA-000001,,No Decision,,,,2/10/2025 8:21:31 PM,2/10/2025 9:34:54 PM,IRWIN,0,,,{9525BCF5-11C4-46D1-91A7-759194C31318},56a48852-442a-4d71-a10b-e8d93d154bd2,1.52662323671393E-07,0.00176938562478104,
36939,1737,Shelby 0406,Wildfire Daily Fire Perimeter,Mixed Methods,6.13441680643922,No,Public,Approved,Yes,2/10/2025 6:12:46 PM,2/10/2025 6:21:18 PM,2/6/2025 9:29:35 PM,{6EC541D2-C9AD-4C2C-9443-03F637F3EAF9},,6.13441942589885,{CEFAB686-9850-4961-837B-D5BF31BAABC8},2025 NIFS,33054367,,DEFAULT,,2/6/2025 9:20:00 PM,,firesponse,6,6,TXTIC,,,,,,Minimal,,,,Human,Debris and open burning,Open trash burning,,,2/6/2025 7:35:00 PM,Type 5 Incident,,,,,,,,SACC,,,,,,Shelby 0406,,WF,FI,31.89515515,-94.42407259,,,{6EC541D2-C9AD-4C2C-9443-03F637F3EAF9},,0,,,0,,,0,1,250406,firesponse,100,,,Shelby,TXTIC,48419,SFS,TXTXS,,Private,Private,,,,,,,SA12,SFS,TXTXS,US-TX,,,Short Grass (1 foot),,,2025-TXTXS-250406,,No Decision,,,,2/6/2025 8:51:16 PM,2/21/2025 3:02:31 PM,IRWIN,0,,,{CDC094D8-6199-4B6B-B7D1-CCE4E1CFED5F},685c45fe-72b3-4400-a244-c95d6b9e94dc,2.36661117014592E-06,0.0074048215378687,Type 5 Incident
36917,1552,Altoona,Wildfire Daily Fire Perimeter,GPS-Walked/Driven,474.120339604053,No,Public,Approved,Yes,2/6/2025 8:29:27 PM,2/10/2025 2:12:06 PM,2/9/2025 9:59:16 PM,{4B9557CA-4C4C-4C14-A1F5-A875137204BC},,474.118679432278,{206FE261-A598-4C5F-A9C9-387D75F718E1},2025 NIFS,33054363,,DEFAULT,,2/10/2025 11:45:00 PM,,wildcade,474,5,FLFIC,60000,,,,,Minimal,Smoldering,Creeping,Backing,Undetermined,,,SE9G,,2/6/2025 8:02:00 PM,,,0,100,0,0,P8,0805,SACC,2/13/2025 9:48:43 PM,2/12/2025 10:00:00 PM,2/13/2025 9:30:00 PM,F,Type 4 IC,Altoona,1 mile Ne of Altoona,WF,FI,29.00609,-81.60078,,,{4B9557CA-4C4C-4C14-A1F5-A875137204BC},,0,,,0,,,0,1,000340,ics209,100,100,Altoona,Lake,FLFIC,12069,USFS,FLFNF,,USFS,Federal,,,,,,,SA49,USFS,FLFNF,US-FL,,,Southern Rough,Brush (2 feet),0,2025-FLFNF-000340,,No Decision,,,,2/6/2025 8:29:09 PM,2/13/2025 9:48:43 PM,IRWIN,0,,,{8201723C-6BE5-4682-96F2-25581830497E},02948902-76a8-47c5-a042-2c9d390adf0f,0.000177628992787504,0.0624961898993393,Type 4 Incident
37083,2044,Breeze,Wildfire Daily Fire Perimeter,Mixed Methods,0.27,No,Public,Approved,Yes,2/19/2025 3:07:56 PM,2/19/2025 3:21:48 PM,2/13/2025 5:48:40 PM,{9356CB8A-CC94-403D-898A-1AA194A2D182},,0.267223187285683,{03D2E10F-BB87-444C-A5CA-D6A665D3EFC5},2025 NIFS,33054369,,DEFAULT,,,2/6/2025 9:30:00 PM,iffrs,0.27,0.01,WIWISC,,0.27,,,,,,,,Human,Debris and open burning,Burn Barrel,SE86,,2/6/2025 8:40:00 PM,,2/7/2025 4:14:00 PM,,,,,,,EACC,,,,,,Breeze,,WF,FI,43.45391,-89.26354,0.01,2/6/2025 9:08:00 PM,{9356CB8A-CC94-403D-898A-1AA194A2D182},,0,,,0,,,,1,FIRE123104,iffrs,,,,Columbia,WIWIC,55021,,,,Private,Private,,,,,,,EA05,DNR,WIWIS,US-WI,,,Hardwood Litter,,,2025-WIWIS-FIRE123104,,No Decision,,,,2/6/2025 8:56:50 PM,2/25/2025 1:22:40 AM,IRWIN,0,,,{8E838707-1B02-4A16-BCCE-6760AF1BCE59},edc8a2ff-660a-4276-b1f6-3cc005978725,1.20258619062952E-07,0.00230633257779051,
37052,2021,Oak Ridge,Wildfire Daily Fire Perimeter,Mixed Methods,9.32,No,Public,Approved,Yes,2/19/2025 1:51:17 PM,2/19/2025 2:33:44 PM,2/12/2025 7:34:43 PM,{2961E514-C8D1-46EC-8C3F-A48A6A486970},,9.32223391102322,{B2E5B5BC-CD44-4FE5-9079-9CA7436EBF08},2025 NIFS,33054368,,DEFAULT,,,2/6/2025 9:35:00 PM,iffrs,9.32,0.01,WIWISC,,9.32,,,,,,,,Human,Other causes,Structure,SE85,,2/6/2025 8:43:00 PM,,2/8/2025 8:00:00 PM,,,,,,,EACC,,,,,,Oak Ridge,,WF,FI,43.26182,-90.41251,0.01,2/6/2025 9:07:00 PM,{2961E514-C8D1-46EC-8C3F-A48A6A486970},,0,,,0,,,,1,FIRE123103,iffrs,,,,Richland,WIWIC,55103,,,,Private,Private,,,,,,,EA05,DNR,WIWIS,US-WI,,,Short Grass (1 foot),,,2025-WIWIS-FIRE123103,,No Decision,,,,2/6/2025 8:51:28 PM,3/4/2025 7:46:21 PM,IRWIN,0,,,{E94B4284-E93C-4659-BA38-D24F9C7F03C6},ff5a9f6e-87bd-409c-b8d6-b7c6752018ea,4.18246372646536E-06,0.0116882984530073,
36876,1564,Spring,Wildfire Daily Fire Perimeter,Auto-generated for InFORM,0.25,No,Public,Approved,Yes,2/6/2025 9:45:06 PM,2/6/2025 10:29:53 PM,2/6/2025 10:09:16 PM,{8C399A91-2EC6-48B5-877F-959E440ED4EF},,0.462723431575371,{1E85BF23-D411-4281-B6E1-36E4FF3FB937},2025 NIFS,38065203,,DEFAULT,,,,wildcade,0.25,0.25,TXTIC,,,,,,,,,,Undetermined,,,SE87,,2/6/2025 9:36:49 PM,,,,,,,,,SACC,,,,,,Spring,,WF,FI,30.68788,-94.75061,,,{8C399A91-2EC6-48B5-877F-959E440ED4EF},,0,,,0,,,,1,000039,wildcade,,,,Polk,TXTIC,48373,,,,Private,Private,,,,,,,SA12,TRIBE,TXACT,US-TX,,,,,,2025-TXACT-000039,,No Decision,,,,2/6/2025 9:44:40 PM,3/7/2025 3:13:17 PM,IRWIN,0,,,{8C399A91-2EC6-48B5-877F-959E440ED4EF},dbfc308d-4343-4a44-a962-53bc430f83fb,1.76286903297296E-07,0.00209321525904204,
37047,2025,Recliner,Wildfire Daily Fire Perimeter,Mixed Methods,1.68,No,Public,Approved,Yes,2/19/2025 1:51:17 PM,2/19/2025 2:27:11 PM,2/12/2025 6:12:38 PM,{3268B5D9-DEBF-4D9C-9061-BD7930A4F20A},,1.67700097622704,{51EE2251-D066-4C9B-B513-7B42CD69B4C0},2025 NIFS,33054893,,DEFAULT,,,2/6/2025 11:30:00 PM,iffrs,1.68,0.01,WIWISC,,1.68,,,,,,,,Human,Debris and open burning,Hand pile/slash,SFF8,,2/6/2025 10:00:00 PM,,2/7/2025 12:04:00 AM,,,,,,,EACC,,,,,,Recliner,,WF,FI,43.28996,-89.22533,0.01,2/6/2025 10:56:00 PM,{3268B5D9-DEBF-4D9C-9061-BD7930A4F20A},,0,,,0,,,,1,FIRE123122,iffrs,,,,Columbia,WIWIC,55021,,,,Private,Private,,,,,,,EA05,DNR,WIWIS,US-WI,,,Tall Grass (2.5 feet),,,2025-WIWIS-FIRE123122,,No Decision,,,,2/11/2025 10:19:39 PM,2/20/2025 9:51:54 PM,IRWIN,0,,,{2788F9DF-6A7E-4FA4-A4C4-8B340F4FF187},5d1190f6-0f00-4c7f-8dec-a83c631e785a,7.52702362660784E-07,0.00782965347326639,
37067,2017,Ruddy,Wildfire Daily Fire Perimeter,Mixed Methods,1.2,No,Public,Approved,Yes,2/19/2025 1:51:17 PM,2/19/2025 3:02:07 PM,2/13/2025 8:36:01 PM,{FB3087E4-3D09-40E9-957A-30BDCD267EEE},,1.19908138982697,{1B297B24-CC07-47BA-8008-52E7BE702CB8},2025 NIFS,33054377,,DEFAULT,,,2/6/2025 10:31:00 PM,iffrs,1.2,0.01,WIWISC,,1.2,,,,,,,,Human,Other causes,Other (remarks required),SE9A,,2/6/2025 10:15:00 PM,,2/7/2025 4:30:00 PM,,,,,,,EACC,,,,,,Ruddy,,WF,FI,43.15508,-90.91899,0.01,2/6/2025 10:31:00 PM,{FB3087E4-3D09-40E9-957A-30BDCD267EEE},,0,,,0,,,,1,FIRE123105,iffrs,,,,Crawford,WIWIC,55023,,,,Private,Private,,,,,,,EA05,DNR,WIWIS,US-WI,,,Short Grass (1 foot),,,2025-WIWIS-FIRE123105,,No Decision,,,,2/6/2025 10:19:22 PM,2/13/2025 8:35:25 PM,IRWIN,0,,,{DB9F0F05-E2F3-4E55-B020-29B98BB3B5CA},4ed41137-a600-4301-9194-9ccdcaafaf52,5.37019559487817E-07,0.00331107419276485,
37055,2020,Muskrat,Wildfire Daily Fire Perimeter,Mixed Methods,17.86,No,Public,Approved,Yes,2/19/2025 1:51:17 PM,2/19/2025 2:35:48 PM,2/14/2025 6:46:03 PM,{3CF338D8-243E-4F47-B70F-8646A779F82F},,17.8744734493215,{C818EFC8-B40F-4938-B343-0FDCFFC5305D},2025 NIFS,33054381,,DEFAULT,,,2/6/2025 11:27:00 PM,iffrs,17.86,0.01,WIWISC,,17.86,,,,,,,,Human,Equipment and vehicle use,Passenger vehicle/motorized RV,SE9E,,2/6/2025 10:18:00 PM,,2/7/2025 6:27:00 PM,,,,,,,EACC,,,,,,Muskrat,,WF,FI,43.63123,-89.52818,0.01,2/6/2025 10:37:00 PM,{3CF338D8-243E-4F47-B70F-8646A779F82F},,0,,,0,,,,1,FIRE123108,iffrs,,,,Columbia,WIWIC,55021,,,,Private,Private,,,,,,,EA05,DNR,WIWIS,US-WI,,,Tall Grass (2.5 feet),,,2025-WIWIS-FIRE123108,,No Decision,,,,2/6/2025 10:37:10 PM,2/25/2025 1:18:11 AM,IRWIN,0,,,{8401268C-6C92-47A0-B056-574BE8A41992},8d8fb69a-5ed8-42fc-b1a4-c5ac875a4a58,8.0636511938792E-06,0.0330475772886176,
37069,2016,Mink,Wildfire Daily Fire Perimeter,Mixed Methods,3.83,No,Public,Approved,Yes,2/19/2025 1:51:17 PM,2/19/2025 3:00:58 PM,2/14/2025 5:16:13 PM,{5017747B-930E-4B5D-9946-C16F780A8410},,3.83686438183095,{7CDB6645-884A-4D9C-8C1B-B8D3F4A4248A},2025 NIFS,33054389,,DEFAULT,,,2/7/2025 12:45:00 AM,iffrs,3.83,0.01,WIWISC,,3.83,,,,,,,,Human,Power generation/transmission/distribution,Electrical transmission/distribution systems,SE9H,,2/6/2025 11:32:00 PM,,2/7/2025 5:01:00 PM,,,,,,,EACC,,,,,,Mink,,WF,FI,43.63621,-89.42572,0.01,2/6/2025 11:50:00 PM,{5017747B-930E-4B5D-9946-C16F780A8410},,0,,,0,,,,1,FIRE123109,iffrs,,,,Columbia,WIWIC,55021,,,,Private,Private,,,,,,,EA05,DNR,WIWIS,US-WI,,,Tall Grass (2.5 feet),,,2025-WIWIS-FIRE123109,,No Decision,,,,2/6/2025 11:44:03 PM,2/27/2025 9:40:58 PM,IRWIN,0,,,{964970D8-EED3-4883-905A-B93CCE01AD89},4049c8da-b4f5-4ffe-9926-22d10b33dd4f,1.73190460373007E-06,0.0112598488271723,
37081,2042,Kessler Road,Wildfire Daily Fire Perimeter,Mixed Methods,0.27,No,Public,Approved,Yes,2/19/2025 3:07:56 PM,2/19/2025 3:19:27 PM,2/18/2025 8:53:52 PM,{3DB63B03-0BD3-424F-A77E-C86773BF76A2},,0.266004544308278,{8508E88F-24D5-4C18-A622-3E65EB9F6E62},2025 NIFS,33054399,,DEFAULT,,,2/7/2025 1:53:00 AM,iffrs,0.27,0.01,WIWISC,,0.27,,,,,,,,Human,Power generation/transmission/distribution,Electrical transmission/distribution systems,SE9K,,2/7/2025 1:15:00 AM,,2/7/2025 6:16:00 PM,,,,,,,EACC,,,,,,Kessler Road,,WF,FI,43.45312,-89.72312,0.01,2/7/2025 1:32:00 AM,{3DB63B03-0BD3-424F-A77E-C86773BF76A2},,0,,,0,,,,1,FIRE123110,iffrs,,,,Sauk,WIWIC,55111,,,,Private,Private,,,,,,,EA05,DNR,WIWIS,US-WI,,,Closed Timber Litter,,,2025-WIWIS-FIRE123110,,No Decision,,,,2/7/2025 1:38:50 AM,2/18/2025 8:53:29 PM,IRWIN,0,,,{9A1EA0F9-BD3F-45A2-9404-11CA5A6B7723},19af1ac7-6426-41ba-8c65-f0a2ce514240,1.19712012747186E-07,0.00214612030462349,
36967,1610,Hwy. 17 Bypass,Wildfire Daily Fire Perimeter,Mixed Methods,,No,Public,Approved,Yes,2/7/2025 6:59:02 PM,2/11/2025 3:52:46 PM,,{5575DE02-7E97-444C-B738-9C42D664C7C1},,0.479444268063218,{A70DD2E6-9DEF-4405-91A7-BE4E3B9DD83D},2025 NIFS,33054677,,DEFAULT,,2/10/2025 7:30:00 PM,2/10/2025 7:30:00 PM,wildcade,0.5,0.5,GAGIC,,,,,,,,,,Human,,,SFB8,,2/7/2025 4:06:48 PM,,2/11/2025 4:30:00 PM,,,,,P8,0803,SACC,,,,,,17 By Pass,,WF,FI,34.56233,-83.39147,,,{5575DE02-7E97-444C-B738-9C42D664C7C1},,0,1,,0,,,,1,000019,wildcade,,,,Stephens,GAGIC,13257,USFS,GACHF,,USFS,Federal,,,,,,,SA40,USFS,GACHF,US-GA,,,,,,2025-GACHF-000019,,No Decision,,,,2/10/2025 1:21:21 PM,2/19/2025 3:32:35 PM,IRWIN,0,,,{90B1A60E-8B45-4087-BCD6-23D50FC08962},5b048e2d-4e61-4fb2-8fec-d73776f62e18,1.90567789104534E-07,0.00424840577194127,
37071,2018,Scoter,Wildfire Daily Fire Perimeter,Mixed Methods,1.5,No,Public,Approved,Yes,2/19/2025 1:51:17 PM,2/19/2025 3:03:22 PM,2/11/2025 7:42:09 PM,{F6AE7A00-8B01-4517-B268-7207DF1DAADD},,1.50272956742292,{29A08739-C65F-4DB2-80A0-7A4DFBE0E19E},2025 NIFS,33054440,,DEFAULT,,,2/7/2025 5:08:00 PM,iffrs,1.5,0.01,WIWISC,,1.5,,,,,,,,Human,Other causes,Other (remarks required),SE9N,,2/7/2025 4:50:00 PM,,2/7/2025 6:14:00 PM,,,,,,,EACC,,,,,,Scoter,,WF,FI,43.06583,-91.09839,0.01,2/7/2025 5:08:00 PM,{F6AE7A00-8B01-4517-B268-7207DF1DAADD},,0,,,0,,,,1,FIRE123113,iffrs,,,,Crawford,WIWIC,55023,,,,Private,Private,,,,,,,EA05,DNR,WIWIS,US-WI,,,Short Grass (1 foot),,,2025-WIWIS-FIRE123113,,No Decision,,,,2/7/2025 4:57:41 PM,3/3/2025 4:09:45 PM,IRWIN,0,,,{CB07B961-8951-46C5-A065-764C63D7F1B6},162a4f77-c2a3-4f02-80ee-bd0e7358a7c1,6.72046780891833E-07,0.00476328470886662,
37091,1607,RX - Sparks,Prescribed Fire,Auto-generated for InFORM,164,No,Public,Approved,Yes,2/7/2025 6:44:17 PM,2/19/2025 8:49:15 PM,2/12/2025 3:41:02 PM,{572BFAC1-5842-492B-85E0-F7ABFF69E065},,201.499918385943,{F3BA4734-8E5E-45C9-ACCC-AF37AADC5A27},2025 NIFS,33054455,,DEFAULT,,,,wildcade,164,,TNTNC,,,,,,,,,,Undetermined,,,,,2/7/2025 6:34:10 PM,,2/12/2025 3:00:00 PM,,,,,,,SACC,,,,,,RX - Sparks,,RX,FI,35.603776,-83.801558,,,{572BFAC1-5842-492B-85E0-F7ABFF69E065},,0,,,0,,,,1,000059,wildcade,,,,Blount,TNTNC,47009,NPS,TNGSP,,NPS,Federal,,,,,,,SA25B,NPS,TNGSP,US-TN,,,,,,2025-TNGSP-000059,,No Decision,,,,2/7/2025 6:41:42 PM,2/12/2025 3:40:44 PM,IRWIN,0,,,{31F37ED2-5E22-4CC8-94A6-03DAF9EBC923},e7a8d58c-7891-4b01-9bfb-9cb96ad0ff78,8.11094123491785E-05,0.0570549280476986,
37092,1608,RX - Maple Branch,Prescribed Fire,Auto-generated for InFORM,377,No,Public,Approved,Yes,2/7/2025 6:50:26 PM,2/19/2025 8:49:15 PM,2/12/2025 3:41:27 PM,{BA8FE0AB-7F58-40E6-820E-F6CAF5EE38ED},,357.968708499739,{B7AC8A22-41C8-4124-86C7-44BE96D52712},2025 NIFS,33054456,,DEFAULT,,,,wildcade,377,,TNTNC,,,,,,,,,,Undetermined,,,,,2/7/2025 6:45:49 PM,,2/12/2025 3:00:00 PM,,,,,,,SACC,,,,,,RX - Maple Branch,,RX,FI,35.597492,-83.80371,,,{BA8FE0AB-7F58-40E6-820E-F6CAF5EE38ED},,0,,,0,,,,1,000060,wildcade,,,,Blount,TNTNC,47009,NPS,TNGSP,,NPS,Federal,,,,,,,SA25B,NPS,TNGSP,US-TN,,,,,,2025-TNGSP-000060,,No Decision,,,,2/7/2025 6:47:26 PM,2/12/2025 3:41:08 PM,IRWIN,0,,,{41B3BFCF-6224-418E-A2C7-043DD48ED388},821c9f18-0bbc-45ad-864e-d1ffe255b711,0.000144080795507762,0.0601578181950481,
37093,1612,RX - Tipton Oliver,Prescribed Fire,Auto-generated for InFORM,309,No,Public,Approved,Yes,2/7/2025 7:03:03 PM,2/19/2025 8:49:15 PM,2/12/2025 3:41:54 PM,{A19568F9-C668-499D-94A1-8CF391759311},,293.251174320601,{5FED9516-3BCC-4794-B0F5-01B6C924D360},2025 NIFS,33054459,,DEFAULT,,,,wildcade,309,,TNTNC,,,,,,,,,,Undetermined,,,,,2/7/2025 6:55:24 PM,,2/12/2025 3:00:00 PM,,,,,,,SACC,,,,,,RX - Tipton Oliver,,RX,FI,35.592378,-83.817106,,,{A19568F9-C668-499D-94A1-8CF391759311},,0,,,0,,,,1,000062,wildcade,,,,Blount,TNTNC,47009,NPS,TNGSP,,NPS,Federal,,,,,,,SA25B,NPS,TNGSP,US-TN,,,,,,2025-TNGSP-000062,,No Decision,,,,2/7/2025 6:57:04 PM,2/12/2025 3:41:43 PM,IRWIN,0,,,{79D482E4-EC0A-44B2-9F2C-AD6194D4DE04},66b22316-8aea-42de-a81e-47f304464175,0.000118024652920212,0.0569243044898075,
37103,2084,RX - Marthas Branch,Prescribed Fire,Hand Sketch,16.87,No,Public,Approved,Yes,2/20/2025 6:07:16 PM,2/20/2025 6:07:16 PM,2/12/2025 3:00:00 PM,{9B23EC29-A019-48B0-A3D6-B046909E6553},,16.8714875835664,{CD6A880E-BA87-4008-B9D6-2A81C747562C},2025 NIFS,33054462,,DEFAULT,,,,wildcade,17,,TNTNC,,,,,,,,,,Undetermined,,,,,2/7/2025 7:02:58 PM,,2/12/2025 3:00:00 PM,,,,,,,SACC,,,,,,RX - Marthas Branch,,RX,FI,35.607073,-83.799354,,,{9B23EC29-A019-48B0-A3D6-B046909E6553},,0,,,0,,,,1,000063,INFORM_Inspector,,,,Blount,TNTNC,47009,NPS,TNGSP,,NPS,Federal,,,,,,,SA25B,NPS,TNGSP,US-TN,,,,,,2025-TNGSP-000063,,No Decision,,,,2/7/2025 7:04:22 PM,2/20/2025 6:07:18 PM,IRWIN,0,,,{483422CC-2B32-44F5-A1FD-433DE3A6AC49},d686b65e-4c32-47f4-a0e2-3c5856548c7d,6.79149547977431E-06,0.0155836003774902,
36922,1634,Awendaw Landing,Wildfire Daily Fire Perimeter,GPS-Walked,20,No,Public,Approved,Yes,2/7/2025 9:22:54 PM,2/10/2025 3:41:22 PM,2/8/2025 10:23:53 PM,{0C9E2947-1F05-4651-BB16-5B1CC79515DB},,11.3534650085182,{D32D462E-B719-4895-82AA-7F4193E53F5D},2025 NIFS,33054478,,DEFAULT,,2/7/2025 10:39:00 PM,2/11/2025 3:14:00 PM,wildcade,11.4,20,SCSCC,,,,,,,,,,Human,,,SE9Y,,2/7/2025 8:09:00 PM,,2/21/2025 9:37:00 PM,,,,,P8,0812,SACC,,,,,,Awendaw Landing,,WF,FI,33.03482,-79.63043,,,{0C9E2947-1F05-4651-BB16-5B1CC79515DB},,0,,,0,1,,,1,250031,wildcade,,,,Charleston,SCSCC,45019,,,,Private,Private,,,,,,,SA37,USFS,SCFMF,US-SC,,,,,,2025-SCFMF-250031,,No Decision,,,,2/7/2025 9:22:47 PM,2/22/2025 2:38:09 PM,IRWIN,0,,,{131386AA-6315-40D9-B8F6-B483FAFDB4A9},c0cd8634-2cec-430e-ab8a-155c3ff72e9d,4.43486783296976E-06,0.00979715639718068,
36933,1738,Angelina 0425,Wildfire Daily Fire Perimeter,Mixed Methods,20.3115452171264,No,Public,Approved,Yes,2/10/2025 6:13:49 PM,2/10/2025 6:21:18 PM,2/9/2025 7:51:05 PM,{E03D3AA6-9BBE-4140-9B9A-F24B8F274E4B},,20.3115530449038,{5B5AD893-E4C2-4699-804D-68AAE63C3BF6},2025 NIFS,33054474,,DEFAULT,,2/8/2025 12:48:00 AM,2/9/2025 7:50:00 PM,firesponse,18,18,TXTIC,,,,,,Moderate,,,,Human,Debris and open burning,Open trash burning,,,2/7/2025 8:12:00 PM,Type 5 Incident,,,,,,,,SACC,,,,,,Angelina 0425,,WF,FI,31.31718253,-94.65490382,,,{E03D3AA6-9BBE-4140-9B9A-F24B8F274E4B},,0,,,0,,,0,1,250425,firesponse,100,,,Angelina,TXTIC,48005,SFS,TXTXS,,Private,Private,,,,,,,SA12,SFS,TXTXS,US-TX,,,Medium Logging Slash,,,2025-TXTXS-250425,,No Decision,,,,2/7/2025 8:58:35 PM,2/11/2025 2:50:44 PM,IRWIN,0,,,{5CD31BC0-A702-4704-940D-DC47761F85A5},77b77306-ebe1-46d9-88eb-7773e402c423,7.78851949689852E-06,0.0117336685192284,Type 5 Incident
36929,1739,Houston 0426,Wildfire Daily Fire Perimeter,Mixed Methods,63.1261684511372,No,Public,Approved,Yes,2/10/2025 6:14:54 PM,2/10/2025 6:21:18 PM,2/10/2025 4:34:49 PM,{373D7F40-B208-40C7-9C74-5C3FB7DC04C0},,63.1261940634303,{E8ADE137-3B1D-462A-8EC4-EE32A493F72C},2025 NIFS,33054481,,DEFAULT,,2/8/2025 12:45:00 AM,2/10/2025 4:32:00 PM,firesponse,63,63,TXTIC,,,,,,Minimal,,,,Human,Debris and open burning,Yard debris,,,2/7/2025 8:52:00 PM,Type 5 Incident,,,,,,,,SACC,,,,,,Houston 0426,,WF,FI,31.43189997,-95.26986937,,,{373D7F40-B208-40C7-9C74-5C3FB7DC04C0},,0,,,0,,,1,1,250426,firesponse,100,,,Houston,TXTIC,48225,SFS,TXTXS,,Private,Private,,,,,,,SA12,SFS,TXTXS,US-TX,,,Short Grass (1 foot),,,2025-TXTXS-250426,,No Decision,,,,2/7/2025 9:48:23 PM,2/13/2025 2:46:01 PM,IRWIN,0,,,{BC946A89-CBCA-4870-9B9C-7152FC7587D0},9e7e74b0-f48f-4a64-a0b6-ef38c1ea34c3,2.4236362605734E-05,0.0258356412108248,Type 5 Incident
37049,2024,Goldeneye,Wildfire Daily Fire Perimeter,Mixed Methods,2.5,No,Public,Approved,Yes,2/19/2025 1:51:17 PM,2/19/2025 2:28:56 PM,2/11/2025 8:37:10 PM,{58CEF6E6-D86A-4F1A-8A9E-0849623DFD79},,2.5062298495979,{2985C056-D76B-44FB-8E8F-7A61F6DA5CDB},2025 NIFS,33054475,,DEFAULT,,,2/7/2025 9:24:00 PM,iffrs,2.5,0.01,WIWISC,,2.5,,,,,,,,Human,Debris and open burning,Burn Barrel,SE9X,,2/7/2025 9:00:00 PM,,2/7/2025 9:55:00 PM,,,,,,,EACC,,,,,,Goldeneye,,WF,FI,43.04723,-90.3803,0.01,2/7/2025 9:24:00 PM,{58CEF6E6-D86A-4F1A-8A9E-0849623DFD79},,0,,,0,,,,1,FIRE123115,iffrs,,,,Iowa,WIWIC,55049,,,,Private,Private,,,,,,,EA05,DNR,WIWIS,US-WI,,,Tall Grass (2.5 feet),,,2025-WIWIS-FIRE123115,,No Decision,,,,2/7/2025 9:01:48 PM,3/4/2025 1:46:58 PM,IRWIN,0,,,{1ADCCF5F-F857-4AB6-AA2E-CC8F4F52E796},e4bc7aaf-169b-43f6-a9b7-d129cb8f4c23,1.12014095066115E-06,0.00451516246267383,
37097,1644,VEG/RR/692A,Wildfire Daily Fire Perimeter,Auto-generated for InFORM,0.01,No,Public,Approved,Yes,2/8/2025 12:04:45 AM,2/20/2025 3:59:42 PM,2/8/2025 12:05:10 AM,{470277A1-EE6E-4DE2-A8E3-DC2A1ABC163A},,0.00201303102250665,{E71DF5A8-D3A7-42CC-A5E8-650FC7941ED3},2025 NIFS,33054491,,DEFAULT,,,,wildcade,0.01,0.01,CASBCC,,,,,,,,,,Undetermined,,,SE92,,2/7/2025 10:57:16 PM,,,,,,,,,OSCC,,,,,,WASH,,WF,FI,34.093252,-117.162799,,,{470277A1-EE6E-4DE2-A8E3-DC2A1ABC163A},,0,1,,0,,1,,1,002586,firecode,,,,San Bernardino,CASBCC,06071,BLM,CACDD,,BLM,Federal,,,,,,,SC08,BLM,CACDD,US-CA,,,,,,2025-CACDD-002586,,No Decision,,,,2/7/2025 11:51:49 PM,2/8/2025 12:06:56 AM,IRWIN,0,,,{A6373BF8-5A79-415C-A0B7-3AF2C072B032},766259b8-5c25-455a-ba44-334d55ccf89f,7.96035237726755E-10,0.000110795994550514,
36916,1649,VEH/AM/94,Wildfire Daily Fire Perimeter,Auto-generated for InFORM,0.01,No,Public,Approved,Yes,2/8/2025 7:00:48 AM,2/9/2025 10:10:11 PM,2/8/2025 11:07:56 PM,{A7148A59-82B4-4104-AB59-A2A22114B6D3},,0.0338601895851409,{8E050581-2FC2-41A8-936F-B423B5BBB621},2025 NIFS,33054506,,DEFAULT,,,,wildcade,0.01,0.01,CASBCC,,,,,,,,,,Undetermined,,,SFA5,,2/8/2025 5:35:27 AM,,,,,,,,,OSCC,,,,,,BLUE,,WF,FI,34.880596,-114.767822,,,{A7148A59-82B4-4104-AB59-A2A22114B6D3},,0,1,,0,,,,1,002644,firecode,,,,San Bernardino,CASBCC,06071,BLM,CACDD,,BLM,Federal,,,,,,,SC13,BLM,CACDD,US-CA,,,,,,2025-CACDD-002644,,No Decision,,,,2/8/2025 5:35:42 AM,2/8/2025 11:07:39 PM,IRWIN,0,,,{E4626AFB-0BF2-4F56-AA78-47788F1EFF6B},e0a902a4-4c78-4912-9fb5-8bb5a6356bdf,1.35071331897052E-08,0.000679502932298306,
37165,2444,COTTONWOOD CANYON,Wildfire Daily Fire Perimeter,Digitized-Image,2011.3622575338,No,Public,Approved,Yes,2/26/2025 9:16:27 PM,2/26/2025 9:23:27 PM,2/24/2025 4:17:09 PM,{9EEE9EDD-914F-4622-AB9F-6BA9476548AF},,2011.3598605367,{BC3AD965-4AAB-4164-ABF4-FDBA93181039},2025 NIFS,33054534,,DEFAULT,,2/14/2025 11:00:00 PM,2/20/2025 12:00:00 AM,wildcade,2087,15,NMADC,455000,,,,,Minimal,Isolated Torching,Single Tree Torching,Smoldering,Human,,,SE96,,2/8/2025 5:20:00 PM,,2/20/2025 12:00:00 AM,0,0,100,0,PN,1532,SWCC,2/24/2025 4:16:51 PM,2/14/2025 11:00:00 PM,2/24/2025 4:00:00 PM,F,Type 5 IC,COTTONWOOD CANYON,Highway 246 to mile marker 14,WF,FI,34.115413,-105.308695,,,{9EEE9EDD-914F-4622-AB9F-6BA9476548AF},,0,1,,0,,1,0,1,000028,ics209,100,100,Capitan,Lincoln,NMADC,35027,,,,Private,Private,,,,,,,SW12,SF,NMN5S,US-NM,,,Short Grass (1 foot),Timber (Grass and Understory),20,2025-NMN5S-000028,,No Decision,,,,2/8/2025 6:26:51 PM,2/24/2025 4:16:51 PM,IRWIN,0,,,{742E18C9-EECF-466B-893F-665FAFD96D86},823f6d26-6070-4fc1-87d0-b82df3213f45,0.000791707656617291,0.194832150272931,
36928,1740,Nacogdoches 0434,Wildfire Daily Fire Perimeter,Mixed Methods,1.08957891759911,No,Public,Approved,Yes,2/10/2025 6:18:08 PM,2/10/2025 6:21:18 PM,2/8/2025 9:40:47 PM,{4CB345C0-B2EC-4564-A606-390949A6BC41},,1.08957937408817,{50630900-C8B1-4C55-A55B-A70AF5DB27ED},2025 NIFS,33054557,,DEFAULT,,2/8/2025 9:16:00 PM,2/17/2025 9:00:00 PM,firesponse,2,2,TXTIC,,,,,,,,,,Human,Debris and open burning,Open trash burning,,,2/8/2025 6:58:00 PM,Type 5 Incident,,,,,,,,SACC,,,,,,Nacogdoches 0434,,WF,FI,31.81081667,-94.8585,,,{4CB345C0-B2EC-4564-A606-390949A6BC41},,0,,,0,,,0,1,250434,firesponse,100,,,Nacogdoches,TXTIC,48347,SFS,TXTXS,,Private,Private,,,,,,,SA12,SFS,TXTXS,US-TX,,,Timber (Litter and Understory),,,2025-TXTXS-250434,,No Decision,,,,2/8/2025 9:01:24 PM,2/17/2025 9:30:17 PM,IRWIN,0,,,{7356C966-96F3-4C79-AF55-ADE6331D558B},3c2f2b35-b5f4-471e-b45f-fd122edebbac,4.19973957832553E-07,0.00250278702673766,Type 5 Incident
36947,1751,Jasper 0435,Wildfire Daily Fire Perimeter,Mixed Methods,6.45341070630283,No,Public,Approved,Yes,2/10/2025 7:04:19 PM,2/10/2025 7:21:52 PM,2/8/2025 9:44:57 PM,{AC781287-EDA8-491A-975A-4C42871BF5FE},,6.45341353712785,{3DEA14F6-B38C-4AF9-935E-B482E1272623},2025 NIFS,33054554,,DEFAULT,,2/8/2025 9:32:00 PM,,firesponse,5.7,5.7,TXTIC,,,,,,Minimal,,,,Human,Debris and open burning,Hand pile/slash,,,2/8/2025 7:51:00 PM,Type 5 Incident,,,,,,,,SACC,,,,,,Jasper 0435,,WF,FI,30.63958546,-93.92854555,,,{AC781287-EDA8-491A-975A-4C42871BF5FE},,0,,,0,,,0,1,250435,firesponse,100,,,Jasper,TXTIC,48241,SFS,TXTXS,,Private,Private,,,,,,,SA12,SFS,TXTXS,US-TX,,,Timber (Litter and Understory),,,2025-TXTXS-250435,,No Decision,,,,2/8/2025 9:00:47 PM,2/28/2025 8:18:37 PM,IRWIN,0,,,{E8DDAF9B-1B9E-4863-B81E-7B1BC568B771},7ea05b9f-f433-4915-9643-8c82aff4188f,2.45755177274987E-06,0.0106033661965741,Type 5 Incident
37301,27165,Natural Bridge,Wildfire Final Fire Perimeter,GPS-Walked,4,No,Public,Approved,Yes,3/4/2025 9:24:58 PM,3/4/2025 9:24:58 PM,3/4/2025 9:24:58 PM,{D9E9FBAB-B4AE-45DA-9089-240ED75AF89F},{40DE92C0-A5BB-400B-B075-DAA2E6995F25},14.3595853376773,,FFP,5456138,,CERTIFIED,14.36,2/9/2025 12:29:00 AM,2/10/2025 7:52:00 PM,INFORM_Inspector,14.4,,AZNAOC,,,,,3/4/2025 9:24:51 PM,,,,,,,,SFA1,,2/8/2025 8:32:54 PM,,2/14/2025 9:00:00 PM,,,,,,,SWCC,,,,,,Natural Bridge,,WF,FI,,,,2/8/2025 8:33:00 PM,,1,,1,,0,,,,1,000018,INFORM_Inspector,,,,Apache,AZFDC,04001,BIA,AZNAA,,BIA,Federal,,,,,,,,BIA,AZNAA,US-AZ,Grass-Shrub,GS1,,,,2025-AZNAA-000018,{40DE92C0-A5BB-400B-B075-DAA2E6995F25},,,,,2/8/2025 9:01:07 PM,2/8/2025 9:01:07 PM,FODR,,,,{C058EE52-7218-485E-96F1-921B8DE9910C},3b82925a-0ca6-4c59-ad17-a6cb0c17c97e,5.78732374378887E-06,0.0169784013808327,
37315,27172,BU 329,Wildfire Final Fire Perimeter,Auto-generated for InFORM,55,No,Public,Approved,Yes,3/5/2025 7:57:52 PM,3/5/2025 7:57:52 PM,3/5/2025 7:57:43 PM,{F9C0A827-0B5A-482D-97A2-40DBE00A291B},{363D37C9-CCF9-4003-9F9C-C4109E1DD962},54.5169414250998,,FFP,5464405,,CERTIFIED,54.52,2/11/2025 7:48:00 PM,2/19/2025 7:00:00 PM,wildcade,55,,FLFIC,,,,,3/5/2025 7:56:42 PM,,,,,,,,SFA4,,2/8/2025 9:00:00 PM,,2/19/2025 7:00:00 PM,,,,,PR,1532,SACC,,,,,,Long Lake,,WF,FI,30.041001,-84.388625,,2/8/2025 9:00:00 PM,,,,1,,0,,,,1,000367,wildcade,,,,Wakulla,FLFIC,12129,FWS,FLSMR,,USFWS,Federal,,,,,,,,FWS,FLSMR,US-FL,Timber,TU3,,,,2025-FLSMR-000367,{363D37C9-CCF9-4003-9F9C-C4109E1DD962},,,,,2/8/2025 9:29:36 PM,2/19/2025 7:15:12 PM,FODR,,,,{C45850A4-2097-4A1F-A2A2-23F21227A7D5},54ddfbaf-ae7e-4688-8f8c-ecb74aa2372b,2.06363788493036E-05,0.0337352525286628,
36943,1752,Orange 0440,Wildfire Daily Fire Perimeter,Mixed Methods,2.88804344205199,No,Public,Approved,Yes,2/10/2025 7:06:20 PM,2/10/2025 7:21:52 PM,2/9/2025 12:29:03 AM,{91045981-705A-4100-AB37-C55634D80969},,2.88804471978924,{AA3BF08B-9613-40B0-B7D5-B31EB339F362},2025 NIFS,33054565,,DEFAULT,,2/8/2025 11:16:00 PM,2/8/2025 11:21:00 PM,firesponse,2.9,2.9,TXTIC,,,,,,Minimal,,,,Human,Fireworks,Ground fireworks,,,2/8/2025 9:09:00 PM,Type 5 Incident,,,,,,,,SACC,,,,,,Orange 0440,,WF,FI,30.12626455,-93.83037236,,,{91045981-705A-4100-AB37-C55634D80969},,0,,,0,,,0,1,250440,firesponse,100,,,Orange,TXTIC,48361,SFS,TXTXS,,Private,Private,,,,,,,SA13,SFS,TXTXS,US-TX,,,Hardwood Litter,,,2025-TXTXS-250440,,No Decision,,,,2/8/2025 10:58:36 PM,2/28/2025 8:18:39 PM,IRWIN,0,,,{F8D589B8-26C6-4454-A537-330216D9D691},04194872-d55b-4754-a47d-7a01ff0ad34c,1.09410984805436E-06,0.00565504525458155,Type 5 Incident
36936,1741,Marion 0443,Wildfire Daily Fire Perimeter,GPS-Walked/Driven,2.69742373972885,No,Public,Approved,Yes,2/10/2025 6:19:48 PM,2/10/2025 6:21:18 PM,2/8/2025 6:12:58 PM,{5D333E23-2D01-48AB-B29E-41BF9EE37DD3},,2.69742485292586,{7209E2EA-75AC-44D8-A61D-6F0E3AA5AB8C},2025 NIFS,33054570,,DEFAULT,,2/9/2025 12:47:00 AM,,firesponse,3,3,TXTIC,,,,,,Minimal,,,,Undetermined,Undetermined (remarks required),,,,2/8/2025 10:06:00 PM,Type 5 Incident,,,,,,,,SACC,,,,,,Marion 0443,,WF,FI,32.73711236,-94.56296853,,,{5D333E23-2D01-48AB-B29E-41BF9EE37DD3},,0,,,0,,,0,1,250443,firesponse,100,,,Marion,TXTIC,48315,SFS,TXTXS,,Private,Private,,,,,,,SA07,SFS,TXTXS,US-TX,,,Timber (Litter and Understory),,,2025-TXTXS-250443,,No Decision,,,,2/8/2025 11:49:25 PM,2/17/2025 9:24:04 PM,IRWIN,0,,,{0F1A41E0-CC92-4D08-BEE6-0B33BFA4985F},da27ee7d-7af3-4fc2-a404-780409b9b070,1.05013737083937E-06,0.00457902530933932,Type 5 Incident
36949,1753,Jasper 0444,Wildfire Daily Fire Perimeter,Mixed Methods,10.2164536152072,No,Public,Approved,Yes,2/10/2025 7:18:01 PM,2/10/2025 7:21:52 PM,,{546D30B5-FE99-4E9D-AF10-1717F2485E75},,10.2164579754857,{814D4C55-FC8B-4B66-96D8-1572CCB9645F},2025 NIFS,33054571,,DEFAULT,,2/9/2025 1:00:00 AM,,firesponse,10.2,10.2,TXTIC,,,,,,Minimal,,,,Human,Debris and open burning,Open trash burning,,,2/8/2025 10:23:00 PM,Type 5 Incident,,,,,,,,SACC,,,,,,Jasper 0444,,WF,FI,30.61333333,-93.91583333,,,{546D30B5-FE99-4E9D-AF10-1717F2485E75},,0,,,0,,,0,1,250444,firesponse,100,,,Jasper,TXTIC,48241,SFS,TXTXS,,Private,Private,,,,,,,SA12,SFS,TXTXS,US-TX,,,Tall Grass (2.5 feet),,,2025-TXTXS-250444,,No Decision,,,,2/9/2025 12:13:38 AM,2/9/2025 1:37:00 AM,IRWIN,0,,,{95EDE3BC-9D96-426E-9B6E-840CE1859EC8},fdca71aa-3c31-4ac0-9b43-a534b17b3498,3.88925218430813E-06,0.00863897768943801,
36963,1781,64 Tumbleweed,Wildfire Daily Fire Perimeter,Mixed Methods,13.0635394338141,No,Public,Approved,Yes,2/10/2025 8:45:14 PM,2/10/2025 9:31:17 PM,2/9/2025 2:50:27 AM,{7B90EE52-FFC6-49A9-8889-65473ECE1AAB},,13.063544333968,{413612FB-C53B-4409-8387-E5981DCCAB50},2025 NIFS,33054569,,DEFAULT,,2/9/2025 12:34:49 AM,2/11/2025 10:28:50 PM,firesponse,13,13,TXTIC,,,,,,Minimal,,,,Human,Debris and open burning,Yard debris,,,2/8/2025 10:45:14 PM,Type 5 Incident,,,,,,,,SACC,,,,,,64 Tumbleweed,,WF,FI,33.61868333,-101.71271667,,,{7B90EE52-FFC6-49A9-8889-65473ECE1AAB},,0,,,0,,,0,1,250445,firesponse,100,,,Lubbock,TXTIC,48303,SFS,TXTXS,,Private,Private,,,,,,,SA04,SFS,TXTXS,US-TX,,,Tall Grass (2.5 feet),,,2025-TXTXS-250445,,No Decision,,,,2/8/2025 11:33:18 PM,2/24/2025 3:14:21 PM,IRWIN,0,,,{E9604781-CA5A-42CC-9D60-39E2BF20D499},8ddc3a42-649c-44e1-a14e-4a4e8190f347,5.13640134158777E-06,0.0163004789447626,Type 5 Incident
36956,1767,Heather,Wildfire Daily Fire Perimeter,Mixed Methods,59.392409353745,No,Public,Approved,Yes,2/10/2025 7:54:54 PM,2/10/2025 8:06:28 PM,2/10/2025 12:13:57 AM,{DBC32852-05B4-4459-8881-6C3E64556E77},,59.3924370342395,{79DD99C2-5EBD-48FE-AB42-AE19567FEB44},2025 NIFS,33054578,,DEFAULT,,2/11/2025 5:09:25 PM,2/11/2025 10:28:03 PM,firesponse,59,59,TXTIC,,,,,,Moderate,,,,Human,Equipment and vehicle use,Passenger vehicle/motorized RV,,,2/9/2025 12:08:18 AM,Type 5 Incident,,,,,,,,SACC,,,,,,Heather,,WF,FI,28.02245,-97.21873,,,{DBC32852-05B4-4459-8881-6C3E64556E77},,0,,,0,,,0,1,250446,firesponse,100,,,Aransas,TXTIC,48007,SFS,TXTXS,,Private,Private,,,,,,,SA15,SFS,TXTXS,US-TX,,,,,,2025-TXTXS-250446,,No Decision,,,,2/9/2025 1:18:32 AM,2/24/2025 3:14:24 PM,IRWIN,0,,,{BFE6EB54-5B37-44A0-B334-B4301DFBFABC},bf2c88ef-5ebe-4270-b11e-1aa34b79727a,2.20539686779375E-05,0.0250341211261926,Type 5 Incident
37001,27080,Blue Trail,Wildfire Final Fire Perimeter,Auto-generated for InFORM,1.3,No,Public,Approved,Yes,2/13/2025 1:24:42 PM,2/13/2025 1:24:42 PM,2/13/2025 1:24:41 PM,{C49F6078-5AD9-4110-AEDA-BF275BBF1B39},{E58AF0B3-2138-4AE3-815E-4031CBD40826},1.07752616111837,,FFP,5415993,,CERTIFIED,1.08,2/9/2025 3:44:00 PM,2/13/2025 12:10:00 PM,wildcade,1.3,,ALAIC,,,,,2/13/2025 1:24:34 PM,,,,,,,,SFB0,,2/9/2025 11:46:47 AM,,2/13/2025 12:30:00 PM,,,,,P8,0801,SACC,,,,,,Blue Trail,,WF,FI,33.52249,-85.852968,,2/9/2025 12:30:00 PM,,,,1,,0,,1,,1,000064,wildcade,,,,Talladega,ALAIC,01121,USFS,ALALF,,USFS,Federal,,,,,,,,USFS,ALALF,US-AL,Timber,TL9,,,,2025-ALALF-000064,{E58AF0B3-2138-4AE3-815E-4031CBD40826},,,,,2/9/2025 2:23:30 PM,2/13/2025 1:02:28 PM,FODR,,,,{B09A045E-D039-4FF6-9F7B-72E6C51EFEE8},1f6888fb-379f-4611-a9e3-ae9cf25d4569,4.23200162913417E-07,0.00375280156261241,
37002,27079,Kentuck,Wildfire Final Fire Perimeter,Auto-generated for InFORM,3.6,No,Public,Approved,Yes,2/13/2025 1:09:29 PM,2/13/2025 1:09:29 PM,2/13/2025 1:09:29 PM,{27C3E80F-D5D3-4C7F-AB04-ED73535C35BE},{38E4CA06-C6D0-4FF8-B5CE-6B947E50A32B},3.62981098796747,,FFP,5415996,,CERTIFIED,3.63,2/9/2025 3:04:00 PM,2/13/2025 12:10:00 PM,wildcade,3.6,,ALAIC,,,,,2/13/2025 1:09:23 PM,,,,,,,,SFA8,,2/9/2025 1:32:26 PM,,2/13/2025 12:30:00 PM,,,,,P8,0801,SACC,,,,,,Kentuck,,WF,FI,33.520833,-85.879467,,2/9/2025 1:45:00 PM,,,,1,,0,,1,,1,000066,wildcade,,,,Talladega,ALAIC,01121,USFS,ALALF,,USFS,Federal,,,,,,,,USFS,ALALF,US-AL,Timber,TL9,,,,2025-ALALF-000066,{38E4CA06-C6D0-4FF8-B5CE-6B947E50A32B},,,,,2/9/2025 1:43:26 PM,2/13/2025 1:03:50 PM,FODR,,,,{ED671B1A-D61E-44D5-B14A-8CD393EC9BEB},0e5996b3-eb68-47f9-8b7a-3c486bc0661b,1.42560247695656E-06,0.0120276163163038,
37051,2022,Merganser,Wildfire Daily Fire Perimeter,Mixed Methods,1.21,No,Public,Approved,Yes,2/19/2025 1:51:17 PM,2/19/2025 2:32:12 PM,2/12/2025 8:30:39 PM,{3292CF55-852A-4BD3-BE96-B7CB85322EBA},,1.20828052366822,{E7D9957D-429F-4E4D-B39F-7EDD8CB0FE53},2025 NIFS,38109201,,DEFAULT,,,2/9/2025 9:30:00 PM,iffrs,1.21,0.01,WIWISC,,1.21,,,,,,,,Human,Other causes,Other (remarks required),SFD1,,2/9/2025 6:00:00 PM,,2/10/2025 4:00:00 PM,,,,,,,EACC,,,,,,Merganser,,WF,FI,43.30368,-90.98349,0.01,2/9/2025 9:10:00 PM,{3292CF55-852A-4BD3-BE96-B7CB85322EBA},,0,,,0,,,,1,FIRE123119,iffrs,,,,Crawford,WIWIC,55023,,,,Private,Private,,,,,,,EA05,DNR,WIWIS,US-WI,,,Short Grass (1 foot),,,2025-WIWIS-FIRE123119,,No Decision,,,,2/10/2025 6:25:50 PM,3/9/2025 1:57:23 PM,IRWIN,0,,,{3292CF55-852A-4BD3-BE96-B7CB85322EBA},ff6d451a-2fb0-41b2-9968-cab071dd003d,5.4251268011285E-07,0.00479439784969659,
36944,1754,Montgomery 0450,Wildfire Daily Fire Perimeter,Mixed Methods,10.9008125274673,No,Public,Approved,Yes,2/10/2025 7:20:44 PM,2/10/2025 7:21:52 PM,,{6C7AAC18-65B5-4249-A24F-29D22A236962},,10.9008172430011,{C522DFC5-F3E3-456E-BF04-EAC79494DABE},2025 NIFS,33054633,,DEFAULT,,2/9/2025 10:20:00 PM,2/10/2025 11:30:00 PM,firesponse,11,11,TXTIC,,,,,,Minimal,,,,Human,Firearms and explosives use,Exploding target shooting,,,2/9/2025 6:10:00 PM,Type 5 Incident,,,,,,,,SACC,,,,,,Montgomery 0450,,WF,FI,30.35536538,-95.63551773,,,{6C7AAC18-65B5-4249-A24F-29D22A236962},,0,,,0,,,0,1,250450,firesponse,100,,,Montgomery,TXTIC,48339,SFS,TXTXS,,Private,Private,,,,,,,SA12,SFS,TXTXS,US-TX,,,Timber (Litter and Understory),,,2025-TXTXS-250450,,No Decision,,,,2/9/2025 8:20:58 PM,2/17/2025 3:40:52 PM,IRWIN,0,,,{B6321536-AE7F-4A4F-9AE1-49668ADBFC5B},34fa417c-3217-4dc6-8e13-80e6da1eb366,4.13923544329009E-06,0.00876528144743341,Type 5 Incident
36918,1701,Picadilla,Wildfire Daily Fire Perimeter,Mixed Methods,71.39,No,Public,Approved,Yes,2/9/2025 11:34:01 PM,2/20/2025 4:42:27 PM,2/10/2025 12:30:46 AM,{E2D77A2E-1DA9-4D32-B719-4C6CA62F288A},,71.3876695529465,{C36C22F9-D795-4650-AC49-D4DDB5EB85A5},2025 NIFS,33054644,,DEFAULT,,2/10/2025 9:42:00 PM,2/25/2025 6:35:00 PM,wildcade,71,0.1,AZPHC,,,,,,,,,,Human,,,SFB5,,2/9/2025 8:47:00 PM,,2/25/2025 6:35:00 PM,,,,,P3,0312,SWCC,,,,,,Picadilla,,WF,FI,33.732222,-111.505,,,{E2D77A2E-1DA9-4D32-B719-4C6CA62F288A},,0,1,,0,,,,1,000173,wildcade,,,,Maricopa,AZPHC,04013,USFS,AZTNF,,USFS,Federal,,,,,,,SW06N,USFS,AZTNF,US-AZ,,,,,,2025-AZTNF-000173,,No Decision,,,,2/9/2025 11:33:36 PM,2/25/2025 6:37:48 PM,IRWIN,0,,,{E5F96115-0649-4040-A8A1-653A89078AA2},7c851dc3-ab81-43dc-8693-9ce19980347d,2.81049478871864E-05,0.0259183165139604,
37125,27118,Laguna,Wildfire Final Fire Perimeter,Mixed Methods,0.029915,No,Public,Approved,Yes,2/23/2025 6:09:59 PM,2/23/2025 6:09:59 PM,2/23/2025 6:09:59 PM,{B8BEDA41-4D6D-4445-AF6E-69ABE652B6EE},{1828B373-EF2A-402F-858C-56C3275D17F5},0.0299148866946069,,FFP,5408726,,CERTIFIED,0.03,2/10/2025 5:23:00 AM,2/10/2025 5:23:00 AM,wildcade,0.1,,AZPHC,,,,,2/23/2025 6:09:53 PM,,,,,,,,SFB6,,2/10/2025 3:38:46 AM,,2/10/2025 5:23:00 AM,,,,,P3,0312,SWCC,,,,,,Laguna,,WF,FI,33.531502,-111.424004,,2/10/2025 4:54:00 AM,,,,1,,0,,,,1,000174,wildcade,,,,Maricopa,AZPHC,04013,USFS,AZTNF,,USFS,Federal,,,,,,,,USFS,AZTNF,US-AZ,Grass-Shrub,GS2,,,,2025-AZTNF-000174,{1828B373-EF2A-402F-858C-56C3275D17F5},,,,,2/10/2025 5:15:42 AM,2/11/2025 5:30:21 PM,FODR,,,,{E9C5F86E-ADAC-4A7F-B788-411DF5ABBE32},9529eb34-9c90-4271-a554-5890af8e9782,1.17502167995553E-08,0.00085791326470709,
37124,27119,Gatorade,Wildfire Final Fire Perimeter,Mixed Methods,0.05660198,No,Public,Approved,Yes,2/23/2025 6:12:59 PM,2/23/2025 6:12:59 PM,2/23/2025 6:12:59 PM,{BDF0D444-A6CA-462C-9220-9AD83F3AA709},{80382018-B0E2-47E9-8D6D-35469FCC58BF},0.056601472378244,,FFP,5465745,,CERTIFIED,0.06,2/10/2025 7:15:00 AM,2/10/2025 7:02:00 PM,wildcade,0.1,,AZPHC,,,,,2/23/2025 6:12:52 PM,,,,,,,,SFB7,,2/10/2025 6:20:46 AM,,2/10/2025 7:02:00 PM,,,,,P3,0312,SWCC,,,,,,Gatorade,,WF,FI,33.813202,-111.485001,,2/10/2025 7:09:00 AM,,,,1,,0,,,,1,000175,INFORM_Inspector,,,,Maricopa,AZPHC,04013,USFS,AZTNF,,USFS,Federal,,,,,,,,USFS,AZTNF,US-AZ,Grass-Shrub,GS2,,,,2025-AZTNF-000175,{80382018-B0E2-47E9-8D6D-35469FCC58BF},,,,,2/10/2025 7:21:44 AM,2/23/2025 6:12:36 PM,FODR,,,,{690985DB-30A8-4A73-B933-C573FB070FD3},b93ab0ab-5831-4b09-852e-58d19c124073,2.2305812308332E-08,0.000847678050088229,
36954,1723,Skyway Fire,Wildfire Daily Fire Perimeter,Auto-generated for InFORM,0.5,No,Public,Approved,Yes,2/10/2025 5:06:33 PM,2/10/2025 8:06:03 PM,2/10/2025 5:06:33 PM,{94F067F8-B1FC-47BD-A24A-4EEF3272A961},,0.837556493277967,{5F26D35F-17C2-45FD-826A-08B45D9D0FF9},2025 NIFS,33054726,,DEFAULT,,,,wildcade,0.5,0.5,ALAIC,,,,,,,,,,Undetermined,,,SFC7,,2/10/2025 4:35:47 PM,,,,,,,P8,0801,SACC,,,,,,Skyway Fire,,WF,FI,33.466939,-85.839668,,,{94F067F8-B1FC-47BD-A24A-4EEF3272A961},,0,1,1,0,1,1,,1,000069,wildcade,,,,Clay,ALAIC,01027,USFS,ALALF,,USFS,Federal,,,,,,,SA38,USFS,ALALF,US-AL,,,,,,2025-ALALF-000069,,No Decision,,,,2/10/2025 5:06:08 PM,2/10/2025 5:07:03 PM,IRWIN,0,,,{D94C85EA-C4B0-4BF7-B4F1-ED9B4557AAF4},7b811dcc-4a12-4715-9660-7e33cbab5e66,3.28750275002676E-07,0.00308758502625836,
37281,27161,Little Blakely,Wildfire Final Fire Perimeter,Auto-generated for InFORM,25,No,Public,Approved,Yes,3/4/2025 2:40:45 PM,3/4/2025 2:40:45 PM,3/4/2025 2:40:45 PM,{409F4160-0D64-4E78-9DC1-09AC1A684016},{754B969D-B6B3-4964-987A-90A867266A71},26.6130522775615,,FFP,5493024,,CERTIFIED,26.61,2/10/2025 9:15:00 PM,2/20/2025 5:55:00 PM,wildcade,25,,ARAOC,,,,,3/4/2025 2:40:38 PM,,,,,,,,SFF2,,2/10/2025 4:50:30 PM,,2/26/2025 3:00:00 PM,,,,,P8,0809,SACC,,,,,,Little Blakely,,WF,FI,34.667889,-93.128357,,2/10/2025 5:00:00 PM,,,,1,,0,,,,1,000180,INFORM_Inspector,,,,Garland,ARAOC,05051,USFS,AROUF,,USFS,Federal,,,,,,,,USFS,AROUF,US-AR,Slash,SB1,,,,2025-AROUF-000180,{754B969D-B6B3-4964-987A-90A867266A71},,,,,2/10/2025 7:25:04 PM,3/3/2025 1:44:02 PM,FODR,,,,{4FB29CF8-9272-45D4-8BDF-78F06F2D621E},6282014b-43d9-4ffe-83fa-3607e32eb9c8,1.05875785720855E-05,0.0209053126416244,
36972,1810,Liberty 0464,Wildfire Daily Fire Perimeter,Mixed Methods,4.18405334817667,No,Public,Approved,Yes,2/11/2025 5:49:56 PM,2/11/2025 5:50:28 PM,,{F19AF841-26DA-4F24-9918-4F42B2864EA2},,4.18405512443419,{670321C5-3685-4E00-81A8-815E0AF4E1CC},2025 NIFS,33054786,,DEFAULT,,2/11/2025 12:10:00 AM,2/11/2025 12:25:00 AM,firesponse,4,4,TXTIC,,,,,,Minimal,,,,Human,Debris and open burning,Machine pile/slash,,,2/10/2025 9:05:00 PM,Type 5 Incident,,,,,,,,SACC,,,,,,Liberty 0464,,WF,FI,30.22240193,-95.03425693,,,{F19AF841-26DA-4F24-9918-4F42B2864EA2},,0,,,0,,,0,1,250464,firesponse,100,,,Liberty,TXTIC,48291,SFS,TXTXS,,Private,Private,,,,,,,SA12,SFS,TXTXS,US-TX,,,Timber (Litter and Understory),,,2025-TXTXS-250464,,No Decision,,,,2/10/2025 11:01:26 PM,2/11/2025 12:31:37 AM,IRWIN,0,,,{16566950-5BFE-449E-B0CD-4205733F515E},996a6586-8e2c-46fd-9ff8-2e7b7ec0f5cb,1.58657599058643E-06,0.00549358123952086,
36971,1809,Miller,Wildfire Daily Fire Perimeter,Mixed Methods,10.0113178881788,No,Public,Approved,Yes,2/11/2025 5:37:00 PM,2/11/2025 5:40:28 PM,2/11/2025 12:51:31 AM,{863595B9-F8BF-42D7-AE48-99D152FABFEF},,10.0113228923964,{EE3B5A70-3769-42FA-990B-6BCDCB95D3EA},2025 NIFS,33054778,,DEFAULT,,2/11/2025 6:23:24 PM,,firesponse,9.5,9.5,TXTIC,,,,,,,,,,Human,Equipment and vehicle use,Passenger vehicle/motorized RV,SF1Z,,2/10/2025 9:40:13 PM,Type 5 Incident,,,,,,,,SACC,,,,,,Miller,,WF,FI,26.51452797,-98.13104418,,,{863595B9-F8BF-42D7-AE48-99D152FABFEF},,0,,,0,,,1,1,250465,firecode,100,,,Hidalgo,TXTIC,48215,SFS,TXTXS,,Private,Private,,,,,,,SA16,SFS,TXTXS,US-TX,,,Brush (2 feet),,,2025-TXTXS-250465,,No Decision,,,,2/10/2025 10:02:21 PM,2/27/2025 5:09:59 PM,IRWIN,0,,,{50D88A0C-4402-4927-8FB5-F9C386EB1683},a7c3ec60-3d3d-4ed5-a471-5033cd304131,3.66846779797925E-06,0.0102829329633324,Type 5 Incident
36969,1806,Brady,Wildfire Daily Fire Perimeter,Digitized-Image,362,No,Public,Approved,Yes,2/11/2025 4:39:53 PM,2/11/2025 10:33:56 PM,2/11/2025 10:31:37 PM,{3C953841-39BA-4C7A-9E3A-09FF7EF4C655},,365.371119516932,{DF6B4A14-0A33-428F-8481-31F83D46C1FE},2025 NIFS,33054792,,DEFAULT,362.4909,2/16/2025 10:00:00 PM,,wildcade,363,5,AZPDC,1390000,,,,,Minimal,,,,Human,,,SFE9,,2/10/2025 10:00:40 PM,,,0,100,0,0,P3,0309,SWCC,2/16/2025 10:11:55 PM,2/15/2025 9:05:00 PM,2/16/2025 9:58:00 PM,F,Type 4 IC,Brady,North of the community of Pine Flat,WF,FI,34.245067,-112.366104,,,{3C953841-39BA-4C7A-9E3A-09FF7EF4C655},,0,1,,0,,1,0,1,000122,wildcade,100,100,,Yavapai,AZPDC,04025,USFS,AZPNF,,USFS,Federal,,,,,,,SW02,USFS,AZPNF,US-AZ,,,Brush (2 feet),Chaparral (6 feet),10,2025-AZPNF-000122,,No Decision,,,,2/10/2025 11:28:36 PM,2/16/2025 11:21:29 PM,IRWIN,0,,,{D353D223-23F8-4455-B41E-FB2938F004AC},f9fbcf29-edb3-47a9-a565-f403e02b209e,0.000144925021686504,0.0647562502868706,Type 4 Incident
37387,1836,Red Creek Road,Wildfire Daily Fire Perimeter,Auto-generated for InFORM,0.1,No,Public,Approved,Yes,2/11/2025 11:34:13 PM,3/8/2025 8:55:52 PM,2/13/2025 3:13:04 PM,{0960D943-885C-4C26-9B57-D5B4156B6FF9},,0.0731471824149883,{53D40D73-3DB3-481C-967A-1D3C7071D30F},2025 NIFS,38124006,,DEFAULT,,2/11/2025 10:40:00 PM,2/12/2025 5:25:00 PM,wildcade,0.1,0.1,MSMIC,,,,,,,,,,Human,,,SFG4,,2/11/2025 10:00:29 PM,,2/13/2025 3:12:00 PM,,,,,,,SACC,,,,,,Red Creek Road,,WF,FI,30.917783,-89.29645,,,{0960D943-885C-4C26-9B57-D5B4156B6FF9},,0,1,,0,,,,1,000049,INFORM_Inspector,,,,Forrest,MSMIC,28035,USFS,MSMNF,,USFS,Federal,,,,,,,SA22A,USFS,MSMNF,US-MS,,,,,,2025-MSMNF-000049,,No Decision,,,,2/11/2025 11:33:36 PM,3/8/2025 8:55:54 PM,IRWIN,0,,,{0960D943-885C-4C26-9B57-D5B4156B6FF9},fdce4253-19f4-444f-9a48-78f59518e7bb,2.79330834018765E-08,0.000699923383299638,
37376,2356,CORN,Wildfire Daily Fire Perimeter,Hand Sketch,0.01,No,Public,Approved,Yes,2/26/2025 7:49:35 AM,3/8/2025 2:03:57 AM,3/8/2025 12:11:36 AM,{E197DA29-EA99-421E-8FCE-02F29DB322A7},,0.00164421719320283,{C8D0D616-BF8F-4177-B882-4B1421FCD32F},2025 NIFS,38124802,,DEFAULT,,,,wildcade,0.01,0.01,CASBCC,,,,,,,,,,Undetermined,,,SGQ2,,2/12/2025 12:09:56 AM,,,,,,,,,OSCC,,,,,,CORN,,WF,FI,33.679167,-115.233278,,,{E197DA29-EA99-421E-8FCE-02F29DB322A7},,0,,,0,,,,1,002881,INFORM_Inspector,,,,Riverside,CASBCC,06065,BLM,CACDD,,BLM,Federal,,,,,,,SC13,BLM,CACDD,US-CA,,,,,,2025-CACDD-002881,,No Decision,,,,2/12/2025 12:13:11 AM,3/8/2025 2:07:12 AM,IRWIN,0,,,{E197DA29-EA99-421E-8FCE-02F29DB322A7},6c946f74-1aa8-480b-9a5c-85db5b425150,6.46650732960552E-10,0.000113481617720621,
37096,1907,NOPAH,Wildfire Daily Fire Perimeter,Auto-generated for InFORM,9,No,Public,Approved,Yes,2/13/2025 11:53:25 PM,2/20/2025 3:53:58 PM,2/13/2025 11:53:25 PM,{89D0C461-30C3-43D6-AE14-4D6C0BD22C03},,8.96175609571536,{091F0C63-835F-42F5-B5C9-5859D9FE0F6F},2025 NIFS,33055096,,DEFAULT,,2/12/2025 7:40:00 PM,2/12/2025 7:40:00 PM,wildcade,9,9,CASBCC,,,,,,,,,,Undetermined,,,SFK1,,2/12/2025 4:34:50 AM,,2/13/2025 11:45:00 PM,,,,,,,OSCC,,,,,,NOPAH,,WF,FI,35.88524,-116.23409,,,{89D0C461-30C3-43D6-AE14-4D6C0BD22C03},,0,1,,0,,1,,1,002892,firecode,,,,Inyo,CASBCC,06027,BLM,CACDD,,BLM,Federal,,,,,,,SC14,BLM,CACDD,US-CA,,,,,,2025-CACDD-002892,,No Decision,,,,2/13/2025 11:53:12 PM,2/13/2025 11:53:40 PM,IRWIN,0,,,{E3A5580F-DAA5-4FC2-8A36-5E3A5E82A450},6254d645-8ed0-4955-b077-6a12cbe93b76,3.61990169039927E-06,0.0105560078547855,
37029,1869,Refuge,Wildfire Daily Fire Perimeter,GPS-Walked/Driven,19.5624647458671,No,Public,Approved,Yes,2/12/2025 10:07:58 PM,2/14/2025 4:34:02 PM,,{8E0E91BF-FF5D-467B-88F3-34A91678A405},,19.5623947371034,{11B3D08B-7AC1-42A4-9883-67E3B24365E8},2025 NIFS,38131603,,DEFAULT,,2/12/2025 10:15:00 PM,,wildcade,19.1,1,FLFIC,,,,,,,,,,Human,,,SFH0,,2/12/2025 4:59:00 PM,,,,,,,P8,0805,SACC,,,,,,Refuge,,WF,FI,29.223833,-81.7753,,,{8E0E91BF-FF5D-467B-88F3-34A91678A405},,0,,,0,,,,1,000429,wildcade,,,,Marion,FLFIC,12083,USFS,FLFNF,,USFS,Federal,,,,,,,SA49,USFS,FLFNF,US-FL,,,,,,2025-FLFNF-000429,,No Decision,,,,2/12/2025 5:19:54 PM,3/10/2025 6:00:56 PM,IRWIN,0,,,{8E0E91BF-FF5D-467B-88F3-34A91678A405},847ed7cb-bef2-4361-a967-831638c86c2f,7.34611512598349E-06,0.0119923557474634,
36999,1854,Kever,Wildfire Daily Fire Perimeter,Digitized-Image,68.1299849134328,No,Public,Approved,Yes,2/12/2025 7:16:41 PM,2/16/2025 3:12:26 AM,2/12/2025 11:51:55 PM,{62CF97EC-ED19-434D-B641-BC4AD74AE170},,68.1297453309893,{D8905FAC-65AC-42CA-A8F7-769F93B04F19},2025 NIFS,33054985,,DEFAULT,,,,wildcade,47,1,FLFIC,,,,,,,,,,Human,,,SFH4,,2/12/2025 6:59:12 PM,,,,,,,P8,0805,SACC,,,,,,Kever,,WF,FI,30.268167,-85.019,,,{62CF97EC-ED19-434D-B641-BC4AD74AE170},,0,,,0,,,,1,000432,wildcade,,,,Liberty,FLFIC,12077,USFS,FLFNF,,USFS,Federal,,,,,,,SA47,USFS,FLFNF,US-FL,,,,,,2025-FLFNF-000432,,No Decision,,,,2/12/2025 7:16:06 PM,2/21/2025 6:26:44 PM,IRWIN,0,,,{D43899DA-1CCE-4C69-B262-73C80D4E3B1F},ca0cead5-385f-4757-9b7f-af8cdede7ae5,2.58468214724417E-05,0.0374459637806963,
37034,27106,C-89,Wildfire Final Fire Perimeter,Auto-generated for InFORM,0.66,No,Public,Approved,Yes,2/18/2025 4:01:42 PM,2/18/2025 4:01:42 PM,2/18/2025 4:01:42 PM,{07C4DC56-AB02-4AF1-8F1D-5AFF6D6EF6F4},{7A3A4A20-5865-448D-80EC-A209DC505867},0.779001483444069,,FFP,5455919,,CERTIFIED,0,2/12/2025 8:08:00 PM,2/12/2025 8:08:00 PM,wildcade,0.66,,SCSCC,,,,,2/18/2025 4:01:35 PM,,,,,,,,SFH3,,2/12/2025 7:29:50 PM,,2/12/2025 8:08:00 PM,,,,,P8,0812,SACC,,,,,,C-89,,WF,FI,33.171283,-79.9012,,,,1,,0,,0,,1,,1,250041,wildcade,,,,Berkeley,SCSCC,45015,FC,SCSCS,,Private,Private,,,,,,,,USFS,SCFMF,US-SC,,,,,,2025-SCFMF-250041,{7A3A4A20-5865-448D-80EC-A209DC505867},,,,,2/12/2025 8:03:25 PM,2/12/2025 8:25:11 PM,FODR,,,,{2D52F7FA-4CAB-4B90-ABE6-45197FFB7494},217a068f-0a80-493d-9440-e4a983735a32,3.0474961931759E-07,0.00213889280318036,
37121,2130,SAGGE RIVER 20250213,Wildfire Daily Fire Perimeter,Hand Sketch,42.96,No,Public,Approved,Yes,2/22/2025 3:25:51 AM,2/22/2025 3:27:23 AM,2/22/2025 3:25:49 AM,{513D859D-CB50-48C3-84DF-1FAFF13B5E78},,43.5324538087603,{4049C567-1458-47E3-9157-93E068DBAA0D},2025 NIFS,33055545,,DEFAULT,,,,IROC,,,CAMNFC,,,,,,,,,,,,,,,2/12/2025 10:00:00 PM,,,,,,,,,ONCC,,,,,,SAGGE RIVER 20250213,,WF,FI,,,,,{513D859D-CB50-48C3-84DF-1FAFF13B5E78},,0,,,0,,,,1,000129,IROC,,,,Guam,CAMNFC,66010,,,,DOD,Federal,,,,,,,None,FWS,GUGUR,US-GU,,,,,,2025-GUGUR-000129,,No Decision,,,,2/19/2025 5:20:50 PM,2/20/2025 12:12:07 AM,IRWIN,0,,,{BD6181A1-6AA3-46E1-92A0-2C96C7772298},6cae9a82-c445-4ac0-8710-e935d6b19ae0,1.46987429161527E-05,0.0226185982209415,
37122,2131,MOUNT ALIFAN 202520250213,Wildfire Daily Fire Perimeter,Hand Sketch,0.24,No,Public,Approved,Yes,2/22/2025 4:03:03 AM,2/22/2025 4:03:03 AM,2/16/2025 1:00:00 AM,{3BAEABAD-FC0C-4D0A-8BC8-5F74B5FC658A},,0.236057440438858,{48C67F84-6601-46E1-92D9-85510B7FA4F4},2025 NIFS,33055552,,DEFAULT,,,,IROC,,,CAMNFC,,,,,,,,,,,,,,,2/12/2025 10:00:00 PM,,,,,,,,,ONCC,,,,,,MOUNT ALIFAN 202520250213,,WF,FI,,,,,{3BAEABAD-FC0C-4D0A-8BC8-5F74B5FC658A},,0,,,0,,,,1,000128,IROC,,,,Guam,CAMNFC,66010,NPS,GUWPP,,NPS,Federal,,,,,,,None,NPS,GUWPP,US-GU,,,,,,2025-GUWPP-000128,,No Decision,,,,2/19/2025 6:19:46 PM,2/20/2025 12:09:18 AM,IRWIN,0,,,{DFEE0CA5-8C9D-4A4A-83EE-99524D2F4AFD},5677aae0-89ee-4f61-9530-182fd2c1a3b8,7.97192569734761E-08,0.00132720859927532,
37028,1905,131,Wildfire Daily Fire Perimeter,Digitized-Image,92.9505806494813,No,Public,Approved,Yes,2/13/2025 11:19:31 PM,2/16/2025 3:12:28 AM,2/13/2025 12:06:50 AM,{D43985B0-B309-4276-A4A2-95A50178E1DE},,92.9502536996322,{E9145118-D86A-4471-ABA6-7413B0F8CFD4},2025 NIFS,33055011,,DEFAULT,,2/20/2025 5:00:00 AM,2/20/2025 5:00:00 AM,wildcade,41,75,FLFIC,,,,,,,,,,Human,,,SFH7,,2/12/2025 10:06:46 PM,,2/20/2025 7:00:00 PM,,,,,P8,0805,SACC,,,,,,131,,WF,FI,30.277431,-84.989429,,,{D43985B0-B309-4276-A4A2-95A50178E1DE},,0,,,0,,,,1,000436,wildcade,,,,Liberty,FLFIC,12077,USFS,FLFNF,,USFS,Federal,,,,,,,SA47,USFS,FLFNF,US-FL,,,,,,2025-FLFNF-000436,,No Decision,,,,2/12/2025 11:03:44 PM,2/20/2025 6:50:03 PM,IRWIN,0,,,{DEC86F7D-2BB0-4435-AB7B-6B59F4EA25EF},76be73bf-53da-4ff3-8f6c-d3ec4cc28849,3.52606934939104E-05,0.0236550924775547,
37027,1872,108,Wildfire Daily Fire Perimeter,Digitized-Image,188.513675814282,No,Public,Approved,Yes,2/12/2025 11:01:32 PM,2/16/2025 3:12:27 AM,2/13/2025 9:43:18 PM,{FC11BED7-EFFB-47C0-B60E-D704AA00AFDB},,188.513012984889,{2E1215D3-4BB8-4BFE-973B-2856EFE5038C},2025 NIFS,33055010,,DEFAULT,,2/17/2025 7:39:00 PM,2/20/2025 7:00:00 PM,wildcade,184,100,FLFIC,76000,,,,,Minimal,Smoldering,Flanking,Spotting,Human,,,SFH8,,2/12/2025 10:43:48 PM,,2/20/2025 7:00:00 PM,0,100,0,0,P8,0805,SACC,2/17/2025 11:57:43 PM,2/16/2025 9:00:00 PM,2/17/2025 11:30:00 PM,F,Type 5 IC,108,Cpt 17  FSR 108 D,WF,FI,30.243197,-84.940369,,,{FC11BED7-EFFB-47C0-B60E-D704AA00AFDB},,0,,,0,,,0,1,000437,wildcade,100,100,,Liberty,FLFIC,12077,USFS,FLFNF,,USFS,Federal,,,,,,,SA47,USFS,FLFNF,US-FL,,,Southern Rough,Timber (Grass and Understory),10,2025-FLFNF-000437,,No Decision,,,,2/12/2025 11:00:59 PM,2/20/2025 6:51:11 PM,IRWIN,0,,,{08A56E59-CCB4-47FA-A30B-77546A873CA9},36759033-2294-4796-b216-75f62dc4f583,7.15040562226932E-05,0.0415167491301888,Type 4 Incident
37385,1880,Smoke Check,Wildfire Daily Fire Perimeter,Auto-generated for InFORM,8,No,Public,Approved,Yes,2/13/2025 4:52:34 PM,3/8/2025 8:18:23 PM,2/24/2025 6:55:54 PM,{59C4B326-2BBE-4D6E-A1B1-5C911A69EA14},,9.35937685571893,{359B1C81-F7C6-4E83-8F99-AAAB7775D628},2025 NIFS,38144002,,DEFAULT,,2/13/2025 4:28:00 PM,2/13/2025 4:28:00 PM,wildcade,8,8,MSMIC,,,,,,,,,,Human,,,SFJ3,,2/13/2025 4:22:17 PM,,2/24/2025 6:54:00 PM,,,,,P8,0892,SACC,,,,,,309L,,WF,FI,30.988239,-88.862089,,,{59C4B326-2BBE-4D6E-A1B1-5C911A69EA14},,0,1,,0,,,,1,000051,INFORM_Inspector,,,,Greene,MSMIC,28041,USFS,MSMNF,,USFS,Federal,,,,,,,SA22A,USFS,MSMNF,US-MS,,,,,,2025-MSMNF-000051,,No Decision,,,,2/13/2025 4:52:06 PM,3/8/2025 8:21:58 PM,IRWIN,0,,,{59C4B326-2BBE-4D6E-A1B1-5C911A69EA14},f47f3577-5973-4c61-b74a-920497f59b23,3.57761155100889E-06,0.0152463662275805,
37135,27122,Grass Lake,Wildfire Final Fire Perimeter,Hand Sketch,0.2,No,Public,Approved,Yes,2/24/2025 8:04:35 PM,2/24/2025 8:04:35 PM,2/24/2025 8:04:34 PM,{CFCDCAAE-F6A5-4FAF-8EDE-F23E4D9216C6},{1717A39E-4631-48DA-905C-79FCDDA773C5},0.202016429611692,,FFP,5479745,,CERTIFIED,0.4,,,INFORM_Inspector,3,,MOMOC,,,,,2/24/2025 8:04:26 PM,,,,,,,,SFW8,,2/13/2025 6:45:00 PM,,2/13/2025 9:00:00 PM,,,,,,,EACC,,,,,,Grass Lake,,WF,FI,,,,2/13/2025 7:00:00 PM,,,,0,,0,,,,1,000001,INFORM_Inspector,,,,Worth,MOMOC,19195,FWS,IAWTR,,USFWS,Federal,,,,,,,,FWS,IAWTR,US-IA,Grass,GR3,,,,2025-IAWTR-000001,{1717A39E-4631-48DA-905C-79FCDDA773C5},,,,,2/24/2025 7:48:04 PM,2/24/2025 7:48:04 PM,FODR,,,,{D933C235-4BE6-4BBB-BB9C-EDEC509697BA},3f31ddea-7468-45b5-8080-69eb46a8d56c,9.09712980501354E-08,0.00118733595266404,
37116,27117,314,Wildfire Final Fire Perimeter,Auto-generated for InFORM,20.54,No,Public,Approved,Yes,2/21/2025 6:21:16 PM,2/21/2025 6:21:16 PM,2/21/2025 6:21:16 PM,{F45AC2CA-2926-4410-A59C-7C86F5108CDE},{4BC39E1B-0924-4721-A073-00B2814B5039},19.6387473289961,,FFP,5465119,,CERTIFIED,19.64,2/13/2025 11:40:00 PM,2/14/2025 12:00:00 AM,wildcade,20.54,,CODRC,,,,,2/21/2025 6:21:09 PM,,,,,,,,SFK0,,2/13/2025 10:10:50 PM,,2/21/2025 5:00:00 PM,,,,,PA,1532,RMCC,,,,,,314,,WF,FI,37.13417,-107.65278,,2/13/2025 10:30:00 PM,,,,1,,0,,,,1,000055,wildcade,,,,La Plata,CODRC,08067,BIA,COSUA,,BIA,Federal,,,,,,,,BIA,COSUA,US-CO,Grass,GR1,,,,2025-COSUA-000055,{4BC39E1B-0924-4721-A073-00B2814B5039},,,,,2/13/2025 11:47:22 PM,2/21/2025 5:09:01 PM,FODR,,,,{5792EBDB-799B-4EC2-8573-12EA5FA99049},eafd1543-08fb-40f0-9b7b-f8855ff7b09e,8.05951026450202E-06,0.0140690152251977,
37030,1918,Frosty,Wildfire Daily Fire Perimeter,Auto-generated for InFORM,2,No,Public,Approved,Yes,2/14/2025 8:55:59 PM,2/14/2025 9:03:18 PM,2/14/2025 8:55:59 PM,{D93C855C-6861-43DB-B69D-C1CC9F1597D7},,1.91261857056672,{4C192FEC-0B98-48E7-9E42-854954BF77CA},2025 NIFS,38157601,,DEFAULT,1.91,2/14/2025 8:54:18 PM,,INFORM_Mobile,2,,SDGPC,,,,,,,,,,Human,Debris and open burning,Yard debris,SFK7,SDPRA,2/14/2025 8:15:00 PM,,3/20/2025 10:35:00 PM,,,,,,,RMCC,,,,,,Frosty,,WF,FI,,,,2/14/2025 8:25:00 PM,{D93C855C-6861-43DB-B69D-C1CC9F1597D7},0,0,1,,0,,,,1,000003,INFORM_Inspector,,,,Oglala Lakota,SDGPC,46102,BIA,SDPRA,,BIA,Federal,,,,,,,RM24,BIA,SDPRA,US-SD,Grass,GR2,,,,2025-SDPRA-000003,,No Decision,,,,2/14/2025 8:55:33 PM,3/8/2025 11:35:25 PM,IRWIN,0,,,{D93C855C-6861-43DB-B69D-C1CC9F1597D7},46a04583-f940-4376-91ca-960cfd87564f,8.559754860471E-07,0.00548783947640436,
37104,1932,Orchard,Wildfire Daily Fire Perimeter,Auto-generated for InFORM,0.25,No,Public,Approved,Yes,2/16/2025 5:06:45 PM,2/20/2025 6:03:03 PM,2/17/2025 3:16:49 PM,{065855E3-82B7-4DCB-B972-4BF77053B370},,0.0275201331313258,{A7361596-775A-49BB-9485-C0F394CE01D8},2025 NIFS,33055265,,DEFAULT,,2/16/2025 4:45:00 PM,2/16/2025 4:45:00 PM,wildcade,0.25,0.25,TNTNC,,,,,,,,,,Undetermined,,,SFL3,,2/16/2025 1:22:30 PM,,2/20/2025 8:44:00 PM,,,,,PP,1532,SACC,,,,,,Orchard,,WF,FI,35.681222,-83.484778,,,{065855E3-82B7-4DCB-B972-4BF77053B370},,0,,,0,,,,1,000066,wildcade,,,,Sevier,TNTNC,47155,NPS,TNGSP,,NPS,Federal,,,,,,,SA25B,NPS,TNGSP,US-TN,,,,,,2025-TNGSP-000066,,No Decision,,,,2/16/2025 5:06:33 PM,2/20/2025 8:44:22 PM,IRWIN,0,,,{9035B322-ECCD-40B5-9BE2-13D2B414A8CB},9119e2d3-15b0-4d14-9cc4-d10bde376e84,1.10885594040155E-08,0.00045770039148012,
37131,1936,Medio Creek,Wildfire Daily Fire Perimeter,Mixed Methods,40.3980289304367,No,Public,Approved,Yes,2/16/2025 11:11:39 PM,2/24/2025 3:11:44 PM,2/16/2025 8:18:58 PM,{776D3DB4-A12C-4510-9018-96F48CEA7176},,40.39804645507,{F9191569-4C1C-4106-8BB4-A0E00BBB91AE},2025 NIFS,33055276,,DEFAULT,,2/17/2025 8:45:48 PM,,firesponse,40,40,TXTIC,,,,,,,,,,Human,Debris and open burning,Open trash burning,,,2/16/2025 7:56:36 PM,Type 5 Incident,,,,,,,,SACC,,,,,,Medio Creek,,WF,FI,28.52972825,-97.78221729,,,{776D3DB4-A12C-4510-9018-96F48CEA7176},,0,,,0,,,0,1,250483,firesponse,100,,,Bee,TXTIC,48025,SFS,TXTXS,,Private,Private,,,,,,,SA14,SFS,TXTXS,US-TX,,,,,,2025-TXTXS-250483,,No Decision,,,,2/16/2025 8:09:46 PM,2/24/2025 3:13:43 PM,IRWIN,0,,,{00790C4F-8B5E-4D51-9A5B-DBC699843894},008d265f-3cd8-4432-afa3-d92f00899e30,1.50698369907332E-05,0.0228047244918969,
37145,27131,Middleton Wildfire,Wildfire Final Fire Perimeter,Auto-generated for InFORM,3000,No,Public,Approved,Yes,2/26/2025 3:14:58 PM,2/26/2025 3:14:58 PM,2/26/2025 3:14:58 PM,{0A343CD3-B27A-4F3C-94A6-826EBC4CF007},{66A7ACC8-7011-427D-BFD3-597465F03F22},3089.53887731884,,FFP,5465387,,CERTIFIED,3089.55,2/18/2025 8:30:00 PM,2/18/2025 11:00:00 PM,wildcade,3089,,TXTIC,,,,,2/26/2025 3:14:50 PM,,,,,,,,SFL5,,2/16/2025 9:28:00 PM,,2/19/2025 2:00:00 PM,,,,,,,SACC,,,,,,Middleton,,WF,FI,29.633611,-94.3925,,2/16/2025 9:30:00 PM,,0,,1,,0,,,,1,000047,wildcade,,,,Chambers,TXTIC,48071,FWS,TXAHR,,USFWS,Federal,,,,,,,,FWS,TXAHR,US-TX,Grass,GR8,,,,2025-TXAHR-000047,{66A7ACC8-7011-427D-BFD3-597465F03F22},,,,,2/17/2025 12:01:46 AM,2/21/2025 7:03:50 PM,FODR,,,,{82F0DDB7-9857-4383-91A7-672C662AFC67},bfe77408-2e3e-4201-971c-da9148512ded,0.00116460711433319,0.154599705632009,
37128,1950,Cherokee 0499,Wildfire Daily Fire Perimeter,Mixed Methods,4.52810703372147,No,Public,Approved,Yes,2/17/2025 10:01:28 PM,2/24/2025 2:55:11 PM,2/20/2025 7:50:49 PM,{1B571633-5DCA-4159-B6F1-6CB125BEA1C3},,4.52810899164319,{84CF7D70-1640-4032-90BA-7B7291F7E57B},2025 NIFS,33055355,,DEFAULT,,2/17/2025 9:40:00 PM,2/20/2025 7:49:00 PM,firesponse,5,5,TXTIC,,,,,,Minimal,,,,Human,Debris and open burning,Hand pile/slash,,,2/17/2025 8:39:00 PM,Type 5 Incident,,,,,,,,SACC,,,,,,Cherokee 0499,,WF,FI,31.89369346,-95.14341864,,,{1B571633-5DCA-4159-B6F1-6CB125BEA1C3},,0,,,0,,,0,1,250499,firesponse,100,,,Cherokee,TXTIC,48073,SFS,TXTXS,,Private,Private,,,,,,,SA12,SFS,TXTXS,US-TX,,,Short Grass (1 foot),,,2025-TXTXS-250499,,No Decision,,,,2/17/2025 9:18:14 PM,2/20/2025 7:50:14 PM,IRWIN,0,,,{F777AA37-F41E-4A88-86B0-5D63A6F6D660},ef3cfa17-195e-45c9-8ccb-405fe0d287aa,1.74694582710799E-06,0.00627939351166623,
37085,1944,Mary Branch,Wildfire Daily Fire Perimeter,GPS-Walked/Driven,27.7082192225303,No,Public,Approved,Yes,2/17/2025 8:55:48 PM,2/19/2025 3:49:56 PM,2/17/2025 11:13:34 PM,{F39A76FE-C633-4636-A91E-BAB53E5B21AE},,27.7081217752437,{51F5F4C9-CF12-4A16-AF09-196952649C30},2025 NIFS,38186401,,DEFAULT,,3/10/2025 1:00:00 PM,3/10/2025 1:00:00 PM,wildcade,23,2,FLFIC,,,,,,,,,,Undetermined,,,SFL7,,2/17/2025 8:42:40 PM,,3/10/2025 1:00:00 PM,,,,,P8,0805,SACC,,,,,,Mary Branch,,WF,FI,30.204729,-84.999125,,,{F39A76FE-C633-4636-A91E-BAB53E5B21AE},,0,,,0,,,,1,000497,wildcade,,,,Liberty,FLFIC,12077,USFS,FLFNF,,USFS,Federal,,,,,,,SA47,USFS,FLFNF,US-FL,,,,,,2025-FLFNF-000497,,No Decision,,,,2/17/2025 8:55:33 PM,3/10/2025 1:08:53 PM,IRWIN,0,,,{F39A76FE-C633-4636-A91E-BAB53E5B21AE},583191a5-c4ef-4a83-96a1-bc59ae365e2e,1.05069518667733E-05,0.0214512812963748,
37129,1951,Tyler 0500,Wildfire Daily Fire Perimeter,Mixed Methods,6.24873660321582,No,Public,Approved,Yes,2/17/2025 10:24:24 PM,2/24/2025 3:08:13 PM,2/17/2025 11:31:48 PM,{10D00DD1-F246-40F2-9A6B-577F81B6A06F},,6.24873934011303,{F4538E10-C05E-4945-97E6-4F3D62C9ADE4},2025 NIFS,33055356,,DEFAULT,,2/17/2025 10:25:00 PM,2/17/2025 11:27:00 PM,firesponse,6.2,6.2,TXTIC,,,,,,Minimal,,,,Human,Debris and open burning,Yard debris,,,2/17/2025 8:45:00 PM,Type 5 Incident,,,,,,,,SACC,,,,,,Tyler 0500,,WF,FI,30.61127219,-94.38052881,,,{10D00DD1-F246-40F2-9A6B-577F81B6A06F},,0,,,0,,,0,1,250500,firesponse,100,,,Tyler,TXTIC,48457,SFS,TXTXS,,Private,Private,,,,,,,SA12,SFS,TXTXS,US-TX,,,Tall Grass (2.5 feet),,,2025-TXTXS-250500,,No Decision,,,,2/17/2025 9:42:43 PM,2/17/2025 11:31:17 PM,IRWIN,0,,,{59DDD37C-59A1-4185-8AA2-4F38C60D232F},1dc2d4ba-87e2-4923-99b3-144358fa6053,2.37880067288643E-06,0.00950146952828863,
37110,1957,Mine,Wildfire Daily Fire Perimeter,Remote Sensing Derived,68.0086038395719,No,Public,Approved,Yes,2/18/2025 12:28:46 AM,2/21/2025 3:00:56 PM,2/18/2025 7:20:03 PM,{7D67F80C-FC65-4EE5-BBE4-D6B574672DD3},,68.0083523496259,{0CC0A590-F1D5-4045-BA6F-3D108FFC5F66},2025 NIFS,33055371,,DEFAULT,,2/18/2025 7:17:00 PM,2/24/2025 11:00:00 PM,wildcade,68,0.1,AZPHC,,,,,,,,,,Human,,,SFL9,,2/17/2025 10:19:00 PM,,2/24/2025 11:00:00 PM,,,,,P3,0312,SWCC,,,,,,Mine,,WF,FI,33.672378,-111.468597,,,{7D67F80C-FC65-4EE5-BBE4-D6B574672DD3},,0,1,,0,,,,1,000202,wildcade,,,,Maricopa,AZPHC,04013,USFS,AZTNF,,USFS,Federal,,,,,,,SW06N,USFS,AZTNF,US-AZ,,,,,,2025-AZTNF-000202,,No Decision,,,,2/18/2025 12:28:34 AM,2/24/2025 11:02:12 PM,IRWIN,0,,,{2B062D3E-5367-49A2-9973-59A102A6EABD},83ea6536-5d31-4f99-9dec-7dd0ac9bc0ea,2.6757682690004E-05,0.0245954246105227,
37130,1955,Tyler 0501,Wildfire Daily Fire Perimeter,Mixed Methods,4.86072855220502,No,Public,Approved,Yes,2/17/2025 11:36:32 PM,2/24/2025 3:09:15 PM,2/20/2025 3:58:32 PM,{472C41D5-B745-4D02-BED4-7279B6EB9C03},,4.86073067927004,{853FD14F-C8AC-4841-A47F-520A5700F5F2},2025 NIFS,33055369,,DEFAULT,,2/17/2025 11:39:00 PM,2/20/2025 3:58:00 PM,firesponse,4.9,4.9,TXTIC,,,,,,Moderate,,,,Human,Debris and open burning,Yard debris,,,2/17/2025 11:12:00 PM,Type 5 Incident,,,,,,,,SACC,,,,,,Tyler 0501,,WF,FI,30.63758648,-94.37656712,,,{472C41D5-B745-4D02-BED4-7279B6EB9C03},,0,,,0,,,0,1,250501,firesponse,100,,,Tyler,TXTIC,48457,SFS,TXTXS,,Private,Private,,,,,,,SA12,SFS,TXTXS,US-TX,,,Tall Grass (2.5 feet),,,2025-TXTXS-250501,,No Decision,,,,2/17/2025 11:47:54 PM,2/20/2025 3:58:12 PM,IRWIN,0,,,{5D8FF927-8306-4416-8BB4-EB6BFCD299C9},789dc069-3477-48b4-9157-7828083cf0b4,1.85031944965885E-06,0.00692975565423726,
37262,27157,Salt Creek,Wildfire Final Fire Perimeter,Auto-generated for InFORM,0.1,No,Public,Approved,Yes,3/3/2025 5:45:10 PM,3/3/2025 5:45:10 PM,3/3/2025 5:45:10 PM,{7E7A1AB3-4ACB-464E-A677-6836F1359D01},{9C37D9B0-B03B-4B41-816F-AF8EAA7B50E2},0.00802071652674836,,FFP,5491020,,CERTIFIED,0.01,,,wildcade,0.1,,ALAIC,,,,,3/3/2025 5:45:02 PM,,,,,,,,SFM5,,2/18/2025 8:49:17 PM,,2/18/2025 9:00:00 PM,,,,,P8,0801,SACC,,,,,,Salt Creek,,WF,FI,33.516867,-85.835217,,2/18/2025 8:50:00 PM,,,,1,,0,,1,,1,000081,INFORM_Inspector,,,,Talladega,ALAIC,01121,USFS,ALALF,,USFS,Federal,,,,,,,,USFS,ALALF,US-AL,Timber,TL9,,,,2025-ALALF-000081,{9C37D9B0-B03B-4B41-816F-AF8EAA7B50E2},,,,,2/18/2025 8:52:06 PM,3/2/2025 10:09:04 PM,FODR,,,,{D2864B08-4897-4D6A-8504-1A6711732D43},d98c7f0b-a89f-416a-ae0f-a28003534854,3.14958015223965E-09,0.000257093783415601,
37039,1983,N Stewart Lake,Wildfire Daily Fire Perimeter,GPS-Unknown Travel Method,2.00666966843458,No,Public,Approved,Yes,2/18/2025 10:25:55 PM,2/19/2025 1:39:39 AM,2/18/2025 11:31:57 PM,{6607F873-5EA5-4BA2-8F7D-393A60D71B0F},,2.00666219196953,{9701B937-9899-4541-AF76-16559AAE01F6},2025 NIFS,38199201,,DEFAULT,,2/18/2025 11:00:00 PM,2/18/2025 11:30:00 PM,wildcade,2,3,UTUBC,,,,,,,,,,Human,,,SFM6,,2/18/2025 9:40:00 PM,,2/19/2025 10:35:00 PM,,,,,,,GBCC,,,,,,North Stewart Lake,,WF,FI,0,-109.36645,,,{6607F873-5EA5-4BA2-8F7D-393A60D71B0F},,0,1,,0,,,,1,100010,wildcade,,,,Uintah,UTUBC,49047,,,,Private,Private,,,,,,,GB29,DFF,UTNES,US-UT,,,,,,2025-UTNES-100010,,No Decision,,,,2/18/2025 10:25:44 PM,3/7/2025 6:06:43 PM,IRWIN,0,,,{6607F873-5EA5-4BA2-8F7D-393A60D71B0F},7078e1d2-ea03-4c84-aff3-841a83d331cd,8.60934960655868E-07,0.00824448347154756,
37108,1991,San Juan 1,Wildfire Daily Fire Perimeter,GPS-Walked,3.6,No,Public,Approved,Yes,2/18/2025 11:50:28 PM,2/20/2025 11:04:42 PM,2/18/2025 11:51:16 PM,{55A6ACDF-7ADF-4023-85D7-41A486D0C567},,3.59932650239977,{0B9F8113-393C-4AB5-A0C8-3E989D80FEA6},2025 NIFS,33055477,,DEFAULT,3.6,2/19/2025 12:53:00 AM,2/19/2025 4:00:00 PM,INFORM_Inspector,3.6,3.6,AZNAOC,,,,,,,,,,Human,,,SFM9,,2/18/2025 10:40:21 PM,,,,,,,,,SWCC,,,,,,San Juan 1,,WF,FI,,,,2/18/2025 10:43:00 PM,{55A6ACDF-7ADF-4023-85D7-41A486D0C567},,0,1,,0,,,,1,000022,INFORM_Inspector,,,,San Juan,AZNAOC,35045,BIA,AZNAA,,BIA,Federal,,,,,,,SW04,BIA,AZNAA,US-NM,Grass-Shrub,GS1,,,,2025-AZNAA-000022,,No Decision,,,,2/18/2025 11:50:07 PM,2/20/2025 11:04:43 PM,IRWIN,0,,,{1AA68996-3A1F-4B92-A1D3-8EB90963F537},5550d82b-4ec5-40a0-96e4-0aaaa7b3dfa4,1.46964657687931E-06,0.00725275014680607,
37153,27134,IMONG RIVER 20250218,Wildfire Final Fire Perimeter,Hand Sketch,1.05,No,Public,Approved,Yes,2/26/2025 6:16:14 PM,2/26/2025 6:16:14 PM,2/26/2025 6:16:14 PM,{6C1C2E27-7FCF-436C-BD00-7B85F8426BAC},{E390365F-54FF-43FB-8C74-BDDCEA8FFCE5},1.05205497675576,,FFP,5484303,,CERTIFIED,1.05,,,IROC,1.09,,CAMNFC,,,,,2/26/2025 6:16:08 PM,,,,,,,,SFW2,66010,2/19/2025 1:00:00 AM,,2/21/2025 1:00:00 AM,,,,,,,ONCC,,,,,,IMONG RIVER 20250218,,WF,FI,,,,2/19/2025 2:00:00 AM,,,,0,,0,,,,1,000136,firecode,,,,Guam,CAMNFC,66010,FWS,GUGUR,,USFWS,Federal,,,,,,,,FWS,GUGUR,US-GU,Grass,GR9,,,,2025-GUGUR-000136,{E390365F-54FF-43FB-8C74-BDDCEA8FFCE5},,,,,2/22/2025 6:51:38 PM,2/24/2025 5:44:04 PM,FODR,,,,{ADF1D7AB-11E6-4C9C-9885-B5A64F81AC9B},60b29696-cbd8-4ffa-a32f-ebe47ab5b1a5,3.55215433955891E-07,0.00263773517887411,
37195,27152,Los Ebanos,Wildfire Final Fire Perimeter,Auto-generated for InFORM,1,No,Public,Approved,Yes,2/28/2025 6:17:38 PM,2/28/2025 6:17:38 PM,2/28/2025 6:17:38 PM,{4CF3E9D7-140B-42C9-B7A0-FA0D09AAD045},{2AE5DB38-EFCB-4641-96B0-4DF7287A56B3},0.48762651159942,,FFP,5487186,,CERTIFIED,0.49,,,INFORM_Inspector,0.49,,TXTIC,,,,,2/28/2025 6:17:31 PM,,,,,,,,SFN9,,2/19/2025 5:16:19 PM,,2/21/2025 12:00:00 PM,,,,,,,SACC,,,,,,Los Ebanos,,WF,FI,,,,2/19/2025 5:17:00 PM,,0,,1,,0,,0,,1,000003,INFORM_Inspector,,,,Hidalgo,TXTIC,48215,FWS,TXRGR,,USFWS,Federal,,,,,,,,FWS,TXRGR,US-TX,Grass-Shrub,GS3,,,,2025-TXRGR-000003,{2AE5DB38-EFCB-4641-96B0-4DF7287A56B3},,,,,2/19/2025 8:01:43 PM,2/21/2025 7:21:14 PM,FODR,,,,{3FB17D56-760C-4EC3-8591-CDC365A74065},846e4b1c-7945-40be-ae2b-b45e1f90c47a,1.78285290530766E-07,0.00176435817279168,
37095,2080,FD010017,Wildfire Daily Fire Perimeter,Auto-generated for InFORM,0.5,No,Public,Approved,Yes,2/20/2025 12:04:48 PM,2/20/2025 12:15:21 PM,2/20/2025 12:04:48 PM,{D871C6DB-2D3E-4D69-AAD3-3EA9BFC2B754},,0.197296178097116,{9782D5B9-E290-42DE-A5CD-F59761B394B7},2025 NIFS,33055617,,DEFAULT,,2/19/2025 11:03:00 PM,2/19/2025 11:35:00 PM,INFORM_Mobile,0.5,,NHNEC,,,,,,,,,,Human,Debris and open burning,Yard debris,,,2/19/2025 10:35:00 PM,,2/20/2025 12:03:00 AM,,,,,,,EACC,,,,,,FD010017,,WF,FI,,,,2/19/2025 10:37:00 PM,{D871C6DB-2D3E-4D69-AAD3-3EA9BFC2B754},,0,,,0,,,,1,FD010017,INFORM_Mobile,,,,Barnstable,NHNEC,25001,,,,City,Other,,,,,,,EA23,FFC,MAMAS,US-MA,,,,,,2025-MAMAS-FD010017,,No Decision,,,,2/20/2025 12:04:21 PM,2/20/2025 12:04:21 PM,IRWIN,0,,,{E2D24A3A-7B45-46DC-9487-ACC8E9F2E588},b1c186dc-3f3d-4bc9-bf7e-feba162bfe1f,8.62260094436351E-08,0.00139766284796709,
37186,2226,Sheep,Wildfire Daily Fire Perimeter,Mixed Methods,,No,Public,Approved,Yes,2/24/2025 7:18:39 PM,2/28/2025 4:15:10 PM,,{48FFEF43-63C0-46CF-9CF2-C9FE35E30768},,0.0451975434336188,{B3E00F6B-414C-41B5-8A4B-C8EAA1C059BC},2025 NIFS,33056082,,DEFAULT,,2/24/2025 8:00:00 PM,2/24/2025 8:00:00 PM,wildcade,0.1,0.1,WYCDC,,,,,,,,,,Human,,,SFW9,,2/21/2025 5:02:59 PM,,2/24/2025 8:00:00 PM,,,,,PD,1532,RMCC,,,,,,SHEEP,,WF,FI,44.035333,-107.835611,,,{48FFEF43-63C0-46CF-9CF2-C9FE35E30768},,0,1,,0,,,,1,000056,wildcade,,,,Washakie,WYCDC,56043,BLM,WYWOD,,BLM,Federal,,,,,,,RM02,BLM,WYWBD,US-WY,,,,,,2025-WYWBD-000056,,No Decision,,,,2/24/2025 8:20:39 PM,2/24/2025 8:25:24 PM,IRWIN,0,,,{7C74F2E8-0F29-4AD6-B995-1B47BE0CE3A2},57968c31-b7e9-4f17-bdb8-36f92221956a,2.05436663236469E-08,0.000560375995389553,
37176,27228,MOUNT ALIFAN 20250221,Wildfire Final Fire Perimeter,Hand Sketch,6.15,No,Public,Approved,Yes,3/9/2025 10:14:15 PM,3/9/2025 10:14:15 PM,3/9/2025 10:14:15 PM,{3EA4F82D-5E4D-4CD8-AA0E-694383BB6EDC},{6A1248D7-BB50-4795-8EDC-D7FD128A0EA4},4.97001740363736,,FFP,5502422,,CERTIFIED,11.12,,,IROC,5.1,,CAMNFC,,,,,3/9/2025 10:14:09 PM,,,,,,,,SFV9,66010,2/22/2025 1:00:00 AM,,2/24/2025 1:00:00 AM,,,,,,,ONCC,,,,,,MOUNT ALIFAN 20250221,,WF,FI,,,,2/22/2025 1:15:00 AM,{3EA4F82D-5E4D-4CD8-AA0E-694383BB6EDC},,0,0,,0,,,,1,000148,firecode,,,,Guam,CAMNFC,66010,NPS,GUWPP,,NPS,Federal,,,,,,,None,NPS,GUWPP,US-GU,Grass,GR8,,,,2025-GUWPP-000148,{6A1248D7-BB50-4795-8EDC-D7FD128A0EA4},No Decision,,,,2/24/2025 3:58:04 PM,2/24/2025 3:59:48 PM,FODR,0,,,{8615B055-26B6-45A4-816D-06E746D8213D},39d0fa17-5641-4199-9f43-9861f51a628b,1.67842983955779E-06,0.00781130463891215,
37123,2160,Brush Creek,Wildfire Daily Fire Perimeter,Auto-generated for InFORM,0.38,No,Public,Approved,Yes,2/23/2025 5:37:56 AM,2/23/2025 5:52:02 PM,2/23/2025 5:44:09 AM,{7D0E8FF7-6101-4DD3-BF00-7ECE1D6ACA77},,0.350565159441659,{CFEAF9A5-6D2B-4E67-B914-4327929B7ACB},2025 NIFS,33055887,,DEFAULT,,2/23/2025 8:03:00 PM,2/25/2025 7:00:00 PM,wildcade,0.38,0.38,SDGPC,,,,,,,,,,Human,,,SFU7,,2/23/2025 3:17:00 AM,,2/28/2025 5:26:00 PM,,,,,PN,1532,RMCC,,,,,,Brush Creek,,WF,FI,44.0435,-103.436036,,,{7D0E8FF7-6101-4DD3-BF00-7ECE1D6ACA77},,0,1,,0,,,,1,250143,wildcade,,,,Pennington,SDGPC,46103,,,,Private,Private,,,,,,,RM05,DWF,SDSDS,US-SD,,,,,,2025-SDSDS-250143,,No Decision,,,,2/23/2025 5:37:34 AM,2/28/2025 6:09:57 PM,IRWIN,0,,,{4FA1071E-9A86-4FD2-9731-7DFBF2385C59},4175ac51-425a-4636-9232-d50ede0769db,1.5930891095195E-07,0.0018758379241642,
37190,2217,Lebar  ,Wildfire Daily Fire Perimeter,Mixed Methods,,No,Public,Approved,Yes,2/24/2025 6:41:17 PM,2/28/2025 4:15:10 PM,,{DB5C769E-79D3-48CB-B9DD-80E56E3063EE},,512.723101779923,{F21880FE-EACC-48C9-9909-087C84CACB68},2025 NIFS,33055974,,DEFAULT,,,,wildcade,512,30,WYCPC,2000,,,,,Active,,Wind Driven Runs,Running,Human,,,SFV7,,2/23/2025 6:30:00 PM,,,0,100,0,0,,,RMCC,2/24/2025 9:51:33 PM,2/23/2025 8:00:00 PM,2/24/2025 7:15:00 PM,F,Type 4 IC,Lebar,10 miles north of Douglas,WF,FI,42.919821,-105.26722,,,{DB5C769E-79D3-48CB-B9DD-80E56E3063EE},,0,1,,0,,,0,1,250017,ics209,100,100,Douglas,Converse,WYCPC,56009,,,,Private,Private,,,,,,,RM04,C&L,WYCOX,US-WY,,,Short Grass (1 foot),Tall Grass (2.5 feet),32,2025-WYCOX-250017,,No Decision,,,,2/24/2025 2:46:14 AM,2/24/2025 9:51:33 PM,IRWIN,0,,,{F0353CBC-81CE-4657-819B-7A8CE3AFA40E},741e8949-172d-463f-98d7-83670de6d935,0.000228659851018165,0.152800799676273,
37126,2170,Brush Pile 1,Wildfire Daily Fire Perimeter,Auto-generated for InFORM,15.6,No,Public,Approved,Yes,2/23/2025 8:30:26 PM,2/23/2025 9:48:58 PM,2/23/2025 8:55:18 PM,{1E784CDF-C99C-4F61-94A3-F2BB0B366D96},,15.56527968031,{D1732AFE-BD82-4FA7-864A-F021218D465B},2025 NIFS,33055925,,DEFAULT,,2/24/2025 8:55:00 PM,3/3/2025 10:43:00 PM,wildcade,15.6,4,SDGPC,,,,,,,,,,Human,,,SFV1,,2/23/2025 6:51:30 PM,,,,,,,PN,1532,RMCC,,,,,,Brush Pile 1,,WF,FI,44.135219,-103.300451,,,{1E784CDF-C99C-4F61-94A3-F2BB0B366D96},,0,1,,0,,,,1,250145,wildcade,,,,Pennington,SDGPC,46103,,,,Private,Private,,,,,,,RM05,DWF,SDSDS,US-SD,,,,,,2025-SDSDS-250145,,No Decision,,,,2/23/2025 8:30:11 PM,3/3/2025 10:44:38 PM,IRWIN,0,,,{C73C60E9-FA69-42C9-AB3A-F9778A095B8A},428a611d-7755-4205-a0f9-e4619ea27171,7.08317566022743E-06,0.0139099606421547,
37127,2171,Bogus,Wildfire Daily Fire Perimeter,Auto-generated for InFORM,0.57,No,Public,Approved,Yes,2/23/2025 8:41:50 PM,2/24/2025 1:40:05 PM,2/23/2025 8:55:20 PM,{021E77E8-86A4-4CEA-9336-5CAFB51B6A0B},,0.56594478716752,{96EA1AE8-673B-4C01-A2C0-2548C8FD37C5},2025 NIFS,33055927,,DEFAULT,,2/24/2025 1:00:00 AM,2/27/2025 6:00:00 PM,wildcade,0.57,1,SDGPC,,,,,,,,,,Human,,,SFV2,,2/23/2025 7:29:16 PM,,3/3/2025 6:33:00 PM,,,,,PN,1532,RMCC,,,,,,Bogus,,WF,FI,44.124014,-103.436832,,,{021E77E8-86A4-4CEA-9336-5CAFB51B6A0B},,0,1,,0,,,,1,250146,wildcade,,,,Pennington,SDGPC,46103,,,,Private,Private,,,,,,,RM05,DWF,SDSDS,US-SD,,,,,,2025-SDSDS-250146,,No Decision,,,,2/23/2025 8:41:20 PM,3/3/2025 6:37:03 PM,IRWIN,0,,,{1941BF07-658D-4D6F-A123-BFDF019642B3},031e6d39-dc49-4c1c-baf9-798d3a6bc9ac,2.57523879554356E-07,0.00275983601222753,
37300,2174,High Knob,Wildfire Daily Fire Perimeter,Auto-generated for InFORM,2.09,No,Public,Approved,Yes,2/23/2025 9:03:44 PM,3/4/2025 9:11:02 PM,2/23/2025 11:09:13 PM,{02CEBF59-FBB9-48BC-97C2-CA57FC278F27},,2.09042778310041,{2AFDD174-9826-4D5D-83E8-19290A4CD0BB},2025 NIFS,33055933,,DEFAULT,,,,wildcade,2.09,1,NCNCC,,,,,,,,,,Undetermined,,,SFV4,,2/23/2025 8:08:12 PM,,,,,,,P8,,SACC,,,,,,HIGH KNOB,,WF,FI,35.7747,-82.05672,,,{02CEBF59-FBB9-48BC-97C2-CA57FC278F27},,0,1,,0,,,,1,250038,wildcade,,,,Macon,NCNCC,37113,USFS,NCNCF,,USFS,Federal,,,,,,,SA31A,USFS,NCNCF,US-NC,,,,,,2025-NCNCF-250038,,No Decision,,,,2/23/2025 9:03:25 PM,2/23/2025 11:09:00 PM,IRWIN,0,,,{0A96E984-79EE-4896-BF39-C76CC348CE2A},c55742a9-6a73-4bb6-81c6-59264eec535a,8.35401806398295E-07,0.00387785663642154,
37191,27151,Barrel ,Wildfire Final Fire Perimeter,Mixed Methods,5.216572,No,Public,Approved,Yes,2/28/2025 5:28:27 PM,2/28/2025 5:28:27 PM,2/28/2025 5:28:27 PM,{B8FFEB78-8081-493C-B6F8-606E45E41B36},{1A0D57A7-2824-4A49-877C-3F0DD846D4B6},5.2165725853613,,FFP,5487067,,CERTIFIED,5.22,2/24/2025 12:15:00 AM,2/24/2025 8:02:00 PM,wildcade,5,,WYCDC,,,,,2/28/2025 5:28:20 PM,,,,,,,,SFW0,,2/23/2025 11:24:58 PM,,2/26/2025 3:25:00 PM,,,,,PA,1532,RMCC,,,,,,BARREL,,WF,FI,43.025804,-108.782441,,2/23/2025 11:25:00 PM,,1,,1,,0,,,,1,000057,wildcade,,,,Fremont,WYCDC,56013,BIA,WYWRA,,BIA,Federal,,,,,,,,BIA,WYWRA,US-WY,Grass,GR1,,,,2025-WYWRA-000057,{1A0D57A7-2824-4A49-877C-3F0DD846D4B6},,,,,2/24/2025 3:16:38 PM,2/27/2025 9:43:06 PM,FODR,,,,{88D8EFD2-7F8A-4D69-B280-C60D54E265B2},124fbfec-f254-4fc2-9b83-c57669367941,2.33134824156878E-06,0.00888364378937951,
37136,2201,East Gould,Wildfire Daily Fire Perimeter,Hand Sketch,4,No,Public,Approved,Yes,2/24/2025 3:37:33 PM,2/25/2025 1:48:06 PM,2/24/2025 8:11:57 PM,{A911D84D-1A30-44AD-8CEA-05FBAFA553FE},,21.8016503915147,{A7057E7C-6B56-4E06-988A-C710C2C0B46F},2025 NIFS,33056024,,DEFAULT,,2/24/2025 8:04:00 PM,2/25/2025 9:02:00 PM,wildcade,4,10,MNMNCC,,,,,,,,,,Undetermined,,,,,2/24/2025 3:26:58 PM,,,,,,,,,EACC,,,,,,East Gould,,WF,FI,47.209001,-94.168342,,,{A911D84D-1A30-44AD-8CEA-05FBAFA553FE},,0,,,0,,,,1,000099,wildcade,,,,Cass,MNMNCC,27021,,,,Private,Private,,,,,,,EA01,DNR,MN1BS,US-MN,,,,,,2025-MN1BS-000099,,No Decision,,,,2/24/2025 3:36:56 PM,2/25/2025 9:05:03 PM,IRWIN,0,,,{3B0C4C25-4BAE-40CF-A230-08F4A3991296},6a9520f0-cc4b-457b-b150-7b766567d028,1.0473834208824E-05,0.0182996444010723,
37168,2205,Flyway,Wildfire Daily Fire Perimeter,Mixed Methods,,No,Public,Approved,Yes,2/24/2025 4:53:30 PM,2/26/2025 11:32:13 PM,,{64AF885D-8FB2-45D7-BDF9-7D3EC1F35F61},,1.07952211133753,{BD5B3544-83C1-49E0-85DC-2A647174F42C},2025 NIFS,33056053,,DEFAULT,,2/24/2025 5:19:00 PM,2/24/2025 7:40:00 PM,wildcade,1.3,1,SDGPC,,,,,,,,,,Undetermined,,,,,2/24/2025 4:35:49 PM,,2/27/2025 7:41:00 PM,,,,,,,RMCC,,,,,,Flyway,,WF,FI,43.368566,-103.550102,,,{64AF885D-8FB2-45D7-BDF9-7D3EC1F35F61},,0,1,,0,,,,1,250147,wildcade,,,,Fall River,SDGPC,46047,,,,Private,Private,,,,,,,RM06,DWF,SDSDS,US-SD,,,,,,2025-SDSDS-250147,,No Decision,,,,2/24/2025 5:40:23 PM,3/4/2025 10:56:04 PM,IRWIN,0,,,{1FC73BF6-13C8-499B-9E59-6745B72C092A},c21bc047-e1ea-423b-90eb-b320c73b65d2,4.85174041386927E-07,0.00451683997469901,
37139,2219,JUNCTION,Wildfire Daily Fire Perimeter,Auto-generated for InFORM,0.6,No,Public,Approved,Yes,2/24/2025 7:18:19 PM,2/24/2025 11:09:14 PM,2/24/2025 10:33:40 PM,{A9E2C740-6FA6-4F35-8950-0ABE3B4C53C5},,0.555735556090953,{5BCC4BBF-B86B-49B6-A567-6ECE06F7AB0C},2025 NIFS,38272007,,DEFAULT,,2/24/2025 8:25:00 PM,2/24/2025 10:10:00 PM,wildcade,0.6,0.1,CAPNFC,,,,,,,,,,Human,,,SFW7,,2/24/2025 6:43:00 PM,,3/3/2025 10:02:00 PM,,,,,P5,0511,ONCC,,,,,,JUNCTION,,WF,FI,39.956811,-120.913372,,,{A9E2C740-6FA6-4F35-8950-0ABE3B4C53C5},,0,,,0,,1,,1,000110,INFORM_Inspector,,,,Plumas,CAPNFC,06063,,,,Private,Private,,,,,,,NC07,USFS,CAPNF,US-CA,,,,,,2025-CAPNF-000110,,No Decision,,,,2/24/2025 7:17:54 PM,3/5/2025 6:01:09 PM,IRWIN,0,,,{A9E2C740-6FA6-4F35-8950-0ABE3B4C53C5},7f52a9e6-3897-4394-ac97-f94d809ecaa6,2.37050244322745E-07,0.00237863377674693,
37140,2266,Deer Stand,Wildfire Daily Fire Perimeter,Mixed Methods,15.7132480496109,No,Public,Approved,Yes,2/25/2025 2:03:21 PM,2/25/2025 2:05:01 PM,2/25/2025 12:18:25 AM,{1DE931A5-81C8-4D8E-AF5D-702FAC55C626},,15.7132543659629,{52F409D2-F578-4362-AD6D-F08BBDEC3D55},2025 NIFS,33056110,,DEFAULT,,2/27/2025 8:21:19 PM,,firesponse,30,30,TXTIC,,,,,,,,,,Undetermined,,,,,2/24/2025 10:13:06 PM,Type 5 Incident,,,,,,,,SACC,,,,,,Deer Stand,,WF,FI,32.34562659,-98.24391306,,,{1DE931A5-81C8-4D8E-AF5D-702FAC55C626},,0,,,0,,,0,1,250546,firesponse,100,,,Erath,TXTIC,48143,SFS,TXTXS,,Private,Private,,,,,,,SA06,SFS,TXTXS,US-TX,,,Brush (2 feet),,,2025-TXTXS-250546,,No Decision,,,,2/24/2025 11:11:03 PM,3/3/2025 12:30:07 AM,IRWIN,0,,,{3D281FB5-FFEE-4929-94B3-FE5B797CDC58},6b045c4b-e0cb-45af-aa1d-999bf9393dd1,6.0920517626073E-06,0.0159014807131958,Type 5 Incident
37366,27215,2 Mile 2025,Wildfire Final Fire Perimeter,Mixed Methods,137,No,Public,Approved,Yes,3/7/2025 6:38:52 PM,3/7/2025 6:38:52 PM,3/7/2025 6:38:52 PM,{ED2AD230-1607-44DA-9EEE-AF4C96A5FC16},{A99D7E98-EE05-47D6-ADEC-B809B514BC62},137.505268585669,,FFP,5485981,,CERTIFIED,137.51,2/25/2025 11:00:00 PM,2/27/2025 12:00:00 AM,wildcade,137,,TXTIC,,,,,3/7/2025 6:38:45 PM,,,,,,,,SFX7,,2/24/2025 10:44:32 PM,,3/6/2025 6:36:00 PM,,,,,PP,1532,SACC,,,,,,2 Mile 2025,,WF,FI,26.043158,-97.153202,,2/24/2025 11:30:00 PM,,1,,1,,0,,1,,1,000063,wildcade,,,,Kleberg,TXTIC,48273,NPS,TXPAP,,NPS,Federal,,,,,,,,NPS,TXPAP,US-TX,Grass,GR3,,,,2025-TXPAP-000063,{A99D7E98-EE05-47D6-ADEC-B809B514BC62},,,,,2/24/2025 11:05:52 PM,2/27/2025 7:39:18 PM,FODR,,,,{073EB7C6-6FC6-4B12-AEF3-C05DE1C3D4E0},ddd5b93c-0bbe-4986-8df7-3b425d5568be,5.07674621985643E-05,0.0546877025718369,
37142,2262,Schaffer Road,Wildfire Daily Fire Perimeter,Auto-generated for InFORM,5,No,Public,Approved,Yes,2/25/2025 1:27:59 AM,2/25/2025 8:48:57 PM,2/25/2025 1:33:31 AM,{E33CDBD2-268C-49A0-B2D5-BC8D821C96B5},,10.3162093169923,{03AF7FD8-818E-40C1-B907-188326E52F4E},2025 NIFS,33056128,,DEFAULT,,2/27/2025 12:12:00 AM,3/1/2025 8:59:00 PM,wildcade,12,5,SDGPC,,,,,,,,,,Human,,,SFY2,,2/25/2025 1:14:16 AM,,,,,,,PN,1532,RMCC,,,,,,Schaffer Road,,WF,FI,42.76875,-102.875883,,,{E33CDBD2-268C-49A0-B2D5-BC8D821C96B5},,0,1,,0,,,,1,250151,wildcade,,,,Dawes,SDGPC,31045,,,,Private,Private,,,,,,,RM24,SFS,NENES,US-NE,,,,,,2025-NENES-250151,,No Decision,,,,2/25/2025 1:27:43 AM,3/1/2025 8:59:34 PM,IRWIN,0,,,{25ED8846-6763-49B0-B30C-60AD623516FE},a91c0953-5c47-48df-bbde-77d386e69242,4.59202919955715E-06,0.0130080757500661,
37141,2280,FD010025,Wildfire Daily Fire Perimeter,Auto-generated for InFORM,1,No,Public,Approved,Yes,2/25/2025 6:08:11 PM,2/25/2025 6:14:08 PM,2/25/2025 6:08:11 PM,{AE82C0C2-7276-4D25-BD0D-F454201B65A7},,1.19882595808174,{36D77F08-445A-4A41-BAE6-B11DD0E2C3CE},2025 NIFS,33056216,,DEFAULT,,2/25/2025 5:48:00 PM,2/25/2025 6:39:00 PM,INFORM_Mobile,1.2,,NHNEC,,,,,,,,,,Human,Debris and open burning,Yard debris,,,2/25/2025 5:28:00 PM,,2/25/2025 7:06:00 PM,,,,,,,EACC,,,,,,FD010025,,WF,FI,,,,2/25/2025 5:30:00 PM,{AE82C0C2-7276-4D25-BD0D-F454201B65A7},,0,,,0,,,,1,FD010025,INFORM_Mobile,,,,Dukes,NHNEC,25007,,,,Private,Private,,,,,,,EA23,FFC,MAMAS,US-MA,,,,,,2025-MAMAS-FD010025,,No Decision,,,,2/25/2025 6:08:03 PM,2/25/2025 8:18:29 PM,IRWIN,0,,,{8836824D-C62D-4BDC-8163-10C9635785FB},9a199467-1d16-427e-8160-548df3933465,5.22145455761347E-07,0.00350402386032516,
37249,2292,Wintergreens,Wildfire Daily Fire Perimeter,Mixed Methods,0.1,No,Public,Approved,Yes,2/25/2025 8:00:05 PM,3/3/2025 1:49:59 PM,2/28/2025 10:18:13 PM,{BBDF24E7-FA09-4D75-8D12-0C35AA1DE70D},,0.098413246738658,{CF42D413-7A49-4198-8B1A-06DB9CEF94B3},2025 NIFS,33056243,,DEFAULT,,,2/25/2025 9:24:00 PM,iffrs,0.1,0.01,WIWISC,,,,,,,,,,Human,Debris and open burning,Yard debris,SFZ6,,2/25/2025 6:00:00 PM,,2/25/2025 9:24:00 PM,,,,,,,EACC,,,,,,Wintergreens,,WF,FI,43.48366,-89.95308,0.01,2/25/2025 8:05:00 PM,{BBDF24E7-FA09-4D75-8D12-0C35AA1DE70D},,0,,,0,,,,1,FIRE123126,iffrs,,,,Sauk,WIWIC,55111,,,,Private,Private,,,,,,,EA05,DNR,WIWIS,US-WI,,,Timber (Litter and Understory),,,2025-WIWIS-FIRE123126,,No Decision,,,,2/25/2025 7:59:41 PM,2/28/2025 10:17:47 PM,IRWIN,0,,,{E4F5F3F9-5E30-440E-BF86-E9A6FAFF72A7},6175883e-ee2a-4903-8e82-d77227adc7fb,4.43114913650788E-08,0.00110085156948727,
37179,2287,Crestwood,Wildfire Daily Fire Perimeter,Mixed Methods,0.31,No,Public,Approved,Yes,2/25/2025 7:11:54 PM,2/27/2025 6:30:09 PM,2/27/2025 5:57:50 PM,{C42FE801-EBC3-4497-AF89-A5394D549105},,0.305504751743845,{EA5B5E2F-38F6-401A-B828-BE8C83E57C07},2025 NIFS,33056233,,DEFAULT,,,2/25/2025 7:50:00 PM,iffrs,0.31,0.01,WIWISC,,,,,,,,,,Human,Debris and open burning,Yard debris,SFZ5,,2/25/2025 6:45:00 PM,,2/25/2025 8:15:00 PM,,,,,,,EACC,,,,,,Crestwood,,WF,FI,43.50398,-89.40924,0.01,2/25/2025 7:29:00 PM,{C42FE801-EBC3-4497-AF89-A5394D549105},,0,,,0,,,,1,FIRE123125,iffrs,,,,Columbia,WIWIC,55021,,,,Private,Private,,,,,,,EA05,DNR,WIWIS,US-WI,,,Short Grass (1 foot),,,2025-WIWIS-FIRE123125,,No Decision,,,,2/25/2025 7:11:37 PM,2/27/2025 5:57:32 PM,IRWIN,0,,,{0FE62DE1-DAAF-442B-A9DE-FA23ED21FB97},81fcc4e8-c369-493d-8cf7-67afb3801c58,1.37599727167981E-07,0.0021428544373557,
37158,27136,MA Windmill,Wildfire Final Fire Perimeter,Mixed Methods,186.8,No,Public,Approved,Yes,2/26/2025 8:58:24 PM,2/26/2025 8:58:24 PM,2/26/2025 8:58:24 PM,{2B463503-DFB5-47C8-B17D-D91F1C1A7859},{4243F57D-862E-432B-B330-406826576EA2},186.773564356219,,FFP,5484519,,CERTIFIED,186.77,2/25/2025 10:40:00 PM,2/25/2025 10:45:00 PM,wildcade,187,,TXTIC,,,,,2/26/2025 8:58:17 PM,,,,,,,,,,2/25/2025 8:24:03 PM,,2/25/2025 11:30:00 PM,,,,,,,SACC,,,,,,MA Windmill,,WF,FI,36.225725,-102.13254,,2/25/2025 8:25:00 PM,,1,,,,0,,0,,1,000067,wildcade,,,,Hutchinson,TXTIC,48233,,,,Private,Private,,,,,,,,NPS,TXLAP,US-TX,,,,,,2025-TXLAP-000067,{4243F57D-862E-432B-B330-406826576EA2},,,,,2/26/2025 4:42:19 PM,2/26/2025 4:42:19 PM,FODR,,,,{C92C9293-7DD4-4345-A06B-A72D81A672F6},8c5e50b5-ca7f-4a4e-8ccf-aaa5712fb176,7.53435360820731E-05,0.0620249626413712,
37149,2304,Cherokee 0565,Wildfire Daily Fire Perimeter,Mixed Methods,0.709919527703005,No,Public,Approved,Yes,2/25/2025 9:04:19 PM,2/26/2025 5:26:22 PM,2/25/2025 9:33:55 PM,{D0549C48-8839-41CE-8231-4F3250ED2D2E},,0.709919829377871,{B1FD4317-4013-4F38-8EED-162E817AC4B7},2025 NIFS,33056253,,DEFAULT,,2/25/2025 9:27:00 PM,,firesponse,0.75,0.75,TXTIC,,,,,,Minimal,,,,Human,Debris and open burning,Yard debris,,,2/25/2025 8:42:00 PM,Type 5 Incident,,,,,,,,SACC,,,,,,Cherokee 0565,,WF,FI,31.88218,-95.288346,,,{D0549C48-8839-41CE-8231-4F3250ED2D2E},,0,,,0,,,0,1,250565,firesponse,100,,,Cherokee,TXTIC,48073,SFS,TXTXS,,Private,Private,,,,,,,SA12,SFS,TXTXS,US-TX,,,Short Grass (1 foot),,,2025-TXTXS-250565,,No Decision,,,,2/25/2025 9:07:00 PM,3/5/2025 3:40:45 AM,IRWIN,0,,,{FFEA78C0-D653-4FC1-A89F-F2FDFA0CA46B},085d331f-5eda-417d-a606-dd460594fe06,2.73843397735618E-07,0.00254229180960347,Type 5 Incident
37346,27198,White face,Wildfire Final Fire Perimeter,Mixed Methods,43.5,No,Public,Approved,Yes,3/6/2025 9:06:15 PM,3/6/2025 9:06:15 PM,3/6/2025 9:06:15 PM,{9B77A8AE-60DC-436B-9FD3-58F259348034},{EA137234-BBB9-4E8E-A897-8F911DAF3A53},43.437909195414,,FFP,5484712,,CERTIFIED,43.44,,,INFORM_Inspector,43.44,,SDGPC,,,,,3/6/2025 9:06:07 PM,,,,,,,,SF0D,,2/25/2025 8:43:26 PM,,2/28/2025 10:30:00 PM,,,,,,,RMCC,,,,,,White Face,,WF,FI,,,,2/25/2025 8:47:00 PM,,1,,0,,0,,,,1,000003,INFORM_Inspector,,,,Todd,SDGPC,46121,BIA,SDRBA,,BIA,Federal,,,,,,,,BIA,SDRBA,US-SD,Grass,GR1,,,,2025-SDRBA-000003,{EA137234-BBB9-4E8E-A897-8F911DAF3A53},,,,,2/25/2025 9:48:55 PM,2/25/2025 9:48:55 PM,FODR,,,,{E8508E3D-43BD-4268-85FF-ED92C806BE47},76482483-1599-4efe-8f21-271dd9be97f5,1.94372296391521E-05,0.0276854668101101,
37200,2498,KC 450,Wildfire Daily Fire Perimeter,Mixed Methods,732.679758092829,No,Public,Approved,Yes,2/27/2025 1:47:26 AM,2/28/2025 8:36:02 PM,2/28/2025 2:23:00 PM,{36E5A0C4-BED9-4AD2-A05B-89E5E24A2C28},,732.677140711003,{B04719C1-9CC4-40B5-A582-AF41694F9C7D},2025 NIFS,38286815,,DEFAULT,,2/28/2025 9:08:55 PM,3/7/2025 9:45:24 PM,firesponse,122,122,TXTIC,0,,,,,Minimal,,Creeping,,Human,Debris and open burning,Escaped Prescribed Burn,,,2/25/2025 9:09:33 PM,Type 4 Incident,,0,100,0,0,,,SACC,3/2/2025 4:04:14 AM,2/28/2025 2:00:00 PM,3/1/2025 2:00:00 AM,F,Type 4 IC,KC 450,8 miles SE of Junction TX,WF,FI,30.38541667,-99.66921667,,,{36E5A0C4-BED9-4AD2-A05B-89E5E24A2C28},,0,,,0,,,0,1,250566,firesponse,100,100,,Kimble,TXTIC,48267,SFS,TXTXS,,Private,Private,,,,,,,SA10,SFS,TXTXS,US-TX,,,Brush (2 feet),,16,2025-TXTXS-250566,,No Decision,,,,2/25/2025 11:30:16 PM,3/7/2025 9:45:49 PM,IRWIN,0,,,{36E5A0C4-BED9-4AD2-A05B-89E5E24A2C28},38eb761d-ed4f-4fea-8e5c-22a0e6a40cc6,0.000278235772611879,0.110641223242077,Type 4 Incident
37148,2345,Sandy Bluff,Wildfire Daily Fire Perimeter,Mixed Methods,29.4881454906615,No,Public,Approved,Yes,2/26/2025 12:38:37 AM,2/26/2025 5:25:16 PM,2/25/2025 11:16:51 PM,{184488EE-A780-4631-9A83-88734CE72435},,29.4881557378532,{C82A0E3F-DB00-46B3-AFB9-0394AC31D82A},2025 NIFS,33056285,,DEFAULT,,2/26/2025 8:00:17 PM,,firesponse,29.5,29.5,TXTIC,,,,,,,,,,Undetermined,,,,,2/25/2025 9:26:55 PM,Type 5 Incident,,,,,,,,SACC,,,,,,Sandy Bluff,,WF,FI,31.39890583,-96.52567202,,,{184488EE-A780-4631-9A83-88734CE72435},,0,,,0,,,0,1,250567,firesponse,100,,,Limestone,TXTIC,48293,SFS,TXTXS,,Private,Private,,,,,,,SA11,SFS,TXTXS,US-TX,,,,,,2025-TXTXS-250567,,No Decision,,,,2/25/2025 11:03:56 PM,3/1/2025 10:27:35 PM,IRWIN,0,,,{F9B5A237-3073-448D-972C-626928516128},9a1b75ee-cb1f-4961-b7bd-0918453aefab,1.13158878320974E-05,0.0232417992005352,Type 5 Incident
37147,2358,Hickory Creek,Wildfire Daily Fire Perimeter,Mixed Methods,12.285426798897,No,Public,Approved,Yes,2/26/2025 1:32:32 PM,2/26/2025 5:21:34 PM,2/26/2025 1:30:42 AM,{FD3E97C0-9DB3-4D41-9A92-897CF5F7E1E1},,12.2853827513551,{71F67112-FC66-47C4-8C18-25AA786A3513},2025 NIFS,33056296,,DEFAULT,,2/26/2025 11:45:40 PM,3/2/2025 1:07:26 AM,firesponse,12.5,12.5,TXTIC,,,,,,,,,,Undetermined,Undetermined (remarks required),,,,2/25/2025 9:45:42 PM,Type 5 Incident,,,,,,,,SACC,,,,,,Hickory Creek,,WF,FI,30.34494018,-98.47106083,,,{FD3E97C0-9DB3-4D41-9A92-897CF5F7E1E1},,0,,,0,,,1,1,250570,firesponse,100,,,Blanco,TXTIC,48031,SFS,TXTXS,,Private,Private,,,,,,,SA11,SFS,TXTXS,US-TX,,,,,,2025-TXTXS-250570,,No Decision,,,,2/25/2025 11:43:08 PM,3/2/2025 1:11:25 AM,IRWIN,0,,,{074A5607-6D39-4E22-B775-B629C8289DD2},9fade48d-c0f3-49d5-ad53-e0285c9c79c2,4.66422716272064E-06,0.0103019585261418,Type 5 Incident
37187,2342,Scott,Wildfire Daily Fire Perimeter,Mixed Methods,,No,Public,Approved,Yes,2/26/2025 12:25:44 AM,2/28/2025 4:15:10 PM,,{14ED3DDA-BFCC-4449-A5DD-5E5948159C2F},,0.766995226149288,{F81D78BA-AD28-4593-AE25-E5E8870580FB},2025 NIFS,33056305,,DEFAULT,,,,wildcade,0.1,1,WYCPC,,,,,,,,,,Undetermined,,,SF0G,,2/25/2025 10:08:31 PM,,,,,,,,,RMCC,,,,,,Scott,,WF,FI,42.614489,-105.110321,,,{14ED3DDA-BFCC-4449-A5DD-5E5948159C2F},,0,1,,0,,,,1,250020,firecode,,,,Converse,WYCPC,56009,,,,Private,Private,,,,,,,RM04,C&L,WYCOX,US-WY,,,,,,2025-WYCOX-250020,,No Decision,,,,2/26/2025 12:46:32 AM,2/26/2025 12:46:36 AM,IRWIN,0,,,{55F2E2EA-B9BC-4C15-B7AB-FB009A53180F},d61129b5-da35-4a46-9739-ab83cb4fc514,3.40782662533456E-07,0.00290299155872443,
37194,2350,Blue Fish,Wildfire Daily Fire Perimeter,Mixed Methods,3.29322870273646,No,Public,Approved,Yes,2/26/2025 3:20:00 AM,2/28/2025 6:22:48 PM,2/26/2025 3:20:00 AM,{5954ADC0-9F84-4E70-8815-2FCD729B64A9},,3.29321667314848,{A496FF48-BB0B-4D7F-9953-30E9BD5CBE22},2025 NIFS,33056390,,DEFAULT,,,2/27/2025 1:01:00 AM,wildcade,4,4,SDGPC,,,,,,,,,,Human,,,SF0P,,2/25/2025 11:21:00 PM,,3/2/2025 8:04:00 PM,,,,,PN,1532,RMCC,,,,,,Blue Fish,,WF,FI,42.774505,-102.886876,,,{5954ADC0-9F84-4E70-8815-2FCD729B64A9},,0,1,,0,,,,1,250156,wildcade,,,,Dawes,SDGPC,31045,,,,Private,Private,,,,,,,RM24,SFS,NENES,US-NE,,,,,,2025-NENES-250156,,No Decision,,,,2/26/2025 4:15:14 PM,3/2/2025 8:16:31 PM,IRWIN,0,,,{E66A0D13-908D-4355-8C41-F1DEBBBDB3D6},d4b3d4f1-d264-4df2-b13b-4748fc5fdf55,1.46779075294035E-06,0.00530352975037594,
37397,27229,MOUNT ALIFAN 20250225,Wildfire Final Fire Perimeter,Hand Sketch,1.07,No,Public,Approved,Yes,3/9/2025 10:15:54 PM,3/9/2025 10:15:54 PM,3/9/2025 10:15:54 PM,{860BA387-A523-48CD-B9B2-78DC7215406B},{A2D98610-A3FC-4D42-8183-E7420339A3D7},0.864292082938756,,FFP,5502424,,CERTIFIED,0.86,,,IROC,1.1,,CAMNFC,,,,,3/9/2025 10:15:48 PM,,,,,,,,SF6R,66010,2/26/2025 1:00:00 AM,,3/1/2025 1:00:00 AM,,,,,,,ONCC,,,,,,MOUNT ALIFAN 20250225,,WF,FI,,,,2/26/2025 1:15:00 AM,,,,,,0,,,,1,000165,INFORM_Inspector,,,,Guam,CAMNFC,66010,NPS,GUWPP,,NPS,Federal,,,,,,,,NPS,GUWPP,US-GU,Grass,GR8,,,,2025-GUWPP-000165,{A2D98610-A3FC-4D42-8183-E7420339A3D7},,,,,3/2/2025 4:45:54 PM,3/4/2025 6:41:50 PM,FODR,,,,{B6BF02B3-9183-424D-BC66-2BC015C4EDA3},ce4aa398-44fc-4873-9f77-597df82551ea,2.91876517621859E-07,0.00243461269364261,
37181,2555,RX DFG-Frances Crane WMA-ABG17&18,Prescribed Fire,Hand Sketch,66.05,No,Public,Approved,Yes,2/27/2025 7:08:11 PM,2/27/2025 7:08:11 PM,2/26/2025 7:43:00 PM,{7101057E-34D4-4443-B8D7-409A87800769},,66.0473100307001,{4A3CD0A6-F8D7-48FB-9521-16F7D15607F0},2025 NIFS,33057666,,DEFAULT,66.05,,2/26/2025 10:21:00 PM,INFORM_Inspector,66.05,66,NHNEC,,,,,,,,,,,,,SF16,,2/26/2025 4:12:26 PM,,2/27/2025 8:00:00 PM,,,,,,,EACC,,,,,,RX DFG-Frances Crane WMA-ABG17&18,,RX,FI,,,,,{7101057E-34D4-4443-B8D7-409A87800769},,0,0,,0,,,,1,DFG-RX01,INFORM_Inspector,,,,Barnstable,NHNEC,25001,FFC,MAMAS,,State,Other,,,,,,,EA23,FFC,MAMAS,US-MA,Grass,GR6,,,,2025-MAMAS-DFG-RX01,,No Decision,,,,2/27/2025 7:03:02 PM,2/27/2025 7:08:13 PM,IRWIN,0,,,{60D636E0-BB01-4133-8D88-EF0D52A8A311},7950d3c9-cba0-45ed-949c-b56e0fb1711b,2.88855349026562E-05,0.0292478842075044,
37163,27137,MA Flat,Wildfire Final Fire Perimeter,Mixed Methods,25.6,No,Public,Approved,Yes,2/26/2025 9:01:06 PM,2/26/2025 9:01:06 PM,2/26/2025 9:01:05 PM,{58A41E5C-DE68-45E7-B659-9CC8C443B8A6},{825C7761-24DA-4A33-9090-1D52D9AFB31C},25.6426489770531,,FFP,5484547,,CERTIFIED,25.64,2/26/2025 5:54:00 PM,2/26/2025 7:00:00 PM,wildcade,25.6,,TXTIC,,,,,2/26/2025 9:00:59 PM,,,,,,,,,BX303,2/26/2025 5:24:00 PM,,2/26/2025 8:00:00 PM,,,,,,,SACC,,,,,,MA Flat,,WF,FI,35.395573,-101.383104,,,,1,,,,0,,0,,1,000073,INFORM_Inspector,,,,Carson,TXTIC,48065,,,,Private,Private,,,,,,,,NPS,TXLAP,US-TX,Grass,GR2,,,,2025-TXLAP-000073,{825C7761-24DA-4A33-9090-1D52D9AFB31C},,,,,2/26/2025 6:18:14 PM,2/26/2025 8:06:33 PM,FODR,,,,{11E47557-CFE9-4099-8AC6-C9B13FCFCE4C},26b024d1-164e-466d-b548-e085f806bd40,1.0320769433747E-05,0.0188325006747436,
37177,2384,Two Barrel,Wildfire Daily Fire Perimeter,GPS-Walked/Driven,1944.12611712398,No,Public,Approved,Yes,2/26/2025 5:56:01 PM,3/7/2025 1:55:42 AM,2/27/2025 12:19:39 AM,{0E4350FA-651A-4E0D-97A2-D99D481CE2F6},,1944.11928197314,{9B6C72CB-481F-4863-9019-7F4C3E77DCBD},2025 NIFS,38299201,,ICS209,,,,wildcade,1943,15,FLFIC,290000,,,,,Moderate,Smoldering,Running,Creeping,Undetermined,,,SF0V,,2/26/2025 5:50:00 PM,,,0,100,0,0,P8,0805,SACC,3/9/2025 10:51:16 PM,3/9/2025 7:00:00 PM,3/9/2025 10:40:00 PM,U,Type 4 IC,Two Barrel,ANF,WF,FI,30.1792,-84.9963,,,{0E4350FA-651A-4E0D-97A2-D99D481CE2F6},,0,,1,0,,,0,1,000590,ics209,80,100,,Liberty,FLFIC,12077,USFS,FLFNF,,USFS,Federal,,,,,,,SA47,USFS,FLFNF,US-FL,,,Southern Rough,Timber (Litter and Understory),27,2025-FLFNF-000590,,No Decision,,,,2/26/2025 5:55:50 PM,3/9/2025 10:51:16 PM,IRWIN,0,,,{0E4350FA-651A-4E0D-97A2-D99D481CE2F6},26f0052b-8746-40f7-94f5-05dea422a1e3,0.000736890756797948,0.131625643035975,Type 4 Incident
37237,2395,Hubbard,Wildfire Daily Fire Perimeter,Auto-generated for InFORM,1,No,Public,Approved,Yes,2/26/2025 6:23:13 PM,3/2/2025 9:57:08 PM,2/27/2025 11:54:15 PM,{B68AD5C5-BF7D-4368-A48A-BC60CD26FA34},,1.10589712510148,{7DE3E990-5160-410A-BEBA-623B1F7E962D},2025 NIFS,38299604,,DEFAULT,,2/26/2025 7:14:00 PM,3/5/2025 6:00:00 AM,wildcade,1,0.05,ALAIC,,,,,,,,,,Undetermined,,,SF0W,,2/26/2025 6:18:00 PM,,3/5/2025 11:00:00 PM,,,,,,,SACC,,,,,,Hubbard,,WF,FI,33.45144,-85.900837,,,{B68AD5C5-BF7D-4368-A48A-BC60CD26FA34},,0,1,1,0,1,1,,1,000108,wildcade,,,,Clay,ALAIC,01027,USFS,ALALF,,USFS,Federal,,,,,,,SA38,USFS,ALALF,US-AL,,,,,,2025-ALALF-000108,,No Decision,,,,2/26/2025 6:22:47 PM,3/5/2025 10:58:25 PM,IRWIN,0,,,{B68AD5C5-BF7D-4368-A48A-BC60CD26FA34},4ef85c4c-5be1-47ad-a816-878111813ace,4.34004050475778E-07,0.00383219792385052,
37209,2403,L 28,Wildfire Daily Fire Perimeter,Auto-generated for InFORM,11,No,Public,Approved,Yes,2/26/2025 7:38:15 PM,3/1/2025 3:36:16 PM,3/1/2025 1:31:55 PM,{B27442F0-C2C0-4518-850B-4025DE38389D},,8.0039542576896,{585F735A-6DC2-4328-BBCD-E74DDCE3D25E},2025 NIFS,38300008,,DEFAULT,,3/7/2025 4:00:00 PM,,wildcade,11,10,FLFIC,,,,,,,,,,Human,,,SF08,,2/26/2025 6:54:03 PM,,,,,,,PP,1522,SACC,,,,,,L 28,,WF,FI,26.158153,-80.890974,,,{B27442F0-C2C0-4518-850B-4025DE38389D},,0,1,,0,,,,1,000591,wildcade,,,,Collier,FLFIC,12021,NPS,FLBCP,,NPS,Federal,,,,,,,SA50,NPS,FLBCP,US-FL,,,,,,2025-FLBCP-000591,,No Decision,,,,2/26/2025 7:38:01 PM,3/7/2025 4:21:17 PM,IRWIN,0,,,{B27442F0-C2C0-4518-850B-4025DE38389D},333bdca9-938d-4f60-bd5c-29bf5241e80e,2.92641698251828E-06,0.00940912437371485,
37155,2402,FD010026,Wildfire Daily Fire Perimeter,Auto-generated for InFORM,0.1,No,Public,Approved,Yes,2/26/2025 7:28:34 PM,2/26/2025 7:32:31 PM,2/26/2025 7:28:34 PM,{5CB13E8D-E269-4A26-AF13-32A732BA128B},,0.156070705128762,{0B43A115-E4DE-4B25-839A-AED0BEBBA494},2025 NIFS,33056433,,DEFAULT,,2/26/2025 7:10:00 PM,2/26/2025 7:15:00 PM,INFORM_Mobile,0.1,,NHNEC,,,,,,,,,,Human,Debris and open burning,Yard debris,,,2/26/2025 7:02:00 PM,,2/26/2025 7:25:00 PM,,,,,,,EACC,,,,,,FD010026,,WF,FI,,,,2/26/2025 7:04:00 PM,{5CB13E8D-E269-4A26-AF13-32A732BA128B},,0,,,0,,,,1,FD010026,INFORM_Mobile,,,,Barnstable,NHNEC,25001,,,,Private,Private,,,,,,,EA23,FFC,MAMAS,US-MA,,,,,,2025-MAMAS-FD010026,,No Decision,,,,2/26/2025 7:28:22 PM,2/26/2025 7:28:22 PM,IRWIN,0,,,{19DD3519-6BC0-427C-A26E-4993813A7FA7},4d830f37-8b9a-469b-a830-7c1a7b3b6087,6.82550762576284E-08,0.00127261516013898,
37164,2422,Highway 32,Wildfire Daily Fire Perimeter,Auto-generated for InFORM,15,No,Public,Approved,Yes,2/26/2025 8:32:50 PM,2/26/2025 9:31:17 PM,2/26/2025 8:32:50 PM,{3200859B-7B58-4464-B1E4-E9E7DE4E20BB},,2.48423263091532,{96F2D904-DFDD-409A-8CFF-DC63A42FC84A},2025 NIFS,38301603,,DEFAULT,,2/26/2025 10:15:00 PM,3/9/2025 3:00:00 PM,wildcade,2.5,15,MOMOC,,,,,,,,,,Human,,,SF00,,2/26/2025 7:03:39 PM,,3/9/2025 3:01:00 PM,,,,,P9,0905,EACC,,,,,,Highway 32,,WF,FI,37.54151,-92.300609,,,{3200859B-7B58-4464-B1E4-E9E7DE4E20BB},,0,1,,0,,,,1,000050,wildcade,,,,Laclede,MOMOC,29105,,,,Private,Private,,,,,,,EA13,USFS,MOMTF,US-MO,,,,,,2025-MOMTF-000050,,No Decision,,,,2/26/2025 8:32:22 PM,3/9/2025 3:30:37 PM,IRWIN,0,,,{3200859B-7B58-4464-B1E4-E9E7DE4E20BB},ac47fd33-e594-4106-a5ad-ef9be61120ae,1.02494095699512E-06,0.00789818588873845,
37260,2430,Wonderland,Wildfire Daily Fire Perimeter,Mixed Methods,,No,Public,Approved,Yes,2/26/2025 8:51:26 PM,3/3/2025 4:59:25 PM,,{6B3E2728-E5B7-4FE1-86E6-15878476E7EB},,0.877950549882509,{7EEE921F-296B-4174-8D68-822E3048C1AB},2025 NIFS,33056456,,DEFAULT,,2/26/2025 9:53:00 PM,3/3/2025 5:19:00 PM,wildcade,0.88,0.1,SDGPC,,,,,,,,,,Human,,,,,2/26/2025 7:36:26 PM,,,,,,,,,RMCC,,,,,,Wonderland,,WF,FI,44.205767,-103.342199,,,{6B3E2728-E5B7-4FE1-86E6-15878476E7EB},,0,1,,0,,,,1,250158,wildcade,,,,Meade,SDGPC,46093,,,,Private,Private,,,,,,,RM05,C&L,SDMDX,US-SD,,,,,,2025-SDMDX-250158,,No Decision,,,,2/26/2025 8:30:30 PM,3/3/2025 5:19:35 PM,IRWIN,0,,,{E6009316-5065-4283-85EA-DB2866A9DD27},4870ed57-abab-42e2-9cf4-5c65e0489b1c,4.00028511648998E-07,0.00484000895263642,
37159,2426,FD010027,Wildfire Daily Fire Perimeter,Auto-generated for InFORM,1,No,Public,Approved,Yes,2/26/2025 8:47:00 PM,2/26/2025 8:55:32 PM,2/26/2025 8:47:00 PM,{6952B99C-D7E1-467D-9879-53D0D9B2A1C1},,0.131448872581209,{DBD35C70-842E-4850-A233-378B8FB9DD34},2025 NIFS,33056464,,DEFAULT,,2/26/2025 8:16:00 PM,2/26/2025 8:30:00 PM,INFORM_Mobile,1,,NHNEC,,,,,,,,,,Human,Debris and open burning,Yard debris,,,2/26/2025 8:02:00 PM,,2/26/2025 8:44:00 PM,,,,,,,EACC,,,,,,FD010027,,WF,FI,,,,2/26/2025 8:04:00 PM,{6952B99C-D7E1-467D-9879-53D0D9B2A1C1},,0,,,0,,,,1,FD010027,INFORM_Mobile,,,,Barnstable,NHNEC,25001,,,,Private,Private,,,,,,,EA23,FFC,MAMAS,US-MA,,,,,,2025-MAMAS-FD010027,,No Decision,,,,2/26/2025 8:46:26 PM,2/26/2025 8:46:26 PM,IRWIN,0,,,{F6EE719C-6598-45AF-B8EA-B3EB8190E0CB},008b9910-7c83-40ea-842f-3679496f8523,5.75248577661114E-08,0.00137918083872368,
37289,2435,Gould Wash,Wildfire Daily Fire Perimeter,GPS-Unknown Travel Method,2.13207680852316,No,Public,Approved,Yes,2/26/2025 9:05:45 PM,3/4/2025 5:41:37 PM,3/3/2025 5:54:43 PM,{3453826F-07B0-473B-A532-F0BD8F093611},,2.13206885381067,{6CDDBF6B-6386-4F91-99E0-32BE15FE8F87},2025 NIFS,33056469,,DEFAULT,,2/27/2025 12:25:00 AM,2/27/2025 6:50:00 PM,wildcade,2,2,UTCDC,,,,,,,,,,Human,,,SF01,,2/26/2025 8:05:02 PM,,3/20/2025 4:45:00 PM,,,,,PN,1522,GBCC,,,,,,Gould Wash,,WF,FI,37.127194,-113.251889,,,{3453826F-07B0-473B-A532-F0BD8F093611},,0,1,,0,,,,1,000081,wildcade,,,,Washington,UTCDC,49053,,,,Private,Private,,,,,,,GB35,DFF,UTSWS,US-UT,,,,,,2025-UTSWS-000081,,No Decision,,,,2/26/2025 9:05:13 PM,3/3/2025 5:54:28 PM,IRWIN,0,,,{5B143383-FD87-4947-9DC2-3DFCE4B76A90},279400ca-4f87-42a2-b6e8-59d5c764eab3,8.748788786761E-07,0.00499427698844835,
37203,2465,Benavides,Wildfire Daily Fire Perimeter,Mixed Methods,4.24805129575672,No,Public,Approved,Yes,2/26/2025 10:44:01 PM,2/28/2025 8:49:56 PM,2/26/2025 10:27:06 PM,{50CC15AE-4F69-4508-8862-308E7E395DC9},,4.24805299363226,{8C64046F-7345-4093-B188-E693FC8A784C},2025 NIFS,33056487,,DEFAULT,,2/26/2025 11:22:19 PM,3/1/2025 10:33:00 PM,firesponse,5,5,TXTIC,,,,,,,,,,Undetermined,,,,,2/26/2025 9:00:54 PM,Type 5 Incident,,,,,,,,SACC,,,,,,Benavides,,WF,FI,32.80579779,-98.15557481,,,{50CC15AE-4F69-4508-8862-308E7E395DC9},,0,,,0,,,0,1,250607,firesponse,100,,,Palo Pinto,TXTIC,48363,SFS,TXTXS,,Private,Private,,,,,,,SA06,SFS,TXTXS,US-TX,,,,,,2025-TXTXS-250607,,No Decision,,,,2/26/2025 9:49:46 PM,3/1/2025 10:33:56 PM,IRWIN,0,,,{27D89B2D-B956-463A-8ADA-CCF3FC3B0CA1},280a9a48-171e-4a25-9e78-dd9906a71426,1.65415167430183E-06,0.00556521331353068,Type 5 Incident
37201,2472,West Owl,Wildfire Daily Fire Perimeter,Mixed Methods,32.2216046486777,No,Public,Approved,Yes,2/26/2025 11:17:07 PM,2/28/2025 8:44:31 PM,2/26/2025 10:18:08 PM,{55CC9930-9CCE-41A5-B376-40202A729E52},,32.2216165641869,{3C0B5E8B-B552-4346-8345-415210F3A282},2025 NIFS,33056495,,DEFAULT,,2/27/2025 2:36:44 AM,3/1/2025 10:29:30 PM,firesponse,32,32,TXTIC,,,,,,,,,,Human,Equipment and vehicle use,Hot work: welder/grinder/torch/cutter,,,2/26/2025 9:31:13 PM,Type 5 Incident,,,,,,,,SACC,,,,,,West Owl,,WF,FI,33.56500823,-102.11295547,,,{55CC9930-9CCE-41A5-B376-40202A729E52},,0,,,0,,,0,1,250610,firesponse,100,,,Hockley,TXTIC,48219,SFS,TXTXS,,Private,Private,,,,,,,SA04,SFS,TXTXS,US-TX,,,,,,2025-TXTXS-250610,,No Decision,,,,2/26/2025 10:17:42 PM,3/1/2025 10:29:42 PM,IRWIN,0,,,{3D60FFEE-B10F-4B65-A864-CAF588F53CD2},63f3a7ed-3e71-43c4-aed9-0f88a3cdceaf,1.26608338177903E-05,0.0232318872074301,Type 5 Incident
37334,27179,Penny,Wildfire Final Fire Perimeter,Hand Sketch,8.99,No,Public,Approved,Yes,3/6/2025 3:40:51 PM,3/6/2025 3:40:51 PM,3/6/2025 3:40:51 PM,{4A44CE92-ECE2-43B7-829C-4863B695BAE5},{817D5EC5-B8FF-4BB2-801E-0F9AC633D93E},8.99412674763834,,FFP,5499169,,CERTIFIED,8.99,,2/27/2025 12:00:00 AM,wildcade,9,,CASDIC,,,,,3/6/2025 3:40:45 PM,,,,,,,,SF1D,,2/26/2025 10:05:00 PM,,3/2/2025 5:30:00 PM,,,,,P5,0502,OSCC,,,,,,Penny,,WF,FI,32.9079,-116.458,,2/26/2025 10:15:00 PM,,1,,1,,0,,1,,1,000352,INFORM_Inspector,,,,San Diego,CASDIC,06073,USFS,CACNF,,USFS,Federal,,,,,,,,USFS,CACNF,US-CA,Grass-Shrub,GS2,,,,2025-CACNF-000352,{817D5EC5-B8FF-4BB2-801E-0F9AC633D93E},,,,,2/26/2025 10:14:33 PM,3/5/2025 10:17:08 PM,FODR,,,,{88BA19C3-BBBC-42AC-BD79-46DDA7D785DE},41449992-e9f1-4805-9d0c-90ee93947f65,3.50869368048734E-06,0.0118083279869436,
37184,2515,Pigeon,Wildfire Daily Fire Perimeter,Auto-generated for InFORM,0.5,No,Public,Approved,Yes,2/27/2025 2:33:04 PM,2/27/2025 10:55:11 PM,2/27/2025 5:16:49 PM,{55133D14-8CF8-42DE-B6C1-CB51CEE5377E},,0.457395920064706,{7EEFCEF0-E8DA-405D-8145-CBB8ED131376},2025 NIFS,38312803,,DEFAULT,,2/27/2025 2:00:00 PM,3/1/2025 2:00:00 PM,wildcade,0.5,0.5,GAGIC,,,,,,,,,,Undetermined,,,SF1Q,,2/26/2025 10:29:45 PM,,3/5/2025 1:00:00 PM,,,,,PP,1532,SACC,,,,,,Pigeon,,WF,FI,33.964891,-84.590294,,,{55133D14-8CF8-42DE-B6C1-CB51CEE5377E},,0,1,,0,,,,1,000027,wildcade,,,,Cobb,GAGIC,13067,NPS,GAKEP,,NPS,Federal,,,,,,,SA40,NPS,GAKEP,US-GA,,,,,,2025-GAKEP-000027,,No Decision,,,,2/27/2025 2:32:43 PM,3/5/2025 1:13:37 PM,IRWIN,0,,,{55133D14-8CF8-42DE-B6C1-CB51CEE5377E},7c22b687-07c5-4f01-bba7-c822fe5d06e8,1.80559027285199E-07,0.00219335884748364,
37396,27230,MOUNT ALIFAN 20250226,Wildfire Final Fire Perimeter,Hand Sketch,6.11,No,Public,Approved,Yes,3/9/2025 10:17:56 PM,3/9/2025 10:17:56 PM,3/9/2025 10:17:55 PM,{290A2DF4-2911-4FA4-9B12-D6D43FC4A421},{D39D0DB9-283B-45A7-9C84-CF4D4FE444EE},5.28847027706256,,FFP,5502425,,CERTIFIED,5.29,,,IROC,6.1,,CAMNFC,,,,,3/9/2025 10:17:50 PM,,,,,,,,SF6U,66010,2/27/2025 1:00:00 AM,,3/1/2025 1:00:00 AM,,,,,,,ONCC,,,,,,MOUNT ALIFAN 20250226,,WF,FI,,,,2/27/2025 1:15:00 AM,,,,,,0,,,,1,000166,firecode,,,,Guam,CAMNFC,66010,NPS,GUWPP,,NPS,Federal,,,,,,,,NPS,GUWPP,US-GU,Grass,GR8,,,,2025-GUWPP-000166,{D39D0DB9-283B-45A7-9C84-CF4D4FE444EE},,,,,3/2/2025 4:57:21 PM,3/2/2025 4:57:42 PM,FODR,,,,{62F2A9AE-7AC1-4E5D-A92D-E3A764689AD4},f7f18c1f-2319-41f3-8089-29aa31fbe885,1.78591881194734E-06,0.00618315882945343,
37338,27182,Gator Branch,Wildfire Final Fire Perimeter,Auto-generated for InFORM,5,No,Public,Approved,Yes,3/6/2025 4:43:39 PM,3/6/2025 4:43:39 PM,3/6/2025 4:43:38 PM,{C7E6B517-D62B-45DF-BA60-C37002BE5F2E},{7B62CB98-7A3F-45C6-8E43-06BA37E3F9AB},5.00383127463438,,FFP,5499239,,CERTIFIED,5,,,wildcade,5,,MSMIC,,,,,3/6/2025 4:43:33 PM,,,,,,,,SF1N,,2/27/2025 3:52:17 AM,,3/6/2025 2:00:00 PM,,,,,P8,,SACC,,,,,,Gator Branch,,WF,FI,31.448056,-88.841667,,2/27/2025 4:46:00 AM,,1,,1,,0,,0,,1,000073,wildcade,,,,Wayne,MSMIC,28153,USFS,MSMNF,,USFS,Federal,,,,,,,,USFS,MSMNF,US-MS,Timber,TL3,,,,2025-MSMNF-000073,{7B62CB98-7A3F-45C6-8E43-06BA37E3F9AB},,,,,2/27/2025 4:50:50 AM,2/27/2025 6:21:24 AM,FODR,,,,{D73A22DF-0130-4E3F-A7EA-75845FADD28E},00855443-128f-4686-9da7-c4e487064fe5,1.92136985788238E-06,0.00644996584942555,
37278,3015,Devils Horn 1-3 RX,Prescribed Fire,Auto-generated for InFORM,1581,No,Public,Approved,Yes,3/2/2025 4:34:29 PM,3/3/2025 9:07:18 PM,3/2/2025 4:34:29 PM,{B1B3A08E-3A53-452C-9B8E-6A4BC401652F},,1571.44571282165,{78BC0A46-9B0A-4FA9-A652-02E034A19C96},2025 NIFS,33057632,,DEFAULT,,,,wildcade,1581,1581,MOMOC,,,,,,,,,,Undetermined,,,,,2/27/2025 4:00:15 PM,,,,,,,,,EACC,,,,,,Devils Horn 1-3 RX,,RX,FI,36.84222,-91.083183,,,{B1B3A08E-3A53-452C-9B8E-6A4BC401652F},,0,1,,0,,,,1,000054,wildcade,,,,Carter,MOMOC,29035,USFS,MOMTF,,USFS,Federal,,,,,,,EA13,USFS,MOMTF,US-MO,,,,,,2025-MOMTF-000054,,No Decision,,,,2/27/2025 4:12:57 PM,3/2/2025 4:33:49 PM,IRWIN,0,,,{DC1A7369-302D-45F6-AC68-BC3D76CDDC30},f714a58d-fdea-4487-a0ef-9b1b721c84b2,0.000642381179886797,0.153543122615497,
37182,2546,Tree Farm,Wildfire Daily Fire Perimeter,Auto-generated for InFORM,2,No,Public,Approved,Yes,2/27/2025 6:20:16 PM,2/27/2025 7:34:36 PM,2/27/2025 6:39:01 PM,{D112915C-14B0-4B4E-8651-99250C9EAB28},,1.9477249552288,{8D0178C4-AFFA-4EDC-B40A-D91C4C90F30F},2025 NIFS,33057654,,DEFAULT,,2/27/2025 11:24:00 PM,3/2/2025 6:36:00 PM,wildcade,2,0.1,SDGPC,,,,,,,,,,Human,,,SF13,,2/27/2025 5:53:13 PM,,,,,,,PN,1532,RMCC,,,,,,Tree Farm,,WF,FI,44.169257,-103.332149,,,{D112915C-14B0-4B4E-8651-99250C9EAB28},,0,1,,0,,,,1,250161,wildcade,,,,Meade,SDGPC,46093,,,,Private,Private,,,,,,,RM05,DWF,SDSDS,US-SD,,,,,,2025-SDSDS-250161,,No Decision,,,,2/27/2025 6:19:42 PM,3/2/2025 6:36:23 PM,IRWIN,0,,,{12469D3C-679C-4E14-B53D-A958096F33DA},c0bdd2aa-6e60-40f2-80f4-891893f4166d,8.87002897798084E-07,0.00415327350881425,
37185,2552,Hilltop,Wildfire Daily Fire Perimeter,Auto-generated for InFORM,8,No,Public,Approved,Yes,2/27/2025 6:58:04 PM,2/27/2025 10:45:47 PM,2/27/2025 8:44:06 PM,{A4F72B40-D524-40F8-A4CB-84A0C69D49D1},,17.1787302120184,{ABE4E5D4-C12B-42FF-BB0A-B65DE8696A77},2025 NIFS,38316806,,DEFAULT,,3/1/2025 9:00:00 PM,3/5/2025 3:20:00 PM,wildcade,17.2,0.1,SDGPC,,,,,,,,,,Human,,,SF15,,2/27/2025 5:57:00 PM,,,,,,,PN,1532,RMCC,,,,,,Hilltop,,WF,FI,42.778452,-102.842364,,,{A4F72B40-D524-40F8-A4CB-84A0C69D49D1},,0,1,,0,,,,1,250162,wildcade,,,,Dawes,SDGPC,31045,,,,Private,Private,,,,,,,RM24,SFS,NENES,US-NE,,,,,,2025-NENES-250162,,No Decision,,,,2/27/2025 6:57:52 PM,3/5/2025 3:20:48 PM,IRWIN,0,,,{A4F72B40-D524-40F8-A4CB-84A0C69D49D1},161d59da-7860-4247-819f-fe02b1bd8398,7.64877177061862E-06,0.0131673515390873,
37202,2603,Anderson 0649,Wildfire Daily Fire Perimeter,Mixed Methods,13.5247512967874,No,Public,Approved,Yes,2/27/2025 10:08:58 PM,2/28/2025 8:50:38 PM,2/28/2025 5:12:32 PM,{3E84DED4-CC71-4997-B10E-96A59B461499},,13.5247579133685,{787D5CC6-C2F1-4949-857A-803C54DB225B},2025 NIFS,38317604,,DEFAULT,,2/27/2025 10:50:00 PM,2/28/2025 5:08:00 PM,firesponse,14,14,TXTIC,,,,,,Minimal,,,,Human,Equipment and vehicle use,Hot work: welder/grinder/torch/cutter,,,2/27/2025 7:28:00 PM,Type 5 Incident,,,,,,,,SACC,,,,,,Anderson 0649,,WF,FI,31.67781908,-95.74773901,,,{3E84DED4-CC71-4997-B10E-96A59B461499},,0,,,0,,,0,1,250649,firesponse,100,,,Anderson,TXTIC,48001,SFS,TXTXS,,Private,Private,,,,,,,SA12,SFS,TXTXS,US-TX,,,Short Grass (1 foot),,,2025-TXTXS-250649,,No Decision,,,,2/27/2025 8:47:27 PM,3/7/2025 11:32:04 PM,IRWIN,0,,,{3E84DED4-CC71-4997-B10E-96A59B461499},fca95cf6-2a65-4793-a474-c429311b66b1,5.20561911798723E-06,0.0100918453469057,Type 5 Incident
37364,2673,Heron Meadows,Wildfire Daily Fire Perimeter,Auto-generated for InFORM,319,No,Public,Approved,Yes,2/28/2025 5:30:10 PM,3/7/2025 5:44:45 PM,3/7/2025 5:25:07 PM,{70749364-B969-4E5E-AD9E-DE3BC34F3309},,319.051405565269,{8BE5A1ED-E8B2-41ED-913D-1CC73931374A},2025 NIFS,38330006,,DEFAULT,,3/1/2025 7:00:00 PM,3/1/2025 7:00:00 PM,wildcade,319,280,MNMNCC,15000,,,,,Active,,,,Human,,,,,2/27/2025 8:00:00 PM,,3/3/2025 8:30:00 PM,0,100,0,0,,,EACC,3/1/2025 9:10:30 PM,2/27/2025 8:00:00 PM,2/28/2025 11:00:00 PM,F,Type 4 IC,Heron Meadows,".5 miles SW of Heron Lake, MN",WF,FI,43.785337,-95.338152,,,{70749364-B969-4E5E-AD9E-DE3BC34F3309},,0,1,,0,,,1,1,000105,INFORM_Inspector,95,100,Heron Lake,Jackson,MNMNCC,27063,,,,Private,Private,,,,,,,EA02,DNR,MN4XS,US-MN,,,Tall Grass (2.5 feet),,2,2025-MN4XS-000105,,No Decision,,,,2/28/2025 5:29:46 PM,3/7/2025 5:48:41 PM,IRWIN,0,,,{70749364-B969-4E5E-AD9E-DE3BC34F3309},07c4ddb4-717c-46b8-9883-b6af9b40967f,0.000144350783102709,0.091019358579416,Type 4 Incident
37199,2584,Okoboji View Wildfire,Wildfire Daily Fire Perimeter,Auto-generated for InFORM,100,No,Public,Approved,Yes,2/27/2025 9:21:49 PM,2/28/2025 8:17:43 PM,2/27/2025 9:21:50 PM,{CF684DCC-AF99-4A96-A3A8-B87245AA2165},,243.962655448546,{55D550D2-9D82-4D28-826C-EE5DDAFE289D},2025 NIFS,33057703,,DEFAULT,243.96,,,INFORM_Inspector,244,100,MOMOC,,,,,,,,,,,,,SF2B,,2/27/2025 8:00:23 PM,,,,,,,,,EACC,,,,,,Okoboji View Wildfire,,WF,FI,,,,,{CF684DCC-AF99-4A96-A3A8-B87245AA2165},,0,0,,0,,,,1,000002,INFORM_Inspector,,,,Dickinson,MOMOC,19059,FWS,IAWTR,,USFWS,Federal,,,,,,,EA02,FWS,IAWTR,US-IA,,,,,,2025-IAWTR-000002,,No Decision,,,,2/27/2025 9:21:31 PM,2/28/2025 8:43:21 PM,IRWIN,0,,,{5D86D512-F006-46CE-B526-91204DD2F75B},8ac29fc3-e985-4e11-9625-0f5db5838101,0.00010970650055242,0.0713281997233075,
37204,2599,Rusk 0650,Wildfire Daily Fire Perimeter,Mixed Methods,46.4423494268381,No,Public,Approved,Yes,2/27/2025 10:02:30 PM,2/28/2025 8:55:37 PM,2/27/2025 10:12:48 PM,{73CDE29A-2330-4349-B7EB-EC4AA1D5488C},,46.4423703210779,{93673039-66A0-4FE5-9FA4-BFB6E3976613},2025 NIFS,33057710,,DEFAULT,,2/27/2025 10:04:00 PM,3/2/2025 8:00:00 PM,firesponse,46,46,TXTIC,,,,,,Minimal,,,,Undetermined,Undetermined (remarks required),Under investigation,,,2/27/2025 8:39:00 PM,Type 5 Incident,,,,,,,,SACC,,,,,,Rusk 0650,,WF,FI,32.13216557,-94.90312729,,,{73CDE29A-2330-4349-B7EB-EC4AA1D5488C},,0,,,0,,,0,1,250650,firesponse,100,,,Rusk,TXTIC,48401,SFS,TXTXS,,Private,Private,,,,,,,SA07,SFS,TXTXS,US-TX,,,Timber (Litter and Understory),,,2025-TXTXS-250650,,No Decision,,,,2/27/2025 9:27:44 PM,3/2/2025 9:01:08 PM,IRWIN,0,,,{BD082E1A-B75C-4FE0-9D1D-3A08BFA370A1},ba40c142-7e72-47b6-b609-ad0a776ebdf2,1.79625524197036E-05,0.0210084663033919,Type 5 Incident
37196,2593,Windy Ridge,Wildfire Daily Fire Perimeter,Mixed Methods,19.4322174775825,No,Public,Approved,Yes,2/27/2025 9:39:49 PM,2/28/2025 6:44:31 PM,2/28/2025 1:53:53 PM,{F71734E6-4577-4C31-A204-3AC693991B95},,19.4321449930373,{99AC254A-F59B-4B9D-B3BF-D0857FF8530B},2025 NIFS,38317617,,DEFAULT,,2/27/2025 11:25:00 PM,2/28/2025 12:40:00 AM,wildcade,19.9,5,UTUBC,,,,,,,,,,Human,,,SF2H,,2/27/2025 8:49:03 PM,,3/6/2025 3:45:00 PM,,,,,,,GBCC,,,,,,Windy Ridge,,WF,FI,40.228966,-109.978174,,,{F71734E6-4577-4C31-A204-3AC693991B95},,0,1,,0,,,,1,100012,wildcade,,,,Duchesne,UTUBC,49013,,,,Private,Private,,,,,,,GB29,DFF,UTNES,US-UT,,,,,,2025-UTNES-100012,,No Decision,,,,2/27/2025 9:39:19 PM,3/6/2025 5:33:54 PM,IRWIN,0,,,{F71734E6-4577-4C31-A204-3AC693991B95},a2c37a10-3c6e-4663-85db-06c1010e1530,8.32118985272245E-06,0.0188023664365975,
37192,2611,CROSS TIMBERS,Wildfire Daily Fire Perimeter,Auto-generated for InFORM,402.6,No,Public,Approved,Yes,2/27/2025 10:38:18 PM,2/28/2025 5:27:02 PM,2/28/2025 1:36:46 PM,{FF9B8643-14CD-48AC-BFEC-13EB5A1BFAD3},,405.857258297444,{FEA7B092-FBDB-424B-BB4F-EFE4868B4272},2025 NIFS,33057728,,DEFAULT,,,,wildcade,402.6,20,ARAOC,70000,,,,,Minimal,,Creeping,Smoldering,Undetermined,,,SF2L,,2/27/2025 10:37:28 PM,,,0,100,0,0,PA,1522,SACC,3/4/2025 8:06:15 PM,3/3/2025 8:00:00 PM,3/4/2025 8:00:00 PM,F,Type 4 IC,CROSS TIMBERS,"4 miles W of Bartlesville, OK",WF,FI,36.738889,-96.194167,,,{FF9B8643-14CD-48AC-BFEC-13EB5A1BFAD3},,0,1,,0,,,0,1,000264,ics209,100,100,Bartlesvillve,Osage,ARAOC,40113,,,,Private,Private,,,,,,,SA03,BIA,OKOSA,US-OK,,,Timber (Litter and Understory),Tall Grass (2.5 feet),16,2025-OKOSA-000264,,No Decision,,,,2/27/2025 10:37:52 PM,3/4/2025 8:06:15 PM,IRWIN,0,,,{41B9C9E5-F499-4A01-9317-7D1664642250},218d8c14-0883-4cc2-833d-c1a16ccf15ce,0.000165714482591284,0.0719847054561211,Type 4 Incident
37245,2627,Refresher 1,Wildfire Daily Fire Perimeter,Mixed Methods,,No,Public,Approved,Yes,2/28/2025 12:30:53 AM,3/3/2025 1:27:49 PM,,{68C7569D-5DED-4881-8A91-7D1385AF35A2},,0.150339840707126,{463C9E7E-706D-462B-AD21-0BA4BC364DB7},2025 NIFS,33057867,,DEFAULT,,,,iffrs,0.15,0.15,WIWISC,,,,,,,,,,Human,Railroad operations and maintenance,,SF3L,,2/27/2025 11:50:00 PM,,2/28/2025 1:00:00 AM,,,,,,,EACC,,,,,,Refresher 1,,WF,FI,44.02525,-90.27065,0.15,,{68C7569D-5DED-4881-8A91-7D1385AF35A2},,0,,,0,,,,1,FIRE123127,firecode,,,,Juneau,WIWIC,55057,,,,Private,Private,,,,,,,EA05,DNR,WIWIS,US-WI,,,,,,2025-WIWIS-FIRE123127,,No Decision,,,,2/28/2025 6:19:39 PM,2/28/2025 6:19:40 PM,IRWIN,0,,,{FEC7713F-CAE8-4400-A860-DA8936CBC14F},d7081457-52a4-4ae6-9249-41d6db9143c9,6.82973677612608E-08,0.00167512809849413,
37205,2714,County Z Fire,Wildfire Daily Fire Perimeter,Mixed Methods,2.5,No,Public,Approved,Yes,2/28/2025 9:06:36 PM,3/3/2025 1:33:47 PM,2/28/2025 10:31:12 PM,{47CDE8F2-0C4D-401B-8E03-FD2F7E347878},,2.56207207397797,{240F27B3-16F4-4D72-AEA3-2B8911394FFA},2025 NIFS,33057924,,DEFAULT,,,2/28/2025 9:14:00 PM,iffrs,2.56,0.01,WIWISC,,,,,,,,,,Human,Debris and open burning,Hand pile/slash,SF30,,2/28/2025 6:00:00 AM,,2/28/2025 10:30:00 PM,,,,,,,EACC,,,,,,County Road Z,,WF,FI,43.10733,-90.06504,0.01,2/28/2025 9:14:00 PM,{47CDE8F2-0C4D-401B-8E03-FD2F7E347878},,0,,,0,,,,1,FIRE123130,iffrs,,,,Iowa,WIWIC,55049,,,,Private,Private,,,,,,,EA05,DNR,WIWIS,US-WI,,,Short Grass (1 foot),,,2025-WIWIS-FIRE123130,,No Decision,,,,2/28/2025 9:06:15 PM,3/1/2025 4:27:44 PM,IRWIN,0,,,{3B907825-E88B-44AD-A233-2841BA1F5D68},ac727ce2-6cd6-42aa-99a3-db226f22abe4,1.14508929982549E-06,0.00449213219062069,
37298,2648,SATULAH,Wildfire Daily Fire Perimeter,Auto-generated for InFORM,10,No,Public,Approved,Yes,2/28/2025 11:27:02 AM,3/4/2025 9:06:47 PM,3/4/2025 4:21:25 PM,{FD9D69F5-C572-43C7-89F9-3625E2BF54FA},,9.84542774314895,{7861C2CC-9FDF-4B4C-BEF4-0351164CA370},2025 NIFS,33057776,,DEFAULT,,3/4/2025 4:20:00 PM,,wildcade,10,3,NCNCC,,,,,,,,,,Undetermined,,,SF22,,2/28/2025 10:01:53 AM,,,,,,,P8,0811,SACC,,,,,,SATULAH,,WF,FI,35.0288,-83.1858,,,{FD9D69F5-C572-43C7-89F9-3625E2BF54FA},,0,1,,0,,,,1,250066,wildcade,,,,Macon,NCNCC,37113,USFS,NCNCF,,USFS,Federal,,,,,,,SA31A,USFS,NCNCF,US-NC,,,,,,2025-NCNCF-250066,,No Decision,,,,2/28/2025 11:26:30 AM,3/4/2025 4:20:56 PM,IRWIN,0,,,{813550C2-926C-4D73-A312-569175B0CB19},89b5b88b-35ee-4412-9f26-25fe7392c89a,3.93546542909462E-06,0.00809078320636707,
37367,2647,Talley Mill,Wildfire Daily Fire Perimeter,Auto-generated for InFORM,21.7,No,Public,Approved,Yes,2/28/2025 10:24:22 AM,3/7/2025 8:23:36 PM,3/6/2025 1:50:18 PM,{F0118472-150B-464D-BE8A-2FADC924F1A2},,20.0906269724908,{AAC3D47C-761E-4BAA-A753-42B5E695663F},2025 NIFS,38326000,,DEFAULT,,2/28/2025 9:16:00 PM,3/5/2025 5:00:00 AM,wildcade,21.7,3,GAGIC,,,,,,,,,,Undetermined,,,SF3B,,2/28/2025 10:18:00 AM,,3/5/2025 7:30:00 PM,,,,,P8,0803,SACC,,,,,,Talley Mill,,WF,FI,34.990607,-83.193329,,,{F0118472-150B-464D-BE8A-2FADC924F1A2},,0,1,,0,,1,,1,000034,INFORM_Inspector,,,,Rabun,GAGIC,13241,USFS,GACHF,,USFS,Federal,,,,,,,SA31B,USFS,GACHF,US-GA,,,,,,2025-GACHF-000034,,No Decision,,,,2/28/2025 10:24:01 AM,3/7/2025 8:19:44 PM,IRWIN,0,,,{F0118472-150B-464D-BE8A-2FADC924F1A2},5afe9de8-01c8-49ec-84c8-dba6cf7672dc,8.02689010015456E-06,0.0137771019404773,
37206,2774,JASPER,Wildfire Daily Fire Perimeter,Hand Sketch,137.88,No,Public,Approved,Yes,2/28/2025 11:36:36 PM,2/28/2025 11:36:36 PM,2/28/2025 11:36:34 PM,{D4228A5A-14F2-4B03-AFB5-0890CA4E3FD8},,137.880492536538,{BA0B6DD1-2E0A-4738-9E41-2C79A6A83E7C},2025 NIFS,33057993,,DEFAULT,,,,firecode,,,SDGPC,,,,,,,,,,,,,SF4B,,2/28/2025 4:45:00 PM,,,,,,,,,RMCC,,,,,,JASPER,,WF,FI,,,,,{D4228A5A-14F2-4B03-AFB5-0890CA4E3FD8},,0,0,0,0,1,0,,1,000002,INFORM_Inspector,,,,Thurston,SDGPC,31173,BIA,NEWIA,,BIA,Federal,,,,,,,RM26,BIA,NEWIA,US-NE,,,,,,2025-NEWIA-000002,,No Decision,,,,2/28/2025 11:26:52 PM,2/28/2025 11:37:24 PM,IRWIN,0,,,{4C42A056-A382-48E9-BD1F-0C338A944A33},ae9d293f-e669-459a-a32e-205ba5108d0a,6.07987467446947E-05,0.0538329570435364,
37218,2742,Wildcat,Wildfire Daily Fire Perimeter,Mixed Methods,55.4529014426122,No,Public,Approved,Yes,2/28/2025 10:21:30 PM,3/2/2025 8:49:47 PM,2/28/2025 7:11:14 PM,{0DCC6250-ED48-43B3-BCFC-48C5E0FE438D},,55.4527040122892,{77F5B49E-EC01-4099-B2D6-4370DF48A3FC},2025 NIFS,33057869,,DEFAULT,,3/1/2025 4:44:05 PM,,firesponse,55,55,TXTIC,,,,,,Active,,,,Human,Railroad operations and maintenance,,,,2/28/2025 6:13:33 PM,Type 5 Incident,,,,,,,,SACC,,,,,,Wildcat,,WF,FI,28.10845284,-97.82192762,,,{0DCC6250-ED48-43B3-BCFC-48C5E0FE438D},,0,,,0,,,0,1,250684,firesponse,100,,,Live Oak,TXTIC,48297,SFS,TXTXS,,Private,Private,,,,,,,SA14,SFS,TXTXS,US-TX,,,,,,2025-TXTXS-250684,,No Decision,,,,2/28/2025 6:26:31 PM,3/2/2025 11:26:43 PM,IRWIN,0,,,{42A5360E-911D-4095-AE3E-C66E41D73D2A},66b69932-b087-4089-ae84-e270958e1d48,2.06143238301593E-05,0.0250680540530888,Type 5 Incident
37207,2693,Wolf Pen,Wildfire Daily Fire Perimeter,Auto-generated for InFORM,3,No,Public,Approved,Yes,2/28/2025 8:07:01 PM,2/28/2025 11:41:47 PM,2/28/2025 10:20:24 PM,{7AFA99FE-E7A6-4580-B1E7-71D6B78AE515},,5.08187168532639,{4C49208D-4348-498E-9BBD-A1BD6480AA58},2025 NIFS,33057892,,DEFAULT,,2/28/2025 9:15:00 PM,,wildcade,3.6,3,MOMOC,,,,,,,,,,Undetermined,,,SF3T,,2/28/2025 6:17:05 PM,,,,,,,P9,0905,EACC,,,,,,Wolf Pen,,WF,FI,37.675694,-91.033745,,,{7AFA99FE-E7A6-4580-B1E7-71D6B78AE515},,0,1,,0,,,,1,000061,wildcade,,,,Iron,MOMOC,29093,USFS,MOMTF,,USFS,Federal,,,,,,,EA13,USFS,MOMTF,US-MO,,,,,,2025-MOMTF-000061,,No Decision,,,,2/28/2025 8:06:48 PM,3/1/2025 12:34:03 AM,IRWIN,0,,,{9DDFEEA2-CFA6-48E6-A9FF-CC35C950753F},5460f260-ac69-4ea3-8835-21b723938511,2.10044936466147E-06,0.0122924560084638,
37257,2723,Gregg 0687,Wildfire Daily Fire Perimeter,Mixed Methods,4.61210944524389,No,Public,Approved,Yes,2/28/2025 9:37:08 PM,3/3/2025 4:00:02 PM,2/28/2025 9:32:39 PM,{B27CF97A-5244-4F46-8B01-B00B4E1DFD8D},,4.6121113701401,{1442950E-6894-4753-B334-B2731FED9494},2025 NIFS,33057908,,DEFAULT,,2/28/2025 9:26:00 PM,3/3/2025 4:09:00 PM,firesponse,5.5,5.5,TXTIC,,,,,,Minimal,,,,Human,Debris and open burning,Hand pile/slash,,,2/28/2025 7:12:00 PM,Type 5 Incident,,,,,,,,SACC,,,,,,Gregg 0687,,WF,FI,32.53586054,-94.88472142,,,{B27CF97A-5244-4F46-8B01-B00B4E1DFD8D},,0,,,0,,,0,1,250687,firesponse,100,,,Gregg,TXTIC,48183,SFS,TXTXS,,Private,Private,,,,,,,SA07,SFS,TXTXS,US-TX,,,Timber (Litter and Understory),,,2025-TXTXS-250687,,No Decision,,,,2/28/2025 8:35:11 PM,3/3/2025 4:13:54 PM,IRWIN,0,,,{3073756B-CD25-4987-9EBF-666944CC1949},35dbccce-ef6d-4404-8c0a-2a37e91afeec,1.79173503056518E-06,0.00668023526509615,Type 5 Incident
37339,2705,Cooper,Wildfire Daily Fire Perimeter,Auto-generated for InFORM,10.2,No,Public,Approved,Yes,2/28/2025 8:40:37 PM,3/6/2025 5:04:47 PM,3/5/2025 4:08:43 PM,{DD91CA55-6671-4E4C-B2A0-C92470BCCD56},,13.3789109351289,{092483CB-FE76-4C73-9587-022261A48988},2025 NIFS,38334005,,DEFAULT,,3/7/2025 6:00:00 AM,3/7/2025 6:14:00 PM,wildcade,10.2,10,MSMIC,,,,,,,,,,Human,,,SF3X,,2/28/2025 7:36:42 PM,,,,,,,P8,0807,SACC,,,,,,Cooper,,WF,FI,31.46254,-88.694005,,,{DD91CA55-6671-4E4C-B2A0-C92470BCCD56},,0,1,,0,,,,1,000084,wildcade,,,,Wayne,MSMIC,28153,USFS,MSMNF,,USFS,Federal,,,,,,,SA22A,USFS,MSMNF,US-MS,,,,,,2025-MSMNF-000084,,No Decision,,,,2/28/2025 8:40:20 PM,3/7/2025 6:17:44 PM,IRWIN,0,,,{DD91CA55-6671-4E4C-B2A0-C92470BCCD56},59b2f09c-e9b8-426b-ad49-1f30821e422a,5.13824693371134E-06,0.00983038239964857,
37220,2754,Titus 0690,Wildfire Daily Fire Perimeter,Mixed Methods,3.15343236338594,No,Public,Approved,Yes,2/28/2025 10:45:47 PM,3/3/2025 4:00:02 PM,3/2/2025 12:50:34 AM,{C692C09F-BA42-43BC-A0CF-37CAC3E9B3C1},,3.15343355388422,{D828DC94-3AE4-4555-ADC1-9690BB505003},2025 NIFS,33057912,,DEFAULT,,2/28/2025 10:18:00 PM,3/2/2025 12:49:00 AM,firesponse,3,3,TXTIC,,,,,,,,,,Human,Debris and open burning,Hand pile/slash,,,2/28/2025 7:52:00 PM,Type 5 Incident,,,,,,,,SACC,,,,,,Titus 0690,,WF,FI,33.27767921,-94.9830641,,,{C692C09F-BA42-43BC-A0CF-37CAC3E9B3C1},,0,,,0,,,0,1,250690,firesponse,100,,,Titus,TXTIC,48449,SFS,TXTXS,,Private,Private,,,,,,,SA07,SFS,TXTXS,US-TX,,,Timber (Litter and Understory),,,2025-TXTXS-250690,,No Decision,,,,2/28/2025 8:44:33 PM,3/2/2025 9:44:30 PM,IRWIN,0,,,{D4E7719F-EB6C-40E3-89FC-82D4849467DB},76abe249-2f4d-4368-879b-e57f971fbb98,1.23509698823909E-06,0.00493542093251551,Type 5 Incident
37229,2731,Franklin 0693,Wildfire Daily Fire Perimeter,Mixed Methods,4.20944375887261,No,Public,Approved,Yes,2/28/2025 9:53:36 PM,3/3/2025 4:00:02 PM,3/1/2025 1:48:44 AM,{4859BED6-E229-4CC1-9793-91B56ACA1F5D},,4.20944549687385,{5DDAE428-F7E8-4085-B269-8D685BDF08A8},2025 NIFS,33057927,,DEFAULT,,2/28/2025 9:54:00 PM,3/1/2025 1:00:00 AM,firesponse,4,4,TXTIC,,,,,,Minimal,,,,Human,Debris and open burning,Open trash burning,,,2/28/2025 8:01:00 PM,Type 5 Incident,,,,,,,,SACC,,,,,,Franklin 0693,,WF,FI,33.06412889,-95.2108858,,,{4859BED6-E229-4CC1-9793-91B56ACA1F5D},,0,,,0,,,0,1,250693,firesponse,100,,,Franklin,TXTIC,48159,SFS,TXTXS,,Private,Private,,,,,,,SA07,SFS,TXTXS,US-TX,,,Timber (Litter and Understory),,,2025-TXTXS-250693,,No Decision,,,,2/28/2025 9:14:30 PM,3/1/2025 1:48:11 AM,IRWIN,0,,,{AAF8EB14-AC23-405F-A0C9-EB2CDC34D72A},92973bb6-bc53-48e8-8f7f-c9fb9fa0762d,1.6448141195724E-06,0.00573877906540318,
37233,2783,Bell 28,Wildfire Daily Fire Perimeter,Mixed Methods,12.5946867469028,No,Public,Approved,Yes,3/1/2025 12:01:44 AM,3/2/2025 9:19:37 PM,3/1/2025 10:25:44 PM,{E04D3154-D85F-44D6-8701-E9D81EA128C0},,12.5946411472225,{7CDEB9EC-5C76-41EE-B883-1B12543CFEA3},2025 NIFS,38334026,,DEFAULT,,3/1/2025 10:24:05 PM,3/7/2025 10:35:52 PM,firesponse,13,13,TXTIC,,,,,,Moderate,,,,Human,Firearms and explosives use,Exploding target shooting,,,2/28/2025 8:03:49 PM,Type 5 Incident,,,,,,,,SACC,,,,,,Bell 28,,WF,FI,33.67932276,-100.8412484,,,{E04D3154-D85F-44D6-8701-E9D81EA128C0},,0,,,0,,,0,1,250691,firesponse,100,,,Dickens,TXTIC,48125,SFS,TXTXS,,Private,Private,,,,,,,SA05,SFS,TXTXS,US-TX,,,Tall Grass (2.5 feet),,,2025-TXTXS-250691,,No Decision,,,,2/28/2025 9:51:21 PM,3/7/2025 11:18:48 PM,IRWIN,0,,,{E04D3154-D85F-44D6-8701-E9D81EA128C0},211cb857-d30c-4167-b13b-9d13f828a69e,4.95559061164386E-06,0.0114899402468186,Type 5 Incident
37224,2787,Rusk 0692,Wildfire Daily Fire Perimeter,Mixed Methods,55.7052651564415,No,Public,Approved,Yes,3/1/2025 12:24:35 AM,3/2/2025 9:12:59 PM,3/1/2025 12:36:16 AM,{661626AD-ADC2-4226-A31C-709E66CC6B7C},,55.7052944455326,{366A64DF-319F-473D-8891-EE4AD8B7ED4C},2025 NIFS,33057922,,DEFAULT,,3/1/2025 12:30:00 AM,3/4/2025 2:00:00 PM,firesponse,40,40,TXTIC,,,,,,Moderate,,,,Human,Debris and open burning,Yard debris,,,2/28/2025 8:08:00 PM,Type 5 Incident,,,,,,,,SACC,,,,,,Rusk 0692,,WF,FI,31.95761907,-94.75558599,,,{661626AD-ADC2-4226-A31C-709E66CC6B7C},,0,,,0,,,0,1,250692,firesponse,100,,,Rusk,TXTIC,48401,SFS,TXTXS,,Private,Private,,,,,,,SA07,SFS,TXTXS,US-TX,,,Tall Grass (2.5 feet),,,2025-TXTXS-250692,,No Decision,,,,2/28/2025 9:04:23 PM,3/4/2025 2:20:34 PM,IRWIN,0,,,{22DA9410-4295-44D1-A746-98EAB42CC203},f6c454a0-81f4-4014-b361-9c33b770380d,2.15059344554902E-05,0.0214636654980709,Type 5 Incident
37230,2784,Wood 0700,Wildfire Daily Fire Perimeter,Mixed Methods,5.44352197285177,No,Public,Approved,Yes,3/1/2025 12:04:11 AM,3/3/2025 4:00:02 PM,3/1/2025 2:03:52 AM,{02DB6016-AC5A-4B7B-BCD3-EA843122478C},,5.44352439949277,{7E6A66CF-EE5F-4D4C-A5B0-FB9CC836BF1C},2025 NIFS,33057996,,DEFAULT,,3/1/2025 12:48:00 AM,3/4/2025 2:00:00 PM,firesponse,6,6,TXTIC,,,,,,Minimal,,,,Human,Debris and open burning,Open trash burning,,,2/28/2025 9:11:00 PM,Type 5 Incident,,,,,,,,SACC,,,,,,Wood 0700,,WF,FI,32.70483,-95.26125667,,,{02DB6016-AC5A-4B7B-BCD3-EA843122478C},,0,,,0,,,0,1,250700,firesponse,100,,,Wood,TXTIC,48499,SFS,TXTXS,,Private,Private,,,,,,,SA07,SFS,TXTXS,US-TX,,,Hardwood Litter,,,2025-TXTXS-250700,,No Decision,,,,2/28/2025 11:28:19 PM,3/4/2025 2:24:55 PM,IRWIN,0,,,{EF57EA04-2325-4544-982C-F4F913179670},79d70419-63fb-49da-9286-88c3cd08c733,2.1185608147789E-06,0.00628317835816922,Type 5 Incident
37259,2782,Black Gap,Wildfire Daily Fire Perimeter,Mixed Methods,,No,Public,Approved,Yes,2/28/2025 11:59:52 PM,3/3/2025 4:57:14 PM,,{64E3DD42-25F0-4CC1-8A16-FAB17637B86C},,2.36523006818133,{F452531D-1B48-42A6-9D04-AF7D13D190B2},2025 NIFS,33057992,,DEFAULT,,3/1/2025 12:17:00 AM,,wildcade,48.4,0.1,SDGPC,,,,,,,,,,Human,,,SF4A,,2/28/2025 9:37:19 PM,,,,,,,PN,1532,RMCC,,,,,,Black Gap,,WF,FI,43.978817,-103.181295,,,{64E3DD42-25F0-4CC1-8A16-FAB17637B86C},,0,1,,0,,,,1,250167,wildcade,,,,Pennington,SDGPC,46103,,,,Private,Private,,,,,,,RM05,C&L,SDPNX,US-SD,,,,,,2025-SDPNX-250167,,No Decision,,,,2/28/2025 11:26:13 PM,3/1/2025 12:17:49 AM,IRWIN,0,,,{FD550F3A-27C8-4680-97B2-73747005C65E},734558e5-9c18-4823-9486-929d9287aade,1.07374307845021E-06,0.00574838942434641,
37389,2748,Echo,Wildfire Daily Fire Perimeter,Auto-generated for InFORM,250,No,Public,Approved,Yes,2/28/2025 10:33:16 PM,3/8/2025 9:11:31 PM,3/2/2025 2:29:30 AM,{E63F0726-A755-414C-814A-5D5A5832AEF3},,277.490623718199,{40EBD793-15AE-4DDB-91F3-AB31B3FD6002},2025 NIFS,33057968,,DEFAULT,,3/2/2025 2:26:00 AM,,wildcade,250,30,MSMIC,,,,,,,,,,Human,,,SF4J,,2/28/2025 10:12:16 PM,,,,,,,P8,0807,SACC,,,,,,Echo,,WF,FI,31.029917,-89.129533,,,{E63F0726-A755-414C-814A-5D5A5832AEF3},,0,1,,0,,,,1,000088,wildcade,,,,Perry,MSMIC,28111,USFS,MSMNF,,USFS,Federal,,,,,,,SA22A,USFS,MSMNF,US-MS,,,,,,2025-MSMNF-000088,,No Decision,,,,2/28/2025 10:32:41 PM,3/2/2025 2:29:04 AM,IRWIN,0,,,{C5811B29-710E-4FD0-AC24-9FA06CE6AEB2},06ba7372-9a47-44b0-9de8-6219d079f967,0.000106097296111329,0.0564307215750396,
37226,2794,Camp 0703,Wildfire Daily Fire Perimeter,Mixed Methods,12.3888865464993,No,Public,Approved,Yes,3/1/2025 12:45:09 AM,3/3/2025 4:00:02 PM,3/1/2025 1:45:43 AM,{459635E3-19BB-4938-94FB-D88B837FF1CE},,12.3888917111326,{EFB65339-DB8A-4266-81D4-789268C3CDAF},2025 NIFS,38335614,,DEFAULT,,3/1/2025 1:39:00 AM,3/2/2025 10:34:00 PM,firesponse,12,12,TXTIC,,,,,,Minimal,,,,Human,Debris and open burning,Hand pile/slash,,,2/28/2025 10:19:00 PM,Type 5 Incident,,,,,,,,SACC,,,,,,Camp 0703,,WF,FI,33.0092623,-94.90178407,,,{459635E3-19BB-4938-94FB-D88B837FF1CE},,0,,,0,,,0,1,250704,firesponse,100,,,Camp,TXTIC,48063,SFS,TXTXS,,Private,Private,,,,,,,SA07,SFS,TXTXS,US-TX,,,Short Grass (1 foot),,,2025-TXTXS-250704,,No Decision,,,,2/28/2025 11:18:32 PM,3/6/2025 11:33:37 PM,IRWIN,0,,,{459635E3-19BB-4938-94FB-D88B837FF1CE},b88b86cd-b579-47d0-979b-77dce70d0c10,4.83796361550048E-06,0.0119216827001756,Type 5 Incident
37247,3129,Horse Trail,Wildfire Daily Fire Perimeter,GPS-Walked/Driven,39.69,No,Public,Approved,Yes,3/3/2025 3:59:50 AM,3/6/2025 3:50:27 PM,3/3/2025 4:12:18 AM,{1E123E9B-6CFA-4362-9639-87CCAF0B7B60},,19.8537999234651,{E069527D-D48E-4A42-AD01-B6BE5B8CC7D0},2025 NIFS,38368403,,DEFAULT,,,3/1/2025 1:04:00 AM,iffrs,39.69,25,WIWISC,,,,,,,,,,Human,Equipment and vehicle use,Passenger vehicle/motorized RV,SF7M,,2/28/2025 11:15:00 PM,,3/1/2025 3:33:00 AM,,,,,,,EACC,,,,,,Horse Trail,,WF,FI,42.86992,-88.58588,25,2/28/2025 11:36:00 PM,{1E123E9B-6CFA-4362-9639-87CCAF0B7B60},,0,,,0,,,,1,FIRE123139,iffrs,,,,Jefferson,WIWIC,55055,,,,Private,Private,,,,,,,EA10,DNR,WIWIS,US-WI,,,Short Grass (1 foot),,,2025-WIWIS-FIRE123139,,No Decision,,,,3/3/2025 3:59:23 AM,3/6/2025 12:20:59 PM,IRWIN,0,,,{1E123E9B-6CFA-4362-9639-87CCAF0B7B60},5668e3ee-0acf-41f5-96a9-bb39e718cccd,8.85100575942488E-06,0.0280265191513321,
37208,2785,ZZ,Wildfire Daily Fire Perimeter,Auto-generated for InFORM,1.2,No,Public,Approved,Yes,3/1/2025 12:19:36 AM,3/1/2025 1:11:14 AM,3/1/2025 12:40:42 AM,{781131C3-FCEB-43E4-8830-F75EDA918CBA},,1.10202434636833,{7E5331A6-3BDA-4C66-928B-308AF497EB74},2025 NIFS,38337200,,DEFAULT,,3/1/2025 12:39:00 AM,3/9/2025 3:00:00 PM,wildcade,1.2,3,MOMOC,,,,,,,,,,Undetermined,,,SF4F,,2/28/2025 11:29:08 PM,,3/9/2025 3:01:00 PM,,,,,P9,0905,EACC,,,,,,ZZ,,WF,FI,37.617792,-91.99419,,,{781131C3-FCEB-43E4-8830-F75EDA918CBA},,0,1,,0,,,,1,000063,wildcade,,,,Phelps,MOMOC,29161,,,,Private,Private,,,,,,,EA13,USFS,MOMTF,US-MO,,,,,,2025-MOMTF-000063,,No Decision,,,,3/1/2025 12:19:23 AM,3/9/2025 3:29:29 PM,IRWIN,0,,,{781131C3-FCEB-43E4-8830-F75EDA918CBA},472f1c2a-bf81-46ac-b9cd-be9982db280e,4.55159351986367E-07,0.00282062686440105,
37277,3156,5th Rd,Wildfire Daily Fire Perimeter,Mixed Methods,0.84,No,Public,Approved,Yes,3/3/2025 2:33:49 PM,3/4/2025 1:37:01 PM,3/3/2025 10:26:51 PM,{04293276-04CB-457E-8B56-32B905EAD93E},,0.845257726413267,{A984C477-E1AC-43F4-A10B-0437609BCEB5},2025 NIFS,33058565,,DEFAULT,,,3/1/2025 6:00:00 AM,iffrs,0.84,1.5,WIWISC,,,,,,,,,,Undetermined,Undetermined (remarks required),,SF73,,3/1/2025 6:00:00 AM,,3/1/2025 6:00:00 AM,,,,,,,EACC,,,,,,5th Rd,,WF,FI,43.81836,-89.51213,1.5,3/1/2025 6:00:00 AM,{04293276-04CB-457E-8B56-32B905EAD93E},,0,,,0,,,,1,FIRE123145,iffrs,,,,Marquette,WIWIC,55077,,,,Private,Private,,,,,,,EA05,DNR,WIWIS,US-WI,,,,,,2025-WIWIS-FIRE123145,,No Decision,,,,3/3/2025 2:33:16 PM,3/3/2025 10:26:25 PM,IRWIN,0,,,{80391498-AA51-4518-99BE-125F429CEDA4},53f629b1-5086-4bc3-ad07-5b94616bdaef,3.82696498490986E-07,0.0026918613892578,
37403,27231,ALMOST,Wildfire Final Fire Perimeter,Auto-generated for InFORM,51.1,No,Public,Approved,Yes,3/10/2025 4:53:37 PM,3/10/2025 4:53:37 PM,3/10/2025 4:53:37 PM,{234A9284-B847-4E89-A254-9F89EC9C7C11},{BF926701-12B6-4935-AFE6-3D0DBD2B9FD0},51.6154808784764,,FFP,5503366,,CERTIFIED,51.46,3/1/2025 6:00:00 PM,,wildcade,51.1,,ARAOC,,,,,3/10/2025 4:53:30 PM,,,,,,,,SF6P,,3/1/2025 2:00:00 PM,,,,,,,PA,1522,SACC,,,,,,ALMOST,,WF,FI,35.292778,-96.601944,,,,,,1,,0,,,,1,000344,firecode,,,,Seminole,ARAOC,40133,,,,Private,Private,,,,,,,,BIA,OKWEA,US-OK,,,,,,2025-OKWEA-000344,{BF926701-12B6-4935-AFE6-3D0DBD2B9FD0},,,,,3/2/2025 4:21:32 PM,3/2/2025 4:41:56 PM,FODR,,,,{EB77B3AE-7FF2-4A4E-A933-C2CAA6711DBF},5605d652-92bf-4d6e-b009-5224ec1c985d,2.06979957511066E-05,0.0203735197984087,
37318,4018,Texas Tower RX,Prescribed Fire,Hand Sketch,983.88,No,Public,Approved,Yes,3/5/2025 9:03:25 PM,3/5/2025 9:03:25 PM,3/5/2025 9:03:24 PM,{E440EFC0-B7CB-4173-9997-95B6059CBBC0},,983.877403832881,{A8DC7FD3-6B01-4C5E-861C-A397E8730F8F},2025 NIFS,38345202,,DEFAULT,,,,wildcade,983,983,MOMOC,,,,,,,,,,Undetermined,,,,,3/1/2025 2:15:40 PM,,,,,,,,,EACC,,,,,,Texas Tower RX,,RX,FI,37.596833,-91.985333,,,{E440EFC0-B7CB-4173-9997-95B6059CBBC0},,0,,,0,,,,1,000065,INFORM_Inspector,,,,Texas,MOMOC,29215,USFS,MOMTF,,USFS,Federal,,,,,,,EA13,USFS,MOMTF,US-MO,,,,,,2025-MOMTF-000065,,No Decision,,,,3/1/2025 2:22:09 PM,3/5/2025 9:03:28 PM,IRWIN,0,,,{E440EFC0-B7CB-4173-9997-95B6059CBBC0},1de4c219-518a-4aee-bc08-b22f117dc8de,0.000406227963139827,0.0888948007821372,
37336,27181,Church,Wildfire Final Fire Perimeter,Other,1,No,Public,Approved,Yes,3/6/2025 4:23:07 PM,3/6/2025 4:23:07 PM,3/6/2025 4:23:07 PM,{A133E230-5B9C-40F6-A620-A6574DC062F9},{1FDFBFF9-65DF-40C1-A951-57D03B74FB1B},0.998338305155721,,FFP,5499218,,CERTIFIED,1,,,wildcade,1,,MSMIC,,,,,3/6/2025 4:23:01 PM,,,,,,,,SF5E,,3/1/2025 3:49:27 PM,,,,,,,P8,0807,SACC,,,,,,Church,,WF,FI,31.462667,-88.857833,,3/1/2025 4:38:00 PM,,1,,1,,0,,1,,1,000091,wildcade,,,,Wayne,MSMIC,28153,,,,Private,Private,,,,,,,,USFS,MSMNF,US-MS,Timber,TL3,,,,2025-MSMNF-000091,{1FDFBFF9-65DF-40C1-A951-57D03B74FB1B},,,,,3/1/2025 4:28:26 PM,3/1/2025 9:11:11 PM,FODR,,,,{47EC4C58-A70D-4395-8B21-BC9E9B49B0C4},a85bc672-b31c-4ac1-9600-3264b5c66899,3.83397264158702E-07,0.00259215102563842,
37274,27159,310Y,Wildfire Final Fire Perimeter,Auto-generated for InFORM,100,No,Public,Approved,Yes,3/3/2025 10:57:48 PM,3/3/2025 10:57:48 PM,3/3/2025 10:57:47 PM,{57DC6E95-D144-4D6B-BDA1-D80193090395},{A6C74F31-1858-41BA-BAB1-7AF79ABCF16C},109.226179682209,,FFP,5493328,,CERTIFIED,109.23,3/2/2025 6:00:00 PM,3/2/2025 10:30:00 PM,wildcade,100,,ARAOC,,,,,3/3/2025 10:57:40 PM,,,,,,,,SF6E,,3/1/2025 4:30:00 PM,,3/3/2025 10:30:00 PM,,,,,PA,1522,SACC,,,,,,310Y,,WF,FI,36.449348,-96.123781,,3/1/2025 4:32:00 PM,,0,,1,,0,,0,,1,000339,firecode,,,,Osage,ARAOC,40113,BIA,OKOSA,,Private,Private,,,,,,,,BIA,OKOSA,US-OK,Grass,GR3,,,,2025-OKOSA-000339,{A6C74F31-1858-41BA-BAB1-7AF79ABCF16C},,,,,3/2/2025 3:26:46 PM,3/2/2025 3:27:28 PM,FODR,,,,{79171968-AE84-4530-838E-DA3EB1C3ED7B},994dfb69-82c8-4978-892b-c9f7fa7fcdcf,4.44296304067393E-05,0.0466071400300349,
37211,2848,McKinney,Wildfire Daily Fire Perimeter,Mixed Methods,18.62,No,Public,Approved,Yes,3/1/2025 5:26:09 PM,3/3/2025 1:48:14 PM,3/1/2025 5:49:46 PM,{AC7CD39D-9844-4B88-861A-7352EDE4DEDD},,18.6323571010561,{A93AAB7E-2A32-4B76-AD2D-5681C08C3E68},2025 NIFS,33058114,,DEFAULT,,,3/1/2025 5:49:00 PM,iffrs,18.62,0.01,WIWISC,,,,,,,,,,Human,Debris and open burning,Burn Barrel,SF4Z,,3/1/2025 5:20:00 PM,,3/1/2025 7:09:00 PM,,,,,,,EACC,,,,,,McKinney,,WF,FI,43.17846,-89.86258,0.01,3/1/2025 5:30:00 PM,{AC7CD39D-9844-4B88-861A-7352EDE4DEDD},,0,,,0,,,,1,FIRE123131,iffrs,,,,Iowa,WIWIC,55049,,,,Private,Private,,,,,,,EA05,DNR,WIWIS,US-WI,,,Short Grass (1 foot),,,2025-WIWIS-FIRE123131,,No Decision,,,,3/1/2025 5:25:27 PM,3/1/2025 8:58:03 PM,IRWIN,0,,,{5CE54300-4F72-4185-842B-D9AEBF616F8A},c5bfdcbd-b85b-4462-a6d1-e24dcdcecf28,8.34771913105214E-06,0.0129064516837812,
37225,2880,Cass 0727,Wildfire Daily Fire Perimeter,Mixed Methods,4.4076648713179,No,Public,Approved,Yes,3/1/2025 8:20:56 PM,3/2/2025 9:03:28 PM,3/1/2025 8:03:44 PM,{EE07CB16-D277-472D-BD0E-E4EEC018B508},,4.40766671603156,{4E1A86E2-32C7-44A8-B4D4-C005B1A2C439},2025 NIFS,38348004,,DEFAULT,,3/1/2025 7:52:00 PM,3/4/2025 2:00:00 PM,firesponse,4.4,4.4,TXTIC,,,,,,Moderate,,,,Human,Debris and open burning,Yard debris,,,3/1/2025 5:39:00 PM,Type 5 Incident,,,,,,,,SACC,,,,,,Cass 0727,,WF,FI,33.09563333,-94.33328333,,,{EE07CB16-D277-472D-BD0E-E4EEC018B508},,0,,,0,,,0,1,250727,firesponse,100,,,Cass,TXTIC,48067,SFS,TXTXS,,Private,Private,,,,,,,SA07,SFS,TXTXS,US-TX,,,Timber (Litter and Understory),,,2025-TXTXS-250727,,No Decision,,,,3/1/2025 6:41:03 PM,3/6/2025 11:30:21 PM,IRWIN,0,,,{EE07CB16-D277-472D-BD0E-E4EEC018B508},f6d2fe9d-9f0f-4138-802c-96ac12d3c4cf,1.72286809174693E-06,0.00641870550353511,Type 5 Incident
37273,27158,CORBO,Wildfire Final Fire Perimeter,Auto-generated for InFORM,12,No,Public,Approved,Yes,3/3/2025 10:16:20 PM,3/3/2025 10:16:20 PM,3/3/2025 10:16:20 PM,{01C9EAEE-B2B4-4C13-A10D-930C15B3EC6A},{D8242591-AB23-4BA2-9928-00B14B0105DD},9.33737119448889,,FFP,5493224,,CERTIFIED,9.34,,,wildcade,12,,ARAOC,,,,,3/3/2025 10:16:12 PM,,,,,,,,SF5P,,3/1/2025 6:30:00 PM,,3/3/2025 10:30:00 PM,,,,,,,SACC,,,,,,CORBO,,WF,FI,36.442005,-96.127502,,3/1/2025 6:32:00 PM,,1,,1,,0,,,,1,000321,INFORM_Inspector,,,,Osage,ARAOC,40113,BIA,OKOSA,,Private,Private,,,,,,,,BIA,OKOSA,US-OK,Timber,TU2,,,,2025-OKOSA-000321,{D8242591-AB23-4BA2-9928-00B14B0105DD},,,,,3/1/2025 10:47:16 PM,3/3/2025 6:45:02 PM,FODR,,,,{35C70067-FB13-4182-A126-9FD9FEED50EB},450ecb3a-eb45-4427-a0ea-1943671189c4,3.79806056116649E-06,0.011327615566858,
37223,2870,Nacogdoches 0734,Wildfire Daily Fire Perimeter,Mixed Methods,0.833439884007611,No,Public,Approved,Yes,3/1/2025 7:46:21 PM,3/2/2025 9:03:28 PM,3/1/2025 8:00:35 PM,{E794D9E0-3794-44AC-AAA6-18990A8D3450},,0.833440266864519,{0C5010CE-0E84-4FEB-A4D6-480721F0D3CA},2025 NIFS,33058143,,DEFAULT,,3/1/2025 7:55:00 PM,,firesponse,1,1,TXTIC,,,,,,Minimal,,,,Undetermined,,,,,3/1/2025 6:45:00 PM,Type 5 Incident,,,,,,,,SACC,,,,,,Nacogdoches 0734,,WF,FI,31.65788106,-94.80132159,,,{E794D9E0-3794-44AC-AAA6-18990A8D3450},,0,,,0,,,0,1,250734,firesponse,100,,,Nacogdoches,TXTIC,48347,SFS,TXTXS,,Private,Private,,,,,,,SA12,SFS,TXTXS,US-TX,,,Medium Logging Slash,,,2025-TXTXS-250734,,No Decision,,,,3/1/2025 7:46:17 PM,3/4/2025 2:18:58 PM,IRWIN,0,,,{D54AA3C1-02DF-4B2F-8173-039FF3E28A64},e4b1e528-745a-4b47-865b-799df1738758,3.20728531733039E-07,0.00270541988881731,Type 5 Incident
37219,3053,Harrison 0735,Wildfire Daily Fire Perimeter,Mixed Methods,0.877178904441151,No,Public,Approved,Yes,3/2/2025 8:56:41 PM,3/2/2025 9:03:28 PM,3/2/2025 12:50:10 AM,{2B419056-B95E-4218-9101-F1B62DF40187},,0.877179274027566,{9067A262-8858-4477-BA4A-5B763B574CF3},2025 NIFS,33058147,,DEFAULT,,3/1/2025 8:54:00 PM,3/2/2025 12:48:00 AM,firesponse,1,1,TXTIC,,,,,,Minimal,,,,Human,Debris and open burning,Hand pile/slash,,,3/1/2025 7:00:00 PM,Type 5 Incident,,,,,,,,SACC,,,,,,Harrison 0735,,WF,FI,32.57810172,-94.55773222,,,{2B419056-B95E-4218-9101-F1B62DF40187},,0,,,0,,,0,1,250735,firesponse,100,,,Harrison,TXTIC,48203,SFS,TXTXS,,Private,Private,,,,,,,SA07,SFS,TXTXS,US-TX,,,Timber (Litter and Understory),,,2025-TXTXS-250735,,No Decision,,,,3/1/2025 8:09:11 PM,3/2/2025 12:49:32 AM,IRWIN,0,,,{DF227D73-A913-494A-AED4-FA0AD6F88908},87c9d675-656d-4b05-9042-ff975adca6ba,3.40916130880942E-07,0.00218641599267642,
37246,2863,Jackelope,Wildfire Daily Fire Perimeter,Mixed Methods,2.2,No,Public,Approved,Yes,3/1/2025 7:17:54 PM,3/3/2025 1:37:08 PM,3/1/2025 9:22:44 PM,{658D7392-6734-40D1-A682-3E76D53B6336},,4.43681703170948,{51D52FAF-CB08-4090-9785-3CE17E3B682E},2025 NIFS,33058136,,DEFAULT,,,3/1/2025 7:50:00 PM,iffrs,4.43,0.01,WIWISC,,,,,,,,,,Human,Debris and open burning,Hand pile/slash,SF43,,3/1/2025 7:00:00 PM,,3/1/2025 8:48:00 PM,,,,,,,EACC,,,,,,Jackelope,,WF,FI,44.01891,-90.44431,0.01,3/1/2025 7:35:00 PM,{658D7392-6734-40D1-A682-3E76D53B6336},,0,,,0,,,,1,FIRE123133,iffrs,,,,Monroe,WIWIC,55081,,,,Private,Private,,,,,,,EA05,DNR,WIWIS,US-WI,,,Tall Grass (2.5 feet),,,2025-WIWIS-FIRE123133,,No Decision,,,,3/1/2025 7:17:34 PM,3/3/2025 9:31:44 PM,IRWIN,0,,,{51677693-AE81-43D5-AE5C-1644A3773EF8},f02c4345-1020-482b-827b-9d7a854fbd42,2.01537773136806E-06,0.0072526209511997,
37354,2901,James Port,Wildfire Daily Fire Perimeter,Auto-generated for InFORM,60,No,Public,Approved,Yes,3/1/2025 9:26:43 PM,3/7/2025 1:22:25 PM,3/2/2025 6:10:29 PM,{BA420A75-E56E-4123-AD64-6364A9191BA7},,42.5969874254854,{E183AC50-B7F5-437F-9082-0B0EFF07F731},2025 NIFS,33058204,,DEFAULT,,3/2/2025 6:07:00 PM,,wildcade,60,0.1,SCSCC,,,,,,,,,,Undetermined,,,SF5G,,3/1/2025 7:18:51 PM,,,,,,,P8,0812,SACC,,,,,,James Port,,WF,FI,33.119167,-79.644167,,,{BA420A75-E56E-4123-AD64-6364A9191BA7},,0,,1,0,,,,1,250086,wildcade,,,,Charleston,SCSCC,45019,USFS,SCFMF,,USFS,Federal,,,,,,,SA37,USFS,SCFMF,US-SC,,,,,,2025-SCFMF-250086,,No Decision,,,,3/1/2025 9:26:14 PM,3/2/2025 6:10:08 PM,IRWIN,0,,,{8E020287-9A96-4E1D-9909-B0AF3A58425A},8dafc00b-52be-4cdf-a87e-b5c0bfd0aefe,1.66552997598046E-05,0.0237453083906541,
37236,2878,Green Acres,Wildfire Daily Fire Perimeter,Auto-generated for InFORM,345,No,Public,Approved,Yes,3/1/2025 8:13:08 PM,3/2/2025 9:57:25 PM,3/2/2025 8:04:22 PM,{9FEA5BBA-43DE-4926-9C9F-9D1D3FDB5C67},,344.842903365582,{2805DD4C-CCAF-4388-B265-853DDDBE65B1},2025 NIFS,38348804,,DEFAULT,356.7504,3/6/2025 12:00:00 AM,3/6/2025 5:55:00 PM,wildcade,340,10,SDGPC,500000,,,,,Minimal,,Creeping,Isolated Torching,Undetermined,,,SF5C,,3/1/2025 7:19:00 PM,,,0,100,0,0,P2,0203,RMCC,3/5/2025 7:17:51 PM,3/5/2025 1:00:00 PM,3/5/2025 7:00:00 PM,F,Type 4 IC,Green Acres,"3 miles S of Hot Springs, SD",WF,FI,43.400694,-103.511682,,,{9FEA5BBA-43DE-4926-9C9F-9D1D3FDB5C67},,0,1,,0,,,0,1,250170,wildcade,100,100,Hot Springs,Fall River,SDGPC,46047,USFS,SDBKF,,USFS,Federal,,,,,,,RM06,USFS,SDBKF,US-SD,,,Short Grass (1 foot),Timber (Grass and Understory),7,2025-SDBKF-250170,,Approved Decision,2000000,Type 3 Team,3/2/2025 9:54:43 PM,3/1/2025 8:12:45 PM,3/6/2025 5:56:30 PM,IRWIN,0,,,{9FEA5BBA-43DE-4926-9C9F-9D1D3FDB5C67},284688f8-0c8c-4395-aaea-ad0f5ac1209c,0.000155044045186514,0.0674980403024396,Type 4 Incident
37340,3964,Ft. Mott Road,Wildfire Daily Fire Perimeter,GPS-Flight,377,No,Public,Approved,Yes,3/5/2025 2:20:50 PM,3/6/2025 5:40:32 PM,3/5/2025 2:37:08 PM,{D25C72A4-DE4A-4AD6-80AF-D3B40C4343D1},,377.159753726324,{F0A56253-5D68-4218-B1CD-5E32501165F4},2025 NIFS,38395271,,DEFAULT,,,,wildcade,377,37,PAMACC,75000,,,,,Minimal,,Creeping,,Undetermined,,,SGF2,,3/1/2025 7:25:00 PM,,,100,0,0,0,,1522,EACC,3/5/2025 2:34:42 PM,3/4/2025 2:00:00 PM,3/5/2025 2:00:00 PM,F,Type 3 IC,Ft. Mott Road,Area of Ft Mott Road and Cemetary Road,WF,FI,39.60796,-75.54495,,,{D25C72A4-DE4A-4AD6-80AF-D3B40C4343D1},,0,1,,0,,,0,1,000102,INFORM_Inspector,100,100,Pennsville Township,Salem,PAMACC,34033,,,,Private,Private,,,,,,,EA24,FFS,NJNJS,US-NJ,,,Short Grass (1 foot),,5,2025-NJNJS-000102,,No Decision,,,,3/5/2025 2:19:49 PM,3/6/2025 5:40:34 PM,IRWIN,0,,,{EEC7FAB0-A743-4FAB-AC88-D479D34B0882},6d62b545-1300-4fdf-8a01-eeed84a7cb96,0.000160064017109107,0.122911953374481,Type 3 Incident
37221,2895,Cass 0739,Wildfire Daily Fire Perimeter,Mixed Methods,2.90054497688955,No,Public,Approved,Yes,3/1/2025 9:15:53 PM,3/2/2025 9:03:28 PM,3/1/2025 9:23:09 PM,{C5FDF447-D334-47A1-8336-C0A8BF0EA64F},,2.9005461853683,{BBEFEE9F-1C7C-406D-8358-098F822767AE},2025 NIFS,33058156,,DEFAULT,,3/1/2025 9:16:00 PM,3/2/2025 8:00:00 PM,firesponse,3,3,TXTIC,,,,,,Moderate,,,,Human,Equipment and vehicle use,Other (remarks required),,,3/1/2025 7:33:00 PM,Type 5 Incident,,,,,,,,SACC,,,,,,Cass 0739,,WF,FI,33.16630654,-94.59037309,,,{C5FDF447-D334-47A1-8336-C0A8BF0EA64F},,0,,,0,,,0,1,250739,firesponse,100,,,Cass,TXTIC,48067,SFS,TXTXS,,Private,Private,,,,,,,SA07,SFS,TXTXS,US-TX,,,Medium Logging Slash,,,2025-TXTXS-250739,,No Decision,,,,3/1/2025 8:17:35 PM,3/2/2025 9:13:23 PM,IRWIN,0,,,{9D2E43EE-C8A8-4B17-AF9C-B55CCD1C52B7},5e206acf-a308-4e9b-9d05-f77ce25d9e47,1.13465216600162E-06,0.00542497464408903,Type 5 Incident
37332,3765,Blackthorn Drive,Wildfire Daily Fire Perimeter,Hand Sketch,2036.55039648314,No,Public,Approved,Yes,3/4/2025 4:22:42 PM,3/6/2025 7:08:09 PM,3/4/2025 4:22:42 PM,{9AD74A29-6E6D-4BB3-AC0F-3C71DEEC60EF},,346.477750478504,{C6A49CAA-8ECD-4955-9636-96A44656A26D},2025 NIFS,33058853,,DEFAULT,,,,ics209,600,,SCSCC,50000,,,,,Active,,Flanking,Spotting,Human,,,,,3/1/2025 7:56:00 PM,,,0,0,100,0,,,SACC,3/4/2025 4:22:26 PM,3/1/2025 8:00:00 PM,3/3/2025 3:00:00 PM,I,Type 3 IC,Blackthorn Drive,3 miles west of Myrtle Beach.,WF,FI,,,,,{9AD74A29-6E6D-4BB3-AC0F-3C71DEEC60EF},,0,,,0,,,1,1,251860,ics209,100,100,Myrlte Beach,Horry,SCSCC,45051,,,,Private,Private,,,,,,,SA37,FC,SCSCS,US-SC,,,Southern Rough,,,2025-SCSCS-251860,,No Decision,,,,3/4/2025 4:22:26 PM,3/4/2025 4:22:26 PM,IRWIN,0,,,{70D6762C-0754-4476-B4B2-024B4942FBD1},23fd953f-aa66-4ada-9908-edc598baa8ac,0.000136537005346327,0.0610475917735882,
37356,2896,Badger,Wildfire Daily Fire Perimeter,Mixed Methods,0.94,No,Public,Approved,Yes,3/1/2025 9:19:30 PM,3/7/2025 3:12:07 PM,3/7/2025 2:25:42 PM,{91DA8881-7717-4686-B397-7D26B1B98ED2},,0.939458053799492,{DAA4D144-8DCA-4B77-AC47-B09EBF357BAD},2025 NIFS,38349225,,DEFAULT,,,3/1/2025 10:29:00 PM,iffrs,0.94,0.01,WIWISC,,,,,,,,,,Human,Debris and open burning,,SF5F,,3/1/2025 8:00:00 PM,,3/2/2025 7:14:00 PM,,,,,,,EACC,,,,,,Badger,,WF,FI,43.42973,-89.32813,0.01,3/1/2025 9:27:00 PM,{91DA8881-7717-4686-B397-7D26B1B98ED2},,0,,,0,,,,1,FIRE123134,iffrs,,,,Columbia,WIWIC,55021,,,,Private,Private,,,,,,,EA05,DNR,WIWIS,US-WI,,,,,,2025-WIWIS-FIRE123134,,No Decision,,,,3/1/2025 9:19:02 PM,3/7/2025 3:44:32 PM,IRWIN,0,,,{91DA8881-7717-4686-B397-7D26B1B98ED2},ce416c11-235f-4092-9ab0-58714eaaaa4b,4.22622633777792E-07,0.0047856376795077,
37227,2914,Rusk 0740,Wildfire Daily Fire Perimeter,Mixed Methods,7.24384746459471,No,Public,Approved,Yes,3/1/2025 10:02:09 PM,3/2/2025 9:03:28 PM,3/1/2025 10:52:40 PM,{84B8D168-E1C7-4E15-95F8-92F0F06396C8},,7.2438505049364,{5DBDC63C-5B53-43B7-BA12-615C58EC60BD},2025 NIFS,38349227,,DEFAULT,,3/1/2025 10:08:00 PM,3/7/2025 10:15:00 PM,firesponse,7,7,TXTIC,,,,,,Moderate,,,,Human,Other causes,Structure,,,3/1/2025 8:21:00 PM,Type 5 Incident,,,,,,,,SACC,,,,,,Rusk 0740,,WF,FI,32.36111147,-94.81088188,,,{84B8D168-E1C7-4E15-95F8-92F0F06396C8},,0,,,0,,,0,1,250740,firesponse,100,,,Rusk,TXTIC,48401,SFS,TXTXS,,Private,Private,,,,,,,SA07,SFS,TXTXS,US-TX,,,Tall Grass (2.5 feet),,,2025-TXTXS-250740,,No Decision,,,,3/1/2025 9:24:24 PM,3/7/2025 10:16:08 PM,IRWIN,0,,,{84B8D168-E1C7-4E15-95F8-92F0F06396C8},d8c2d620-64c6-432d-b649-72986c022e03,2.80864878732245E-06,0.00961902842652201,Type 5 Incident
37217,2907,DMI,Wildfire Daily Fire Perimeter,Mixed Methods,6.25569446311101,No,Public,Approved,Yes,3/1/2025 9:44:39 PM,3/2/2025 8:50:33 PM,3/2/2025 3:38:13 PM,{27683BA9-16AA-4610-9A8C-7C2191F09E02},,6.25569719848296,{BFEE632E-2D66-4B3F-A02A-6BBC59C2B6FA},2025 NIFS,33058235,,DEFAULT,,3/2/2025 3:36:43 PM,3/2/2025 11:27:08 PM,firesponse,6,6,TXTIC,,,,,,,,,,Undetermined,Undetermined (remarks required),,,,3/1/2025 8:34:05 PM,Type 5 Incident,,,,,,,,SACC,,,,,,DMI,,WF,FI,27.735704,-98.114007,,,{27683BA9-16AA-4610-9A8C-7C2191F09E02},,0,,,0,,,0,1,250741,firesponse,100,,,Jim Wells,TXTIC,48249,SFS,TXTXS,,Private,Private,,,,,,,SA14,SFS,TXTXS,US-TX,,,Tall Grass (2.5 feet),,,2025-TXTXS-250741,,No Decision,,,,3/1/2025 10:11:52 PM,3/2/2025 11:27:53 PM,IRWIN,0,,,{DF4DD687-6ECE-489D-B4B1-233062334633},227b1941-e309-4ac7-a21c-63a9354c938e,2.31692251873028E-06,0.0077197036590782,Type 5 Incident
37213,2924,Lost Creek,Wildfire Daily Fire Perimeter,Hand Sketch,842.040566714334,No,Public,Approved,Yes,3/1/2025 10:24:52 PM,3/7/2025 1:54:18 AM,3/2/2025 12:20:31 PM,{FF3843F9-B37E-4758-A4FA-7229B776FB0E},,842.037608309893,{EDA98246-96B5-43F7-9CDC-88F066F21383},2025 NIFS,38350806,,DEFAULT,,,,wildcade,850,0.25,FLFIC,90000,,,,,Minimal,Smoldering,,,Human,,,SF53,,3/1/2025 8:37:00 PM,,,0,100,0,0,P8,0805,SACC,3/5/2025 10:20:42 PM,3/4/2025 10:00:00 PM,3/5/2025 10:00:00 PM,F,Type 4 IC,Lost Creek,"FSR 312,312 D,313 and Lost Creek",WF,FI,30.202883,-84.42545,,,{FF3843F9-B37E-4758-A4FA-7229B776FB0E},,0,,,0,,,0,1,000634,wildcade,100,100,,Wakulla,FLFIC,12129,USFS,FLFNF,,USFS,Federal,,,,,,,SA47,USFS,FLFNF,US-FL,,,Timber (Litter and Understory),Southern Rough,1,2025-FLFNF-000634,,No Decision,,,,3/1/2025 10:24:29 PM,3/9/2025 9:37:06 PM,IRWIN,0,,,{FF3843F9-B37E-4758-A4FA-7229B776FB0E},71445e68-46ea-495c-9a2e-b6a88a38c572,0.000319271216085326,0.0879760908279369,Type 4 Incident
37216,2947,Falls Dam,Wildfire Daily Fire Perimeter,Digitized-Other,504.756492235589,No,Public,Approved,Yes,3/1/2025 11:56:07 PM,3/3/2025 8:25:09 PM,3/2/2025 3:13:50 PM,{D7924AB7-96EB-477F-A8C1-560C725FFE09},,504.75470399369,{B7C81F6A-5769-4720-BCEA-6BF5494E3658},2025 NIFS,38350820,,DEFAULT,486.8858,,,wildcade,505,2,NCNCC,167852,,,,,Minimal,,,,Human,,,SF5U,,3/1/2025 8:43:53 PM,,,0,100,0,0,P8,0811,SACC,3/9/2025 8:08:43 PM,3/8/2025 9:15:00 PM,3/9/2025 8:00:00 PM,U,Type 4 IC,FALLS DAM,East of Badin Lake,WF,FI,35.4121,-80.0712,,,{D7924AB7-96EB-477F-A8C1-560C725FFE09},,0,1,,0,,,0,1,250070,ics209,92,100,Troy,Montgomery,NCNCC,37123,USFS,NCNCF,,USFS,Federal,,,,,,,SA32,USFS,NCNCF,US-NC,,,Timber (Grass and Understory),Hardwood Litter,20,2025-NCNCF-250070,,Approved Decision,250000,Type 4 IC,3/4/2025 12:21:54 AM,3/1/2025 11:55:35 PM,3/9/2025 8:08:43 PM,IRWIN,0,,,{D7924AB7-96EB-477F-A8C1-560C725FFE09},f6fe5636-a524-471f-acdd-37b3ac424799,0.0002026734523497,0.072988860115758,Type 4 Incident
37231,2951,Jasper 0744,Wildfire Daily Fire Perimeter,Mixed Methods,11.296279917551,No,Public,Approved,Yes,3/2/2025 12:22:42 AM,3/2/2025 9:11:18 PM,3/2/2025 2:29:03 AM,{A319E910-2549-4766-BB9B-887B9D0B3671},,11.2962396889853,{D8109D8B-53AA-4588-9B63-28D06A2BC7E9},2025 NIFS,38351203,,DEFAULT,,3/2/2025 12:16:00 AM,3/5/2025 4:24:00 PM,firesponse,11.3,11.3,TXTIC,,,,,,Minimal,,,,Human,Debris and open burning,Escaped Prescribed Burn,,,3/1/2025 10:06:00 PM,Type 5 Incident,,,,,,,,SACC,,,,,,Jasper 0744,,WF,FI,30.72250942,-93.96359012,,,{A319E910-2549-4766-BB9B-887B9D0B3671},,0,,,0,,,0,1,250744,firesponse,100,,,Jasper,TXTIC,48241,SFS,TXTXS,,Private,Private,,,,,,,SA12,SFS,TXTXS,US-TX,,,Tall Grass (2.5 feet),,,2025-TXTXS-250744,,No Decision,,,,3/1/2025 10:53:24 PM,3/6/2025 2:52:41 PM,IRWIN,0,,,{A319E910-2549-4766-BB9B-887B9D0B3671},9fb34509-1094-4e89-9537-17a0286341d1,4.30507020610094E-06,0.00956864246285858,Type 5 Incident
37284,2919,RAMSHORN,Wildfire Daily Fire Perimeter,Auto-generated for InFORM,100,No,Public,Approved,Yes,3/1/2025 10:15:51 PM,3/4/2025 4:04:27 PM,3/3/2025 1:25:22 AM,{AC2E25CD-05D1-4237-9EEE-B6612CDCB65F},,120.726127258434,{9642A0D2-CCFF-428E-AC9E-AE7DBB73A9A6},2025 NIFS,33058242,,DEFAULT,,3/2/2025 11:00:00 PM,,wildcade,100,12,NCNCC,,,,,,,,,,Undetermined,,,SF6Q,,3/1/2025 10:11:59 PM,,,,,,,P8,0811,SACC,,,,,,RAMSHORN,,WF,FI,34.798783,-76.91925,,,{AC2E25CD-05D1-4237-9EEE-B6612CDCB65F},,0,1,,0,,,,1,250074,wildcade,,,,Carteret,NCNCC,37031,USFS,NCNCF,,USFS,Federal,,,,,,,SA34,USFS,NCNCF,US-NC,,,,,,2025-NCNCF-250074,,No Decision,,,,3/1/2025 10:15:14 PM,3/3/2025 1:25:13 AM,IRWIN,0,,,{67D94869-9854-4454-93E4-EFB6939FD0BE},7f22dbe4-bcaa-4be2-ae86-3104939e8098,4.73349914500432E-05,0.0300225980613519,
37383,2944,NE Breland,Wildfire Daily Fire Perimeter,Auto-generated for InFORM,75,No,Public,Approved,Yes,3/1/2025 11:45:08 PM,3/8/2025 7:51:22 PM,3/3/2025 7:50:47 PM,{1A8E0442-02BC-4E7B-8E84-95CFA92173DB},,72.5725541909325,{C2069C13-D6E6-4096-8169-0401202C1B42},2025 NIFS,38350816,,DEFAULT,,3/3/2025 7:15:00 PM,,wildcade,75,60,MSMIC,,,,,,,,,,Human,,,SF5X,,3/1/2025 10:14:26 PM,,,,,,,P8,0807,SACC,,,,,,N E Breland,,WF,FI,31.009167,-88.96485,,,{1A8E0442-02BC-4E7B-8E84-95CFA92173DB},,0,1,,0,,,,1,000098,INFORM_Inspector,,,,Perry,MSMIC,28111,,,,Private,Private,,,,,,,SA22A,USFS,MSMNF,US-MS,,,,,,2025-MSMNF-000098,,No Decision,,,,3/1/2025 11:44:33 PM,3/8/2025 7:48:03 PM,IRWIN,0,,,{1A8E0442-02BC-4E7B-8E84-95CFA92173DB},41eb09e5-b4a7-4e74-b2b3-a60eab5d89df,2.77385508979933E-05,0.0286075354865394,
37276,2958,State Assist Road 598,Wildfire Daily Fire Perimeter,Auto-generated for InFORM,5.7,No,Public,Approved,Yes,3/2/2025 1:18:19 AM,3/4/2025 1:11:46 PM,3/2/2025 1:18:19 AM,{A37E4D65-CFF5-4CA1-9DAD-86AF1BE60D94},,5.70946544910778,{22DD7008-C806-4D60-AD92-5E26856C72E1},2025 NIFS,33058287,,DEFAULT,,3/1/2025 11:16:00 PM,,wildcade,5.7,1,MSMIC,,,,,,,,,,Human,,,SF5Y,,3/1/2025 11:00:00 PM,,,,,,,,,SACC,,,,,,State Assist Road 598,,WF,FI,34.164444,-88.557778,,,{A37E4D65-CFF5-4CA1-9DAD-86AF1BE60D94},,0,1,,0,,,,1,000102,wildcade,,,,Lee,MSMIC,28081,,,,Private,Private,,,,,,,SA23,FC,MSMSS,US-MS,,,,,,2025-MSMSS-000102,,No Decision,,,,3/2/2025 1:18:01 AM,3/2/2025 1:18:54 AM,IRWIN,0,,,{C93A54AF-4065-454B-88C7-486DE4E2AC25},448653fe-91b4-4611-b496-b0c090d3c4e3,2.25899725592171E-06,0.00660466439142217,
37384,2966,Paterson,Wildfire Daily Fire Perimeter,Auto-generated for InFORM,900,No,Public,Approved,Yes,3/2/2025 2:40:11 AM,3/8/2025 8:14:09 PM,3/6/2025 10:28:05 PM,{D376CE4D-5149-4456-ADBB-BBB8EECA8306},,1480.20432674068,{8AC8683B-C833-4093-8DEB-3E1F96F13C82},2025 NIFS,38353605,,DEFAULT,1489.1367,3/5/2025 10:50:00 PM,,wildcade,900,100,MSMIC,20000,,,,,Minimal,,Backing,Backing,Human,,,SF52,,3/1/2025 11:27:37 PM,,,0,100,0,0,P8,0892,SACC,3/6/2025 5:18:45 PM,3/6/2025 2:00:00 PM,3/6/2025 5:00:00 PM,F,Type 4 IC,Patterson,"3 miles north east of Janice, MS",WF,FI,31.0067,-88.987717,,,{D376CE4D-5149-4456-ADBB-BBB8EECA8306},,0,1,,0,,,0,1,000101,wildcade,100,100,,Perry,MSMIC,28111,USFS,MSMNF,,USFS,Federal,,,,,,,SA22A,USFS,MSMNF,US-MS,,,Southern Rough,,8,2025-MSMNF-000101,,Approved Decision,200000,Type 4 IC,3/4/2025 10:02:40 PM,3/2/2025 2:39:57 AM,3/6/2025 10:27:42 PM,IRWIN,0,,,{D376CE4D-5149-4456-ADBB-BBB8EECA8306},081552ac-d9d8-406c-bb5a-b6c377fbd76a,0.00056574819063826,0.119504395094569,
37295,4195,Pondville Lookout Fire,Wildfire Daily Fire Perimeter,Mixed Methods,,No,Public,Approved,Yes,3/8/2025 4:09:00 PM,3/8/2025 4:47:06 PM,3/8/2025 4:35:23 PM,{1BC00416-DDEF-4639-8CBB-1139AA99E175},,65.6043767083412,{1D1A53EB-EBFF-4E7D-B71A-8B3F35BB9159},2025 NIFS,38354000,,DEFAULT,341.5977,3/10/2025 4:16:00 PM,,wildcade,82.9,50,ALAIC,10000,,,,,Minimal,,Smoldering,,Undetermined,,,SF50,,3/2/2025 12:53:00 AM,,,0,0,100,0,P8,0801,SACC,3/9/2025 8:30:39 PM,3/8/2025 11:00:00 PM,3/9/2025 8:00:00 PM,U,Type 4 IC,Pondville Lookout,Pondville Lookout,WF,FI,33.9185,-87.352667,,,{1BC00416-DDEF-4639-8CBB-1139AA99E175},,0,,1,0,1,1,0,1,000122,wildcade,96,100,,Bibb,ALAIC,01007,USFS,ALALF,,USFS,Federal,,,,,,,SA39,USFS,ALALF,US-AL,,,Timber (Grass and Understory),Brush (2 feet),22,2025-ALALF-000122,,Approved Decision,100000,Type 4 IC,3/7/2025 9:47:41 PM,3/2/2025 2:22:21 AM,3/10/2025 4:16:50 PM,IRWIN,0,,,{1BC00416-DDEF-4639-8CBB-1139AA99E175},81154417-4820-47f6-8c1b-9d6679155580,2.55901679793169E-05,0.0259330062417329,Type 4 Incident
37222,2969,Panola 0752,Wildfire Daily Fire Perimeter,Mixed Methods,3.61871710887954,No,Public,Approved,Yes,3/2/2025 3:12:36 AM,3/2/2025 9:03:28 PM,3/2/2025 3:21:23 AM,{B18B4008-EE95-4412-952A-0B213329C13B},,3.61871873214387,{828E6AA1-2817-492C-B81F-71F90DF08B89},2025 NIFS,38353607,,DEFAULT,,3/2/2025 3:12:00 AM,3/7/2025 10:06:00 PM,firesponse,3.6,3.6,TXTIC,,,,,,Minimal,,,,Human,Debris and open burning,Hand pile/slash,,,3/2/2025 1:07:00 AM,Type 5 Incident,,,,,,,,SACC,,,,,,Panola 0752,,WF,FI,32.34194444,-94.28583333,,,{B18B4008-EE95-4412-952A-0B213329C13B},,0,,,0,,,0,1,250752,firesponse,100,,,Panola,TXTIC,48365,SFS,TXTXS,,Private,Private,,,,,,,SA07,SFS,TXTXS,US-TX,,,Short Grass (1 foot),,,2025-TXTXS-250752,,No Decision,,,,3/2/2025 3:21:05 AM,3/7/2025 10:07:06 PM,IRWIN,0,,,{B18B4008-EE95-4412-952A-0B213329C13B},3d519c91-4eb1-4af2-8eae-642380d11626,1.40278916660463E-06,0.00619473255219181,Type 5 Incident
37239,2986,3910,Wildfire Daily Fire Perimeter,Auto-generated for InFORM,619.765393026872,No,Public,Approved,Yes,3/2/2025 1:51:19 PM,3/4/2025 4:16:19 PM,3/2/2025 11:04:20 PM,{34A6C160-F478-42AE-BECE-225961DF5E3F},,619.763194005326,{DD271B11-1993-4C26-91C4-374D83FF5FD5},2025 NIFS,38349215,,DEFAULT,,,,IROC,619,,NCNCSC,210000,,,,,Minimal,,Flanking,,Human,,,SF5K,,3/2/2025 12:25:00 PM,,,0,100,0,0,,,SACC,3/8/2025 12:30:12 PM,3/6/2025 11:01:00 PM,3/7/2025 9:00:00 PM,F,Type 5 IC,3910,Approximately 1.5 miles west of Tryon off HWY 176.,WF,FI,,,,,{34A6C160-F478-42AE-BECE-225961DF5E3F},,0,,,0,,,0,1,250014,ics209,100,100,Tryon,Polk,NCNCC,37149,,,,Private,Private,,,,,,,SA32,DFR,NCNCS,US-NC,,,Timber (Litter and Understory),,66,2025-NCNCS-250014,,No Decision,,,,3/1/2025 8:30:54 PM,3/8/2025 12:30:12 PM,IRWIN,0,,,{34A6C160-F478-42AE-BECE-225961DF5E3F},d06c7265-e931-4036-9bd0-85e312ee2bca,0.000248331203238195,0.099925470927186,Type 5 Incident
37311,3976,Sugar Tree RX,Prescribed Fire,Hand Sketch,615.08,No,Public,Approved,Yes,3/5/2025 3:36:41 PM,3/5/2025 3:36:41 PM,3/5/2025 3:36:30 PM,{C3927BEA-878B-4108-A122-39C920269B3A},,615.075947978282,{BE518AFE-9C81-4E39-8517-138ACF9B5581},2025 NIFS,38360800,,DEFAULT,,,,wildcade,494,494,MOMOC,,,,,,,,,,Undetermined,,,,,3/2/2025 2:16:13 PM,,,,,,,,,EACC,,,,,,Sugar Tree RX,,RX,FI,36.7875,-92.718667,,,{C3927BEA-878B-4108-A122-39C920269B3A},,0,,,0,,,,1,000073,INFORM_Inspector,,,,Ozark,MOMOC,29153,USFS,MOMTF,,USFS,Federal,,,,,,,EA13,USFS,MOMTF,US-MO,,,,,,2025-MOMTF-000073,,No Decision,,,,3/2/2025 2:17:31 PM,3/5/2025 3:37:07 PM,IRWIN,0,,,{C3927BEA-878B-4108-A122-39C920269B3A},4057001f-33df-46d7-8314-8a5cbf0a0cff,0.000251293138489928,0.0775516359248568,
37269,3011,Cotham 1 and 2 RX,Prescribed Fire,Auto-generated for InFORM,1084,No,Public,Approved,Yes,3/2/2025 4:31:04 PM,3/3/2025 5:28:26 PM,3/2/2025 5:27:48 PM,{58B00052-2FDB-47AC-B2C8-CA9AA393F6B6},,1082.2779662078,{9CA266A9-6530-44C9-9B95-6A9BDC658486},2025 NIFS,33058384,,DEFAULT,,,,wildcade,1084,1084,MOMOC,,,,,,,,,,Undetermined,,,,,3/2/2025 2:17:37 PM,,,,,,,,,EACC,,,,,,Cotham 1 and 2 RX,,RX,FI,36.848582,-91.182146,,,{58B00052-2FDB-47AC-B2C8-CA9AA393F6B6},,0,1,,0,,,,1,000074,wildcade,,,,Carter,MOMOC,29035,USFS,MOMTF,,USFS,Federal,,,,,,,EA13,USFS,MOMTF,US-MO,,,,,,2025-MOMTF-000074,,No Decision,,,,3/2/2025 4:29:45 PM,3/2/2025 5:27:19 PM,IRWIN,0,,,{5024825D-2ACF-4669-9191-8A1E079B29C2},e7a1b02a-be14-4ad1-a3aa-542a8be96e35,0.000442539931327701,0.108992395753551,
37271,2995,Covington Drive,Wildfire Daily Fire Perimeter,Mixed Methods,346.478971642555,No,Public,Approved,Yes,3/2/2025 3:16:46 PM,3/8/2025 4:02:14 PM,3/2/2025 3:17:33 PM,{17400B93-8F32-48E1-B16F-782B002EAE57},,2038.96827020994,{030B44E5-4793-42B9-B8B3-BA84358420CB},2025 NIFS,38360404,,ICS209,3131.1147,,,wildcade,2059,0.1,SCSCC,1354702,,,,,Moderate,Creeping,Smoldering,Isolated Torching,Undetermined,,,SF6C,,3/2/2025 3:12:07 PM,,,0,100,0,0,PN,,SACC,3/9/2025 11:13:45 PM,3/9/2025 11:30:00 AM,3/9/2025 11:00:00 PM,U,Type 3 IC,Covington Drive Compact,"2 miles west of Myrtle Beach, SC",WF,FI,33.804617,-78.8596,,,{17400B93-8F32-48E1-B16F-782B002EAE57},,0,,,0,,,0,1,250089,ics209,55,100,Myrtle Beach,Horry,SCSCC,45051,FC,SCSCS,,State,Other,,,,,,,SA37,FC,SCSCS,US-SC,,,Southern Rough,Timber (Litter and Understory),66,2025-SCSCS-250089,,No Decision,,,,3/2/2025 3:16:33 PM,3/9/2025 11:13:45 PM,IRWIN,0,,,{17400B93-8F32-48E1-B16F-782B002EAE57},236cba3c-ecf9-48bd-b2d1-3aff46603c2d,0.000803162642569077,0.194590091287407,Type 1 Incident
37251,3175,Tower Creek,Wildfire Daily Fire Perimeter,Auto-generated for InFORM,2,No,Public,Approved,Yes,3/3/2025 3:06:15 PM,3/3/2025 3:48:21 PM,3/3/2025 3:06:15 PM,{F178309A-A416-4D39-8E7E-EE0D2D04BACE},,0.813400378468624,{EE714F72-3482-44EA-B3EA-51321E89556D},2025 NIFS,33058586,,DEFAULT,,,,wildcade,2,2,MNMNCC,,,,,,,,,,Undetermined,,,,,3/2/2025 5:45:00 PM,,,,,,,,,EACC,,,,,,Tower Creek,,WF,FI,46.575088,-94.654813,,,{F178309A-A416-4D39-8E7E-EE0D2D04BACE},,0,,,0,,,,1,000130,INFORM_Inspector,,,,Cass,MNMNCC,27021,,,,Private,Private,,,,,,,EA01,DNR,MN1FS,US-MN,,,,,,2025-MN1FS-000130,,No Decision,,,,3/3/2025 3:05:52 PM,3/3/2025 3:44:53 PM,IRWIN,0,,,{6EA8B4FF-1EDD-4694-B8CF-E4D12D22B6A8},f2b3643d-3c33-4648-9e1e-85890c998997,3.86293777410174E-07,0.0026105309523897,
37232,3049,Snapper,Wildfire Daily Fire Perimeter,Mixed Methods,7.14207955016579,No,Public,Approved,Yes,3/2/2025 8:54:28 PM,3/2/2025 9:11:18 PM,3/2/2025 8:54:34 PM,{907B4C73-95C3-4B51-AAFD-5A9EF2662DAB},,7.14205402218447,{613F5B44-2C5E-49CA-BAB4-48DE5EF06127},2025 NIFS,38363612,,DEFAULT,,3/2/2025 9:10:38 PM,3/6/2025 2:53:09 PM,firesponse,7,7,TXTIC,,,,,,,,,,Human,Equipment and vehicle use,,,,3/2/2025 6:25:18 PM,Type 5 Incident,,,,,,,,SACC,,,,,,Snapper,,WF,FI,30.27202035,-96.88825274,,,{907B4C73-95C3-4B51-AAFD-5A9EF2662DAB},,0,,,0,,,0,1,250786,firesponse,100,,,Lee,TXTIC,48287,SFS,TXTXS,,Private,Private,,,,,,,SA11,SFS,TXTXS,US-TX,,,Timber (Litter and Understory),,,2025-TXTXS-250786,,No Decision,,,,3/2/2025 8:54:13 PM,3/6/2025 3:14:23 PM,IRWIN,0,,,{907B4C73-95C3-4B51-AAFD-5A9EF2662DAB},3778cf82-1b02-4083-8739-de95cf580bbb,2.70958184955816E-06,0.007177951852622,Type 5 Incident
37228,3029,Cass 0787,Wildfire Daily Fire Perimeter,Mixed Methods,1.77029403560063,No,Public,Approved,Yes,3/2/2025 7:40:31 PM,3/2/2025 9:03:28 PM,3/2/2025 7:58:56 PM,{8A0EBDE9-606C-4D30-BBF3-36CE386B9A1C},,1.77029477576638,{5356DD1B-9864-4382-8AB8-86F2E4DDB4BA},2025 NIFS,38362401,,DEFAULT,,3/2/2025 7:47:00 PM,3/7/2025 10:18:00 PM,firesponse,1,1,TXTIC,,,,,,Minimal,,,,Human,Debris and open burning,Open trash burning,,,3/2/2025 6:35:00 PM,Type 5 Incident,,,,,,,,SACC,,,,,,Cass 0787,,WF,FI,32.97717465,-94.45618904,,,{8A0EBDE9-606C-4D30-BBF3-36CE386B9A1C},,0,,,0,,,0,1,250787,firesponse,100,,,Cass,TXTIC,48067,SFS,TXTXS,,Private,Private,,,,,,,SA07,SFS,TXTXS,US-TX,,,Timber (Litter and Understory),,,2025-TXTXS-250787,,No Decision,,,,3/2/2025 7:09:35 PM,3/7/2025 10:18:55 PM,IRWIN,0,,,{8A0EBDE9-606C-4D30-BBF3-36CE386B9A1C},8b5a44a6-0599-485a-831d-ade5f325e981,6.91042714606738E-07,0.00348310359378241,Type 5 Incident
37244,3086,Walker 0788,Wildfire Daily Fire Perimeter,Mixed Methods,6.84278370122786,No,Public,Approved,Yes,3/2/2025 10:49:47 PM,3/3/2025 1:31:25 AM,3/2/2025 10:54:19 PM,{0F923816-1D9C-4CA8-9B63-BB8761DB08AD},,6.842786531654,{9ECCFE62-5828-4149-93C0-87877DA6283C},2025 NIFS,33058425,,DEFAULT,,3/2/2025 10:51:00 PM,3/4/2025 10:17:00 PM,firesponse,7,7,TXTIC,,,,,,Minimal,,,,Undetermined,Undetermined (remarks required),Origin and/or cause not identified,,,3/2/2025 6:55:00 PM,Type 5 Incident,,,,,,,,SACC,,,,,,Walker 0788,,WF,FI,30.772904,-95.782283,,,{0F923816-1D9C-4CA8-9B63-BB8761DB08AD},,0,,,0,,,0,1,250788,firesponse,100,,,Walker,TXTIC,48471,SFS,TXTXS,,Private,Private,,,,,,,SA12,SFS,TXTXS,US-TX,,,Hardwood Litter,,,2025-TXTXS-250788,,No Decision,,,,3/2/2025 8:30:50 PM,3/4/2025 10:18:11 PM,IRWIN,0,,,{D4731A57-6988-4B67-9372-7E5BFE29E6A9},d7659c9d-2100-415e-a006-a4b5a1a7242f,2.60920205619186E-06,0.0095471657508478,Type 5 Incident
37234,3063,Henderson 0789,Wildfire Daily Fire Perimeter,Mixed Methods,0.528267510405739,No,Public,Approved,Yes,3/2/2025 9:26:30 PM,3/2/2025 9:28:03 PM,3/2/2025 9:20:39 PM,{DF0116AC-51F1-41AC-8FB8-B800878B26C4},,0.528267758467663,{D024D3CA-09B5-47E5-A0E9-0D8C0B471512},2025 NIFS,38364004,,DEFAULT,,3/2/2025 9:33:00 PM,3/3/2025 4:10:00 PM,firesponse,1,1,TXTIC,,,,,,Minimal,,,,Human,Recreation and ceremony,Barbeque/smoker,,,3/2/2025 7:06:00 PM,Type 5 Incident,,,,,,,,SACC,,,,,,Henderson 0789,,WF,FI,32.13950689,-95.71620658,,,{DF0116AC-51F1-41AC-8FB8-B800878B26C4},,0,,,0,,,1,1,250789,firesponse,100,,,Henderson,TXTIC,48213,SFS,TXTXS,,Private,Private,,,,,,,SA07,SFS,TXTXS,US-TX,,,Hardwood Litter,,,2025-TXTXS-250789,,No Decision,,,,3/2/2025 9:15:00 PM,3/7/2025 11:24:55 PM,IRWIN,0,,,{DF0116AC-51F1-41AC-8FB8-B800878B26C4},c786b702-8568-4cb8-b63b-c4b807cb22ba,2.04339130505105E-07,0.00237464750108929,Type 5 Incident
37327,3041,Jennings,Wildfire Daily Fire Perimeter,Auto-generated for InFORM,5,No,Public,Approved,Yes,3/2/2025 8:34:02 PM,3/5/2025 6:05:05 PM,3/2/2025 10:00:15 PM,{D739997B-2187-44BD-A350-E531DDF42A34},,16.5863979814419,{70D94E41-78BE-40E1-9243-17D0F9963A04},2025 NIFS,38363605,,DEFAULT,,3/2/2025 9:40:00 PM,3/5/2025 6:07:00 PM,wildcade,5,5,MOMOC,,,,,,,,,,Undetermined,,,SF60,,3/2/2025 7:21:48 PM,,3/5/2025 6:08:00 PM,,,,,P9,0905,EACC,,,,,,Jennings,,WF,FI,36.763142,-92.757213,,,{D739997B-2187-44BD-A350-E531DDF42A34},,0,1,,0,,,,1,000075,wildcade,,,,Ozark,MOMOC,29153,,,,Private,Private,,,,,,,EA13,USFS,MOMTF,US-MO,,,,,,2025-MOMTF-000075,,No Decision,,,,3/2/2025 8:33:30 PM,3/5/2025 6:07:53 PM,IRWIN,0,,,{D739997B-2187-44BD-A350-E531DDF42A34},db493515-4f39-49d3-8119-b79fb7e8c3d0,6.77441289553826E-06,0.0116284355635873,
37255,3055,Upshur 0791,Wildfire Daily Fire Perimeter,Mixed Methods,18.1040996426474,No,Public,Approved,Yes,3/2/2025 9:05:17 PM,3/3/2025 4:00:02 PM,3/2/2025 10:11:54 PM,{09C09248-6E56-48F4-88D9-CF292178F389},,18.1041061210415,{3EAB98D3-9471-4E2E-928A-F4E78E6B0A1A},2025 NIFS,33058420,,DEFAULT,,3/2/2025 10:08:00 PM,,firesponse,18,18,TXTIC,,,,,,Active,,,,Undetermined,Undetermined (remarks required),Origin and/or cause not identified,,,3/2/2025 7:39:00 PM,Type 4 Incident,,,,,,,,SACC,,,,,,Upshur 0791,,WF,FI,32.79281667,-94.8432,,,{09C09248-6E56-48F4-88D9-CF292178F389},,0,,,0,,,0,1,250791,firesponse,100,,,Upshur,TXTIC,48459,SFS,TXTXS,,Private,Private,,,,,,,SA07,SFS,TXTXS,US-TX,,,Timber (Litter and Understory),,,2025-TXTXS-250791,,No Decision,,,,3/2/2025 8:16:06 PM,3/2/2025 10:11:27 PM,IRWIN,0,,,{E547DA5E-FCEE-4690-8F67-A078AED75DBE},90efc6d1-87ff-4f26-b75a-a2234f3f002d,7.05280672264053E-06,0.0136270559871695,
37268,3068,Round,Wildfire Daily Fire Perimeter,Auto-generated for InFORM,550,No,Public,Approved,Yes,3/2/2025 9:41:00 PM,3/4/2025 2:12:51 AM,3/3/2025 1:30:03 PM,{F3F5FE08-8864-4B15-BB88-7047B4897DF6},,580.811049291019,{6BFCE1B2-97C0-471B-A6D4-D28286C83DF1},2025 NIFS,38363211,,DEFAULT,,3/3/2025 11:55:00 PM,,wildcade,550,50,MOMOC,25000,,,,,Minimal,,Creeping,Spotting,Undetermined,,,SF65,,3/2/2025 7:52:00 PM,,,0,100,0,0,P9,0905,EACC,3/9/2025 4:06:35 PM,3/6/2025 6:15:00 PM,3/9/2025 4:00:00 PM,U,Type 4 IC,Round,"18 miles NW of Pomona, MO",WF,FI,36.763142,-92.757213,,,{F3F5FE08-8864-4B15-BB88-7047B4897DF6},,0,1,,0,,,0,1,000076,ics209,100,100,,Douglas,MOMOC,29067,USFS,MOMTF,,USFS,Federal,5th Principal Meridian,,,,,,EA13,USFS,MOMTF,US-MO,,,Hardwood Litter,Short Grass (1 foot),4,2025-MOMTF-000076,,No Decision,,,,3/2/2025 9:40:28 PM,3/9/2025 4:06:35 PM,IRWIN,0,,,{F3F5FE08-8864-4B15-BB88-7047B4897DF6},eec70725-eeb8-4c1e-ba70-e0178c2618ff,0.000237676920960439,0.0890138263599506,Type 4 Incident
37242,3118,Silver Springs,Wildfire Daily Fire Perimeter,Mixed Methods,42.0141561074702,No,Public,Approved,Yes,3/3/2025 1:28:12 AM,3/3/2025 1:29:19 AM,3/3/2025 12:27:29 AM,{88324949-EA11-4F6B-B5E0-0E4AC4BE9301},,42.0141738984831,{DB996E86-1320-48ED-8DDA-D60C0F62C3FA},2025 NIFS,38364401,,DEFAULT,,3/3/2025 10:34:50 PM,3/7/2025 10:30:15 PM,firesponse,60,60,TXTIC,,,,,,,,,,Human,Debris and open burning,,,,3/2/2025 7:59:13 PM,Type 5 Incident,,,,,,,,SACC,,,,,,Silver Springs,,WF,FI,30.58769,-96.915919,,,{88324949-EA11-4F6B-B5E0-0E4AC4BE9301},,0,,,0,,,0,1,250793,firesponse,100,,,Milam,TXTIC,48331,SFS,TXTXS,,Private,Private,,,,,,,SA11,SFS,TXTXS,US-TX,,,Hardwood Litter,,,2025-TXTXS-250793,,No Decision,,,,3/2/2025 9:56:45 PM,3/7/2025 11:13:10 PM,IRWIN,0,,,{88324949-EA11-4F6B-B5E0-0E4AC4BE9301},4287ccd0-4f3f-4bde-bb36-31e2a1820488,1.59901110237115E-05,0.0348413180984062,Type 5 Incident
37254,3069,Lamar 0798,Wildfire Daily Fire Perimeter,Mixed Methods,0.551245627346206,No,Public,Approved,Yes,3/2/2025 9:42:54 PM,3/3/2025 4:00:02 PM,3/2/2025 10:12:45 PM,{5737C252-FF0F-41C0-A726-964A0F9BADA3},,0.551245853750275,{072B535F-6F6C-4F2D-8C72-DFBD85EF2497},2025 NIFS,33058451,,DEFAULT,,3/2/2025 10:01:00 PM,3/2/2025 10:01:10 PM,firesponse,1,1,TXTIC,,,,,,,,,,Human,Debris and open burning,Yard debris,,,3/2/2025 8:37:00 PM,Type 5 Incident,,,,,,,,SACC,,,,,,Lamar 0798,,WF,FI,33.78501447,-95.41851714,,,{5737C252-FF0F-41C0-A726-964A0F9BADA3},,0,,,0,,,0,1,250798,firesponse,100,,,Lamar,TXTIC,48277,SFS,TXTXS,,Private,Private,,,,,,,SA07,SFS,TXTXS,US-TX,,,Hardwood Litter,,,2025-TXTXS-250798,,No Decision,,,,3/2/2025 9:32:51 PM,3/2/2025 10:12:32 PM,IRWIN,0,,,{4A4FA9C6-705C-4FDD-BDF2-13C8F37A293E},852a23b1-7cf7-4200-bff9-3193012d3512,2.17153001358383E-07,0.00416646550151328,
37256,3090,Cass 0800,Wildfire Daily Fire Perimeter,Mixed Methods,8.56738780723294,No,Public,Approved,Yes,3/2/2025 11:23:43 PM,3/3/2025 4:00:02 PM,3/3/2025 12:50:21 AM,{9CC803C9-D3C1-4DEB-A754-F60540884D32},,8.56739138304714,{5E63728C-CBC2-4C9C-B920-EF264E681B05},2025 NIFS,38363213,,DEFAULT,,3/2/2025 11:12:00 PM,3/7/2025 10:10:00 PM,firesponse,9,9,TXTIC,,,,,,Minimal,,,,Human,Power generation/transmission/distribution,Electrical transmission/distribution systems,,,3/2/2025 8:44:00 PM,Type 5 Incident,,,,,,,,SACC,,,,,,Cass 0800,,WF,FI,33.07030062,-94.56551338,,,{9CC803C9-D3C1-4DEB-A754-F60540884D32},,0,,,0,,,0,1,250800,firesponse,100,,,Cass,TXTIC,48067,SFS,TXTXS,,Private,Private,,,,,,,SA07,SFS,TXTXS,US-TX,,,Timber (Litter and Understory),,,2025-TXTXS-250800,,No Decision,,,,3/2/2025 9:47:40 PM,3/7/2025 10:10:58 PM,IRWIN,0,,,{9CC803C9-D3C1-4DEB-A754-F60540884D32},1020dc08-2401-49d5-9a8f-f5e6eb71b5fd,3.34790865963441E-06,0.00965109872094192,Type 5 Incident
37243,3100,Rebar,Wildfire Daily Fire Perimeter,Mixed Methods,1.42531298989307,No,Public,Approved,Yes,3/3/2025 12:06:49 AM,3/3/2025 1:29:56 AM,3/3/2025 12:19:05 AM,{C0F232FC-AC31-4675-A960-2E9751FD2716},,1.42531359534462,{1FE78289-2A57-47AD-B7DB-A4A3235370E7},2025 NIFS,38365203,,DEFAULT,,3/3/2025 12:17:28 AM,3/8/2025 11:15:26 PM,firesponse,1.5,1.5,TXTIC,,,,,,,,,,Human,Other causes,,,,3/2/2025 8:49:20 PM,Type 5 Incident,,,,,,,,SACC,,,,,,Rebar,,WF,FI,31.07956829,-96.23483772,,,{C0F232FC-AC31-4675-A960-2E9751FD2716},,0,,,0,,,0,1,250799,firesponse,100,,,Leon,TXTIC,48289,SFS,TXTXS,,Private,Private,,,,,,,SA12,SFS,TXTXS,US-TX,,,,,,2025-TXTXS-250799,,No Decision,,,,3/2/2025 10:26:37 PM,3/8/2025 11:18:12 PM,IRWIN,0,,,{C0F232FC-AC31-4675-A960-2E9751FD2716},49840185-2aa2-40d8-a88e-d69e8202566c,5.45200464330264E-07,0.00519573713304601,Type 5 Incident
37272,3057,Eyrie,Wildfire Daily Fire Perimeter,Mixed Methods,1.48,No,Public,Approved,Yes,3/2/2025 9:13:35 PM,3/3/2025 10:00:59 PM,3/2/2025 10:19:59 PM,{362CFCD5-76C7-4E2E-9847-8871A558DEF8},,1.48204177152487,{3DE789BB-88BC-4C03-B744-9108C40AC513},2025 NIFS,33058445,,DEFAULT,,,3/2/2025 10:03:00 PM,iffrs,1.48,0.01,WIWISC,,,,,,,,,,Human,Other causes,Structure,SF62,,3/2/2025 8:55:00 PM,,3/2/2025 10:19:00 PM,,,,,,,EACC,,,,,,Eyrie,,WF,FI,43.61292,-90.133,0.01,3/2/2025 9:27:00 PM,{362CFCD5-76C7-4E2E-9847-8871A558DEF8},,0,,,0,,,,1,FIRE123136,iffrs,,,,Sauk,WIWIC,55111,,,,Private,Private,,,,,,,EA05,DNR,WIWIS,US-WI,,,Tall Grass (2.5 feet),,,2025-WIWIS-FIRE123136,,No Decision,,,,3/2/2025 9:13:08 PM,3/3/2025 4:44:12 PM,IRWIN,0,,,{EF7CC229-0744-4474-B783-05C30C4A0C2B},a8411c79-cb73-4dea-8754-7783122cab87,6.6871575654659E-07,0.0044443259511925,
37240,3110,Bell 0801,Wildfire Daily Fire Perimeter,Mixed Methods,15.7008693496563,No,Public,Approved,Yes,3/3/2025 12:43:28 AM,3/3/2025 1:29:56 AM,3/2/2025 6:30:00 PM,{428F8441-CDC4-4C1B-AA5F-42276E5FA90C},,15.7008755478037,{49B09CF5-D1D0-4BD0-97F1-972C59C0FADE},2025 NIFS,38365211,,DEFAULT,,3/3/2025 11:07:38 PM,3/7/2025 10:50:32 PM,firesponse,16,16,TXTIC,,,,,,,,,,Undetermined,Undetermined (remarks required),,,,3/2/2025 9:06:30 PM,Type 5 Incident,,,,,,,,SACC,,,,,,Atkinson,,WF,FI,31.11398247,-97.70550578,,,{428F8441-CDC4-4C1B-AA5F-42276E5FA90C},,0,,,0,,,1,1,250801,firesponse,100,,,Bell,TXTIC,48027,SFS,TXTXS,,Private,Private,,,,,,,SA11,SFS,TXTXS,US-TX,,,Tall Grass (2.5 feet),,,2025-TXTXS-250801,,No Decision,,,,3/2/2025 11:43:41 PM,3/7/2025 11:04:50 PM,IRWIN,0,,,{428F8441-CDC4-4C1B-AA5F-42276E5FA90C},b29c08ca-c33a-47aa-9c4f-6658bd8c08fd,6.00796033722872E-06,0.0285669742916408,Type 5 Incident
37248,3060,Carter,Wildfire Daily Fire Perimeter,Mixed Methods,0.4,No,Public,Approved,Yes,3/2/2025 9:15:16 PM,3/3/2025 1:45:48 PM,3/2/2025 11:29:43 PM,{15C83F56-9A0B-488D-9660-1656D88EC0C8},,0.400338562988818,{4A287A3F-4342-4DBE-A264-B26A11D79D60},2025 NIFS,38363617,,DEFAULT,,,3/2/2025 9:59:00 PM,iffrs,0.4,0.01,WIWISC,,,,,,,,,,Human,Equipment and vehicle use,Chainsaw/brush saw/weed trimmer,SF63,,3/2/2025 9:07:00 PM,,3/2/2025 10:45:00 PM,,,,,,,EACC,,,,,,Carter,,WF,FI,43.16204,-89.75361,0.01,3/2/2025 9:27:00 PM,{15C83F56-9A0B-488D-9660-1656D88EC0C8},,0,,,0,,,,1,FIRE123137,iffrs,,,,Dane,WIWIC,55025,,,,Private,Private,,,,,,,EA05,DNR,WIWIS,US-WI,,,Tall Grass (2.5 feet),,,2025-WIWIS-FIRE123137,,No Decision,,,,3/2/2025 9:14:59 PM,3/5/2025 8:41:44 PM,IRWIN,0,,,{15C83F56-9A0B-488D-9660-1656D88EC0C8},c899491f-8cf9-4002-bebb-64eb19e2ba42,1.79319840754033E-07,0.00159782669915405,
37309,3123,FD010028,Wildfire Daily Fire Perimeter,Auto-generated for InFORM,0.35,No,Public,Approved,Yes,3/3/2025 2:04:11 AM,3/5/2025 3:18:40 PM,3/3/2025 2:04:11 AM,{D16B7069-F9A9-4605-A748-24FB2D1C87A5},,0.195129481188855,{A361CBF6-FB1C-4AFE-8E51-D5F94F40F441},2025 NIFS,33058509,,DEFAULT,,3/2/2025 10:29:00 PM,3/2/2025 10:58:00 PM,INFORM_Mobile,0.35,,NHNEC,,,,,,,,,,Human,Smoking,Cigar/cigarette/pipe,,,3/2/2025 9:46:00 PM,,3/2/2025 11:53:00 PM,,,,,,,EACC,,,,,,FD010028,,WF,FI,,,,3/2/2025 9:48:00 PM,{D16B7069-F9A9-4605-A748-24FB2D1C87A5},,0,,,0,,,,1,FD010028,INFORM_Mobile,,,,Barnstable,NHNEC,25001,,,,Private,Private,,,,,,,EA23,FFC,MAMAS,US-MA,,,,,,2025-MAMAS-FD010028,,No Decision,,,,3/3/2025 2:03:56 AM,3/3/2025 2:03:56 AM,IRWIN,0,,,{DCA3FB5C-3C0C-41A9-97F2-885CDA48E40A},0f93b7e3-4225-4b59-9947-b81ac17367b3,8.54222435009433E-08,0.00139111551504526,
37241,3114,Cherokee 0805,Wildfire Daily Fire Perimeter,Mixed Methods,21.3567841120835,No,Public,Approved,Yes,3/3/2025 12:55:55 AM,3/3/2025 1:29:19 AM,3/3/2025 12:59:37 AM,{530E9283-1EA1-431F-8C62-E817B5A49237},,21.3567976822955,{3805FB7A-C507-41F8-A8C7-85652C426260},2025 NIFS,33058486,,DEFAULT,,3/3/2025 12:56:00 AM,3/3/2025 7:37:00 PM,firesponse,21,21,TXTIC,,,,,,Minimal,,,,Human,Debris and open burning,Escaped Prescribed Burn,,,3/2/2025 10:19:45 PM,Type 5 Incident,,,,,,,,SACC,,,,,,Cherokee 0805,,WF,FI,31.992274,-95.25526,,,{530E9283-1EA1-431F-8C62-E817B5A49237},,0,,,0,,,0,1,250805,firesponse,100,,,Cherokee,TXTIC,48073,SFS,TXTXS,,Private,Private,,,,,,,SA12,SFS,TXTXS,US-TX,,,Timber (Litter and Understory),,,2025-TXTXS-250805,,No Decision,,,,3/3/2025 12:02:38 AM,3/3/2025 7:38:51 PM,IRWIN,0,,,{B31F1861-29F3-4DA5-B302-5ACCCC1BCC40},a199e81a-e2b2-4a5c-aba9-11132c0ca806,8.24791527520574E-06,0.0151766342120698,Type 5 Incident
37265,3085,Burkhart,Wildfire Daily Fire Perimeter,Auto-generated for InFORM,,No,Public,Approved,Yes,3/2/2025 10:46:51 PM,3/3/2025 6:50:04 PM,3/3/2025 12:49:56 AM,{EDAB2A29-81DC-4AB7-941C-3D85450B86A5},,99.8242131031729,{549ECEB8-4381-4B3F-8218-FBF65A0453D1},2025 NIFS,33058471,,DEFAULT,,3/3/2025 12:45:00 AM,,wildcade,50,50,MOMOC,,,,,,,,,,Undetermined,,,SF7D,,3/2/2025 10:20:30 PM,,,,,,,P9,0905,EACC,,,,,,Burkhart,,WF,FI,37.437212,-92.20631,,,{EDAB2A29-81DC-4AB7-941C-3D85450B86A5},,0,1,,0,,,,1,000078,wildcade,,,,Texas,MOMOC,29215,,,,Private,Private,,,,,,,EA13,USFS,MOMTF,US-MO,,,,,,2025-MOMTF-000078,,No Decision,,,,3/2/2025 10:46:22 PM,3/3/2025 12:49:30 AM,IRWIN,0,,,{C6A74A2B-4A37-4313-8654-B5D0A0B93BC2},85b0af2f-00f8-4772-b13f-e2e5b64ba67b,4.11230014378816E-05,0.0427905517636396,
37250,3169,Fire and Ice,Wildfire Daily Fire Perimeter,Auto-generated for InFORM,7.7,No,Public,Approved,Yes,3/3/2025 2:55:25 PM,3/3/2025 3:12:41 PM,3/3/2025 2:55:25 PM,{49FD8D16-A5E8-4F27-B1D1-D4562226632B},,7.58653305825354,{34E8EC3B-C0F9-4502-803B-35592530D3CD},2025 NIFS,33058581,,DEFAULT,,3/4/2025 12:00:00 AM,,wildcade,7.7,7.7,MTMCC,,,,,,,,,,Human,,,,,3/2/2025 10:45:00 PM,,,,,,,,,NRCC,,,,,,Fire and Ice - Powder River,,WF,FI,45.45782,-105.3099,,,{49FD8D16-A5E8-4F27-B1D1-D4562226632B},,0,,,0,,,,1,000021,wildcade,,,,Powder River,MTMCC,30075,,,,Private,Private,,,,,,,NR16,C&L,MTLG09,US-MT,,,,,,2025-MTLG09-000021,,No Decision,,,,3/3/2025 2:54:51 PM,3/3/2025 4:25:08 PM,IRWIN,0,,,{CFD057EF-91C3-40B5-8858-7C1C538DCFC5},eb133bdb-f9e4-4c3b-92d0-21038fcdeeed,3.53177301803953E-06,0.00996696974812558,
37252,3087,Whitewater Fire,Wildfire Daily Fire Perimeter,Mixed Methods,0.6,No,Public,Approved,Yes,3/2/2025 10:57:17 PM,3/4/2025 6:34:51 PM,3/2/2025 11:12:12 PM,{A68063D8-10E3-4CAE-81FB-F0B70982B825},,0.615850796785812,{AC115B02-020A-461F-A949-73DEDE2C9475},2025 NIFS,38365204,,DEFAULT,,3/5/2025 1:00:00 PM,3/5/2025 1:00:00 PM,wildcade,0.6,2,GAGIC,,,,,,,,,,Undetermined,,,SF7E,,3/2/2025 10:47:48 PM,,3/5/2025 1:00:00 PM,,,,,PP,1532,SACC,,,,,,Whitewater,,WF,FI,33.88037,-84.44052,,,{A68063D8-10E3-4CAE-81FB-F0B70982B825},,0,1,,0,,,,1,000047,wildcade,,,,Fulton,GAGIC,13121,NPS,GACRP,,NPS,Federal,,,,,,,SA40,NPS,GACRP,US-GA,,,,,,2025-GACRP-000047,,No Decision,,,,3/2/2025 10:56:58 PM,3/5/2025 12:55:02 PM,IRWIN,0,,,{A68063D8-10E3-4CAE-81FB-F0B70982B825},cde129ce-69fc-4d8a-b396-4adafdead441,2.42873511524522E-07,0.00202572553580547,
37258,3093,Harp Road,Wildfire Daily Fire Perimeter,Mixed Methods,,No,Public,Approved,Yes,3/2/2025 11:41:34 PM,3/3/2025 4:52:16 PM,,{EDFBA7B9-7A6F-4350-A871-6DCB915A6FA4},,1.36446831094909,{85819EF8-7789-4EC6-A5D5-C80F9E063080},2025 NIFS,33058484,,DEFAULT,,3/2/2025 11:54:00 PM,,wildcade,1.4,0.25,SDGPC,,,,,,,,,,Human,,,SF7J,,3/2/2025 11:00:01 PM,,,,,,,PN,1532,RMCC,,,,,,Harp Road,,WF,FI,44.31518,-103.37262,,,{EDFBA7B9-7A6F-4350-A871-6DCB915A6FA4},,0,1,,0,,,,1,250173,wildcade,,,,Meade,SDGPC,46093,,,,Private,Private,,,,,,,RM05,C&L,SDMDX,US-SD,,,,,,2025-SDMDX-250173,,No Decision,,,,3/2/2025 11:44:47 PM,3/3/2025 12:00:16 AM,IRWIN,0,,,{43685E82-376D-4432-9CB1-6AC12A2E3D21},c1502d61-2833-4f74-982b-6ac5c2c3397e,6.22801508143311E-07,0.00480237223822464,
37253,3125,Smith 0806,Wildfire Daily Fire Perimeter,Mixed Methods,37.4093640366272,No,Public,Approved,Yes,3/3/2025 2:28:34 AM,3/3/2025 4:00:02 PM,3/3/2025 2:44:45 AM,{FDAD7C09-1C33-49B8-983E-B5862DFD5C1C},,37.4093798542521,{A5EE5716-6466-4C58-9554-41682D4D9670},2025 NIFS,38366401,,DEFAULT,,3/3/2025 2:41:00 AM,3/10/2025 12:30:00 PM,firesponse,38,38,TXTIC,,,,,,Minimal,,,,Undetermined,,,,,3/2/2025 11:15:00 PM,Type 5 Incident,,,,,,,,SACC,,,,,,Smith 0806,,WF,FI,32.45150867,-95.28959253,,,{FDAD7C09-1C33-49B8-983E-B5862DFD5C1C},,0,,,0,,,0,1,250806,firesponse,100,,,Smith,TXTIC,48423,SFS,TXTXS,,Private,Private,,,,,,,SA07,SFS,TXTXS,US-TX,,,Hardwood Litter,,,2025-TXTXS-250806,,No Decision,,,,3/3/2025 12:39:55 AM,3/10/2025 12:55:46 PM,IRWIN,0,,,{FDAD7C09-1C33-49B8-983E-B5862DFD5C1C},a0a68ea7-e247-4afc-bbbb-aed62dab23d2,1.45192461786792E-05,0.0177253301219249,Type 5 Incident
37283,3971,Texas Tower,Prescribed Fire,Hand Sketch,983.88,No,Public,Approved,Yes,3/5/2025 3:11:57 PM,3/5/2025 3:28:39 PM,3/3/2025 3:42:00 AM,{EA741128-EB90-404A-9D6D-486A53F6917F},,983.877403832881,{A755AD12-C2FA-4663-A0E3-60CCF000D158},2025 NIFS,38367201,,DEFAULT,,3/3/2025 3:42:00 AM,,wildcade,75,50,MOMOC,10000,,,,,Minimal,,,,Undetermined,,,SF7K,,3/2/2025 11:30:29 PM,,,0,100,0,0,P9,0905,EACC,3/6/2025 5:36:36 PM,3/3/2025 12:00:00 AM,3/6/2025 3:00:00 PM,F,Type 4 IC,Prairie Creek,"7 miles SW Laquey, MO",WF,FI,37.685701,-92.404026,,,{EA741128-EB90-404A-9D6D-486A53F6917F},,0,1,,0,,,0,1,000080,ics209,100,100,,Laclede,MOMOC,29105,,,,Private,Private,5th Principal Meridian,,,13W,6,34N,EA13,USFS,MOMTF,US-MO,,,Hardwood Litter,,13,2025-MOMTF-000080,,No Decision,,,,3/3/2025 1:49:05 AM,3/6/2025 5:36:36 PM,IRWIN,0,,,{EA741128-EB90-404A-9D6D-486A53F6917F},543cb037-ad30-4e51-be3f-e262be77a5dc,0.000406227963139827,0.0888948007821372,Type 4 Incident
37282,3264,Top,Wildfire Daily Fire Perimeter,Mixed Methods,3.96,No,Public,Approved,Yes,3/3/2025 8:53:19 PM,3/4/2025 3:51:31 PM,3/4/2025 2:21:56 PM,{99E69BF9-BE80-4D81-8098-F7F323EA411D},,3.9664518633628,{3CBD99E5-AB73-4FD5-A1CE-4AA848D1A660},2025 NIFS,33058708,,DEFAULT,,,3/3/2025 9:17:00 PM,iffrs,3.96,0.01,WIWISC,,,,,,,,,,Human,Debris and open burning,Hand pile/slash,SF9G,,3/3/2025 6:00:00 AM,,3/4/2025 4:31:00 PM,,,,,,,EACC,,,,,,Top,,WF,FI,43.38127,-90.4767,0.01,3/3/2025 9:12:00 PM,{99E69BF9-BE80-4D81-8098-F7F323EA411D},,0,,,0,,,,1,FIRE123159,iffrs,,,,Richland,WIWIC,55103,,,,Private,Private,,,,,,,EA05,DNR,WIWIS,US-WI,,,Short Grass (1 foot),,,2025-WIWIS-FIRE123159,,No Decision,,,,3/3/2025 8:52:51 PM,3/4/2025 5:05:28 PM,IRWIN,0,,,{EBD75BD0-51C5-439F-A33B-05EE758A6607},1c66bd7a-c3c1-470a-a829-05b96ac846c6,1.78297273123462E-06,0.00520148818433277,
37313,3250,Barrel,Wildfire Daily Fire Perimeter,Mixed Methods,0.42,No,Public,Approved,Yes,3/3/2025 8:16:42 PM,3/5/2025 7:06:32 PM,3/3/2025 9:01:53 PM,{730CD376-3F9B-4643-B763-34F14B4DDAC9},,0.416563699291579,{3E9EE11C-ADDE-4CCA-B2E3-22783B397028},2025 NIFS,33058693,,DEFAULT,,,3/3/2025 8:38:00 PM,iffrs,0.42,0.1,WIWISC,,,,,,,,,,Human,Debris and open burning,,SF9B,,3/3/2025 6:00:00 AM,,,,,,,,,EACC,,,,,,Barrel,,WF,FI,45.00389,-88.21589,0.1,3/3/2025 8:32:00 PM,{730CD376-3F9B-4643-B763-34F14B4DDAC9},,0,,,0,,,,1,FIRE123158,iffrs,,,,Oconto,WIWIC,55083,,,,Private,Private,,,,,,,EA06,DNR,WIWIS,US-WI,,,,,,2025-WIWIS-FIRE123158,,No Decision,,,,3/3/2025 8:16:07 PM,3/3/2025 9:01:29 PM,IRWIN,0,,,{4F7FD64B-E952-4A16-980F-2BF10B66BE53},9a495a86-5bed-4a6b-b0b3-73cb0b6d0e2a,1.92399966181256E-07,0.002199922780383,
37388,4215,Red Creek 2,Wildfire Daily Fire Perimeter,Hand Sketch,0.73,No,Public,Approved,Yes,3/8/2025 9:00:30 PM,3/8/2025 9:00:30 PM,3/5/2025 10:50:00 PM,{57058444-A3FA-407E-B3A2-D1EC936A8851},,0.726656529431927,{133D7291-DC3C-4047-9D32-503CEA819EE6},2025 NIFS,38371601,,DEFAULT,,3/5/2025 10:50:00 PM,3/7/2025 10:56:00 PM,wildcade,1,1,MSMIC,,,,,,,,,,Human,,,SF9M,,3/3/2025 12:57:54 PM,,,,,,,P8,0892,SACC,,,,,,Red Creek 2,,WF,FI,30.919455,-89.298473,,,{57058444-A3FA-407E-B3A2-D1EC936A8851},,0,1,,0,,,,1,000104,wildcade,,,,Forrest,MSMIC,28035,USFS,MSMNF,,USFS,Federal,,,,,,,SA22A,USFS,MSMNF,US-MS,,,,,,2025-MSMNF-000104,,No Decision,,,,3/3/2025 1:33:30 PM,3/7/2025 10:56:41 PM,IRWIN,0,,,{57058444-A3FA-407E-B3A2-D1EC936A8851},4bc94bac-5707-41e7-bebe-3e2c6dfb0f4a,2.7749183573178E-07,0.00282388586730808,
37267,3216,Diamond Lake,Wildfire Daily Fire Perimeter,Auto-generated for InFORM,100,No,Public,Approved,Yes,3/3/2025 6:39:55 PM,3/3/2025 6:59:06 PM,3/3/2025 6:39:56 PM,{71F077EE-E93B-4057-9E3E-40F70A4B47A3},,120.947088881352,{7047DBDC-4160-4C99-B4AE-9AE13347863D},2025 NIFS,33058657,,DEFAULT,120.95,,,INFORM_Inspector,121,100,MOMOC,,,,,,,,,,,,,SF8Y,,3/3/2025 4:30:54 PM,,,,,,,,,EACC,,,,,,Diamond Lake,,WF,FI,,,,,{71F077EE-E93B-4057-9E3E-40F70A4B47A3},,0,0,,0,,,,1,000003,INFORM_Inspector,,,,Dickinson,MOMOC,19059,,,,Private,Private,,,,,,,EA02,FWS,IAWTR,US-IA,,,,,,2025-IAWTR-000003,,No Decision,,,,3/3/2025 6:39:41 PM,3/3/2025 8:28:38 PM,IRWIN,0,,,{10EF497E-92BD-47AE-B745-E5D72FFF4EE0},aa412042-327e-4b8e-8361-e856746e3027,5.44444719707826E-05,0.0322802830595069,
37287,3210,Hoots,Wildfire Daily Fire Perimeter,Auto-generated for InFORM,369,No,Public,Approved,Yes,3/3/2025 6:10:14 PM,3/4/2025 5:40:19 PM,3/4/2025 12:53:16 AM,{D26A1ACC-E442-499D-B79D-AD25FD301222},,378.525154893517,{3D43F0BC-389A-46C2-ADAB-3CBA23C08745},2025 NIFS,38376401,,DEFAULT,,3/4/2025 12:50:00 AM,,wildcade,369,50,MOMOC,8000,,,,,Minimal,,Flanking,Backing,Undetermined,,,SF8W,,3/3/2025 5:44:12 PM,,,0,100,0,0,P9,0905,EACC,3/9/2025 4:15:14 PM,3/6/2025 6:10:00 PM,3/9/2025 4:00:00 PM,U,Type 4 IC,Hoots,12 miles West of Willow Springs MO,WF,FI,36.9639,-92.1716,,,{D26A1ACC-E442-499D-B79D-AD25FD301222},,0,1,,0,,,0,1,000083,ics209,100,100,Willow Springs,Douglas,MOMOC,29067,,,,Private,Private,,,,,,,EA13,USFS,MOMTF,US-MO,,,Timber (Grass and Understory),,1,2025-MOMTF-000083,,No Decision,,,,3/3/2025 6:09:46 PM,3/9/2025 4:15:14 PM,IRWIN,0,,,{D26A1ACC-E442-499D-B79D-AD25FD301222},8043a18b-e611-413e-97eb-c8588702ad73,0.000155025853928237,0.0584971691128991,Type 4 Incident
37328,3684,Basin,Wildfire Daily Fire Perimeter,Auto-generated for InFORM,2850,No,Public,Approved,Yes,3/3/2025 9:31:16 PM,3/5/2025 11:16:11 PM,3/4/2025 11:50:55 PM,{1809BF94-AEA0-48D4-95B5-01B8BC1224C5},,3185.68968796832,{810BAACE-8E69-4DE9-8104-A8F3EAED521F},2025 NIFS,38378013,,DEFAULT,4218.404,,,wildcade,2850,400,MOMOC,20000,,,,,Minimal,,Running,Backing,Undetermined,,,SF9Q,,3/3/2025 6:43:00 PM,,,0,100,0,0,P9,0905,EACC,3/9/2025 4:13:33 PM,3/6/2025 6:00:00 PM,3/9/2025 4:10:00 PM,U,Type 4 IC,Basin,20 Miles SW of Ava MO,WF,FI,36.67615,-92.812809,,,{1809BF94-AEA0-48D4-95B5-01B8BC1224C5},,0,1,,0,,,0,1,000084,ics209,90,100,Ava MO,Taney,MOMOC,29213,USFS,MOMTF,,USFS,Federal,,,,,,,EA13,USFS,MOMTF,US-MO,,,Timber (Grass and Understory),Tall Grass (2.5 feet),1,2025-MOMTF-000084,,Approved Decision,250000,Type 3 Team,3/4/2025 10:25:33 PM,3/3/2025 9:30:57 PM,3/9/2025 4:13:33 PM,IRWIN,0,,,{1809BF94-AEA0-48D4-95B5-01B8BC1224C5},99a1fcd8-6655-41e2-a677-dbbd8d696dbf,0.00129971610226676,0.229174748961325,Type 4 Incident
37317,3244,Stubble,Wildfire Daily Fire Perimeter,Mixed Methods,6.01,No,Public,Approved,Yes,3/3/2025 7:51:35 PM,3/5/2025 8:27:56 PM,3/5/2025 5:27:57 PM,{1A360FFD-26C8-4563-BC7E-7638702C65B7},,6.00361815540904,{8B8C59CD-26BA-4D80-B97E-307D62D82A40},2025 NIFS,38377220,,DEFAULT,,,3/3/2025 8:10:00 PM,iffrs,6,1,WIWISC,,,,,,,,,,Human,Debris and open burning,,SF88,,3/3/2025 7:30:00 PM,,,,,,,,,EACC,,,,,,Stubble,,WF,FI,45.38384,-87.94642,1,3/3/2025 7:54:00 PM,{1A360FFD-26C8-4563-BC7E-7638702C65B7},,0,,,0,,,,1,FIRE123156,iffrs,,,,Marinette,WIWIC,55075,,,,Private,Private,,,,,,,EA04,DNR,WIWIS,US-WI,,,,,,2025-WIWIS-FIRE123156,,No Decision,,,,3/3/2025 7:51:12 PM,3/5/2025 7:31:37 PM,IRWIN,0,,,{1A360FFD-26C8-4563-BC7E-7638702C65B7},dd2c9623-26c4-49af-9aaf-09e9460026d4,2.79128516922356E-06,0.0103385479803721,
37294,3699,Rice Lk,Wildfire Daily Fire Perimeter,Auto-generated for InFORM,5,No,Public,Approved,Yes,3/3/2025 10:22:47 PM,3/4/2025 7:30:30 PM,3/3/2025 10:22:47 PM,{B1D72447-2AD7-4ABA-A3F6-3B1A9B8D38A5},,6.99554947225648,{442C831B-41DA-4AE8-91BD-F9AD3C100148},2025 NIFS,38380001,,DEFAULT,,,,wildcade,5,5,MNMNCC,,,,,,,,,,Undetermined,,,,,3/3/2025 7:31:52 PM,,,,,,,,,EACC,,,,,,Rice Lk,,WF,FI,46.456318,-93.914769,,,{B1D72447-2AD7-4ABA-A3F6-3B1A9B8D38A5},,0,1,,0,,,,1,000144,wildcade,,,,Crow Wing,MNMNCC,27035,,,,Private,Private,,,,,,,EA01,DNR,MN1FS,US-MN,,,,,,2025-MN1FS-000144,,No Decision,,,,3/3/2025 10:22:32 PM,3/10/2025 6:15:24 PM,IRWIN,0,,,{B1D72447-2AD7-4ABA-A3F6-3B1A9B8D38A5},383126ba-2f14-4720-82f2-07d2e7599e2a,3.3150204217236E-06,0.00788957525545295,
37288,3688,Hollow,Wildfire Daily Fire Perimeter,Auto-generated for InFORM,29.64,No,Public,Approved,Yes,3/3/2025 9:41:18 PM,3/4/2025 5:40:39 PM,3/3/2025 11:06:57 PM,{B29AF6FC-9E80-4880-A135-8DF81FD9C1A4},,27.4875398519634,{98CCBE74-A969-4060-8CEC-CE9E67DB1586},2025 NIFS,33058724,,DEFAULT,,3/3/2025 11:04:00 PM,,wildcade,29.64,40,MOMOC,,,,,,,,,,Undetermined,,,SF9W,,3/3/2025 8:14:02 PM,,,,,,,P9,0905,EACC,,,,,,Hollow,,WF,FI,37.827977,-91.888132,,,{B29AF6FC-9E80-4880-A135-8DF81FD9C1A4},,0,1,,0,,,,1,000085,wildcade,,,,Phelps,MOMOC,29161,,,,Private,Private,,,,,,,EA13,USFS,MOMTF,US-MO,,,,,,2025-MOMTF-000085,,No Decision,,,,3/3/2025 9:40:54 PM,3/3/2025 11:06:39 PM,IRWIN,0,,,{9BE5CB8E-15E8-4222-92AC-5571A5DD4558},cad94905-f745-460f-a244-2560950c811d,1.13836065338546E-05,0.0166183436024542,
37344,27186,Georgia 18,Wildfire Final Fire Perimeter,Auto-generated for InFORM,40,No,Public,Approved,Yes,3/6/2025 7:06:55 PM,3/6/2025 7:06:55 PM,3/6/2025 7:06:55 PM,{143BAF67-F8F0-4AFC-BF56-285819384AED},{446C1229-F800-4237-B0AE-A65D18D579A8},51.0572128916544,,FFP,5499503,,CERTIFIED,51.06,3/4/2025 2:00:00 AM,3/4/2025 12:30:00 PM,wildcade,40.1,,GAGIC,,,,,3/6/2025 7:06:48 PM,,,,,,,,SF94,,3/3/2025 10:49:40 PM,,3/6/2025 6:55:00 PM,,,,,PN,1532,SACC,,,,,,Georgia 18,,WF,FI,32.992541,-83.685779,,,,,,1,,0,,1,,1,000048,firecode,,,,Jones,GAGASC,13169,,,,Private,Private,,,,,,,,FC,GAGAS,US-GA,Timber,TL6,,,,2025-GAGAS-000048,{446C1229-F800-4237-B0AE-A65D18D579A8},,,,,3/4/2025 2:14:51 AM,3/4/2025 3:08:08 AM,FODR,,,,{B389C000-EC3D-4A13-861A-4633B7369755},9a0bad7b-b32a-429b-8e64-cb27ba8dfeeb,1.99375494958076E-05,0.0207619129288238,
37280,3747,1639 Hwy 30 2025,Wildfire Daily Fire Perimeter,Mixed Methods,2.3,No,Public,Approved,Yes,3/4/2025 2:43:56 PM,3/4/2025 2:51:16 PM,3/4/2025 2:44:21 PM,{B3D262FF-2A42-4CCD-B53B-DAB466D80093},,2.2743973777703,{AE6461B2-FBBD-4B3E-8D14-CE851A86CA41},2025 NIFS,33058827,,DEFAULT,2.3,,,INFORM_Inspector,2.3,2.3,MOMOC,,,,,,,,,,Human,Arson,Unknown (remarks required),SGA2,,3/4/2025 2:17:16 AM,,3/4/2025 4:00:00 AM,,,,,,,EACC,,,,,,1639 Hwy 30 2025,,WF,FI,,,,3/4/2025 2:40:00 AM,{B3D262FF-2A42-4CCD-B53B-DAB466D80093},,0,0,,0,,,,1,F5125001,INFORM_Inspector,,,,Tama,MOMOC,19171,BIA,IASFA,,BIA,Federal,,,,,,,EA09,BIA,IASFA,US-IA,Grass,GR6,,,,2025-IASFA-F5125001,,No Decision,,,,3/4/2025 2:43:43 PM,3/4/2025 2:54:38 PM,IRWIN,0,,,{7F4E5D99-572A-4C05-9DE8-F903CFED62C0},da3bf119-c041-422d-adb3-64b516513973,1.00017973636568E-06,0.00593927330289532,
37279,3742,Combs,Wildfire Daily Fire Perimeter,Mixed Methods,340.781181533312,No,Public,Approved,Yes,3/4/2025 2:19:48 PM,3/4/2025 2:20:50 PM,3/4/2025 8:20:00 AM,{1985CF51-4AA2-4A49-A67E-6CA3CB11198B},,340.781303627303,{33B5BB85-5F63-4E68-A66A-F27421319645},2025 NIFS,38384001,,DEFAULT,,3/4/2025 4:03:56 PM,3/7/2025 10:30:07 PM,firesponse,357,357,TXTIC,0,,,,,Minimal,,,,Undetermined,,,,,3/4/2025 2:29:42 AM,Type 4 Incident,,0,100,0,0,,,SACC,3/4/2025 10:32:45 PM,3/4/2025 12:45:00 PM,3/4/2025 9:45:00 PM,F,Type 4 IC,Combs,4 Miles SE of Pampa Texas,WF,FI,35.505,-100.878,,,{1985CF51-4AA2-4A49-A67E-6CA3CB11198B},,0,,,0,,,0,1,250840,firesponse,100,100,Pampa,Gray,TXTIC,48179,SFS,TXTXS,,Private,Private,,,,,,,SA01,SFS,TXTXS,US-TX,,,Tall Grass (2.5 feet),Short Grass (1 foot),29,2025-TXTXS-250840,,No Decision,,,,3/4/2025 4:26:37 AM,3/9/2025 1:26:30 PM,IRWIN,0,,,{1985CF51-4AA2-4A49-A67E-6CA3CB11198B},8e6129ea-4c58-4f5c-9d18-eebae5bf8d25,0.000136985556991931,0.0829883225629107,Type 4 Incident
37302,3736,Pinnacle,Wildfire Daily Fire Perimeter,Phone/Tablet,0.1,No,Public,Approved,Yes,3/4/2025 12:51:09 PM,3/6/2025 12:00:10 AM,3/4/2025 3:48:19 PM,{FCED0D01-1BBD-4C8E-AFD8-E15545D9E342},,62.8767084085326,{8E39D5CB-1BEB-4EF9-8F00-16090A1C2C7C},2025 NIFS,38386403,,DEFAULT,,3/6/2025 10:30:00 PM,,wildcade,63,0.1,ALAIC,,,,,,,,,,Undetermined,,,SF96,,3/4/2025 7:26:00 AM,,,,,,,P8,0801,SACC,,,,,,Pinnacle,,WF,FI,33.328437,-85.990092,,,{FCED0D01-1BBD-4C8E-AFD8-E15545D9E342},,0,1,1,0,,1,,1,000133,wildcade,,,,Talladega,ALAIC,01121,USFS,ALALF,,USFS,Federal,,,,,,,SA38,USFS,ALALF,US-AL,,,,,,2025-ALALF-000133,,No Decision,,,,3/4/2025 12:50:34 PM,3/6/2025 10:30:26 PM,IRWIN,0,,,{FCED0D01-1BBD-4C8E-AFD8-E15545D9E342},7b7bb27d-68b3-4d24-9d92-a3d0b94a5709,2.46386709932267E-05,0.0252891091078906,
37285,3761,FD010031,Wildfire Daily Fire Perimeter,Auto-generated for InFORM,0.5,No,Public,Approved,Yes,3/4/2025 4:12:12 PM,3/4/2025 4:19:20 PM,3/4/2025 4:12:12 PM,{8417F0FF-2F2F-46AD-AE80-28117991F31B},,0.229071004436,{320B2BE5-B2C0-493A-BC1B-08F2853BCF50},2025 NIFS,33058848,,DEFAULT,,3/4/2025 4:35:00 PM,3/4/2025 4:45:00 PM,INFORM_Mobile,0.5,,NHNEC,,,,,,,,,,Human,Debris and open burning,Burn Barrel,,,3/4/2025 3:45:00 PM,,3/4/2025 5:10:00 PM,,,,,,,EACC,,,,,,FD010031,,WF,FI,,,,3/4/2025 3:47:00 PM,{8417F0FF-2F2F-46AD-AE80-28117991F31B},,0,,,0,,,,1,FD010031,INFORM_Mobile,,,,Barnstable,NHNEC,25001,,,,Private,Private,,,,,,,EA23,FFC,MAMAS,US-MA,,,,,,2025-MAMAS-FD010031,,No Decision,,,,3/4/2025 4:12:03 PM,3/4/2025 5:29:04 PM,IRWIN,0,,,{46CCA04D-1FB5-42B3-A739-61D8E9BD4A79},035c3c21-fbd6-4c2d-ac26-169d67a6ef31,1.00191755336709E-07,0.00189961063947607,
37293,3795,North Fork,Wildfire Daily Fire Perimeter,Mixed Methods,8.23133538356985,No,Public,Approved,Yes,3/4/2025 5:58:48 PM,3/4/2025 6:48:39 PM,3/4/2025 6:19:08 PM,{BCC8771D-7DC5-4EED-860D-3814C0FF8C9E},,8.23133840352796,{575421B5-A6E5-40B3-93DB-6BBAC549336D},2025 NIFS,38389211,,DEFAULT,,3/4/2025 6:18:19 PM,3/9/2025 1:24:19 PM,firesponse,8,8,TXTIC,,,,,,Minimal,,,,Human,Power generation/transmission/distribution,,,,3/4/2025 4:39:40 PM,Type 5 Incident,,,,,,,,SACC,,,,,,North Fork,,WF,FI,35.37497297,-100.52147343,,,{BCC8771D-7DC5-4EED-860D-3814C0FF8C9E},,0,,,0,,,0,1,250846,firesponse,100,,,Wheeler,TXTIC,48483,SFS,TXTXS,,Private,Private,,,,,,,SA01,SFS,TXTXS,US-TX,,,Short Grass (1 foot),,,2025-TXTXS-250846,,No Decision,,,,3/4/2025 4:42:52 PM,3/9/2025 1:24:53 PM,IRWIN,0,,,{BCC8771D-7DC5-4EED-860D-3814C0FF8C9E},c76baa4b-9cb2-4405-a93c-9ae47d5e1bf8,3.30463763020816E-06,0.00904221107118401,Type 5 Incident
37299,3860,Riddle,Wildfire Daily Fire Perimeter,Mixed Methods,10.3622998155881,No,Public,Approved,Yes,3/4/2025 9:10:01 PM,3/4/2025 9:15:46 PM,3/4/2025 8:32:13 PM,{A774CAA3-5BE9-4FF7-85B7-FA2C2F707332},,10.3622623224979,{D0F461CC-D3E3-42BF-AD93-6E71EA5A8F4F},2025 NIFS,38390421,,DEFAULT,,3/4/2025 11:35:12 PM,3/9/2025 1:38:23 PM,firesponse,10,10,TXTIC,,10,,,,,,,,Human,Power generation/transmission/distribution,,,,3/4/2025 6:34:50 PM,Type 5 Incident,3/9/2025 1:51:45 AM,,,,,,,SACC,,,,,,Riddle,,WF,FI,33.09888,-100.09309,,,{A774CAA3-5BE9-4FF7-85B7-FA2C2F707332},,0,,,0,,,0,1,250849,firesponse,100,,,Stonewall,TXTIC,48433,SFS,TXTXS,,Private,Private,,,,,,,SA05,SFS,TXTXS,US-TX,,,Tall Grass (2.5 feet),,,2025-TXTXS-250849,,No Decision,,,,3/4/2025 7:56:49 PM,3/9/2025 1:39:01 PM,IRWIN,0,,,{A774CAA3-5BE9-4FF7-85B7-FA2C2F707332},f9a3ba13-8882-467c-9e55-a0a8ecb7eeed,4.05072660214501E-06,0.00836966420341119,Type 5 Incident
37320,3906,Calaveras,Wildfire Daily Fire Perimeter,Mixed Methods,283.75945828891,No,Public,Approved,Yes,3/5/2025 12:58:25 AM,3/5/2025 9:28:09 PM,3/5/2025 3:22:36 PM,{CFA8F624-DD84-4242-AC95-82E59C5BBA3C},,283.759578783414,{A2E556A4-E4E5-4163-98D9-1A022568CEB7},2025 NIFS,38392008,,DEFAULT,,3/6/2025 2:38:49 PM,,firesponse,284,284,TXTIC,0,,,,,Minimal,,,,Human,Debris and open burning,,,,3/4/2025 7:06:22 PM,Type 5 Incident,,0,100,0,0,,,SACC,3/6/2025 8:36:45 PM,3/6/2025 2:00:00 PM,3/6/2025 8:30:00 PM,F,Type 5 IC,Calaveras,12 miles SSE of downtown San Antonio,WF,FI,29.28907002,-98.3920319,,,{CFA8F624-DD84-4242-AC95-82E59C5BBA3C},,0,,,0,,,0,1,250850,ics209,100,100,San Antonio,Bexar,TXTIC,48029,SFS,TXTXS,,Private,Private,,,,,,,SA14,SFS,TXTXS,US-TX,,,Tall Grass (2.5 feet),Short Grass (1 foot),1,2025-TXTXS-250850,,No Decision,,,,3/4/2025 8:42:02 PM,3/6/2025 8:36:45 PM,IRWIN,0,,,{CFA8F624-DD84-4242-AC95-82E59C5BBA3C},8fef6965-731d-48cd-a4cc-371429adcda6,0.000106618024574345,0.0459969904598761,Type 5 Incident
37386,3820,Cell Tower,Wildfire Daily Fire Perimeter,Auto-generated for InFORM,1,No,Public,Approved,Yes,3/4/2025 7:18:32 PM,3/8/2025 8:39:04 PM,3/5/2025 10:52:09 PM,{19BCC391-6841-492B-B887-EF1E53110C64},,9.69980879436451,{3EDF48BF-A51F-4ECA-A682-1F49D8BF8135},2025 NIFS,38391201,,DEFAULT,,3/5/2025 10:50:00 PM,,wildcade,1,3,MSMIC,,,,,,,,,,Human,,,,,3/4/2025 7:13:12 PM,,,,,,,PN,1532,SACC,,,,,,Cell Tower,,WF,FI,31.157133,-88.933783,,,{19BCC391-6841-492B-B887-EF1E53110C64},,0,1,,0,,,,1,000120,INFORM_Inspector,,,,Perry,MSMIC,28111,,,,Private,Private,,,,,,,SA22A,FC,MSMSS,US-MS,,,,,,2025-MSMSS-000120,,No Decision,,,,3/4/2025 7:18:23 PM,3/8/2025 8:31:16 PM,IRWIN,0,,,{19BCC391-6841-492B-B887-EF1E53110C64},ad02ddba-e5e4-484b-a55a-4143221d9956,3.71323653780564E-06,0.00890492515827613,
37326,3926,Red Rose,Wildfire Daily Fire Perimeter,Mixed Methods,541.917496546539,No,Public,Approved,Yes,3/5/2025 2:53:52 AM,3/7/2025 8:54:00 PM,3/5/2025 5:18:53 PM,{F1F379BC-65FE-4469-B9E6-0E3DDC04C71D},,541.917720092224,{B9043A54-38C8-42B8-B328-F8762C642C3E},2025 NIFS,38392005,,DEFAULT,,3/7/2025 4:16:01 PM,3/9/2025 9:19:42 PM,firesponse,572,572,TXTIC,0,,,,,Minimal,,Creeping,,Undetermined,Undetermined (remarks required),,,,3/4/2025 7:45:06 PM,Type 4 Incident,,0,100,0,0,,,SACC,3/7/2025 10:23:18 PM,3/7/2025 2:00:00 PM,3/7/2025 5:00:00 PM,F,Type 4 IC,Red Rose,"2 miles South of San Diego, TX.",WF,FI,27.74361,-98.2348,,,{F1F379BC-65FE-4469-B9E6-0E3DDC04C71D},,0,,,0,,,0,1,250851,firesponse,100,100,San Diego,Duval,TXTIC,48131,SFS,TXTXS,,Private,Private,,,,,,,SA14,SFS,TXTXS,US-TX,,,Tall Grass (2.5 feet),Short Grass (1 foot),2,2025-TXTXS-250851,,No Decision,,,,3/4/2025 8:25:56 PM,3/9/2025 9:20:58 PM,IRWIN,0,,,{F1F379BC-65FE-4469-B9E6-0E3DDC04C71D},288235e9-fe22-44c6-ab0d-7890be4a6b5f,0.000200724363367044,0.092821700186727,Type 4 Incident
37304,3931,Klett,Wildfire Daily Fire Perimeter,Mixed Methods,101.018842168895,No,Public,Approved,Yes,3/5/2025 3:45:39 AM,3/5/2025 3:46:24 AM,3/5/2025 3:10:28 AM,{70B1FD6F-7054-47EC-BF43-FC172AF973C3},,101.018884226198,{85A57276-0221-4E1D-8BCA-0CCCC6FFC02E},2025 NIFS,38392017,,DEFAULT,,3/6/2025 5:43:36 PM,3/9/2025 6:30:51 PM,firesponse,101,101,TXTIC,,,,,,,,,,Human,Debris and open burning,,,,3/4/2025 8:24:08 PM,Type 5 Incident,,,,,,,,SACC,,,,,,Klett,,WF,FI,30.27806045,-98.4550728,,,{70B1FD6F-7054-47EC-BF43-FC172AF973C3},,0,,,0,,,0,1,250855,firesponse,100,,,Blanco,TXTIC,48031,SFS,TXTXS,,Private,Private,,,,,,,SA11,SFS,TXTXS,US-TX,,,Tall Grass (2.5 feet),,,2025-TXTXS-250855,,No Decision,,,,3/4/2025 9:41:01 PM,3/9/2025 6:31:57 PM,IRWIN,0,,,{70B1FD6F-7054-47EC-BF43-FC172AF973C3},40370bc3-ca50-47a8-a26f-5a895d643b29,3.83260353373771E-05,0.0820062118467376,Type 5 Incident
37316,3995,Duke,Wildfire Daily Fire Perimeter,Mixed Methods,250.759323996848,No,Public,Approved,Yes,3/5/2025 5:13:26 PM,3/5/2025 8:38:29 PM,3/5/2025 7:06:26 PM,{BA28E534-C96A-4C03-A2F8-9F504DB72949},,250.759436396062,{44F609AA-CD69-427B-B0F6-FE64DDDBF2C1},2025 NIFS,38393204,,DEFAULT,,3/5/2025 11:25:29 PM,3/9/2025 9:19:02 PM,firesponse,244,244,TXTIC,0,,,,,Minimal,,Smoldering,,Human,Power generation/transmission/distribution,,SGF8,,3/4/2025 8:36:16 PM,Type 5 Incident,,0,100,0,0,PN,1522,SACC,3/6/2025 8:28:09 PM,3/5/2025 10:38:00 PM,3/6/2025 8:15:00 PM,F,Type 5 IC,Duke,17 miles from downtown San Antonio,WF,FI,29.16263746,-98.52562623,,,{BA28E534-C96A-4C03-A2F8-9F504DB72949},,0,1,,0,1,,0,1,250856,firesponse,100,100,San Antonio,Bexar,TXTIC,48029,SFS,TXTXS,,Private,Private,,,,,,,SA14,SFS,TXTXS,US-TX,,,Tall Grass (2.5 feet),Brush (2 feet),20,2025-TXTXS-250856,,No Decision,,,,3/4/2025 10:26:30 PM,3/9/2025 9:20:19 PM,IRWIN,0,,,{BA28E534-C96A-4C03-A2F8-9F504DB72949},e7c70fbf-00ee-45a0-be47-04f46d2b0604,9.41101332045946E-05,0.119164628028232,Type 5 Incident
37373,3886,Brush Line,Wildfire Daily Fire Perimeter,Mixed Methods,58.2391275672919,No,Public,Approved,Yes,3/4/2025 11:02:40 PM,3/7/2025 8:56:17 PM,3/6/2025 3:17:48 PM,{874A8CB0-E68F-4A9D-88F1-B581001EA6BB},,58.2391696261096,{F546729A-3ED3-4D8A-9149-47FAEF035BCA},2025 NIFS,38392418,,DEFAULT,,3/5/2025 3:16:14 PM,3/6/2025 3:12:47 PM,firesponse,58,58,TXTIC,,,,,,,,,,Undetermined,,,SGD8,,3/4/2025 9:07:29 PM,Type 5 Incident,,,,,,,,SACC,,,,,,Brush Line,,WF,FI,26.30168243,-98.16362702,,,{874A8CB0-E68F-4A9D-88F1-B581001EA6BB},,0,,,0,,,0,1,250858,firesponse,100,,,Hidalgo,TXTIC,48215,SFS,TXTXS,,Private,Private,,,,,,,SA16,SFS,TXTXS,US-TX,,,,,,2025-TXTXS-250858,,No Decision,,,,3/4/2025 9:47:19 PM,3/6/2025 3:17:38 PM,IRWIN,0,,,{874A8CB0-E68F-4A9D-88F1-B581001EA6BB},0c7575c1-df2c-4bd3-a1e5-57fa7b97836f,2.13404009627993E-05,0.0236336950595587,
37321,3878,Iron Mountain,Wildfire Daily Fire Perimeter,Phone/Tablet,167,No,Public,Approved,Yes,3/4/2025 10:24:24 PM,3/5/2025 9:29:54 PM,3/5/2025 6:06:46 PM,{2307F189-A1EA-4627-86D0-C79320B8B6C6},,167.335728780334,{72DD1973-E376-48FD-963A-8BF42ADB2210},2025 NIFS,38393600,,DEFAULT,,3/7/2025 6:27:00 PM,3/8/2025 3:40:00 PM,wildcade,167,0.01,ALAIC,20000,,,,,Minimal,,Smoldering,Smoldering,Undetermined,,,SGD6,,3/4/2025 9:12:40 PM,,,0,100,0,0,PR,1532,SACC,3/9/2025 8:25:38 PM,3/8/2025 11:00:00 PM,3/9/2025 8:15:00 PM,F,Type 4 IC,Iron Mountain,Mountain Longleave National Wildlife Refuge,WF,FI,33.6715,-85.772967,,,{2307F189-A1EA-4627-86D0-C79320B8B6C6},,0,1,1,0,1,1,0,1,000137,ics209,100,100,,Calhoun,ALAIC,01015,FWS,ALMLR,,USFWS,Federal,,,,,,,SA38,FWS,ALMLR,US-AL,,,Timber (Grass and Understory),Brush (2 feet),21,2025-ALMLR-000137,,No Decision,,,,3/4/2025 10:23:56 PM,3/9/2025 8:25:38 PM,IRWIN,0,,,{2307F189-A1EA-4627-86D0-C79320B8B6C6},ea282af5-dfae-478e-838a-c6b644d0ce08,6.58365504477842E-05,0.0413642507176241,Type 4 Incident
37377,4185,FREEWAY,Wildfire Daily Fire Perimeter,Auto-generated for InFORM,0.1,No,Public,Approved,Yes,3/8/2025 12:37:31 AM,3/8/2025 2:10:35 AM,3/8/2025 12:37:31 AM,{E042858B-7EE7-4A1A-93E7-025D2DEE9948},,0.0322250349859182,{81DDE536-EC2A-486A-98D2-76B30F700B44},2025 NIFS,38395559,,DEFAULT,,,,wildcade,0.1,0.1,CASBCC,,,,,,,,,,Undetermined,,,SGQ9,,3/4/2025 9:14:00 PM,,,,,,,,,OSCC,,,,,,FREEWAY,,WF,FI,33.682407,-116.011496,,,{E042858B-7EE7-4A1A-93E7-025D2DEE9948},,0,0,1,0,0,0,,1,004479,INFORM_Inspector,,,,Riverside,CARRCC,06065,BLM,CACDD,,BLM,Federal,,,,,,,SC14,BLM,CACDD,US-CA,,,,,,2025-CACDD-004479,,No Decision,,,,3/8/2025 12:37:19 AM,3/8/2025 2:16:32 AM,IRWIN,0,,,{75BF1402-2D41-4317-847A-2AF227A13F69},910c868d-2d2e-45bf-a9b8-bcbe82b2eeee,1.2248165148776E-08,0.000543524285554929,
37325,4102,Twin Oryx,Wildfire Daily Fire Perimeter,Mixed Methods,2156.05309769831,No,Public,Approved,Yes,3/6/2025 10:19:51 PM,3/7/2025 8:16:07 PM,3/5/2025 7:48:07 PM,{EFB9848C-F7D0-4193-A45F-B501F15B9231},,2156.05402752967,{D047BCAE-0589-459D-A4BC-5AAFD9FBB30F},2025 NIFS,38393616,,DEFAULT,,3/7/2025 1:25:15 AM,3/8/2025 11:16:54 PM,firesponse,2156,2156,TXTIC,0,,,,,Minimal,,Smoldering,,Undetermined,Undetermined (remarks required),,,,3/4/2025 9:26:00 PM,Type 5 Incident,,0,100,0,0,,,SACC,3/7/2025 10:30:38 PM,3/7/2025 2:00:00 PM,3/7/2025 10:20:00 PM,F,Type 5 IC,Twin Oryx,25 Miles SE of Cotulla,WF,FI,28.20329184,-98.86706767,,,{EFB9848C-F7D0-4193-A45F-B501F15B9231},,0,,,0,,,0,1,250860,firesponse,100,100,Cotulla,La Salle,TXTIC,48283,SFS,TXTXS,,Private,Private,,,,,,,SA14,SFS,TXTXS,US-TX,,,Short Grass (1 foot),,1,2025-TXTXS-250860,,No Decision,,,,3/5/2025 12:02:52 AM,3/8/2025 11:19:22 PM,IRWIN,0,,,{EFB9848C-F7D0-4193-A45F-B501F15B9231},4163f30a-766a-47eb-886f-7657431fcb7d,0.000801219158802269,0.141814049468048,Type 5 Incident
37329,3912,Double Fork,Wildfire Daily Fire Perimeter,Mixed Methods,216.382959720803,No,Public,Approved,Yes,3/5/2025 1:33:12 AM,3/5/2025 11:55:55 PM,3/5/2025 8:34:37 PM,{E5740342-0A4F-43F6-9E71-29932445C0A1},,216.383043014741,{3716073F-57D1-421F-A86A-FD31D761B8CC},2025 NIFS,38393209,,DEFAULT,,3/5/2025 8:33:51 PM,,firesponse,216,216,TXTIC,,,,,,,,,,Human,Power generation/transmission/distribution,,,,3/4/2025 9:48:10 PM,Type 5 Incident,,,,,,,,SACC,,,,,,Double Fork,,WF,FI,33.06266351,-100.11083186,,,{E5740342-0A4F-43F6-9E71-29932445C0A1},,0,,,0,,,0,1,250861,firesponse,100,,,Stonewall,TXTIC,48433,SFS,TXTXS,,Private,Private,,,,,,,SA05,SFS,TXTXS,US-TX,,,,,,2025-TXTXS-250861,,No Decision,,,,3/4/2025 11:18:55 PM,3/5/2025 8:34:47 PM,IRWIN,0,,,{E5740342-0A4F-43F6-9E71-29932445C0A1},93f5ee9f-3871-4c38-9ce5-4721f9629c43,8.45457643663394E-05,0.0634879783569603,
37314,3887,Welder,Wildfire Daily Fire Perimeter,Mixed Methods,69.6454316715993,No,Public,Approved,Yes,3/4/2025 11:13:04 PM,3/7/2025 11:48:12 PM,3/5/2025 6:43:48 PM,{A80E7552-4560-4D75-ACD1-48D724BCFFA0},,69.7372734340178,{2935213C-F9DE-4F7C-8FB0-A1A6AB5EBAB2},2025 NIFS,38393205,,DEFAULT,,3/8/2025 8:54:24 PM,3/9/2025 9:53:21 PM,firesponse,70,70,TXTIC,0,,,,,,,,,Human,Power generation/transmission/distribution,,SGF7,,3/4/2025 10:01:08 PM,Type 5 Incident,,,,,,PN,1522,SACC,3/8/2025 10:24:20 PM,,,,,Welder,,WF,FI,28.04601766,-97.48805021,,,{A80E7552-4560-4D75-ACD1-48D724BCFFA0},,0,1,,0,1,,0,1,250864,firesponse,100,,,San Patricio,TXTIC,48409,SFS,TXTXS,,Private,Private,,,,,,,SA15,SFS,TXTXS,US-TX,,,Tall Grass (2.5 feet),,,2025-TXTXS-250864,,No Decision,,,,3/4/2025 10:28:40 PM,3/9/2025 10:38:31 PM,IRWIN,1,Welder Complex,{9B08F4E3-84D4-43E9-A410-F59989D65FBB},{A80E7552-4560-4D75-ACD1-48D724BCFFA0},ed57bc9d-7117-49df-9391-ab9c9ef77948,2.59007290424051E-05,0.0469524987030189,Type 5 Incident
37303,4029,Onion Creek,Wildfire Daily Fire Perimeter,Mixed Methods,190.312451581474,No,Public,Approved,Yes,3/5/2025 10:23:46 PM,3/5/2025 11:44:34 PM,3/5/2025 2:31:51 AM,{8B1472FB-86B2-4AFF-AC72-140D208754D3},,190.311771271232,{78843973-CB39-41C8-BD7D-B1A553B92F9F},2025 NIFS,38395201,,DEFAULT,,3/7/2025 1:23:22 AM,,firesponse,190,190,TXTIC,,,,,,,,,,Undetermined,Undetermined (remarks required),,,,3/4/2025 10:12:27 PM,Type 5 Incident,,,,,,,,SACC,,,,,,Onion Creek,,WF,FI,30.09560082,-97.8331798,,,{8B1472FB-86B2-4AFF-AC72-140D208754D3},,0,,,0,,,0,1,250865,firesponse,100,,,Hays,TXTIC,48209,SFS,TXTXS,,Private,Private,,,,,,,SA11,SFS,TXTXS,US-TX,,,Timber (Litter and Understory),,,2025-TXTXS-250865,,No Decision,,,,3/5/2025 12:26:53 AM,3/8/2025 6:50:46 PM,IRWIN,0,,,{8B1472FB-86B2-4AFF-AC72-140D208754D3},8c8dea3d-5080-4c05-bdc1-744f01cbd8d6,7.20476839433104E-05,0.044994137695792,Type 5 Incident
37382,3969,Powerline,Wildfire Daily Fire Perimeter,Auto-generated for InFORM,1,No,Public,Approved,Yes,3/5/2025 2:59:59 PM,3/8/2025 7:37:40 PM,3/6/2025 10:19:09 PM,{4E05636A-760E-47B2-8A0B-BC1F9B0D7869},,0.972951770068462,{21FD3EA4-A09E-42B8-B930-44EB3DAD368A},2025 NIFS,38395277,,DEFAULT,,3/4/2025 11:59:00 PM,,wildcade,1,1,MSMIC,,,,,,,,,,Human,,,SGF3,,3/4/2025 10:29:05 PM,,,,,,,P8,0892,SACC,,,,,,Powerline,,WF,FI,30.984,-89.053,,,{4E05636A-760E-47B2-8A0B-BC1F9B0D7869},,0,1,,0,,,,1,000122,wildcade,,,,Perry,MSMIC,28111,USFS,MSMNF,,USFS,Federal,,,,,,,SA22A,USFS,MSMNF,US-MS,,,,,,2025-MSMNF-000122,,No Decision,,,,3/5/2025 2:57:51 PM,3/6/2025 10:18:54 PM,IRWIN,0,,,{3BB126DE-FCBB-402D-B69E-B57576199D04},27f39941-4306-40a0-90f8-ee8b8be395d8,3.71798932974343E-07,0.00222172019635334,
37380,3970,Sweet Gum,Wildfire Daily Fire Perimeter,Auto-generated for InFORM,105,No,Public,Approved,Yes,3/5/2025 3:06:44 PM,3/8/2025 4:57:16 PM,3/5/2025 10:56:29 PM,{F976BC7E-18CB-4555-9D95-4747ACF34852},,110.232367819731,{56931995-D7D3-4E3D-9B33-7D7E994ED722},2025 NIFS,38395279,,DEFAULT,,3/5/2025 10:50:00 PM,,wildcade,105,1,MSMIC,,,,,,,,,,Human,,,SGF4,,3/4/2025 10:44:44 PM,,,,,,,P8,0892,SACC,,,,,,Sweet Gum,,WF,FI,30.96465,-88.910767,,,{F976BC7E-18CB-4555-9D95-4747ACF34852},,0,1,,0,,,,1,000123,wildcade,,,,Perry,MSMIC,28111,,,,DOD,Federal,,,,,,,SA22A,USFS,MSMNF,US-MS,,,,,,2025-MSMNF-000123,,No Decision,,,,3/5/2025 3:05:18 PM,3/5/2025 10:56:16 PM,IRWIN,0,,,{85AF4EBA-0BA9-44C2-B924-9A71DA8948AF},b0bf64ef-65ea-4400-81b2-d8aaedb7586f,4.02713330913684E-05,0.0268145889664421,
37310,3915,Anderson 0869,Wildfire Daily Fire Perimeter,Mixed Methods,2.16029482174504,No,Public,Approved,Yes,3/5/2025 1:50:38 AM,3/5/2025 2:48:51 PM,3/5/2025 1:50:12 AM,{90775640-7C4B-4ED5-9DAA-D1FDE9820E9B},,2.16029572948099,{666FC172-C88E-45DC-8C76-689669AB9DD5},2025 NIFS,38395202,,DEFAULT,,3/5/2025 2:23:00 AM,,firesponse,2,2,TXTIC,,,,,,Minimal,,,,Human,Power generation/transmission/distribution,Electrical transmission/distribution systems,,,3/4/2025 11:18:00 PM,Type 5 Incident,,,,,,,,SACC,,,,,,Anderson 0869,,WF,FI,31.86295159,-95.900607,,,{90775640-7C4B-4ED5-9DAA-D1FDE9820E9B},,0,,,0,,,0,1,250869,firesponse,100,,,Anderson,TXTIC,48001,,,,Private,Private,,,,,,,SA12,SFS,TXTXS,US-TX,,,Timber (Litter and Understory),,,2025-TXTXS-250869,,No Decision,,,,3/5/2025 1:03:43 AM,3/5/2025 2:18:04 PM,IRWIN,0,,,{90775640-7C4B-4ED5-9DAA-D1FDE9820E9B},47c2590e-61ab-4435-ade6-7599e1e34e68,8.33124886412406E-07,0.00637134466700902,
37323,3908,Wade,Wildfire Daily Fire Perimeter,Auto-generated for InFORM,10,No,Public,Approved,Yes,3/5/2025 1:13:57 AM,3/5/2025 9:33:09 PM,3/5/2025 3:33:27 PM,{22676057-6034-4106-8A60-3B732D64EBD8},,3.34637721113004,{A4A606FC-FE0D-4A82-A5C5-E0F6D6CBF077},2025 NIFS,38395203,,DEFAULT,,3/5/2025 3:27:00 PM,,wildcade,3.4,10,ALAIC,,,,,,,,,,Undetermined,,,SGE4,,3/5/2025 12:34:59 AM,,,,,,,P8,,SACC,,,,,,Wade,,WF,FI,33.487785,-85.828785,,,{22676057-6034-4106-8A60-3B732D64EBD8},,0,1,1,0,1,1,,1,000141,wildcade,,,,Cleburne,ALAIC,01029,USFS,ALALF,,USFS,Federal,,,,,,,SA38,USFS,ALALF,US-AL,,,,,,2025-ALALF-000141,,No Decision,,,,3/5/2025 1:13:30 AM,3/6/2025 6:00:42 PM,IRWIN,0,,,{22676057-6034-4106-8A60-3B732D64EBD8},f281356b-0197-4a99-a3b2-1c86ab62bfb8,1.3431470051728E-06,0.00777499586827804,
37312,3938,Cherokee 0874,Wildfire Daily Fire Perimeter,Mixed Methods,12.1428532682188,No,Public,Approved,Yes,3/5/2025 4:23:31 AM,3/5/2025 2:49:18 PM,3/5/2025 2:08:52 AM,{236C73A2-1B13-40F9-992D-99561D3EC749},,12.1428584086216,{B84446DE-93C8-4D67-BFA2-5A2351E553A0},2025 NIFS,38394410,,DEFAULT,,3/5/2025 4:15:00 PM,3/7/2025 10:00:00 PM,firesponse,10,10,TXTIC,,,,,,Minimal,,,,Human,Power generation/transmission/distribution,Electrical transmission/distribution systems,,,3/5/2025 12:35:00 AM,Type 5 Incident,,,,,,,,SACC,,,,,,Cherokee 0874,,WF,FI,31.80845359,-95.27222324,,,{236C73A2-1B13-40F9-992D-99561D3EC749},,0,,,0,,,0,1,250874,firesponse,100,,,Cherokee,TXTIC,48073,SFS,TXTXS,,Private,Private,,,,,,,SA12,SFS,TXTXS,US-TX,,,Timber (Litter and Understory),,,2025-TXTXS-250874,,No Decision,,,,3/5/2025 1:42:40 AM,3/7/2025 10:00:15 PM,IRWIN,0,,,{236C73A2-1B13-40F9-992D-99561D3EC749},0674abd3-5d06-4d0a-910e-543d659276b1,4.68039729639713E-06,0.0113245911835986,Type 5 Incident
37379,3967,Big Line,Wildfire Daily Fire Perimeter,Auto-generated for InFORM,219.5,No,Public,Approved,Yes,3/5/2025 2:55:49 PM,3/8/2025 4:38:02 PM,3/5/2025 10:52:40 PM,{C8E2D7D4-52C0-4ADE-A84E-ED05070B27C2},,221.233555326916,{401E5B4C-9842-4E84-9190-1D9A97252775},2025 NIFS,38395275,,DEFAULT,,3/5/2025 10:50:00 PM,,wildcade,219.5,76,MSMIC,,,,,,,,,,Human,,,SGF5,,3/5/2025 12:44:00 AM,,,,,,,P8,0892,SACC,,,,,,Big Line,,WF,FI,30.675817,-88.858983,,,{C8E2D7D4-52C0-4ADE-A84E-ED05070B27C2},,0,1,,0,,,,1,000125,wildcade,,,,Jackson,MSMIC,28059,USFS,MSMNF,,USFS,Federal,,,,,,,SA21B,USFS,MSMNF,US-MS,,,,,,2025-MSMNF-000125,,No Decision,,,,3/5/2025 2:54:39 PM,3/5/2025 10:52:06 PM,IRWIN,0,,,{4F042173-969D-4A90-8AF9-3201DB02A439},1bd91340-f4b1-4d2d-94fa-a129a0bb1fd5,8.42729411942855E-05,0.040418612753626,
37319,3927,Railway,Wildfire Daily Fire Perimeter,Mixed Methods,770.621403419559,No,Public,Approved,Yes,3/5/2025 3:04:55 AM,3/7/2025 8:59:24 PM,3/5/2025 6:22:55 PM,{5B23899E-905A-41CD-8D0F-BEC7BC35AA95},,770.621742587921,{8E1279D7-297C-43B2-A65C-C9430AF24582},2025 NIFS,38395226,,DEFAULT,,3/8/2025 9:01:11 PM,3/9/2025 9:52:49 PM,firesponse,770,770,TXTIC,0,,,,,,,,,Human,Other causes,,,,3/5/2025 2:11:00 AM,Type 5 Incident,,,,,,,,SACC,3/8/2025 10:24:18 PM,,,,,Railway,,WF,FI,28.05488,-97.48632,,,{5B23899E-905A-41CD-8D0F-BEC7BC35AA95},,0,,,0,,,0,1,250876,firesponse,100,,,San Patricio,TXTIC,48409,SFS,TXTXS,,Private,Private,,,,,,,SA15,SFS,TXTXS,US-TX,,,Timber (Litter and Understory),,,2025-TXTXS-250876,,No Decision,,,,3/5/2025 2:14:36 AM,3/9/2025 10:37:57 PM,IRWIN,1,Welder Complex,{9B08F4E3-84D4-43E9-A410-F59989D65FBB},{40F7E827-3DBB-43B9-B114-728F6126DD69},bbfb9aef-fa01-4a29-a7e8-a297492aae50,0.000286260310986108,0.240658409805543,Type 5 Incident
37330,3999,Sevier - East Parkway,Wildfire Daily Fire Perimeter,Auto-generated for InFORM,699.596033326852,No,Public,Approved,Yes,3/5/2025 5:34:03 PM,3/7/2025 9:57:45 PM,3/5/2025 5:33:56 PM,{2EC0619D-B29F-4BA5-8CC0-7E164FC27870},,922.28099092563,{B30B6215-E368-4E55-9B3C-85AEF827D0A6},2025 NIFS,38395304,,DEFAULT,922.2224,,,firesponse,1087,400,TNTNSC,1000,,,,,Minimal,,,,Human,Power generation/transmission/distribution,,SGG5,,3/5/2025 2:43:35 AM,Type 4 Incident,,0,100,0,0,,,SACC,3/10/2025 3:01:27 PM,3/9/2025 9:00:00 PM,3/10/2025 12:30:00 PM,U,Type 4 IC,Sevier - East Parkway,Hwy 321 and Volunteer Way,WF,FI,35.75923333,-83.36615,,,{2EC0619D-B29F-4BA5-8CC0-7E164FC27870},,0,1,1,0,,,0,1,250305,wfdss,0,100,Pittman Center,Sevier,TNTNSC,47155,DVF,TNTNS,,Private,Private,,,,,,,SA25B,DVF,TNTNS,US-TN,,,Timber (Grass and Understory),,9,2025-TNTNS-250305,,Approved Decision,250000,Type 4 IC,3/10/2025 6:32:06 PM,3/5/2025 5:33:02 PM,3/10/2025 6:32:10 PM,IRWIN,0,,,{43C91FDF-BF16-470B-B1DD-74790D28B9AA},906451bd-cfe3-48e5-a4e5-7974858e006a,0.000372029070604185,0.133720482983281,Type 4 Incident
37307,3963,Anderson 0884,Wildfire Daily Fire Perimeter,Mixed Methods,0.256306754307232,No,Public,Approved,Yes,3/5/2025 2:11:36 PM,3/5/2025 2:48:51 PM,,{B1D4A76D-0E1C-451C-B2DE-C950FF43A27C},,0.256306862128366,{16D64F45-43A9-42CC-892F-42B252D3B376},2025 NIFS,38395270,,DEFAULT,,3/5/2025 2:11:00 PM,3/10/2025 12:30:00 PM,firesponse,0.5,0.5,TXTIC,,,,,,Minimal,,,,Undetermined,Undetermined (remarks required),,,,3/5/2025 11:35:00 AM,Type 5 Incident,,,,,,,,SACC,,,,,,Anderson 0884,,WF,FI,31.6621159,-95.68972625,,,{B1D4A76D-0E1C-451C-B2DE-C950FF43A27C},,0,,,0,,,0,1,250884,firesponse,100,,,Anderson,TXTIC,48001,SFS,TXTXS,,Private,Private,,,,,,,SA12,SFS,TXTXS,US-TX,,,Hardwood Litter,,,2025-TXTXS-250884,,No Decision,,,,3/5/2025 1:52:15 PM,3/10/2025 12:53:02 PM,IRWIN,0,,,{442EE75D-DE23-424C-9AEC-AE15D598BBB0},2c10e572-e383-475f-8eae-5dc7475a9153,9.86378836387303E-08,0.00143656084356222,Type 5 Incident
37355,4132,Devil's Jump,Wildfire Daily Fire Perimeter,Mixed Methods,27.6509108760428,No,Public,Approved,Yes,3/7/2025 1:53:06 PM,3/7/2025 7:35:08 PM,,{3C562601-A00B-4CB4-B778-03B270511AF4},,27.6508121708918,{7AB60B8B-4CE8-4E9C-9397-B075CA06A2C9},2025 NIFS,38395291,,DEFAULT,,,,wildcade,28,40,KYKIC,30000,,,,,Minimal,,Flanking,Torching,Undetermined,,,SGG1,,3/5/2025 3:53:03 PM,,,0,100,0,0,PP,1532,SACC,3/7/2025 8:51:18 PM,3/7/2025 11:00:00 AM,3/7/2025 8:30:00 PM,U,Type 4 IC,BSP - Devils Jumps,"drainages of Three West Hollow & Big South Fork CMBLND River, Dick Gap Overlook",WF,FI,36.654012,-84.574814,,,{3C562601-A00B-4CB4-B778-03B270511AF4},,0,1,1,0,1,,0,1,250040,wildcade,20,100,Stearns,McCreary,KYKIC,21147,NPS,TNBSP,,NPS,Federal,,,,,,,SA27,NPS,TNBSP,US-KY,,,Hardwood Litter,Brush (2 feet),20,2025-TNBSP-250040,,No Decision,,,,3/5/2025 4:23:19 PM,3/9/2025 2:56:40 PM,IRWIN,0,,,{540870D2-E8CE-4EE8-8F21-05D107C2CBFB},fa7aa47c-422d-4846-bb7f-f47e0d7a6221,1.12788727619773E-05,0.0193387558809123,Type 4 Incident
37322,4017,Nueces 0890,Wildfire Daily Fire Perimeter,Mixed Methods,60.6986226735538,No,Public,Approved,Yes,3/5/2025 9:03:17 PM,3/5/2025 9:31:59 PM,3/5/2025 9:24:35 PM,{65D300A2-BF0F-47E6-AD1C-ED1AD3EEB16A},,60.698652234226,{05DA7CA9-6CBB-49C3-AA8D-89A095A51043},2025 NIFS,38395321,,DEFAULT,,3/6/2025 12:01:02 AM,3/7/2025 10:02:40 PM,firesponse,60,60,TXTIC,,,,,,,,,,Human,Equipment and vehicle use,,,,3/5/2025 7:13:03 PM,Type 5 Incident,,,,,,,,SACC,,,,,,Nueces 0890,,WF,FI,27.64810378,-97.3718169,,,{65D300A2-BF0F-47E6-AD1C-ED1AD3EEB16A},,0,,,0,,,0,1,250890,firesponse,100,,,Nueces,TXTIC,48355,SFS,TXTXS,,Private,Private,,,,,,,SA15,SFS,TXTXS,US-TX,,,,,,2025-TXTXS-250890,,No Decision,,,,3/5/2025 8:38:23 PM,3/7/2025 10:03:45 PM,IRWIN,0,,,{BB5E072D-7B68-47D0-BBE4-61A91126C962},cace7ae5-64a0-434d-aa1c-00c5086b0bd1,2.24623918256839E-05,0.0213423162778686,Type 5 Incident
37324,4037,Longhorn,Wildfire Daily Fire Perimeter,Mixed Methods,4.0028540176488,No,Public,Approved,Yes,3/5/2025 11:14:26 PM,3/5/2025 11:51:12 PM,3/5/2025 9:18:34 PM,{F36B98FF-76F6-4BBD-8D77-C4C1C06713DB},,4.00285569436974,{30494057-D573-4615-8ABF-FBE395EF295B},2025 NIFS,38395319,,DEFAULT,,3/6/2025 8:40:49 PM,,firesponse,4,4,TXTIC,,,,,,,,,,Undetermined,,,,,3/5/2025 7:24:12 PM,Type 5 Incident,,,,,,,,SACC,,,,,,Longhorn,,WF,FI,30.08822689,-98.21550123,,,{F36B98FF-76F6-4BBD-8D77-C4C1C06713DB},,0,,,0,,,0,1,250891,firesponse,100,,,Hays,TXTIC,48209,SFS,TXTXS,,Private,Private,,,,,,,SA11,SFS,TXTXS,US-TX,,,,,,2025-TXTXS-250891,,No Decision,,,,3/5/2025 8:20:06 PM,3/6/2025 8:41:30 PM,IRWIN,0,,,{686C8238-AC59-4BB4-9D90-9397647A3D9C},d6625358-b8fe-4195-b9d8-ec4e57ae6c77,1.51583503793518E-06,0.00751160558212838,Type 5 Incident
37372,4058,Garza,Wildfire Daily Fire Perimeter,Mixed Methods,38.2308581022363,No,Public,Approved,Yes,3/6/2025 3:54:34 AM,3/7/2025 8:52:31 PM,3/7/2025 6:02:59 PM,{79215ED5-EB4A-42BB-9AD4-8905BE21EBFB},,38.2308754562609,{4A0D2C76-0A1A-4E2D-AC87-D74363F146E3},2025 NIFS,38395327,,DEFAULT,,3/6/2025 3:56:39 PM,3/6/2025 11:25:15 PM,firesponse,38.2,38.2,TXTIC,,,,,,,,,,Human,Debris and open burning,,SGJ5,,3/5/2025 8:03:49 PM,Type 5 Incident,,,,,,,,SACC,,,,,,Garza,,WF,FI,26.23680279,-98.48536495,,,{79215ED5-EB4A-42BB-9AD4-8905BE21EBFB},,0,,,0,,,0,1,250893,firesponse,100,,,Hidalgo,TXTIC,48215,SFS,TXTXS,,Private,Private,,,,,,,SA16,SFS,TXTXS,US-TX,,,Timber (Litter and Understory),,,2025-TXTXS-250893,,No Decision,,,,3/5/2025 9:28:11 PM,3/7/2025 6:02:49 PM,IRWIN,0,,,{EFE1ACF4-1492-4BA6-A713-A9DBCDA34F3E},90da8929-c0ae-42fc-953d-265b4aaa0ba4,1.39767180371564E-05,0.0199554214713948,
37374,4069,Eckler Mountain,Wildfire Daily Fire Perimeter,Auto-generated for InFORM,8.9,No,Public,Approved,Yes,3/6/2025 3:53:21 PM,3/7/2025 11:28:32 PM,3/6/2025 6:35:27 PM,{C847C8CE-832F-445D-A796-AA179132834F},,8.21775631184017,{A778A880-78CC-47CF-AC3A-8A7B32271E99},2025 NIFS,38395382,,DEFAULT,,3/6/2025 3:20:00 AM,3/6/2025 6:35:00 PM,wildcade,8.9,8.9,ORBMC,,,,,,,,,,Human,,,SGK9,,3/5/2025 11:37:52 PM,,,,,,,PN,1522,NWCC,,,,,,Eckler Mountain,,WF,FI,46.285793,-117.7965,,,{C847C8CE-832F-445D-A796-AA179132834F},,0,1,,0,,,,1,020026,wildcade,,,,Columbia,ORBMC,53013,,,,Private,Private,,,,,,,NW10,DNR,WASES,US-WA,,,,,,2025-WASES-020026,,No Decision,,,,3/6/2025 3:52:53 PM,3/10/2025 1:57:29 PM,IRWIN,0,,,{76AC01DB-7C22-4543-AB78-9FCC91764D05},18b5b528-ce2a-4746-b16a-81fdb145ace0,3.88193348044297E-06,0.0163950280225974,
37357,4127,Rock,Wildfire Daily Fire Perimeter,GPS-Walked,7.21113635955772,No,Public,Approved,Yes,3/7/2025 3:50:51 AM,3/7/2025 3:32:53 PM,3/7/2025 4:57:51 AM,{1F95E622-73BA-4F9B-9B33-6FA5959A1AA7},,7.21110971437925,{590F0915-F0A5-4AA2-92ED-02E1AB9C7B7E},2025 NIFS,38395464,,DEFAULT,,,,wildcade,7.2,0.1,AZPHC,,,,,,,,,,Human,,,SGM7,,3/7/2025 2:14:00 AM,,,,,,,P3,0312,SWCC,,,,,,Rock,,WF,FI,33.6685,-111.474,,,{1F95E622-73BA-4F9B-9B33-6FA5959A1AA7},,0,1,,0,,,,1,000287,wildcade,,,,Maricopa,AZPHC,04013,USFS,AZTNF,,USFS,Federal,,,,,,,SW06N,USFS,AZTNF,US-AZ,,,,,,2025-AZTNF-000287,,No Decision,,,,3/7/2025 3:50:43 AM,3/7/2025 1:19:53 PM,IRWIN,0,,,{2DF267D3-DF25-4822-9D76-3327DC64DE58},db86d56b-c16f-4b34-8884-f700d7762025,2.83899976238899E-06,0.0116487563457708,
37392,4202,Indian Creek,Wildfire Daily Fire Perimeter,Mixed Methods,,No,Public,Approved,Yes,3/8/2025 6:07:43 PM,3/9/2025 1:58:25 PM,,{83424639-EEF1-4BCB-8772-B565F4B3A170},,233.74501318698,{2D9121CF-D181-4299-8AB9-4C6211A0C100},2025 NIFS,38395531,,DEFAULT,,3/8/2025 9:35:00 PM,,wildcade,233,30,MOMOC,6000,,,,,Moderate,,,,Undetermined,,,SGP3,,3/7/2025 7:04:41 PM,,,0,100,0,0,P9,0905,EACC,3/9/2025 4:02:29 PM,3/7/2025 7:15:00 PM,3/8/2025 4:00:00 PM,I,Type 4 IC,Indian Creek,"7 miles NW Willow Springs, MO",WF,FI,37.01,-92.07,,,{83424639-EEF1-4BCB-8772-B565F4B3A170},,0,1,,0,,,0,1,000096,ics209,100,100,,Howell,MOMOC,29091,USFS,MOMTF,,USFS,Federal,5th Principal Meridian,,,10W,17,27N,EA13,USFS,MOMTF,US-MO,,,Hardwood Litter,,8,2025-MOMTF-000096,,No Decision,,,,3/7/2025 9:25:24 PM,3/9/2025 4:02:29 PM,IRWIN,0,,,{A071316E-009A-487D-8DEA-ED916565E621},766272d7-0d73-4fd5-b140-5e9a4e741b9c,9.57831668983999E-05,0.0680087009607249,Type 4 Incident
37394,4163,FD05007,Wildfire Daily Fire Perimeter,GPS-Walked,0.61,No,Public,Approved,Yes,3/7/2025 9:22:25 PM,3/9/2025 7:07:46 PM,3/7/2025 9:22:50 PM,{1549705B-8523-47EA-A2D0-322295269762},,0.616742899811216,{2F8A0C09-B823-4A86-9224-78FDFCB683C0},2025 NIFS,38395530,,DEFAULT,0.62,,,INFORM_Inspector,0.62,0.61,NHNEC,,,,,,,,,,Human,Power generation/transmission/distribution,Electrical transmission/distribution systems,,09116,3/7/2025 9:21:28 PM,,,,,,,,,EACC,,,,,,FD05007,,WF,FI,,,,,{1549705B-8523-47EA-A2D0-322295269762},0,0,0,,0,,0,,1,FD05006,INFORM_Inspector,,,,Essex,NHNEC,25009,FFC,MAMAS,,State,Other,,,,,,,EA23,FFC,MAMAS,US-MA,Brush,,,,,2025-MAMAS-FD05006,,No Decision,,,,3/7/2025 9:22:12 PM,3/9/2025 7:07:48 PM,IRWIN,0,,,{9064B665-1919-4D49-8343-B879918CAA45},2fd46187-3d70-40f2-a5df-3d21bcc9c968,2.74503690889105E-07,0.00282907959561813,
37378,4186,Cane,Wildfire Daily Fire Perimeter,Auto-generated for InFORM,20,No,Public,Approved,Yes,3/8/2025 12:56:32 AM,3/8/2025 1:16:56 AM,3/8/2025 12:56:33 AM,{6CC474D4-3BBA-411A-A428-781CAF1017C4},,13.9727157937437,{9952710C-FDA7-4296-B509-7B16F2AAFDA6},2025 NIFS,38395561,,DEFAULT,,3/8/2025 1:27:00 AM,,wildcade,14,20,MOMOC,,,,,,,,,,Undetermined,,,SGR0,,3/7/2025 10:46:25 PM,,,,,,,P9,0905,EACC,,,,,,Cane,,WF,FI,36.818241,-90.509494,,,{6CC474D4-3BBA-411A-A428-781CAF1017C4},,0,1,,0,,,,1,000102,wildcade,,,,Butler,MOMOC,29023,USFS,MOMTF,,USFS,Federal,,,,,,,EA13,USFS,MOMTF,US-MO,,,,,,2025-MOMTF-000102,,No Decision,,,,3/8/2025 12:56:17 AM,3/8/2025 1:46:24 AM,IRWIN,0,,,{96A1BA72-5E0D-4151-A028-C667D245166B},9f9aed7f-9264-469d-95b3-9f235eac0412,5.71081386624428E-06,0.0107790273905482,
37381,4198,FD030001,Wildfire Daily Fire Perimeter,Hand Sketch,3.61,No,Public,Approved,Yes,3/8/2025 5:11:53 PM,3/8/2025 5:11:53 PM,3/8/2025 5:11:52 PM,{45A85384-BD27-430A-84B2-B955301FF732},,3.6129592003108,{5620411D-6B7E-4BF3-8F71-9C6A710BA19B},2025 NIFS,38395595,,DEFAULT,3.61,,,INFORM_Inspector,5,5,NHNEC,,,,,,,,,,Human,Debris and open burning,Hand pile/slash,,,3/8/2025 2:30:43 PM,,,,,,,,,EACC,,,,,,FD030001,,WF,FI,,,,,{45A85384-BD27-430A-84B2-B955301FF732},1,0,0,,0,,0,,1,FD030001,INFORM_Inspector,,,,Bristol,NHNEC,25005,,,,Private,Private,,,,,,,EA23,FFC,MAMAS,US-MA,,,,,,2025-MAMAS-FD030001,,No Decision,,,,3/8/2025 4:53:27 PM,3/8/2025 5:11:55 PM,IRWIN,0,,,{50A58B1B-3271-4C58-BE71-E8326311F64C},6b9b56fa-9850-49e8-bd2b-57075dbabbb5,1.58554666995769E-06,0.00539407151217487,
37402,4393,1702,Wildfire Daily Fire Perimeter,Hand Sketch,0.42,No,Public,Approved,Yes,3/10/2025 4:54:57 PM,3/10/2025 4:54:57 PM,3/8/2025 5:00:00 PM,{D296F3D8-3459-4091-97AD-1AB00EC1DEBE},,0.415308972756551,{EE052521-9A3E-4025-8B03-222CD6F50615},2025 NIFS,38395840,,DEFAULT,,,,wildcade,0.25,0.25,MNMNCC,,,,,,,,,,Undetermined,,,,,3/8/2025 4:41:00 PM,,,,,,,,,EACC,,,,,,1702,,WF,FI,46.745054,-94.446785,,,{D296F3D8-3459-4091-97AD-1AB00EC1DEBE},,0,,,0,,,,1,000166,INFORM_Inspector,,,,Cass,MNMNCC,27021,,,,Private,Private,,,,,,,EA01,DNR,MN1FS,US-MN,,,,,,2025-MN1FS-000166,,No Decision,,,,3/10/2025 1:25:17 PM,3/10/2025 4:53:16 PM,IRWIN,0,,,{C958B12C-EE73-4C0B-B7A1-4F24DD605F23},c2cf7c18-9833-41c3-9a40-09d6df824ce0,1.97847384697525E-07,0.00213686398330456,
37391,4206,Barren,Wildfire Daily Fire Perimeter,Auto-generated for InFORM,2,No,Public,Approved,Yes,3/8/2025 8:04:58 PM,3/8/2025 9:45:09 PM,3/8/2025 8:04:58 PM,{54C2779C-CFC3-47BA-9948-FFAD9B6275AC},,59.5216553518905,{E80FB579-6B60-4E4E-A53D-59BEF5089AB1},2025 NIFS,38395607,,DEFAULT,,3/8/2025 10:30:00 PM,,wildcade,2.4,2.4,MOMOC,,,,,,,,,,Undetermined,,,SGR4,,3/8/2025 6:39:59 PM,,,,,,,P9,0905,EACC,,,,,,Barren,,WF,FI,37.117052,-90.607638,,,{54C2779C-CFC3-47BA-9948-FFAD9B6275AC},,0,1,,0,,,,1,000106,wildcade,,,,Wayne,MOMOC,29223,,,,Private,Private,,,,,,,EA13,USFS,MOMTF,US-MO,,,,,,2025-MOMTF-000106,,No Decision,,,,3/8/2025 8:04:47 PM,3/9/2025 1:28:38 PM,IRWIN,0,,,{AA7E6E31-A2D2-424D-B7DF-ECDA1D3EA6EA},3a5cbe52-6cc9-48af-8cd7-052a4a3add38,2.44205064063863E-05,0.0251335510598002,
37393,4235,Iron Hose Pond Fire,Wildfire Daily Fire Perimeter,Auto-generated for InFORM,10,No,Public,Approved,Yes,3/9/2025 1:58:13 AM,3/9/2025 5:17:43 PM,3/9/2025 1:58:15 AM,{EE37F331-53F4-4223-A8B7-DD24B9F4DDA6},,10.1531752553179,{1A1FF7E2-D65E-4601-8C42-D60F8C2A6607},2025 NIFS,38395655,,DEFAULT,10.15,,,INFORM_Inspector,10,10,NHNEC,,,,,,,,,,Human,Misuse of fire by a minor,Unknown (remarks required),SGS2,,3/8/2025 8:06:23 PM,,,,,,,,,EACC,,,,,,Iron Hose Pond Fire,,WF,FI,,,,,{EE37F331-53F4-4223-A8B7-DD24B9F4DDA6},,0,0,,0,,,,1,FD060002,INFORM_Inspector,,,,Middlesex,NHNEC,25017,,,,Private,Private,,,,,,,EA23,FFC,MAMAS,US-MA,Grass-Shrub,,,,,2025-MAMAS-FD060002,,No Decision,,,,3/9/2025 1:57:59 AM,3/9/2025 5:17:45 PM,IRWIN,0,,,{269C28CA-3529-487F-8C90-33EEC7BB3640},e80e504a-92f1-4b92-bdb2-eca60061de8e,4.5058254727337E-06,0.0128799653040427,
37399,4266,Rest stop,Wildfire Daily Fire Perimeter,GPS-Walked/Driven,0.83,No,Public,Approved,Yes,3/9/2025 4:04:55 PM,3/10/2025 2:23:13 PM,3/9/2025 8:02:49 PM,{AB00FCCF-6957-4C9B-B664-23175D3528CC},,0.830493572189841,{057571D9-0168-4BD5-B3CA-E3206E7FB33B},2025 NIFS,38395696,,DEFAULT,,,,iffrs,0.83,0.83,WIWISC,,,,,,,,,,Human,,,SGS6,,3/9/2025 12:25:00 AM,,,,,,,,,EACC,,,,,,Rest Stop,,WF,FI,43.42786,-89.48192,,,{AB00FCCF-6957-4C9B-B664-23175D3528CC},,0,,,0,,,,1,FIRE123162,iffrs,,,,Columbia,WIWIC,55021,,,,Private,Private,,,,,,,EA05,DNR,WIWIS,US-WI,,,,,,2025-WIWIS-FIRE123162,,No Decision,,,,3/9/2025 4:47:33 PM,3/9/2025 8:02:32 PM,IRWIN,0,,,{4CB72848-A10E-4CA8-B624-A54558AA1D9F},48423023-8233-492c-9425-284b43b94e42,3.73593820768292E-07,0.00373806290020533,
37398,4242,MOON LAKE,Wildfire Daily Fire Perimeter,Auto-generated for InFORM,16,No,Public,Approved,Yes,3/9/2025 4:09:25 PM,3/9/2025 11:17:40 PM,3/9/2025 4:09:26 PM,{EDB9BD48-C848-4668-9BCA-A618F41C4345},,270.451435805352,{4C7CCBFB-A762-4BF3-9B74-AD89A286B58A},2025 NIFS,38395693,,DEFAULT,203.16,,,INFORM_Inspector,203.16,16,TXTIC,,,,,,,,,,,,,SGS5,,3/9/2025 11:06:49 AM,,,,,,,,,SACC,,,,,,MOON LAKE,,WF,FI,,,,3/9/2025 11:10:00 AM,{EDB9BD48-C848-4668-9BCA-A618F41C4345},,0,0,,0,,,,1,000015,INFORM_Inspector,,,,Hidalgo,TXTIC,48215,,,,Private,Private,,,,,,,SA16,FWS,TXRGR,US-TX,,,,,,2025-TXRGR-000015,,No Decision,,,,3/9/2025 4:09:04 PM,3/9/2025 11:21:56 PM,IRWIN,0,,,{6B1EED6D-9876-415F-9D0A-2C7FE883A1DB},baa893bf-53eb-490e-bba7-b97d145a4fe1,9.872189161797E-05,0.090488522699951,
37395,4274,Hisega,Wildfire Daily Fire Perimeter,Auto-generated for InFORM,3,No,Public,Approved,Yes,3/9/2025 8:10:26 PM,3/9/2025 9:00:06 PM,3/9/2025 8:29:41 PM,{5678213C-61A3-4A3A-AD2A-B21F4E52A116},,4.97739481600527,{08037E8E-33BF-4983-8AF8-86D8C4ACB063},2025 NIFS,38395725,,DEFAULT,,3/10/2025 1:04:00 AM,,wildcade,5,3,SDGPC,,,,,,,,,,Human,,,SGT0,,3/9/2025 7:03:00 PM,,,,,,,PN,1532,RMCC,,,,,,Hisega,,WF,FI,44.065132,-103.4249,,,{5678213C-61A3-4A3A-AD2A-B21F4E52A116},,0,1,,0,,,,1,250183,wildcade,,,,Pennington,SDGPC,46103,,,,Private,Private,,,,,,,RM05,DWF,SDSDS,US-SD,,,,,,2025-SDSDS-250183,,No Decision,,,,3/9/2025 8:09:57 PM,3/10/2025 1:05:30 AM,IRWIN,0,,,{BAC9EFDB-9AC8-4B97-B8BE-7734E57B0BA9},e5a840a1-f755-42a5-89ed-c1fa30eb8ae5,2.2625445126323E-06,0.0102004618760466,
37405,4322,Belmont,Wildfire Daily Fire Perimeter,Mixed Methods,,No,Public,Approved,Yes,3/10/2025 1:45:31 AM,3/10/2025 6:27:40 PM,,{CCA37D20-B25E-42DE-A652-73DC95C5620B},,1.57605998363706,{A65A0F08-84AE-4DF3-9085-3E776B94987B},2025 NIFS,38395925,,DEFAULT,,3/9/2025 11:24:00 PM,3/10/2025 12:15:00 AM,wildcade,2,2,WANEC,,,,,,,,,,Human,,,,,3/9/2025 10:01:00 PM,,,,,,,,,NWCC,,,,,,BELMONT,,WF,FI,47.565717,-117.158717,,,{CCA37D20-B25E-42DE-A652-73DC95C5620B},,0,,,0,,,,1,001025,wildcade,,,,Spokane,WANEC,53063,,,,Private,Private,,,,,,,NW10,DNR,WANES,US-WA,,,,,,2025-WANES-001025,,No Decision,,,,3/10/2025 5:36:02 PM,3/10/2025 5:36:02 PM,IRWIN,0,,,{40F7DF6F-72F7-4206-B66D-B06526C102B0},a781e0f6-0c28-41f8-a0c5-54e4ad41e86e,7.623548299307E-07,0.0104751323483387,
37400,4386,FD070015,Wildfire Daily Fire Perimeter,Auto-generated for InFORM,5,No,Public,Approved,Yes,3/10/2025 4:18:35 PM,3/10/2025 4:18:35 PM,3/10/2025 4:08:52 PM,{95E75443-EE61-4CFE-9A2A-EC045496EE7A},,5.65216359886157,{30D205D7-2AAD-4F48-AB6A-B8C604603271},2025 NIFS,38395904,,DEFAULT,,,,INFORM_Mobile,5.67,,NHNEC,,,,,,,,,,Human,Debris and open burning,Hand pile/slash,,,3/10/2025 4:07:00 PM,,3/10/2025 5:49:00 PM,,,,,,,EACC,,,,,,FD070015,,WF,FI,,,,,{95E75443-EE61-4CFE-9A2A-EC045496EE7A},,0,,,0,,,,1,FD070015,INFORM_Inspector,,,,Worcester,NHNEC,25027,,,,Private,Private,,,,,,,EA23,FFC,MAMAS,US-MA,,,,,,2025-MAMAS-FD070015,,No Decision,,,,3/10/2025 4:08:21 PM,3/10/2025 5:49:19 PM,IRWIN,0,,,{36E725C9-A7A8-4357-80CC-AF807FFAABB8},070d4ff0-8f13-456c-bf48-311b759ae31b,2.49122967943549E-06,0.00885805625953132,
