"Date","Source","Site ID","POC","Daily Mean PM2.5 Concentration","Units","Daily AQI Value","Local Site Name","Daily Obs Count","Percent Complete","AQS Parameter Code","AQS Parameter Description","Method Code","Method Description","CBSA Code","CBSA Name","State FIPS Code","State","County FIPS Code","County","Site Latitude","Site Longitude"
"01/01/2025","AirNow","060370016","3","11.3","ug/m3 LC","55","Glendora","1","100.0000","88502","Acceptable PM2.5 AQI & Speciation Mass","","","31080","Los Angeles-Long Beach-Anaheim, CA","06","California","037","Los Angeles","34.14435","-117.85036"
"01/02/2025","AirNow","060370016","3","5.3","ug/m3 LC","29","Glendora","1","100.0000","88502","Acceptable PM2.5 AQI & Speciation Mass","","","31080","Los Angeles-Long Beach-Anaheim, CA","06","California","037","Los Angeles","34.14435","-117.85036"
"01/03/2025","AirNow","060370016","3","15.3","ug/m3 LC","63","Glendora","1","100.0000","88502","Acceptable PM2.5 AQI & Speciation Mass","","","31080","Los Angeles-Long Beach-Anaheim, CA","06","California","037","Los Angeles","34.14435","-117.85036"
"01/04/2025","AirNow","060370016","3","26.8","ug/m3 LC","84","Glendora","1","100.0000","88502","Acceptable PM2.5 AQI & Speciation Mass","","","31080","Los Angeles-Long Beach-Anaheim, CA","06","California","037","Los Angeles","34.14435","-117.85036"
"01/05/2025","AirNow","060370016","3","3.1","ug/m3 LC","17","Glendora","1","100.0000","88502","Acceptable PM2.5 AQI & Speciation Mass","","","31080","Los Angeles-Long Beach-Anaheim, CA","06","California","037","Los Angeles","34.14435","-117.85036"
"01/06/2025","AirNow","060370016","3","5.5","ug/m3 LC","31","Glendora","1","100.0000","88502","Acceptable PM2.5 AQI & Speciation Mass","","","31080","Los Angeles-Long Beach-Anaheim, CA","06","California","037","Los Angeles","34.14435","-117.85036"
"01/07/2025","AirNow","060370016","3","4.6","ug/m3 LC","26","Glendora","1","100.0000","88502","Acceptable PM2.5 AQI & Speciation Mass","","","31080","Los Angeles-Long Beach-Anaheim, CA","06","California","037","Los Angeles","34.14435","-117.85036"
"01/10/2025","AirNow","060370016","3","29.9","ug/m3 LC","90","Glendora","1","100.0000","88502","Acceptable PM2.5 AQI & Speciation Mass","","","31080","Los Angeles-Long Beach-Anaheim, CA","06","California","037","Los Angeles","34.14435","-117.85036"
"01/11/2025","AirNow","060370016","3","19.7","ug/m3 LC","71","Glendora","1","100.0000","88502","Acceptable PM2.5 AQI & Speciation Mass","","","31080","Los Angeles-Long Beach-Anaheim, CA","06","California","037","Los Angeles","34.14435","-117.85036"
"01/12/2025","AirNow","060370016","3","1.1","ug/m3 LC","6","Glendora","1","100.0000","88502","Acceptable PM2.5 AQI & Speciation Mass","","","31080","Los Angeles-Long Beach-Anaheim, CA","06","California","037","Los Angeles","34.14435","-117.85036"
"01/13/2025","AirNow","060370016","3","0","ug/m3 LC","0","Glendora","1","100.0000","88502","Acceptable PM2.5 AQI & Speciation Mass","","","31080","Los Angeles-Long Beach-Anaheim, CA","06","California","037","Los Angeles","34.14435","-117.85036"
"01/14/2025","AirNow","060370016","3","3.6","ug/m3 LC","20","Glendora","1","100.0000","88502","Acceptable PM2.5 AQI & Speciation Mass","","","31080","Los Angeles-Long Beach-Anaheim, CA","06","California","037","Los Angeles","34.14435","-117.85036"
"01/15/2025","AirNow","060370016","3","2.4","ug/m3 LC","13","Glendora","1","100.0000","88502","Acceptable PM2.5 AQI & Speciation Mass","","","31080","Los Angeles-Long Beach-Anaheim, CA","06","California","037","Los Angeles","34.14435","-117.85036"
"01/16/2025","AirNow","060370016","3","4.2","ug/m3 LC","23","Glendora","1","100.0000","88502","Acceptable PM2.5 AQI & Speciation Mass","","","31080","Los Angeles-Long Beach-Anaheim, CA","06","California","037","Los Angeles","34.14435","-117.85036"
"01/17/2025","AirNow","060370016","3","8.3","ug/m3 LC","46","Glendora","1","100.0000","88502","Acceptable PM2.5 AQI & Speciation Mass","","","31080","Los Angeles-Long Beach-Anaheim, CA","06","California","037","Los Angeles","34.14435","-117.85036"
"01/18/2025","AirNow","060370016","3","12.3","ug/m3 LC","57","Glendora","1","100.0000","88502","Acceptable PM2.5 AQI & Speciation Mass","","","31080","Los Angeles-Long Beach-Anaheim, CA","06","California","037","Los Angeles","34.14435","-117.85036"
"01/19/2025","AirNow","060370016","3","15.9","ug/m3 LC","64","Glendora","1","100.0000","88502","Acceptable PM2.5 AQI & Speciation Mass","","","31080","Los Angeles-Long Beach-Anaheim, CA","06","California","037","Los Angeles","34.14435","-117.85036"
"01/20/2025","AirNow","060370016","3","7.7","ug/m3 LC","43","Glendora","1","100.0000","88502","Acceptable PM2.5 AQI & Speciation Mass","","","31080","Los Angeles-Long Beach-Anaheim, CA","06","California","037","Los Angeles","34.14435","-117.85036"
"01/21/2025","AirNow","060370016","3","1.4","ug/m3 LC","8","Glendora","1","100.0000","88502","Acceptable PM2.5 AQI & Speciation Mass","","","31080","Los Angeles-Long Beach-Anaheim, CA","06","California","037","Los Angeles","34.14435","-117.85036"
"01/22/2025","AirNow","060370016","3","1.6","ug/m3 LC","9","Glendora","1","100.0000","88502","Acceptable PM2.5 AQI & Speciation Mass","","","31080","Los Angeles-Long Beach-Anaheim, CA","06","California","037","Los Angeles","34.14435","-117.85036"
"01/23/2025","AirNow","060370016","3","0.7","ug/m3 LC","4","Glendora","1","100.0000","88502","Acceptable PM2.5 AQI & Speciation Mass","","","31080","Los Angeles-Long Beach-Anaheim, CA","06","California","037","Los Angeles","34.14435","-117.85036"
"01/24/2025","AirNow","060370016","3","1.5","ug/m3 LC","8","Glendora","1","100.0000","88502","Acceptable PM2.5 AQI & Speciation Mass","","","31080","Los Angeles-Long Beach-Anaheim, CA","06","California","037","Los Angeles","34.14435","-117.85036"
"01/25/2025","AirNow","060370016","3","5.7","ug/m3 LC","32","Glendora","1","100.0000","88502","Acceptable PM2.5 AQI & Speciation Mass","","","31080","Los Angeles-Long Beach-Anaheim, CA","06","California","037","Los Angeles","34.14435","-117.85036"
"01/26/2025","AirNow","060370016","3","1.6","ug/m3 LC","9","Glendora","1","100.0000","88502","Acceptable PM2.5 AQI & Speciation Mass","","","31080","Los Angeles-Long Beach-Anaheim, CA","06","California","037","Los Angeles","34.14435","-117.85036"
"01/27/2025","AirNow","060370016","3","2.4","ug/m3 LC","13","Glendora","1","100.0000","88502","Acceptable PM2.5 AQI & Speciation Mass","","","31080","Los Angeles-Long Beach-Anaheim, CA","06","California","037","Los Angeles","34.14435","-117.85036"
"01/28/2025","AirNow","060370016","3","8","ug/m3 LC","44","Glendora","1","100.0000","88502","Acceptable PM2.5 AQI & Speciation Mass","","","31080","Los Angeles-Long Beach-Anaheim, CA","06","California","037","Los Angeles","34.14435","-117.85036"
"01/29/2025","AirNow","060370016","3","8.9","ug/m3 LC","49","Glendora","1","100.0000","88502","Acceptable PM2.5 AQI & Speciation Mass","","","31080","Los Angeles-Long Beach-Anaheim, CA","06","California","037","Los Angeles","34.14435","-117.85036"
"01/30/2025","AirNow","060370016","3","12","ug/m3 LC","56","Glendora","1","100.0000","88502","Acceptable PM2.5 AQI & Speciation Mass","","","31080","Los Angeles-Long Beach-Anaheim, CA","06","California","037","Los Angeles","34.14435","-117.85036"
"01/31/2025","AirNow","060370016","3","11.1","ug/m3 LC","55","Glendora","1","100.0000","88502","Acceptable PM2.5 AQI & Speciation Mass","","","31080","Los Angeles-Long Beach-Anaheim, CA","06","California","037","Los Angeles","34.14435","-117.85036"
"02/01/2025","AirNow","060370016","3","15.1","ug/m3 LC","62","Glendora","1","100.0000","88502","Acceptable PM2.5 AQI & Speciation Mass","","","31080","Los Angeles-Long Beach-Anaheim, CA","06","California","037","Los Angeles","34.14435","-117.85036"
"02/02/2025","AirNow","060370016","3","24.4","ug/m3 LC","80","Glendora","1","100.0000","88502","Acceptable PM2.5 AQI & Speciation Mass","","","31080","Los Angeles-Long Beach-Anaheim, CA","06","California","037","Los Angeles","34.14435","-117.85036"
"02/03/2025","AirNow","060370016","3","15.4","ug/m3 LC","63","Glendora","1","100.0000","88502","Acceptable PM2.5 AQI & Speciation Mass","","","31080","Los Angeles-Long Beach-Anaheim, CA","06","California","037","Los Angeles","34.14435","-117.85036"
"02/04/2025","AirNow","060370016","3","9.5","ug/m3 LC","52","Glendora","1","100.0000","88502","Acceptable PM2.5 AQI & Speciation Mass","","","31080","Los Angeles-Long Beach-Anaheim, CA","06","California","037","Los Angeles","34.14435","-117.85036"
"02/05/2025","AirNow","060370016","3","4.1","ug/m3 LC","23","Glendora","1","100.0000","88502","Acceptable PM2.5 AQI & Speciation Mass","","","31080","Los Angeles-Long Beach-Anaheim, CA","06","California","037","Los Angeles","34.14435","-117.85036"
"02/06/2025","AirNow","060370016","3","5.5","ug/m3 LC","31","Glendora","1","100.0000","88502","Acceptable PM2.5 AQI & Speciation Mass","","","31080","Los Angeles-Long Beach-Anaheim, CA","06","California","037","Los Angeles","34.14435","-117.85036"
"02/07/2025","AirNow","060370016","3","2.1","ug/m3 LC","12","Glendora","1","100.0000","88502","Acceptable PM2.5 AQI & Speciation Mass","","","31080","Los Angeles-Long Beach-Anaheim, CA","06","California","037","Los Angeles","34.14435","-117.85036"
"02/08/2025","AirNow","060370016","3","6.9","ug/m3 LC","38","Glendora","1","100.0000","88502","Acceptable PM2.5 AQI & Speciation Mass","","","31080","Los Angeles-Long Beach-Anaheim, CA","06","California","037","Los Angeles","34.14435","-117.85036"
"02/09/2025","AirNow","060370016","3","6.1","ug/m3 LC","34","Glendora","1","100.0000","88502","Acceptable PM2.5 AQI & Speciation Mass","","","31080","Los Angeles-Long Beach-Anaheim, CA","06","California","037","Los Angeles","34.14435","-117.85036"
"02/10/2025","AirNow","060370016","3","5.5","ug/m3 LC","31","Glendora","1","100.0000","88502","Acceptable PM2.5 AQI & Speciation Mass","","","31080","Los Angeles-Long Beach-Anaheim, CA","06","California","037","Los Angeles","34.14435","-117.85036"
"02/11/2025","AirNow","060370016","3","5.7","ug/m3 LC","32","Glendora","1","100.0000","88502","Acceptable PM2.5 AQI & Speciation Mass","","","31080","Los Angeles-Long Beach-Anaheim, CA","06","California","037","Los Angeles","34.14435","-117.85036"
"02/12/2025","AirNow","060370016","3","4.3","ug/m3 LC","24","Glendora","1","100.0000","88502","Acceptable PM2.5 AQI & Speciation Mass","","","31080","Los Angeles-Long Beach-Anaheim, CA","06","California","037","Los Angeles","34.14435","-117.85036"
"02/13/2025","AirNow","060370016","3","1.8","ug/m3 LC","10","Glendora","1","100.0000","88502","Acceptable PM2.5 AQI & Speciation Mass","","","31080","Los Angeles-Long Beach-Anaheim, CA","06","California","037","Los Angeles","34.14435","-117.85036"
"02/14/2025","AirNow","060370016","3","5.6","ug/m3 LC","31","Glendora","1","100.0000","88502","Acceptable PM2.5 AQI & Speciation Mass","","","31080","Los Angeles-Long Beach-Anaheim, CA","06","California","037","Los Angeles","34.14435","-117.85036"
"02/15/2025","AirNow","060370016","3","5.5","ug/m3 LC","31","Glendora","1","100.0000","88502","Acceptable PM2.5 AQI & Speciation Mass","","","31080","Los Angeles-Long Beach-Anaheim, CA","06","California","037","Los Angeles","34.14435","-117.85036"
"02/16/2025","AirNow","060370016","3","4.5","ug/m3 LC","25","Glendora","1","100.0000","88502","Acceptable PM2.5 AQI & Speciation Mass","","","31080","Los Angeles-Long Beach-Anaheim, CA","06","California","037","Los Angeles","34.14435","-117.85036"
"02/17/2025","AirNow","060370016","3","7.8","ug/m3 LC","43","Glendora","1","100.0000","88502","Acceptable PM2.5 AQI & Speciation Mass","","","31080","Los Angeles-Long Beach-Anaheim, CA","06","California","037","Los Angeles","34.14435","-117.85036"
"02/18/2025","AirNow","060370016","3","9.5","ug/m3 LC","52","Glendora","1","100.0000","88502","Acceptable PM2.5 AQI & Speciation Mass","","","31080","Los Angeles-Long Beach-Anaheim, CA","06","California","037","Los Angeles","34.14435","-117.85036"
"02/19/2025","AirNow","060370016","3","7.6","ug/m3 LC","42","Glendora","1","100.0000","88502","Acceptable PM2.5 AQI & Speciation Mass","","","31080","Los Angeles-Long Beach-Anaheim, CA","06","California","037","Los Angeles","34.14435","-117.85036"
"02/20/2025","AirNow","060370016","3","6.9","ug/m3 LC","38","Glendora","1","100.0000","88502","Acceptable PM2.5 AQI & Speciation Mass","","","31080","Los Angeles-Long Beach-Anaheim, CA","06","California","037","Los Angeles","34.14435","-117.85036"
"02/21/2025","AirNow","060370016","3","1.5","ug/m3 LC","8","Glendora","1","100.0000","88502","Acceptable PM2.5 AQI & Speciation Mass","","","31080","Los Angeles-Long Beach-Anaheim, CA","06","California","037","Los Angeles","34.14435","-117.85036"
"02/22/2025","AirNow","060370016","3","2.6","ug/m3 LC","14","Glendora","1","100.0000","88502","Acceptable PM2.5 AQI & Speciation Mass","","","31080","Los Angeles-Long Beach-Anaheim, CA","06","California","037","Los Angeles","34.14435","-117.85036"
"02/23/2025","AirNow","060370016","3","6","ug/m3 LC","33","Glendora","1","100.0000","88502","Acceptable PM2.5 AQI & Speciation Mass","","","31080","Los Angeles-Long Beach-Anaheim, CA","06","California","037","Los Angeles","34.14435","-117.85036"
"02/24/2025","AirNow","060370016","3","10.1","ug/m3 LC","53","Glendora","1","100.0000","88502","Acceptable PM2.5 AQI & Speciation Mass","","","31080","Los Angeles-Long Beach-Anaheim, CA","06","California","037","Los Angeles","34.14435","-117.85036"
"02/25/2025","AirNow","060370016","3","8.7","ug/m3 LC","48","Glendora","1","100.0000","88502","Acceptable PM2.5 AQI & Speciation Mass","","","31080","Los Angeles-Long Beach-Anaheim, CA","06","California","037","Los Angeles","34.14435","-117.85036"
"02/26/2025","AirNow","060370016","3","6.3","ug/m3 LC","35","Glendora","1","100.0000","88502","Acceptable PM2.5 AQI & Speciation Mass","","","31080","Los Angeles-Long Beach-Anaheim, CA","06","California","037","Los Angeles","34.14435","-117.85036"
"02/27/2025","AirNow","060370016","3","0","ug/m3 LC","0","Glendora","1","100.0000","88502","Acceptable PM2.5 AQI & Speciation Mass","","","31080","Los Angeles-Long Beach-Anaheim, CA","06","California","037","Los Angeles","34.14435","-117.85036"
"02/28/2025","AirNow","060370016","3","3.8","ug/m3 LC","21","Glendora","1","100.0000","88502","Acceptable PM2.5 AQI & Speciation Mass","","","31080","Los Angeles-Long Beach-Anaheim, CA","06","California","037","Los Angeles","34.14435","-117.85036"
"03/01/2025","AirNow","060370016","3","8.5","ug/m3 LC","47","Glendora","1","100.0000","88502","Acceptable PM2.5 AQI & Speciation Mass","","","31080","Los Angeles-Long Beach-Anaheim, CA","06","California","037","Los Angeles","34.14435","-117.85036"
"03/02/2025","AirNow","060370016","3","4.1","ug/m3 LC","23","Glendora","1","100.0000","88502","Acceptable PM2.5 AQI & Speciation Mass","","","31080","Los Angeles-Long Beach-Anaheim, CA","06","California","037","Los Angeles","34.14435","-117.85036"
"03/03/2025","AirNow","060370016","3","3","ug/m3 LC","17","Glendora","1","100.0000","88502","Acceptable PM2.5 AQI & Speciation Mass","","","31080","Los Angeles-Long Beach-Anaheim, CA","06","California","037","Los Angeles","34.14435","-117.85036"
"03/04/2025","AirNow","060370016","3","5.8","ug/m3 LC","32","Glendora","1","100.0000","88502","Acceptable PM2.5 AQI & Speciation Mass","","","31080","Los Angeles-Long Beach-Anaheim, CA","06","California","037","Los Angeles","34.14435","-117.85036"
"03/05/2025","AirNow","060370016","3","7.3","ug/m3 LC","41","Glendora","1","100.0000","88502","Acceptable PM2.5 AQI & Speciation Mass","","","31080","Los Angeles-Long Beach-Anaheim, CA","06","California","037","Los Angeles","34.14435","-117.85036"
"03/06/2025","AirNow","060370016","3","1.6","ug/m3 LC","9","Glendora","1","100.0000","88502","Acceptable PM2.5 AQI & Speciation Mass","","","31080","Los Angeles-Long Beach-Anaheim, CA","06","California","037","Los Angeles","34.14435","-117.85036"
"01/01/2025","AirNow","060371103","3","32.7","ug/m3 LC","95","Los Angeles-North Main Street","1","100.0000","88101","PM2.5 - Local Conditions","","","31080","Los Angeles-Long Beach-Anaheim, CA","06","California","037","Los Angeles","34.0665900008759","-118.22688"
"01/02/2025","AirNow","060371103","3","20.5","ug/m3 LC","72","Los Angeles-North Main Street","1","100.0000","88101","PM2.5 - Local Conditions","","","31080","Los Angeles-Long Beach-Anaheim, CA","06","California","037","Los Angeles","34.0665900008759","-118.22688"
"01/03/2025","AirNow","060371103","3","25.6","ug/m3 LC","82","Los Angeles-North Main Street","1","100.0000","88101","PM2.5 - Local Conditions","","","31080","Los Angeles-Long Beach-Anaheim, CA","06","California","037","Los Angeles","34.0665900008759","-118.22688"
"01/04/2025","AirNow","060371103","3","30","ug/m3 LC","90","Los Angeles-North Main Street","1","100.0000","88101","PM2.5 - Local Conditions","","","31080","Los Angeles-Long Beach-Anaheim, CA","06","California","037","Los Angeles","34.0665900008759","-118.22688"
"01/05/2025","AirNow","060371103","3","12.7","ug/m3 LC","58","Los Angeles-North Main Street","1","100.0000","88101","PM2.5 - Local Conditions","","","31080","Los Angeles-Long Beach-Anaheim, CA","06","California","037","Los Angeles","34.0665900008759","-118.22688"
"01/06/2025","AirNow","060371103","3","8.7","ug/m3 LC","48","Los Angeles-North Main Street","1","100.0000","88101","PM2.5 - Local Conditions","","","31080","Los Angeles-Long Beach-Anaheim, CA","06","California","037","Los Angeles","34.0665900008759","-118.22688"
"01/07/2025","AirNow","060371103","3","18.8","ug/m3 LC","69","Los Angeles-North Main Street","1","100.0000","88101","PM2.5 - Local Conditions","","","31080","Los Angeles-Long Beach-Anaheim, CA","06","California","037","Los Angeles","34.0665900008759","-118.22688"
"01/08/2025","AirNow","060371103","3","109.2","ug/m3 LC","189","Los Angeles-North Main Street","1","100.0000","88101","PM2.5 - Local Conditions","","","31080","Los Angeles-Long Beach-Anaheim, CA","06","California","037","Los Angeles","34.0665900008759","-118.22688"
"01/09/2025","AirNow","060371103","3","74.2","ug/m3 LC","164","Los Angeles-North Main Street","1","100.0000","88101","PM2.5 - Local Conditions","","","31080","Los Angeles-Long Beach-Anaheim, CA","06","California","037","Los Angeles","34.0665900008759","-118.22688"
"01/10/2025","AirNow","060371103","3","34.3","ug/m3 LC","98","Los Angeles-North Main Street","1","100.0000","88101","PM2.5 - Local Conditions","","","31080","Los Angeles-Long Beach-Anaheim, CA","06","California","037","Los Angeles","34.0665900008759","-118.22688"
"01/11/2025","AirNow","060371103","3","27.2","ug/m3 LC","85","Los Angeles-North Main Street","1","100.0000","88101","PM2.5 - Local Conditions","","","31080","Los Angeles-Long Beach-Anaheim, CA","06","California","037","Los Angeles","34.0665900008759","-118.22688"
"01/12/2025","AirNow","060371103","3","11.6","ug/m3 LC","56","Los Angeles-North Main Street","1","100.0000","88101","PM2.5 - Local Conditions","","","31080","Los Angeles-Long Beach-Anaheim, CA","06","California","037","Los Angeles","34.0665900008759","-118.22688"
"01/13/2025","AirNow","060371103","3","10.2","ug/m3 LC","53","Los Angeles-North Main Street","1","100.0000","88101","PM2.5 - Local Conditions","","","31080","Los Angeles-Long Beach-Anaheim, CA","06","California","037","Los Angeles","34.0665900008759","-118.22688"
"01/14/2025","AirNow","060371103","3","9.5","ug/m3 LC","52","Los Angeles-North Main Street","1","100.0000","88101","PM2.5 - Local Conditions","","","31080","Los Angeles-Long Beach-Anaheim, CA","06","California","037","Los Angeles","34.0665900008759","-118.22688"
"01/15/2025","AirNow","060371103","3","10","ug/m3 LC","53","Los Angeles-North Main Street","1","100.0000","88101","PM2.5 - Local Conditions","","","31080","Los Angeles-Long Beach-Anaheim, CA","06","California","037","Los Angeles","34.0665900008759","-118.22688"
"01/16/2025","AirNow","060371103","3","9.5","ug/m3 LC","52","Los Angeles-North Main Street","1","100.0000","88101","PM2.5 - Local Conditions","","","31080","Los Angeles-Long Beach-Anaheim, CA","06","California","037","Los Angeles","34.0665900008759","-118.22688"
"01/17/2025","AirNow","060371103","3","12.1","ug/m3 LC","57","Los Angeles-North Main Street","1","100.0000","88101","PM2.5 - Local Conditions","","","31080","Los Angeles-Long Beach-Anaheim, CA","06","California","037","Los Angeles","34.0665900008759","-118.22688"
"01/18/2025","AirNow","060371103","3","19.2","ug/m3 LC","70","Los Angeles-North Main Street","1","100.0000","88101","PM2.5 - Local Conditions","","","31080","Los Angeles-Long Beach-Anaheim, CA","06","California","037","Los Angeles","34.0665900008759","-118.22688"
"01/19/2025","AirNow","060371103","3","19.3","ug/m3 LC","70","Los Angeles-North Main Street","1","100.0000","88101","PM2.5 - Local Conditions","","","31080","Los Angeles-Long Beach-Anaheim, CA","06","California","037","Los Angeles","34.0665900008759","-118.22688"
"01/20/2025","AirNow","060371103","3","14.7","ug/m3 LC","61","Los Angeles-North Main Street","1","100.0000","88101","PM2.5 - Local Conditions","","","31080","Los Angeles-Long Beach-Anaheim, CA","06","California","037","Los Angeles","34.0665900008759","-118.22688"
"01/21/2025","AirNow","060371103","3","9.1","ug/m3 LC","51","Los Angeles-North Main Street","1","100.0000","88101","PM2.5 - Local Conditions","","","31080","Los Angeles-Long Beach-Anaheim, CA","06","California","037","Los Angeles","34.0665900008759","-118.22688"
"01/22/2025","AirNow","060371103","3","10","ug/m3 LC","53","Los Angeles-North Main Street","1","100.0000","88101","PM2.5 - Local Conditions","","","31080","Los Angeles-Long Beach-Anaheim, CA","06","California","037","Los Angeles","34.0665900008759","-118.22688"
"01/23/2025","AirNow","060371103","3","11.6","ug/m3 LC","56","Los Angeles-North Main Street","1","100.0000","88101","PM2.5 - Local Conditions","","","31080","Los Angeles-Long Beach-Anaheim, CA","06","California","037","Los Angeles","34.0665900008759","-118.22688"
"01/24/2025","AirNow","060371103","3","8.2","ug/m3 LC","46","Los Angeles-North Main Street","1","100.0000","88101","PM2.5 - Local Conditions","","","31080","Los Angeles-Long Beach-Anaheim, CA","06","California","037","Los Angeles","34.0665900008759","-118.22688"
"01/25/2025","AirNow","060371103","3","13.6","ug/m3 LC","59","Los Angeles-North Main Street","1","100.0000","88101","PM2.5 - Local Conditions","","","31080","Los Angeles-Long Beach-Anaheim, CA","06","California","037","Los Angeles","34.0665900008759","-118.22688"
"01/26/2025","AirNow","060371103","3","5.8","ug/m3 LC","32","Los Angeles-North Main Street","1","100.0000","88101","PM2.5 - Local Conditions","","","31080","Los Angeles-Long Beach-Anaheim, CA","06","California","037","Los Angeles","34.0665900008759","-118.22688"
"01/27/2025","AirNow","060371103","3","6.9","ug/m3 LC","38","Los Angeles-North Main Street","1","100.0000","88101","PM2.5 - Local Conditions","","","31080","Los Angeles-Long Beach-Anaheim, CA","06","California","037","Los Angeles","34.0665900008759","-118.22688"
"01/28/2025","AirNow","060371103","3","11.2","ug/m3 LC","55","Los Angeles-North Main Street","1","100.0000","88101","PM2.5 - Local Conditions","","","31080","Los Angeles-Long Beach-Anaheim, CA","06","California","037","Los Angeles","34.0665900008759","-118.22688"
"01/29/2025","AirNow","060371103","3","12.1","ug/m3 LC","57","Los Angeles-North Main Street","1","100.0000","88101","PM2.5 - Local Conditions","","","31080","Los Angeles-Long Beach-Anaheim, CA","06","California","037","Los Angeles","34.0665900008759","-118.22688"
"01/30/2025","AirNow","060371103","3","14.7","ug/m3 LC","61","Los Angeles-North Main Street","1","100.0000","88101","PM2.5 - Local Conditions","","","31080","Los Angeles-Long Beach-Anaheim, CA","06","California","037","Los Angeles","34.0665900008759","-118.22688"
"01/31/2025","AirNow","060371103","3","15.8","ug/m3 LC","63","Los Angeles-North Main Street","1","100.0000","88101","PM2.5 - Local Conditions","","","31080","Los Angeles-Long Beach-Anaheim, CA","06","California","037","Los Angeles","34.0665900008759","-118.22688"
"02/01/2025","AirNow","060371103","3","17.9","ug/m3 LC","67","Los Angeles-North Main Street","1","100.0000","88101","PM2.5 - Local Conditions","","","31080","Los Angeles-Long Beach-Anaheim, CA","06","California","037","Los Angeles","34.0665900008759","-118.22688"
"02/02/2025","AirNow","060371103","3","31.3","ug/m3 LC","92","Los Angeles-North Main Street","1","100.0000","88101","PM2.5 - Local Conditions","","","31080","Los Angeles-Long Beach-Anaheim, CA","06","California","037","Los Angeles","34.0665900008759","-118.22688"
"02/03/2025","AirNow","060371103","3","21.9","ug/m3 LC","75","Los Angeles-North Main Street","1","100.0000","88101","PM2.5 - Local Conditions","","","31080","Los Angeles-Long Beach-Anaheim, CA","06","California","037","Los Angeles","34.0665900008759","-118.22688"
"02/04/2025","AirNow","060371103","3","8.3","ug/m3 LC","46","Los Angeles-North Main Street","1","100.0000","88101","PM2.5 - Local Conditions","","","31080","Los Angeles-Long Beach-Anaheim, CA","06","California","037","Los Angeles","34.0665900008759","-118.22688"
"02/05/2025","AirNow","060371103","3","5.8","ug/m3 LC","32","Los Angeles-North Main Street","1","100.0000","88101","PM2.5 - Local Conditions","","","31080","Los Angeles-Long Beach-Anaheim, CA","06","California","037","Los Angeles","34.0665900008759","-118.22688"
"02/06/2025","AirNow","060371103","3","6.8","ug/m3 LC","38","Los Angeles-North Main Street","1","100.0000","88101","PM2.5 - Local Conditions","","","31080","Los Angeles-Long Beach-Anaheim, CA","06","California","037","Los Angeles","34.0665900008759","-118.22688"
"02/07/2025","AirNow","060371103","3","3.8","ug/m3 LC","21","Los Angeles-North Main Street","1","100.0000","88101","PM2.5 - Local Conditions","","","31080","Los Angeles-Long Beach-Anaheim, CA","06","California","037","Los Angeles","34.0665900008759","-118.22688"
"02/08/2025","AirNow","060371103","3","10.1","ug/m3 LC","53","Los Angeles-North Main Street","1","100.0000","88101","PM2.5 - Local Conditions","","","31080","Los Angeles-Long Beach-Anaheim, CA","06","California","037","Los Angeles","34.0665900008759","-118.22688"
"02/09/2025","AirNow","060371103","3","10.1","ug/m3 LC","53","Los Angeles-North Main Street","1","100.0000","88101","PM2.5 - Local Conditions","","","31080","Los Angeles-Long Beach-Anaheim, CA","06","California","037","Los Angeles","34.0665900008759","-118.22688"
"02/10/2025","AirNow","060371103","3","10","ug/m3 LC","53","Los Angeles-North Main Street","1","100.0000","88101","PM2.5 - Local Conditions","","","31080","Los Angeles-Long Beach-Anaheim, CA","06","California","037","Los Angeles","34.0665900008759","-118.22688"
"02/11/2025","AirNow","060371103","3","7.8","ug/m3 LC","43","Los Angeles-North Main Street","1","100.0000","88101","PM2.5 - Local Conditions","","","31080","Los Angeles-Long Beach-Anaheim, CA","06","California","037","Los Angeles","34.0665900008759","-118.22688"
"02/12/2025","AirNow","060371103","3","5.9","ug/m3 LC","33","Los Angeles-North Main Street","1","100.0000","88101","PM2.5 - Local Conditions","","","31080","Los Angeles-Long Beach-Anaheim, CA","06","California","037","Los Angeles","34.0665900008759","-118.22688"
"02/13/2025","AirNow","060371103","3","4.1","ug/m3 LC","23","Los Angeles-North Main Street","1","100.0000","88101","PM2.5 - Local Conditions","","","31080","Los Angeles-Long Beach-Anaheim, CA","06","California","037","Los Angeles","34.0665900008759","-118.22688"
"02/14/2025","AirNow","060371103","3","7.9","ug/m3 LC","44","Los Angeles-North Main Street","1","100.0000","88101","PM2.5 - Local Conditions","","","31080","Los Angeles-Long Beach-Anaheim, CA","06","California","037","Los Angeles","34.0665900008759","-118.22688"
"02/15/2025","AirNow","060371103","3","10.1","ug/m3 LC","53","Los Angeles-North Main Street","1","100.0000","88101","PM2.5 - Local Conditions","","","31080","Los Angeles-Long Beach-Anaheim, CA","06","California","037","Los Angeles","34.0665900008759","-118.22688"
"02/16/2025","AirNow","060371103","3","9.6","ug/m3 LC","52","Los Angeles-North Main Street","1","100.0000","88101","PM2.5 - Local Conditions","","","31080","Los Angeles-Long Beach-Anaheim, CA","06","California","037","Los Angeles","34.0665900008759","-118.22688"
"02/17/2025","AirNow","060371103","3","13.9","ug/m3 LC","60","Los Angeles-North Main Street","1","100.0000","88101","PM2.5 - Local Conditions","","","31080","Los Angeles-Long Beach-Anaheim, CA","06","California","037","Los Angeles","34.0665900008759","-118.22688"
"02/18/2025","AirNow","060371103","3","12","ug/m3 LC","56","Los Angeles-North Main Street","1","100.0000","88101","PM2.5 - Local Conditions","","","31080","Los Angeles-Long Beach-Anaheim, CA","06","California","037","Los Angeles","34.0665900008759","-118.22688"
"02/19/2025","AirNow","060371103","3","17.8","ug/m3 LC","67","Los Angeles-North Main Street","1","100.0000","88101","PM2.5 - Local Conditions","","","31080","Los Angeles-Long Beach-Anaheim, CA","06","California","037","Los Angeles","34.0665900008759","-118.22688"
"02/20/2025","AirNow","060371103","3","16.4","ug/m3 LC","65","Los Angeles-North Main Street","1","100.0000","88101","PM2.5 - Local Conditions","","","31080","Los Angeles-Long Beach-Anaheim, CA","06","California","037","Los Angeles","34.0665900008759","-118.22688"
"02/21/2025","AirNow","060371103","3","12.6","ug/m3 LC","58","Los Angeles-North Main Street","1","100.0000","88101","PM2.5 - Local Conditions","","","31080","Los Angeles-Long Beach-Anaheim, CA","06","California","037","Los Angeles","34.0665900008759","-118.22688"
"02/27/2025","AirNow","060371103","3","10","ug/m3 LC","53","Los Angeles-North Main Street","1","100.0000","88101","PM2.5 - Local Conditions","","","31080","Los Angeles-Long Beach-Anaheim, CA","06","California","037","Los Angeles","34.0665900008759","-118.22688"
"02/28/2025","AirNow","060371103","3","9.2","ug/m3 LC","51","Los Angeles-North Main Street","1","100.0000","88101","PM2.5 - Local Conditions","","","31080","Los Angeles-Long Beach-Anaheim, CA","06","California","037","Los Angeles","34.0665900008759","-118.22688"
"03/01/2025","AirNow","060371103","3","9.7","ug/m3 LC","52","Los Angeles-North Main Street","1","100.0000","88101","PM2.5 - Local Conditions","","","31080","Los Angeles-Long Beach-Anaheim, CA","06","California","037","Los Angeles","34.0665900008759","-118.22688"
"03/02/2025","AirNow","060371103","3","7.6","ug/m3 LC","42","Los Angeles-North Main Street","1","100.0000","88101","PM2.5 - Local Conditions","","","31080","Los Angeles-Long Beach-Anaheim, CA","06","California","037","Los Angeles","34.0665900008759","-118.22688"
"03/03/2025","AirNow","060371103","3","6.3","ug/m3 LC","35","Los Angeles-North Main Street","1","100.0000","88101","PM2.5 - Local Conditions","","","31080","Los Angeles-Long Beach-Anaheim, CA","06","California","037","Los Angeles","34.0665900008759","-118.22688"
"03/04/2025","AirNow","060371103","3","8.8","ug/m3 LC","49","Los Angeles-North Main Street","1","100.0000","88101","PM2.5 - Local Conditions","","","31080","Los Angeles-Long Beach-Anaheim, CA","06","California","037","Los Angeles","34.0665900008759","-118.22688"
"03/05/2025","AirNow","060371103","3","10.6","ug/m3 LC","54","Los Angeles-North Main Street","1","100.0000","88101","PM2.5 - Local Conditions","","","31080","Los Angeles-Long Beach-Anaheim, CA","06","California","037","Los Angeles","34.0665900008759","-118.22688"
"03/06/2025","AirNow","060371103","3","4.3","ug/m3 LC","24","Los Angeles-North Main Street","1","100.0000","88101","PM2.5 - Local Conditions","","","31080","Los Angeles-Long Beach-Anaheim, CA","06","California","037","Los Angeles","34.0665900008759","-118.22688"
"01/01/2025","AirNow","060371201","3","47","ug/m3 LC","129","Reseda","1","100.0000","88502","Acceptable PM2.5 AQI & Speciation Mass","","","31080","Los Angeles-Long Beach-Anaheim, CA","06","California","037","Los Angeles","34.19925","-118.53276"
"01/02/2025","AirNow","060371201","3","10.2","ug/m3 LC","53","Reseda","1","100.0000","88502","Acceptable PM2.5 AQI & Speciation Mass","","","31080","Los Angeles-Long Beach-Anaheim, CA","06","California","037","Los Angeles","34.19925","-118.53276"
"01/03/2025","AirNow","060371201","3","15.6","ug/m3 LC","63","Reseda","1","100.0000","88502","Acceptable PM2.5 AQI & Speciation Mass","","","31080","Los Angeles-Long Beach-Anaheim, CA","06","California","037","Los Angeles","34.19925","-118.53276"
"01/04/2025","AirNow","060371201","3","6.9","ug/m3 LC","38","Reseda","1","100.0000","88502","Acceptable PM2.5 AQI & Speciation Mass","","","31080","Los Angeles-Long Beach-Anaheim, CA","06","California","037","Los Angeles","34.19925","-118.53276"
"01/05/2025","AirNow","060371201","3","5","ug/m3 LC","28","Reseda","1","100.0000","88502","Acceptable PM2.5 AQI & Speciation Mass","","","31080","Los Angeles-Long Beach-Anaheim, CA","06","California","037","Los Angeles","34.19925","-118.53276"
"01/06/2025","AirNow","060371201","3","4.2","ug/m3 LC","23","Reseda","1","100.0000","88502","Acceptable PM2.5 AQI & Speciation Mass","","","31080","Los Angeles-Long Beach-Anaheim, CA","06","California","037","Los Angeles","34.19925","-118.53276"
"01/07/2025","AirNow","060371201","3","5.5","ug/m3 LC","31","Reseda","1","100.0000","88502","Acceptable PM2.5 AQI & Speciation Mass","","","31080","Los Angeles-Long Beach-Anaheim, CA","06","California","037","Los Angeles","34.19925","-118.53276"
"01/08/2025","AirNow","060371201","3","13","ug/m3 LC","58","Reseda","1","100.0000","88502","Acceptable PM2.5 AQI & Speciation Mass","","","31080","Los Angeles-Long Beach-Anaheim, CA","06","California","037","Los Angeles","34.19925","-118.53276"
"01/09/2025","AirNow","060371201","3","9.8","ug/m3 LC","52","Reseda","1","100.0000","88502","Acceptable PM2.5 AQI & Speciation Mass","","","31080","Los Angeles-Long Beach-Anaheim, CA","06","California","037","Los Angeles","34.19925","-118.53276"
"01/10/2025","AirNow","060371201","3","2.8","ug/m3 LC","16","Reseda","1","100.0000","88502","Acceptable PM2.5 AQI & Speciation Mass","","","31080","Los Angeles-Long Beach-Anaheim, CA","06","California","037","Los Angeles","34.19925","-118.53276"
"01/11/2025","AirNow","060371201","3","3.7","ug/m3 LC","21","Reseda","1","100.0000","88502","Acceptable PM2.5 AQI & Speciation Mass","","","31080","Los Angeles-Long Beach-Anaheim, CA","06","California","037","Los Angeles","34.19925","-118.53276"
"01/12/2025","AirNow","060371201","3","2.4","ug/m3 LC","13","Reseda","1","100.0000","88502","Acceptable PM2.5 AQI & Speciation Mass","","","31080","Los Angeles-Long Beach-Anaheim, CA","06","California","037","Los Angeles","34.19925","-118.53276"
"01/13/2025","AirNow","060371201","3","0.9","ug/m3 LC","5","Reseda","1","100.0000","88502","Acceptable PM2.5 AQI & Speciation Mass","","","31080","Los Angeles-Long Beach-Anaheim, CA","06","California","037","Los Angeles","34.19925","-118.53276"
"01/14/2025","AirNow","060371201","3","3","ug/m3 LC","17","Reseda","1","100.0000","88502","Acceptable PM2.5 AQI & Speciation Mass","","","31080","Los Angeles-Long Beach-Anaheim, CA","06","California","037","Los Angeles","34.19925","-118.53276"
"01/15/2025","AirNow","060371201","3","4.2","ug/m3 LC","23","Reseda","1","100.0000","88502","Acceptable PM2.5 AQI & Speciation Mass","","","31080","Los Angeles-Long Beach-Anaheim, CA","06","California","037","Los Angeles","34.19925","-118.53276"
"01/16/2025","AirNow","060371201","3","7.4","ug/m3 LC","41","Reseda","1","100.0000","88502","Acceptable PM2.5 AQI & Speciation Mass","","","31080","Los Angeles-Long Beach-Anaheim, CA","06","California","037","Los Angeles","34.19925","-118.53276"
"01/17/2025","AirNow","060371201","3","11.9","ug/m3 LC","56","Reseda","1","100.0000","88502","Acceptable PM2.5 AQI & Speciation Mass","","","31080","Los Angeles-Long Beach-Anaheim, CA","06","California","037","Los Angeles","34.19925","-118.53276"
"01/18/2025","AirNow","060371201","3","14.6","ug/m3 LC","61","Reseda","1","100.0000","88502","Acceptable PM2.5 AQI & Speciation Mass","","","31080","Los Angeles-Long Beach-Anaheim, CA","06","California","037","Los Angeles","34.19925","-118.53276"
"01/19/2025","AirNow","060371201","3","15.1","ug/m3 LC","62","Reseda","1","100.0000","88502","Acceptable PM2.5 AQI & Speciation Mass","","","31080","Los Angeles-Long Beach-Anaheim, CA","06","California","037","Los Angeles","34.19925","-118.53276"
"01/20/2025","AirNow","060371201","3","8.5","ug/m3 LC","47","Reseda","1","100.0000","88502","Acceptable PM2.5 AQI & Speciation Mass","","","31080","Los Angeles-Long Beach-Anaheim, CA","06","California","037","Los Angeles","34.19925","-118.53276"
"01/21/2025","AirNow","060371201","3","0.8","ug/m3 LC","4","Reseda","1","100.0000","88502","Acceptable PM2.5 AQI & Speciation Mass","","","31080","Los Angeles-Long Beach-Anaheim, CA","06","California","037","Los Angeles","34.19925","-118.53276"
"01/22/2025","AirNow","060371201","3","2.4","ug/m3 LC","13","Reseda","1","100.0000","88502","Acceptable PM2.5 AQI & Speciation Mass","","","31080","Los Angeles-Long Beach-Anaheim, CA","06","California","037","Los Angeles","34.19925","-118.53276"
"01/23/2025","AirNow","060371201","3","0.7","ug/m3 LC","4","Reseda","1","100.0000","88502","Acceptable PM2.5 AQI & Speciation Mass","","","31080","Los Angeles-Long Beach-Anaheim, CA","06","California","037","Los Angeles","34.19925","-118.53276"
"01/24/2025","AirNow","060371201","3","5.1","ug/m3 LC","28","Reseda","1","100.0000","88502","Acceptable PM2.5 AQI & Speciation Mass","","","31080","Los Angeles-Long Beach-Anaheim, CA","06","California","037","Los Angeles","34.19925","-118.53276"
"01/25/2025","AirNow","060371201","3","10.5","ug/m3 LC","54","Reseda","1","100.0000","88502","Acceptable PM2.5 AQI & Speciation Mass","","","31080","Los Angeles-Long Beach-Anaheim, CA","06","California","037","Los Angeles","34.19925","-118.53276"
"01/26/2025","AirNow","060371201","3","6.2","ug/m3 LC","34","Reseda","1","100.0000","88502","Acceptable PM2.5 AQI & Speciation Mass","","","31080","Los Angeles-Long Beach-Anaheim, CA","06","California","037","Los Angeles","34.19925","-118.53276"
"01/27/2025","AirNow","060371201","3","4.4","ug/m3 LC","24","Reseda","1","100.0000","88502","Acceptable PM2.5 AQI & Speciation Mass","","","31080","Los Angeles-Long Beach-Anaheim, CA","06","California","037","Los Angeles","34.19925","-118.53276"
"01/28/2025","AirNow","060371201","3","10.5","ug/m3 LC","54","Reseda","1","100.0000","88502","Acceptable PM2.5 AQI & Speciation Mass","","","31080","Los Angeles-Long Beach-Anaheim, CA","06","California","037","Los Angeles","34.19925","-118.53276"
"01/29/2025","AirNow","060371201","3","10.4","ug/m3 LC","53","Reseda","1","100.0000","88502","Acceptable PM2.5 AQI & Speciation Mass","","","31080","Los Angeles-Long Beach-Anaheim, CA","06","California","037","Los Angeles","34.19925","-118.53276"
"01/30/2025","AirNow","060371201","3","11.2","ug/m3 LC","55","Reseda","1","100.0000","88502","Acceptable PM2.5 AQI & Speciation Mass","","","31080","Los Angeles-Long Beach-Anaheim, CA","06","California","037","Los Angeles","34.19925","-118.53276"
"01/31/2025","AirNow","060371201","3","11.2","ug/m3 LC","55","Reseda","1","100.0000","88502","Acceptable PM2.5 AQI & Speciation Mass","","","31080","Los Angeles-Long Beach-Anaheim, CA","06","California","037","Los Angeles","34.19925","-118.53276"
"02/01/2025","AirNow","060371201","3","13.2","ug/m3 LC","59","Reseda","1","100.0000","88502","Acceptable PM2.5 AQI & Speciation Mass","","","31080","Los Angeles-Long Beach-Anaheim, CA","06","California","037","Los Angeles","34.19925","-118.53276"
"02/02/2025","AirNow","060371201","3","18.8","ug/m3 LC","69","Reseda","1","100.0000","88502","Acceptable PM2.5 AQI & Speciation Mass","","","31080","Los Angeles-Long Beach-Anaheim, CA","06","California","037","Los Angeles","34.19925","-118.53276"
"02/03/2025","AirNow","060371201","3","15.4","ug/m3 LC","63","Reseda","1","100.0000","88502","Acceptable PM2.5 AQI & Speciation Mass","","","31080","Los Angeles-Long Beach-Anaheim, CA","06","California","037","Los Angeles","34.19925","-118.53276"
"02/04/2025","AirNow","060371201","3","5.5","ug/m3 LC","31","Reseda","1","100.0000","88502","Acceptable PM2.5 AQI & Speciation Mass","","","31080","Los Angeles-Long Beach-Anaheim, CA","06","California","037","Los Angeles","34.19925","-118.53276"
"02/05/2025","AirNow","060371201","3","2.4","ug/m3 LC","13","Reseda","1","100.0000","88502","Acceptable PM2.5 AQI & Speciation Mass","","","31080","Los Angeles-Long Beach-Anaheim, CA","06","California","037","Los Angeles","34.19925","-118.53276"
"02/06/2025","AirNow","060371201","3","2.7","ug/m3 LC","15","Reseda","1","100.0000","88502","Acceptable PM2.5 AQI & Speciation Mass","","","31080","Los Angeles-Long Beach-Anaheim, CA","06","California","037","Los Angeles","34.19925","-118.53276"
"02/07/2025","AirNow","060371201","3","3.1","ug/m3 LC","17","Reseda","1","100.0000","88502","Acceptable PM2.5 AQI & Speciation Mass","","","31080","Los Angeles-Long Beach-Anaheim, CA","06","California","037","Los Angeles","34.19925","-118.53276"
"02/08/2025","AirNow","060371201","3","6.9","ug/m3 LC","38","Reseda","1","100.0000","88502","Acceptable PM2.5 AQI & Speciation Mass","","","31080","Los Angeles-Long Beach-Anaheim, CA","06","California","037","Los Angeles","34.19925","-118.53276"
"02/09/2025","AirNow","060371201","3","7.2","ug/m3 LC","40","Reseda","1","100.0000","88502","Acceptable PM2.5 AQI & Speciation Mass","","","31080","Los Angeles-Long Beach-Anaheim, CA","06","California","037","Los Angeles","34.19925","-118.53276"
"02/10/2025","AirNow","060371201","3","10","ug/m3 LC","53","Reseda","1","100.0000","88502","Acceptable PM2.5 AQI & Speciation Mass","","","31080","Los Angeles-Long Beach-Anaheim, CA","06","California","037","Los Angeles","34.19925","-118.53276"
"02/11/2025","AirNow","060371201","3","6.7","ug/m3 LC","37","Reseda","1","100.0000","88502","Acceptable PM2.5 AQI & Speciation Mass","","","31080","Los Angeles-Long Beach-Anaheim, CA","06","California","037","Los Angeles","34.19925","-118.53276"
"02/12/2025","AirNow","060371201","3","4.8","ug/m3 LC","27","Reseda","1","100.0000","88502","Acceptable PM2.5 AQI & Speciation Mass","","","31080","Los Angeles-Long Beach-Anaheim, CA","06","California","037","Los Angeles","34.19925","-118.53276"
"02/13/2025","AirNow","060371201","3","2.5","ug/m3 LC","14","Reseda","1","100.0000","88502","Acceptable PM2.5 AQI & Speciation Mass","","","31080","Los Angeles-Long Beach-Anaheim, CA","06","California","037","Los Angeles","34.19925","-118.53276"
"02/14/2025","AirNow","060371201","3","4","ug/m3 LC","22","Reseda","1","100.0000","88502","Acceptable PM2.5 AQI & Speciation Mass","","","31080","Los Angeles-Long Beach-Anaheim, CA","06","California","037","Los Angeles","34.19925","-118.53276"
"02/15/2025","AirNow","060371201","3","5.6","ug/m3 LC","31","Reseda","1","100.0000","88502","Acceptable PM2.5 AQI & Speciation Mass","","","31080","Los Angeles-Long Beach-Anaheim, CA","06","California","037","Los Angeles","34.19925","-118.53276"
"02/16/2025","AirNow","060371201","3","7.9","ug/m3 LC","44","Reseda","1","100.0000","88502","Acceptable PM2.5 AQI & Speciation Mass","","","31080","Los Angeles-Long Beach-Anaheim, CA","06","California","037","Los Angeles","34.19925","-118.53276"
"02/17/2025","AirNow","060371201","3","12.2","ug/m3 LC","57","Reseda","1","100.0000","88502","Acceptable PM2.5 AQI & Speciation Mass","","","31080","Los Angeles-Long Beach-Anaheim, CA","06","California","037","Los Angeles","34.19925","-118.53276"
"02/18/2025","AirNow","060371201","3","14.8","ug/m3 LC","62","Reseda","1","100.0000","88502","Acceptable PM2.5 AQI & Speciation Mass","","","31080","Los Angeles-Long Beach-Anaheim, CA","06","California","037","Los Angeles","34.19925","-118.53276"
"02/19/2025","AirNow","060371201","3","10.1","ug/m3 LC","53","Reseda","1","100.0000","88502","Acceptable PM2.5 AQI & Speciation Mass","","","31080","Los Angeles-Long Beach-Anaheim, CA","06","California","037","Los Angeles","34.19925","-118.53276"
"02/20/2025","AirNow","060371201","3","4.5","ug/m3 LC","25","Reseda","1","100.0000","88502","Acceptable PM2.5 AQI & Speciation Mass","","","31080","Los Angeles-Long Beach-Anaheim, CA","06","California","037","Los Angeles","34.19925","-118.53276"
"02/21/2025","AirNow","060371201","3","2.2","ug/m3 LC","12","Reseda","1","100.0000","88502","Acceptable PM2.5 AQI & Speciation Mass","","","31080","Los Angeles-Long Beach-Anaheim, CA","06","California","037","Los Angeles","34.19925","-118.53276"
"02/22/2025","AirNow","060371201","3","4.4","ug/m3 LC","24","Reseda","1","100.0000","88502","Acceptable PM2.5 AQI & Speciation Mass","","","31080","Los Angeles-Long Beach-Anaheim, CA","06","California","037","Los Angeles","34.19925","-118.53276"
"02/23/2025","AirNow","060371201","3","6.5","ug/m3 LC","36","Reseda","1","100.0000","88502","Acceptable PM2.5 AQI & Speciation Mass","","","31080","Los Angeles-Long Beach-Anaheim, CA","06","California","037","Los Angeles","34.19925","-118.53276"
"02/24/2025","AirNow","060371201","3","9.9","ug/m3 LC","52","Reseda","1","100.0000","88502","Acceptable PM2.5 AQI & Speciation Mass","","","31080","Los Angeles-Long Beach-Anaheim, CA","06","California","037","Los Angeles","34.19925","-118.53276"
"02/25/2025","AirNow","060371201","3","4.8","ug/m3 LC","27","Reseda","1","100.0000","88502","Acceptable PM2.5 AQI & Speciation Mass","","","31080","Los Angeles-Long Beach-Anaheim, CA","06","California","037","Los Angeles","34.19925","-118.53276"
"02/26/2025","AirNow","060371201","3","4.8","ug/m3 LC","27","Reseda","1","100.0000","88502","Acceptable PM2.5 AQI & Speciation Mass","","","31080","Los Angeles-Long Beach-Anaheim, CA","06","California","037","Los Angeles","34.19925","-118.53276"
"02/27/2025","AirNow","060371201","3","3.6","ug/m3 LC","20","Reseda","1","100.0000","88502","Acceptable PM2.5 AQI & Speciation Mass","","","31080","Los Angeles-Long Beach-Anaheim, CA","06","California","037","Los Angeles","34.19925","-118.53276"
"02/28/2025","AirNow","060371201","3","6.6","ug/m3 LC","37","Reseda","1","100.0000","88502","Acceptable PM2.5 AQI & Speciation Mass","","","31080","Los Angeles-Long Beach-Anaheim, CA","06","California","037","Los Angeles","34.19925","-118.53276"
"03/01/2025","AirNow","060371201","3","7.9","ug/m3 LC","44","Reseda","1","100.0000","88502","Acceptable PM2.5 AQI & Speciation Mass","","","31080","Los Angeles-Long Beach-Anaheim, CA","06","California","037","Los Angeles","34.19925","-118.53276"
"03/02/2025","AirNow","060371201","3","5.3","ug/m3 LC","29","Reseda","1","100.0000","88502","Acceptable PM2.5 AQI & Speciation Mass","","","31080","Los Angeles-Long Beach-Anaheim, CA","06","California","037","Los Angeles","34.19925","-118.53276"
"03/03/2025","AirNow","060371201","3","4","ug/m3 LC","22","Reseda","1","100.0000","88502","Acceptable PM2.5 AQI & Speciation Mass","","","31080","Los Angeles-Long Beach-Anaheim, CA","06","California","037","Los Angeles","34.19925","-118.53276"
"03/04/2025","AirNow","060371201","3","7.9","ug/m3 LC","44","Reseda","1","100.0000","88502","Acceptable PM2.5 AQI & Speciation Mass","","","31080","Los Angeles-Long Beach-Anaheim, CA","06","California","037","Los Angeles","34.19925","-118.53276"
"03/05/2025","AirNow","060371201","3","8.6","ug/m3 LC","48","Reseda","1","100.0000","88502","Acceptable PM2.5 AQI & Speciation Mass","","","31080","Los Angeles-Long Beach-Anaheim, CA","06","California","037","Los Angeles","34.19925","-118.53276"
"03/06/2025","AirNow","060371201","3","3.4","ug/m3 LC","19","Reseda","1","100.0000","88502","Acceptable PM2.5 AQI & Speciation Mass","","","31080","Los Angeles-Long Beach-Anaheim, CA","06","California","037","Los Angeles","34.19925","-118.53276"
"01/01/2025","AirNow","060371302","3","50.8","ug/m3 LC","139","Compton","1","100.0000","88101","PM2.5 - Local Conditions","","","31080","Los Angeles-Long Beach-Anaheim, CA","06","California","037","Los Angeles","33.9013890008739","-118.205"
"01/02/2025","AirNow","060371302","3","32.1","ug/m3 LC","94","Compton","1","100.0000","88101","PM2.5 - Local Conditions","","","31080","Los Angeles-Long Beach-Anaheim, CA","06","California","037","Los Angeles","33.9013890008739","-118.205"
"01/03/2025","AirNow","060371302","3","22","ug/m3 LC","75","Compton","1","100.0000","88101","PM2.5 - Local Conditions","","","31080","Los Angeles-Long Beach-Anaheim, CA","06","California","037","Los Angeles","33.9013890008739","-118.205"
"01/04/2025","AirNow","060371302","3","25.2","ug/m3 LC","81","Compton","1","100.0000","88101","PM2.5 - Local Conditions","","","31080","Los Angeles-Long Beach-Anaheim, CA","06","California","037","Los Angeles","33.9013890008739","-118.205"
"01/05/2025","AirNow","060371302","3","23.7","ug/m3 LC","78","Compton","1","100.0000","88101","PM2.5 - Local Conditions","","","31080","Los Angeles-Long Beach-Anaheim, CA","06","California","037","Los Angeles","33.9013890008739","-118.205"
"01/06/2025","AirNow","060371302","3","18.6","ug/m3 LC","69","Compton","1","100.0000","88101","PM2.5 - Local Conditions","","","31080","Los Angeles-Long Beach-Anaheim, CA","06","California","037","Los Angeles","33.9013890008739","-118.205"
"01/07/2025","AirNow","060371302","3","9.3","ug/m3 LC","51","Compton","1","100.0000","88101","PM2.5 - Local Conditions","","","31080","Los Angeles-Long Beach-Anaheim, CA","06","California","037","Los Angeles","33.9013890008739","-118.205"
"01/08/2025","AirNow","060371302","3","48.7","ug/m3 LC","134","Compton","1","100.0000","88101","PM2.5 - Local Conditions","","","31080","Los Angeles-Long Beach-Anaheim, CA","06","California","037","Los Angeles","33.9013890008739","-118.205"
"01/09/2025","AirNow","060371302","3","51.6","ug/m3 LC","141","Compton","1","100.0000","88101","PM2.5 - Local Conditions","","","31080","Los Angeles-Long Beach-Anaheim, CA","06","California","037","Los Angeles","33.9013890008739","-118.205"
"01/10/2025","AirNow","060371302","3","47.7","ug/m3 LC","131","Compton","1","100.0000","88101","PM2.5 - Local Conditions","","","31080","Los Angeles-Long Beach-Anaheim, CA","06","California","037","Los Angeles","33.9013890008739","-118.205"
"01/11/2025","AirNow","060371302","3","29.1","ug/m3 LC","88","Compton","1","100.0000","88101","PM2.5 - Local Conditions","","","31080","Los Angeles-Long Beach-Anaheim, CA","06","California","037","Los Angeles","33.9013890008739","-118.205"
"01/12/2025","AirNow","060371302","3","26.1","ug/m3 LC","83","Compton","1","100.0000","88101","PM2.5 - Local Conditions","","","31080","Los Angeles-Long Beach-Anaheim, CA","06","California","037","Los Angeles","33.9013890008739","-118.205"
"01/13/2025","AirNow","060371302","3","12.3","ug/m3 LC","57","Compton","1","100.0000","88101","PM2.5 - Local Conditions","","","31080","Los Angeles-Long Beach-Anaheim, CA","06","California","037","Los Angeles","33.9013890008739","-118.205"
"01/14/2025","AirNow","060371302","3","13.2","ug/m3 LC","59","Compton","1","100.0000","88101","PM2.5 - Local Conditions","","","31080","Los Angeles-Long Beach-Anaheim, CA","06","California","037","Los Angeles","33.9013890008739","-118.205"
"01/15/2025","AirNow","060371302","3","14.2","ug/m3 LC","61","Compton","1","100.0000","88101","PM2.5 - Local Conditions","","","31080","Los Angeles-Long Beach-Anaheim, CA","06","California","037","Los Angeles","33.9013890008739","-118.205"
"01/16/2025","AirNow","060371302","3","11.9","ug/m3 LC","56","Compton","1","100.0000","88101","PM2.5 - Local Conditions","","","31080","Los Angeles-Long Beach-Anaheim, CA","06","California","037","Los Angeles","33.9013890008739","-118.205"
"01/17/2025","AirNow","060371302","3","12.7","ug/m3 LC","58","Compton","1","100.0000","88101","PM2.5 - Local Conditions","","","31080","Los Angeles-Long Beach-Anaheim, CA","06","California","037","Los Angeles","33.9013890008739","-118.205"
"01/18/2025","AirNow","060371302","3","21.1","ug/m3 LC","73","Compton","1","100.0000","88101","PM2.5 - Local Conditions","","","31080","Los Angeles-Long Beach-Anaheim, CA","06","California","037","Los Angeles","33.9013890008739","-118.205"
"01/19/2025","AirNow","060371302","3","27.6","ug/m3 LC","85","Compton","1","100.0000","88101","PM2.5 - Local Conditions","","","31080","Los Angeles-Long Beach-Anaheim, CA","06","California","037","Los Angeles","33.9013890008739","-118.205"
"01/20/2025","AirNow","060371302","3","14.3","ug/m3 LC","61","Compton","1","100.0000","88101","PM2.5 - Local Conditions","","","31080","Los Angeles-Long Beach-Anaheim, CA","06","California","037","Los Angeles","33.9013890008739","-118.205"
"01/21/2025","AirNow","060371302","3","12.6","ug/m3 LC","58","Compton","1","100.0000","88101","PM2.5 - Local Conditions","","","31080","Los Angeles-Long Beach-Anaheim, CA","06","California","037","Los Angeles","33.9013890008739","-118.205"
"01/22/2025","AirNow","060371302","3","12.9","ug/m3 LC","58","Compton","1","100.0000","88101","PM2.5 - Local Conditions","","","31080","Los Angeles-Long Beach-Anaheim, CA","06","California","037","Los Angeles","33.9013890008739","-118.205"
"01/23/2025","AirNow","060371302","3","19.2","ug/m3 LC","70","Compton","1","100.0000","88101","PM2.5 - Local Conditions","","","31080","Los Angeles-Long Beach-Anaheim, CA","06","California","037","Los Angeles","33.9013890008739","-118.205"
"01/24/2025","AirNow","060371302","3","8.8","ug/m3 LC","49","Compton","1","100.0000","88101","PM2.5 - Local Conditions","","","31080","Los Angeles-Long Beach-Anaheim, CA","06","California","037","Los Angeles","33.9013890008739","-118.205"
"01/25/2025","AirNow","060371302","3","13","ug/m3 LC","58","Compton","1","100.0000","88101","PM2.5 - Local Conditions","","","31080","Los Angeles-Long Beach-Anaheim, CA","06","California","037","Los Angeles","33.9013890008739","-118.205"
"01/26/2025","AirNow","060371302","3","5.1","ug/m3 LC","28","Compton","1","100.0000","88101","PM2.5 - Local Conditions","","","31080","Los Angeles-Long Beach-Anaheim, CA","06","California","037","Los Angeles","33.9013890008739","-118.205"
"01/27/2025","AirNow","060371302","3","6.4","ug/m3 LC","36","Compton","1","100.0000","88101","PM2.5 - Local Conditions","","","31080","Los Angeles-Long Beach-Anaheim, CA","06","California","037","Los Angeles","33.9013890008739","-118.205"
"01/28/2025","AirNow","060371302","3","12.5","ug/m3 LC","57","Compton","1","100.0000","88101","PM2.5 - Local Conditions","","","31080","Los Angeles-Long Beach-Anaheim, CA","06","California","037","Los Angeles","33.9013890008739","-118.205"
"01/29/2025","AirNow","060371302","3","12.6","ug/m3 LC","58","Compton","1","100.0000","88101","PM2.5 - Local Conditions","","","31080","Los Angeles-Long Beach-Anaheim, CA","06","California","037","Los Angeles","33.9013890008739","-118.205"
"01/30/2025","AirNow","060371302","3","14.2","ug/m3 LC","61","Compton","1","100.0000","88101","PM2.5 - Local Conditions","","","31080","Los Angeles-Long Beach-Anaheim, CA","06","California","037","Los Angeles","33.9013890008739","-118.205"
"01/31/2025","AirNow","060371302","3","17.5","ug/m3 LC","67","Compton","1","100.0000","88101","PM2.5 - Local Conditions","","","31080","Los Angeles-Long Beach-Anaheim, CA","06","California","037","Los Angeles","33.9013890008739","-118.205"
"02/01/2025","AirNow","060371302","3","18.9","ug/m3 LC","69","Compton","1","100.0000","88101","PM2.5 - Local Conditions","","","31080","Los Angeles-Long Beach-Anaheim, CA","06","California","037","Los Angeles","33.9013890008739","-118.205"
"02/02/2025","AirNow","060371302","3","24.1","ug/m3 LC","79","Compton","1","100.0000","88101","PM2.5 - Local Conditions","","","31080","Los Angeles-Long Beach-Anaheim, CA","06","California","037","Los Angeles","33.9013890008739","-118.205"
"02/03/2025","AirNow","060371302","3","11.5","ug/m3 LC","55","Compton","1","100.0000","88101","PM2.5 - Local Conditions","","","31080","Los Angeles-Long Beach-Anaheim, CA","06","California","037","Los Angeles","33.9013890008739","-118.205"
"02/04/2025","AirNow","060371302","3","5.8","ug/m3 LC","32","Compton","1","100.0000","88101","PM2.5 - Local Conditions","","","31080","Los Angeles-Long Beach-Anaheim, CA","06","California","037","Los Angeles","33.9013890008739","-118.205"
"02/05/2025","AirNow","060371302","3","3.4","ug/m3 LC","19","Compton","1","100.0000","88101","PM2.5 - Local Conditions","","","31080","Los Angeles-Long Beach-Anaheim, CA","06","California","037","Los Angeles","33.9013890008739","-118.205"
"02/06/2025","AirNow","060371302","3","0","ug/m3 LC","0","Compton","1","100.0000","88101","PM2.5 - Local Conditions","","","31080","Los Angeles-Long Beach-Anaheim, CA","06","California","037","Los Angeles","33.9013890008739","-118.205"
"02/07/2025","AirNow","060371302","3","1.3","ug/m3 LC","7","Compton","1","100.0000","88101","PM2.5 - Local Conditions","","","31080","Los Angeles-Long Beach-Anaheim, CA","06","California","037","Los Angeles","33.9013890008739","-118.205"
"02/08/2025","AirNow","060371302","3","10.6","ug/m3 LC","54","Compton","1","100.0000","88101","PM2.5 - Local Conditions","","","31080","Los Angeles-Long Beach-Anaheim, CA","06","California","037","Los Angeles","33.9013890008739","-118.205"
"02/09/2025","AirNow","060371302","3","16.2","ug/m3 LC","64","Compton","1","100.0000","88101","PM2.5 - Local Conditions","","","31080","Los Angeles-Long Beach-Anaheim, CA","06","California","037","Los Angeles","33.9013890008739","-118.205"
"02/10/2025","AirNow","060371302","3","10.4","ug/m3 LC","53","Compton","1","100.0000","88101","PM2.5 - Local Conditions","","","31080","Los Angeles-Long Beach-Anaheim, CA","06","California","037","Los Angeles","33.9013890008739","-118.205"
"02/11/2025","AirNow","060371302","3","5.8","ug/m3 LC","32","Compton","1","100.0000","88101","PM2.5 - Local Conditions","","","31080","Los Angeles-Long Beach-Anaheim, CA","06","California","037","Los Angeles","33.9013890008739","-118.205"
"02/12/2025","AirNow","060371302","3","3.7","ug/m3 LC","21","Compton","1","100.0000","88101","PM2.5 - Local Conditions","","","31080","Los Angeles-Long Beach-Anaheim, CA","06","California","037","Los Angeles","33.9013890008739","-118.205"
"02/13/2025","AirNow","060371302","3","0.3","ug/m3 LC","2","Compton","1","100.0000","88101","PM2.5 - Local Conditions","","","31080","Los Angeles-Long Beach-Anaheim, CA","06","California","037","Los Angeles","33.9013890008739","-118.205"
"02/14/2025","AirNow","060371302","3","5.4","ug/m3 LC","30","Compton","1","100.0000","88101","PM2.5 - Local Conditions","","","31080","Los Angeles-Long Beach-Anaheim, CA","06","California","037","Los Angeles","33.9013890008739","-118.205"
"02/15/2025","AirNow","060371302","3","11.3","ug/m3 LC","55","Compton","1","100.0000","88101","PM2.5 - Local Conditions","","","31080","Los Angeles-Long Beach-Anaheim, CA","06","California","037","Los Angeles","33.9013890008739","-118.205"
"02/16/2025","AirNow","060371302","3","16.3","ug/m3 LC","64","Compton","1","100.0000","88101","PM2.5 - Local Conditions","","","31080","Los Angeles-Long Beach-Anaheim, CA","06","California","037","Los Angeles","33.9013890008739","-118.205"
"02/17/2025","AirNow","060371302","3","13.7","ug/m3 LC","60","Compton","1","100.0000","88101","PM2.5 - Local Conditions","","","31080","Los Angeles-Long Beach-Anaheim, CA","06","California","037","Los Angeles","33.9013890008739","-118.205"
"02/18/2025","AirNow","060371302","3","8.2","ug/m3 LC","46","Compton","1","100.0000","88101","PM2.5 - Local Conditions","","","31080","Los Angeles-Long Beach-Anaheim, CA","06","California","037","Los Angeles","33.9013890008739","-118.205"
"02/19/2025","AirNow","060371302","3","17.2","ug/m3 LC","66","Compton","1","100.0000","88101","PM2.5 - Local Conditions","","","31080","Los Angeles-Long Beach-Anaheim, CA","06","California","037","Los Angeles","33.9013890008739","-118.205"
"02/20/2025","AirNow","060371302","3","13.1","ug/m3 LC","58","Compton","1","100.0000","88101","PM2.5 - Local Conditions","","","31080","Los Angeles-Long Beach-Anaheim, CA","06","California","037","Los Angeles","33.9013890008739","-118.205"
"02/21/2025","AirNow","060371302","3","15.7","ug/m3 LC","63","Compton","1","100.0000","88101","PM2.5 - Local Conditions","","","31080","Los Angeles-Long Beach-Anaheim, CA","06","California","037","Los Angeles","33.9013890008739","-118.205"
"02/22/2025","AirNow","060371302","3","17.7","ug/m3 LC","67","Compton","1","100.0000","88101","PM2.5 - Local Conditions","","","31080","Los Angeles-Long Beach-Anaheim, CA","06","California","037","Los Angeles","33.9013890008739","-118.205"
"02/23/2025","AirNow","060371302","3","24.2","ug/m3 LC","79","Compton","1","100.0000","88101","PM2.5 - Local Conditions","","","31080","Los Angeles-Long Beach-Anaheim, CA","06","California","037","Los Angeles","33.9013890008739","-118.205"
"02/24/2025","AirNow","060371302","3","19.8","ug/m3 LC","71","Compton","1","100.0000","88101","PM2.5 - Local Conditions","","","31080","Los Angeles-Long Beach-Anaheim, CA","06","California","037","Los Angeles","33.9013890008739","-118.205"
"02/25/2025","AirNow","060371302","3","9","ug/m3 LC","50","Compton","1","100.0000","88101","PM2.5 - Local Conditions","","","31080","Los Angeles-Long Beach-Anaheim, CA","06","California","037","Los Angeles","33.9013890008739","-118.205"
"02/26/2025","AirNow","060371302","3","17.2","ug/m3 LC","66","Compton","1","100.0000","88101","PM2.5 - Local Conditions","","","31080","Los Angeles-Long Beach-Anaheim, CA","06","California","037","Los Angeles","33.9013890008739","-118.205"
"02/27/2025","AirNow","060371302","3","13.2","ug/m3 LC","59","Compton","1","100.0000","88101","PM2.5 - Local Conditions","","","31080","Los Angeles-Long Beach-Anaheim, CA","06","California","037","Los Angeles","33.9013890008739","-118.205"
"02/28/2025","AirNow","060371302","3","8.5","ug/m3 LC","47","Compton","1","100.0000","88101","PM2.5 - Local Conditions","","","31080","Los Angeles-Long Beach-Anaheim, CA","06","California","037","Los Angeles","33.9013890008739","-118.205"
"03/01/2025","AirNow","060371302","3","6","ug/m3 LC","33","Compton","1","100.0000","88101","PM2.5 - Local Conditions","","","31080","Los Angeles-Long Beach-Anaheim, CA","06","California","037","Los Angeles","33.9013890008739","-118.205"
"03/02/2025","AirNow","060371302","3","5.7","ug/m3 LC","32","Compton","1","100.0000","88101","PM2.5 - Local Conditions","","","31080","Los Angeles-Long Beach-Anaheim, CA","06","California","037","Los Angeles","33.9013890008739","-118.205"
"03/03/2025","AirNow","060371302","3","4.9","ug/m3 LC","27","Compton","1","100.0000","88101","PM2.5 - Local Conditions","","","31080","Los Angeles-Long Beach-Anaheim, CA","06","California","037","Los Angeles","33.9013890008739","-118.205"
"03/04/2025","AirNow","060371302","3","5.7","ug/m3 LC","32","Compton","1","100.0000","88101","PM2.5 - Local Conditions","","","31080","Los Angeles-Long Beach-Anaheim, CA","06","California","037","Los Angeles","33.9013890008739","-118.205"
"03/05/2025","AirNow","060371302","3","6.9","ug/m3 LC","38","Compton","1","100.0000","88101","PM2.5 - Local Conditions","","","31080","Los Angeles-Long Beach-Anaheim, CA","06","California","037","Los Angeles","33.9013890008739","-118.205"
"03/06/2025","AirNow","060371302","3","3.1","ug/m3 LC","17","Compton","1","100.0000","88101","PM2.5 - Local Conditions","","","31080","Los Angeles-Long Beach-Anaheim, CA","06","California","037","Los Angeles","33.9013890008739","-118.205"
"01/01/2025","AirNow","060374008","3","40.3","ug/m3 LC","113","Long Beach-Route 710 Near Road","1","100.0000","88101","PM2.5 - Local Conditions","","","31080","Los Angeles-Long Beach-Anaheim, CA","06","California","037","Los Angeles","33.8596620008734","-118.200707"
"01/02/2025","AirNow","060374008","3","30","ug/m3 LC","90","Long Beach-Route 710 Near Road","1","100.0000","88101","PM2.5 - Local Conditions","","","31080","Los Angeles-Long Beach-Anaheim, CA","06","California","037","Los Angeles","33.8596620008734","-118.200707"
"01/03/2025","AirNow","060374008","3","22.7","ug/m3 LC","76","Long Beach-Route 710 Near Road","1","100.0000","88101","PM2.5 - Local Conditions","","","31080","Los Angeles-Long Beach-Anaheim, CA","06","California","037","Los Angeles","33.8596620008734","-118.200707"
"01/04/2025","AirNow","060374008","3","21.2","ug/m3 LC","74","Long Beach-Route 710 Near Road","1","100.0000","88101","PM2.5 - Local Conditions","","","31080","Los Angeles-Long Beach-Anaheim, CA","06","California","037","Los Angeles","33.8596620008734","-118.200707"
"01/05/2025","AirNow","060374008","3","23","ug/m3 LC","77","Long Beach-Route 710 Near Road","1","100.0000","88101","PM2.5 - Local Conditions","","","31080","Los Angeles-Long Beach-Anaheim, CA","06","California","037","Los Angeles","33.8596620008734","-118.200707"
"01/06/2025","AirNow","060374008","3","20","ug/m3 LC","71","Long Beach-Route 710 Near Road","1","100.0000","88101","PM2.5 - Local Conditions","","","31080","Los Angeles-Long Beach-Anaheim, CA","06","California","037","Los Angeles","33.8596620008734","-118.200707"
"01/07/2025","AirNow","060374008","3","11.8","ug/m3 LC","56","Long Beach-Route 710 Near Road","1","100.0000","88101","PM2.5 - Local Conditions","","","31080","Los Angeles-Long Beach-Anaheim, CA","06","California","037","Los Angeles","33.8596620008734","-118.200707"
"01/08/2025","AirNow","060374008","3","42.1","ug/m3 LC","117","Long Beach-Route 710 Near Road","1","100.0000","88101","PM2.5 - Local Conditions","","","31080","Los Angeles-Long Beach-Anaheim, CA","06","California","037","Los Angeles","33.8596620008734","-118.200707"
"01/09/2025","AirNow","060374008","3","45.4","ug/m3 LC","125","Long Beach-Route 710 Near Road","1","100.0000","88101","PM2.5 - Local Conditions","","","31080","Los Angeles-Long Beach-Anaheim, CA","06","California","037","Los Angeles","33.8596620008734","-118.200707"
"01/10/2025","AirNow","060374008","3","41.7","ug/m3 LC","116","Long Beach-Route 710 Near Road","1","100.0000","88101","PM2.5 - Local Conditions","","","31080","Los Angeles-Long Beach-Anaheim, CA","06","California","037","Los Angeles","33.8596620008734","-118.200707"
"01/11/2025","AirNow","060374008","3","23.4","ug/m3 LC","78","Long Beach-Route 710 Near Road","1","100.0000","88101","PM2.5 - Local Conditions","","","31080","Los Angeles-Long Beach-Anaheim, CA","06","California","037","Los Angeles","33.8596620008734","-118.200707"
"01/12/2025","AirNow","060374008","3","22.3","ug/m3 LC","76","Long Beach-Route 710 Near Road","1","100.0000","88101","PM2.5 - Local Conditions","","","31080","Los Angeles-Long Beach-Anaheim, CA","06","California","037","Los Angeles","33.8596620008734","-118.200707"
"01/13/2025","AirNow","060374008","3","13","ug/m3 LC","58","Long Beach-Route 710 Near Road","1","100.0000","88101","PM2.5 - Local Conditions","","","31080","Los Angeles-Long Beach-Anaheim, CA","06","California","037","Los Angeles","33.8596620008734","-118.200707"
"01/14/2025","AirNow","060374008","3","15.8","ug/m3 LC","63","Long Beach-Route 710 Near Road","1","100.0000","88101","PM2.5 - Local Conditions","","","31080","Los Angeles-Long Beach-Anaheim, CA","06","California","037","Los Angeles","33.8596620008734","-118.200707"
"01/15/2025","AirNow","060374008","3","16.8","ug/m3 LC","65","Long Beach-Route 710 Near Road","1","100.0000","88101","PM2.5 - Local Conditions","","","31080","Los Angeles-Long Beach-Anaheim, CA","06","California","037","Los Angeles","33.8596620008734","-118.200707"
"01/16/2025","AirNow","060374008","3","15.3","ug/m3 LC","63","Long Beach-Route 710 Near Road","1","100.0000","88101","PM2.5 - Local Conditions","","","31080","Los Angeles-Long Beach-Anaheim, CA","06","California","037","Los Angeles","33.8596620008734","-118.200707"
"01/17/2025","AirNow","060374008","3","13.4","ug/m3 LC","59","Long Beach-Route 710 Near Road","1","100.0000","88101","PM2.5 - Local Conditions","","","31080","Los Angeles-Long Beach-Anaheim, CA","06","California","037","Los Angeles","33.8596620008734","-118.200707"
"01/18/2025","AirNow","060374008","3","18.2","ug/m3 LC","68","Long Beach-Route 710 Near Road","1","100.0000","88101","PM2.5 - Local Conditions","","","31080","Los Angeles-Long Beach-Anaheim, CA","06","California","037","Los Angeles","33.8596620008734","-118.200707"
"01/19/2025","AirNow","060374008","3","26.1","ug/m3 LC","83","Long Beach-Route 710 Near Road","1","100.0000","88101","PM2.5 - Local Conditions","","","31080","Los Angeles-Long Beach-Anaheim, CA","06","California","037","Los Angeles","33.8596620008734","-118.200707"
"01/20/2025","AirNow","060374008","3","13.7","ug/m3 LC","60","Long Beach-Route 710 Near Road","1","100.0000","88101","PM2.5 - Local Conditions","","","31080","Los Angeles-Long Beach-Anaheim, CA","06","California","037","Los Angeles","33.8596620008734","-118.200707"
"01/21/2025","AirNow","060374008","3","13.3","ug/m3 LC","59","Long Beach-Route 710 Near Road","1","100.0000","88101","PM2.5 - Local Conditions","","","31080","Los Angeles-Long Beach-Anaheim, CA","06","California","037","Los Angeles","33.8596620008734","-118.200707"
"01/22/2025","AirNow","060374008","3","15.6","ug/m3 LC","63","Long Beach-Route 710 Near Road","1","100.0000","88101","PM2.5 - Local Conditions","","","31080","Los Angeles-Long Beach-Anaheim, CA","06","California","037","Los Angeles","33.8596620008734","-118.200707"
"01/23/2025","AirNow","060374008","3","17.6","ug/m3 LC","67","Long Beach-Route 710 Near Road","1","100.0000","88101","PM2.5 - Local Conditions","","","31080","Los Angeles-Long Beach-Anaheim, CA","06","California","037","Los Angeles","33.8596620008734","-118.200707"
"01/24/2025","AirNow","060374008","3","8.1","ug/m3 LC","45","Long Beach-Route 710 Near Road","1","100.0000","88101","PM2.5 - Local Conditions","","","31080","Los Angeles-Long Beach-Anaheim, CA","06","California","037","Los Angeles","33.8596620008734","-118.200707"
"01/25/2025","AirNow","060374008","3","12.8","ug/m3 LC","58","Long Beach-Route 710 Near Road","1","100.0000","88101","PM2.5 - Local Conditions","","","31080","Los Angeles-Long Beach-Anaheim, CA","06","California","037","Los Angeles","33.8596620008734","-118.200707"
"01/26/2025","AirNow","060374008","3","5.6","ug/m3 LC","31","Long Beach-Route 710 Near Road","1","100.0000","88101","PM2.5 - Local Conditions","","","31080","Los Angeles-Long Beach-Anaheim, CA","06","California","037","Los Angeles","33.8596620008734","-118.200707"
"01/27/2025","AirNow","060374008","3","6.7","ug/m3 LC","37","Long Beach-Route 710 Near Road","1","100.0000","88101","PM2.5 - Local Conditions","","","31080","Los Angeles-Long Beach-Anaheim, CA","06","California","037","Los Angeles","33.8596620008734","-118.200707"
"01/28/2025","AirNow","060374008","3","13.7","ug/m3 LC","60","Long Beach-Route 710 Near Road","1","100.0000","88101","PM2.5 - Local Conditions","","","31080","Los Angeles-Long Beach-Anaheim, CA","06","California","037","Los Angeles","33.8596620008734","-118.200707"
"01/29/2025","AirNow","060374008","3","13.3","ug/m3 LC","59","Long Beach-Route 710 Near Road","1","100.0000","88101","PM2.5 - Local Conditions","","","31080","Los Angeles-Long Beach-Anaheim, CA","06","California","037","Los Angeles","33.8596620008734","-118.200707"
"01/30/2025","AirNow","060374008","3","14.4","ug/m3 LC","61","Long Beach-Route 710 Near Road","1","100.0000","88101","PM2.5 - Local Conditions","","","31080","Los Angeles-Long Beach-Anaheim, CA","06","California","037","Los Angeles","33.8596620008734","-118.200707"
"01/31/2025","AirNow","060374008","3","20.4","ug/m3 LC","72","Long Beach-Route 710 Near Road","1","100.0000","88101","PM2.5 - Local Conditions","","","31080","Los Angeles-Long Beach-Anaheim, CA","06","California","037","Los Angeles","33.8596620008734","-118.200707"
"02/01/2025","AirNow","060374008","3","20.6","ug/m3 LC","72","Long Beach-Route 710 Near Road","1","100.0000","88101","PM2.5 - Local Conditions","","","31080","Los Angeles-Long Beach-Anaheim, CA","06","California","037","Los Angeles","33.8596620008734","-118.200707"
"02/02/2025","AirNow","060374008","3","18.9","ug/m3 LC","69","Long Beach-Route 710 Near Road","1","100.0000","88101","PM2.5 - Local Conditions","","","31080","Los Angeles-Long Beach-Anaheim, CA","06","California","037","Los Angeles","33.8596620008734","-118.200707"
"02/03/2025","AirNow","060374008","3","11.1","ug/m3 LC","55","Long Beach-Route 710 Near Road","1","100.0000","88101","PM2.5 - Local Conditions","","","31080","Los Angeles-Long Beach-Anaheim, CA","06","California","037","Los Angeles","33.8596620008734","-118.200707"
"02/04/2025","AirNow","060374008","3","7.6","ug/m3 LC","42","Long Beach-Route 710 Near Road","1","100.0000","88101","PM2.5 - Local Conditions","","","31080","Los Angeles-Long Beach-Anaheim, CA","06","California","037","Los Angeles","33.8596620008734","-118.200707"
"02/05/2025","AirNow","060374008","3","5.8","ug/m3 LC","32","Long Beach-Route 710 Near Road","1","100.0000","88101","PM2.5 - Local Conditions","","","31080","Los Angeles-Long Beach-Anaheim, CA","06","California","037","Los Angeles","33.8596620008734","-118.200707"
"02/06/2025","AirNow","060374008","3","1.5","ug/m3 LC","8","Long Beach-Route 710 Near Road","1","100.0000","88101","PM2.5 - Local Conditions","","","31080","Los Angeles-Long Beach-Anaheim, CA","06","California","037","Los Angeles","33.8596620008734","-118.200707"
"02/15/2025","AirNow","060374008","3","10.6","ug/m3 LC","54","Long Beach-Route 710 Near Road","1","100.0000","88101","PM2.5 - Local Conditions","","","31080","Los Angeles-Long Beach-Anaheim, CA","06","California","037","Los Angeles","33.8596620008734","-118.200707"
"02/16/2025","AirNow","060374008","3","15.5","ug/m3 LC","63","Long Beach-Route 710 Near Road","1","100.0000","88101","PM2.5 - Local Conditions","","","31080","Los Angeles-Long Beach-Anaheim, CA","06","California","037","Los Angeles","33.8596620008734","-118.200707"
"02/17/2025","AirNow","060374008","3","14","ug/m3 LC","60","Long Beach-Route 710 Near Road","1","100.0000","88101","PM2.5 - Local Conditions","","","31080","Los Angeles-Long Beach-Anaheim, CA","06","California","037","Los Angeles","33.8596620008734","-118.200707"
"02/18/2025","AirNow","060374008","3","8.6","ug/m3 LC","48","Long Beach-Route 710 Near Road","1","100.0000","88101","PM2.5 - Local Conditions","","","31080","Los Angeles-Long Beach-Anaheim, CA","06","California","037","Los Angeles","33.8596620008734","-118.200707"
"02/19/2025","AirNow","060374008","3","18.8","ug/m3 LC","69","Long Beach-Route 710 Near Road","1","100.0000","88101","PM2.5 - Local Conditions","","","31080","Los Angeles-Long Beach-Anaheim, CA","06","California","037","Los Angeles","33.8596620008734","-118.200707"
"02/20/2025","AirNow","060374008","3","11.2","ug/m3 LC","55","Long Beach-Route 710 Near Road","1","100.0000","88101","PM2.5 - Local Conditions","","","31080","Los Angeles-Long Beach-Anaheim, CA","06","California","037","Los Angeles","33.8596620008734","-118.200707"
"02/21/2025","AirNow","060374008","3","12.7","ug/m3 LC","58","Long Beach-Route 710 Near Road","1","100.0000","88101","PM2.5 - Local Conditions","","","31080","Los Angeles-Long Beach-Anaheim, CA","06","California","037","Los Angeles","33.8596620008734","-118.200707"
"02/22/2025","AirNow","060374008","3","15.5","ug/m3 LC","63","Long Beach-Route 710 Near Road","1","100.0000","88101","PM2.5 - Local Conditions","","","31080","Los Angeles-Long Beach-Anaheim, CA","06","California","037","Los Angeles","33.8596620008734","-118.200707"
"02/23/2025","AirNow","060374008","3","21","ug/m3 LC","73","Long Beach-Route 710 Near Road","1","100.0000","88101","PM2.5 - Local Conditions","","","31080","Los Angeles-Long Beach-Anaheim, CA","06","California","037","Los Angeles","33.8596620008734","-118.200707"
"02/24/2025","AirNow","060374008","3","19.8","ug/m3 LC","71","Long Beach-Route 710 Near Road","1","100.0000","88101","PM2.5 - Local Conditions","","","31080","Los Angeles-Long Beach-Anaheim, CA","06","California","037","Los Angeles","33.8596620008734","-118.200707"
"02/25/2025","AirNow","060374008","3","9.2","ug/m3 LC","51","Long Beach-Route 710 Near Road","1","100.0000","88101","PM2.5 - Local Conditions","","","31080","Los Angeles-Long Beach-Anaheim, CA","06","California","037","Los Angeles","33.8596620008734","-118.200707"
"02/26/2025","AirNow","060374008","3","14.7","ug/m3 LC","61","Long Beach-Route 710 Near Road","1","100.0000","88101","PM2.5 - Local Conditions","","","31080","Los Angeles-Long Beach-Anaheim, CA","06","California","037","Los Angeles","33.8596620008734","-118.200707"
"02/27/2025","AirNow","060374008","3","14","ug/m3 LC","60","Long Beach-Route 710 Near Road","1","100.0000","88101","PM2.5 - Local Conditions","","","31080","Los Angeles-Long Beach-Anaheim, CA","06","California","037","Los Angeles","33.8596620008734","-118.200707"
"02/28/2025","AirNow","060374008","3","9.5","ug/m3 LC","52","Long Beach-Route 710 Near Road","1","100.0000","88101","PM2.5 - Local Conditions","","","31080","Los Angeles-Long Beach-Anaheim, CA","06","California","037","Los Angeles","33.8596620008734","-118.200707"
"03/01/2025","AirNow","060374008","3","6.3","ug/m3 LC","35","Long Beach-Route 710 Near Road","1","100.0000","88101","PM2.5 - Local Conditions","","","31080","Los Angeles-Long Beach-Anaheim, CA","06","California","037","Los Angeles","33.8596620008734","-118.200707"
"03/02/2025","AirNow","060374008","3","6.2","ug/m3 LC","34","Long Beach-Route 710 Near Road","1","100.0000","88101","PM2.5 - Local Conditions","","","31080","Los Angeles-Long Beach-Anaheim, CA","06","California","037","Los Angeles","33.8596620008734","-118.200707"
"03/03/2025","AirNow","060374008","3","6.5","ug/m3 LC","36","Long Beach-Route 710 Near Road","1","100.0000","88101","PM2.5 - Local Conditions","","","31080","Los Angeles-Long Beach-Anaheim, CA","06","California","037","Los Angeles","33.8596620008734","-118.200707"
"03/04/2025","AirNow","060374008","3","6.9","ug/m3 LC","38","Long Beach-Route 710 Near Road","1","100.0000","88101","PM2.5 - Local Conditions","","","31080","Los Angeles-Long Beach-Anaheim, CA","06","California","037","Los Angeles","33.8596620008734","-118.200707"
"03/05/2025","AirNow","060374008","3","7.4","ug/m3 LC","41","Long Beach-Route 710 Near Road","1","100.0000","88101","PM2.5 - Local Conditions","","","31080","Los Angeles-Long Beach-Anaheim, CA","06","California","037","Los Angeles","33.8596620008734","-118.200707"
"03/06/2025","AirNow","060374008","3","4.2","ug/m3 LC","23","Long Beach-Route 710 Near Road","1","100.0000","88101","PM2.5 - Local Conditions","","","31080","Los Angeles-Long Beach-Anaheim, CA","06","California","037","Los Angeles","33.8596620008734","-118.200707"
"01/01/2025","AirNow","060374009","3","43.9","ug/m3 LC","122","Signal Hill (LBSH)","1","100.0000","88101","PM2.5 - Local Conditions","","","31080","Los Angeles-Long Beach-Anaheim, CA","06","California","037","Los Angeles","33.7937130008725","-118.171019"
"01/02/2025","AirNow","060374009","3","29.8","ug/m3 LC","90","Signal Hill (LBSH)","1","100.0000","88101","PM2.5 - Local Conditions","","","31080","Los Angeles-Long Beach-Anaheim, CA","06","California","037","Los Angeles","33.7937130008725","-118.171019"
"01/03/2025","AirNow","060374009","3","21.8","ug/m3 LC","75","Signal Hill (LBSH)","1","100.0000","88101","PM2.5 - Local Conditions","","","31080","Los Angeles-Long Beach-Anaheim, CA","06","California","037","Los Angeles","33.7937130008725","-118.171019"
"01/04/2025","AirNow","060374009","3","17.2","ug/m3 LC","66","Signal Hill (LBSH)","1","100.0000","88101","PM2.5 - Local Conditions","","","31080","Los Angeles-Long Beach-Anaheim, CA","06","California","037","Los Angeles","33.7937130008725","-118.171019"
"01/05/2025","AirNow","060374009","3","23.2","ug/m3 LC","77","Signal Hill (LBSH)","1","100.0000","88101","PM2.5 - Local Conditions","","","31080","Los Angeles-Long Beach-Anaheim, CA","06","California","037","Los Angeles","33.7937130008725","-118.171019"
"01/06/2025","AirNow","060374009","3","19.7","ug/m3 LC","71","Signal Hill (LBSH)","1","100.0000","88101","PM2.5 - Local Conditions","","","31080","Los Angeles-Long Beach-Anaheim, CA","06","California","037","Los Angeles","33.7937130008725","-118.171019"
"01/07/2025","AirNow","060374009","3","9.8","ug/m3 LC","52","Signal Hill (LBSH)","1","100.0000","88101","PM2.5 - Local Conditions","","","31080","Los Angeles-Long Beach-Anaheim, CA","06","California","037","Los Angeles","33.7937130008725","-118.171019"
"01/08/2025","AirNow","060374009","3","20.6","ug/m3 LC","72","Signal Hill (LBSH)","1","100.0000","88101","PM2.5 - Local Conditions","","","31080","Los Angeles-Long Beach-Anaheim, CA","06","California","037","Los Angeles","33.7937130008725","-118.171019"
"01/09/2025","AirNow","060374009","3","36.2","ug/m3 LC","103","Signal Hill (LBSH)","1","100.0000","88101","PM2.5 - Local Conditions","","","31080","Los Angeles-Long Beach-Anaheim, CA","06","California","037","Los Angeles","33.7937130008725","-118.171019"
"01/10/2025","AirNow","060374009","3","30.1","ug/m3 LC","90","Signal Hill (LBSH)","1","100.0000","88101","PM2.5 - Local Conditions","","","31080","Los Angeles-Long Beach-Anaheim, CA","06","California","037","Los Angeles","33.7937130008725","-118.171019"
"01/11/2025","AirNow","060374009","3","16.3","ug/m3 LC","64","Signal Hill (LBSH)","1","100.0000","88101","PM2.5 - Local Conditions","","","31080","Los Angeles-Long Beach-Anaheim, CA","06","California","037","Los Angeles","33.7937130008725","-118.171019"
"01/15/2025","AirNow","060374009","3","12.3","ug/m3 LC","57","Signal Hill (LBSH)","1","100.0000","88101","PM2.5 - Local Conditions","","","31080","Los Angeles-Long Beach-Anaheim, CA","06","California","037","Los Angeles","33.7937130008725","-118.171019"
"01/16/2025","AirNow","060374009","3","12.1","ug/m3 LC","57","Signal Hill (LBSH)","1","100.0000","88101","PM2.5 - Local Conditions","","","31080","Los Angeles-Long Beach-Anaheim, CA","06","California","037","Los Angeles","33.7937130008725","-118.171019"
"01/17/2025","AirNow","060374009","3","10.8","ug/m3 LC","54","Signal Hill (LBSH)","1","100.0000","88101","PM2.5 - Local Conditions","","","31080","Los Angeles-Long Beach-Anaheim, CA","06","California","037","Los Angeles","33.7937130008725","-118.171019"
"01/18/2025","AirNow","060374009","3","14.9","ug/m3 LC","62","Signal Hill (LBSH)","1","100.0000","88101","PM2.5 - Local Conditions","","","31080","Los Angeles-Long Beach-Anaheim, CA","06","California","037","Los Angeles","33.7937130008725","-118.171019"
"01/19/2025","AirNow","060374009","3","20.9","ug/m3 LC","73","Signal Hill (LBSH)","1","100.0000","88101","PM2.5 - Local Conditions","","","31080","Los Angeles-Long Beach-Anaheim, CA","06","California","037","Los Angeles","33.7937130008725","-118.171019"
"01/20/2025","AirNow","060374009","3","11.3","ug/m3 LC","55","Signal Hill (LBSH)","1","100.0000","88101","PM2.5 - Local Conditions","","","31080","Los Angeles-Long Beach-Anaheim, CA","06","California","037","Los Angeles","33.7937130008725","-118.171019"
"01/21/2025","AirNow","060374009","3","7.7","ug/m3 LC","43","Signal Hill (LBSH)","1","100.0000","88101","PM2.5 - Local Conditions","","","31080","Los Angeles-Long Beach-Anaheim, CA","06","California","037","Los Angeles","33.7937130008725","-118.171019"
"01/22/2025","AirNow","060374009","3","13.2","ug/m3 LC","59","Signal Hill (LBSH)","1","100.0000","88101","PM2.5 - Local Conditions","","","31080","Los Angeles-Long Beach-Anaheim, CA","06","California","037","Los Angeles","33.7937130008725","-118.171019"
"01/23/2025","AirNow","060374009","3","12.3","ug/m3 LC","57","Signal Hill (LBSH)","1","100.0000","88101","PM2.5 - Local Conditions","","","31080","Los Angeles-Long Beach-Anaheim, CA","06","California","037","Los Angeles","33.7937130008725","-118.171019"
"01/24/2025","AirNow","060374009","3","8.6","ug/m3 LC","48","Signal Hill (LBSH)","1","100.0000","88101","PM2.5 - Local Conditions","","","31080","Los Angeles-Long Beach-Anaheim, CA","06","California","037","Los Angeles","33.7937130008725","-118.171019"
"01/25/2025","AirNow","060374009","3","11.1","ug/m3 LC","55","Signal Hill (LBSH)","1","100.0000","88101","PM2.5 - Local Conditions","","","31080","Los Angeles-Long Beach-Anaheim, CA","06","California","037","Los Angeles","33.7937130008725","-118.171019"
"01/26/2025","AirNow","060374009","3","3.8","ug/m3 LC","21","Signal Hill (LBSH)","1","100.0000","88101","PM2.5 - Local Conditions","","","31080","Los Angeles-Long Beach-Anaheim, CA","06","California","037","Los Angeles","33.7937130008725","-118.171019"
"01/27/2025","AirNow","060374009","3","6.9","ug/m3 LC","38","Signal Hill (LBSH)","1","100.0000","88101","PM2.5 - Local Conditions","","","31080","Los Angeles-Long Beach-Anaheim, CA","06","California","037","Los Angeles","33.7937130008725","-118.171019"
"01/28/2025","AirNow","060374009","3","9.5","ug/m3 LC","52","Signal Hill (LBSH)","1","100.0000","88101","PM2.5 - Local Conditions","","","31080","Los Angeles-Long Beach-Anaheim, CA","06","California","037","Los Angeles","33.7937130008725","-118.171019"
"01/29/2025","AirNow","060374009","3","10.3","ug/m3 LC","53","Signal Hill (LBSH)","1","100.0000","88101","PM2.5 - Local Conditions","","","31080","Los Angeles-Long Beach-Anaheim, CA","06","California","037","Los Angeles","33.7937130008725","-118.171019"
"01/30/2025","AirNow","060374009","3","20.2","ug/m3 LC","72","Signal Hill (LBSH)","1","100.0000","88101","PM2.5 - Local Conditions","","","31080","Los Angeles-Long Beach-Anaheim, CA","06","California","037","Los Angeles","33.7937130008725","-118.171019"
"01/31/2025","AirNow","060374009","3","21.2","ug/m3 LC","74","Signal Hill (LBSH)","1","100.0000","88101","PM2.5 - Local Conditions","","","31080","Los Angeles-Long Beach-Anaheim, CA","06","California","037","Los Angeles","33.7937130008725","-118.171019"
"02/03/2025","AirNow","060374009","3","11.8","ug/m3 LC","56","Signal Hill (LBSH)","1","100.0000","88101","PM2.5 - Local Conditions","","","31080","Los Angeles-Long Beach-Anaheim, CA","06","California","037","Los Angeles","33.7937130008725","-118.171019"
"02/04/2025","AirNow","060374009","3","5.5","ug/m3 LC","31","Signal Hill (LBSH)","1","100.0000","88101","PM2.5 - Local Conditions","","","31080","Los Angeles-Long Beach-Anaheim, CA","06","California","037","Los Angeles","33.7937130008725","-118.171019"
"02/05/2025","AirNow","060374009","3","2.1","ug/m3 LC","12","Signal Hill (LBSH)","1","100.0000","88101","PM2.5 - Local Conditions","","","31080","Los Angeles-Long Beach-Anaheim, CA","06","California","037","Los Angeles","33.7937130008725","-118.171019"
"02/06/2025","AirNow","060374009","3","-0.4","ug/m3 LC","0","Signal Hill (LBSH)","1","100.0000","88101","PM2.5 - Local Conditions","","","31080","Los Angeles-Long Beach-Anaheim, CA","06","California","037","Los Angeles","33.7937130008725","-118.171019"
"02/07/2025","AirNow","060374009","3","0.9","ug/m3 LC","5","Signal Hill (LBSH)","1","100.0000","88101","PM2.5 - Local Conditions","","","31080","Los Angeles-Long Beach-Anaheim, CA","06","California","037","Los Angeles","33.7937130008725","-118.171019"
"02/08/2025","AirNow","060374009","3","10","ug/m3 LC","53","Signal Hill (LBSH)","1","100.0000","88101","PM2.5 - Local Conditions","","","31080","Los Angeles-Long Beach-Anaheim, CA","06","California","037","Los Angeles","33.7937130008725","-118.171019"
"02/09/2025","AirNow","060374009","3","15.6","ug/m3 LC","63","Signal Hill (LBSH)","1","100.0000","88101","PM2.5 - Local Conditions","","","31080","Los Angeles-Long Beach-Anaheim, CA","06","California","037","Los Angeles","33.7937130008725","-118.171019"
"02/10/2025","AirNow","060374009","3","6.2","ug/m3 LC","34","Signal Hill (LBSH)","1","100.0000","88101","PM2.5 - Local Conditions","","","31080","Los Angeles-Long Beach-Anaheim, CA","06","California","037","Los Angeles","33.7937130008725","-118.171019"
"02/11/2025","AirNow","060374009","3","5.9","ug/m3 LC","33","Signal Hill (LBSH)","1","100.0000","88101","PM2.5 - Local Conditions","","","31080","Los Angeles-Long Beach-Anaheim, CA","06","California","037","Los Angeles","33.7937130008725","-118.171019"
"02/12/2025","AirNow","060374009","3","4.1","ug/m3 LC","23","Signal Hill (LBSH)","1","100.0000","88101","PM2.5 - Local Conditions","","","31080","Los Angeles-Long Beach-Anaheim, CA","06","California","037","Los Angeles","33.7937130008725","-118.171019"
"02/13/2025","AirNow","060374009","3","0","ug/m3 LC","0","Signal Hill (LBSH)","1","100.0000","88101","PM2.5 - Local Conditions","","","31080","Los Angeles-Long Beach-Anaheim, CA","06","California","037","Los Angeles","33.7937130008725","-118.171019"
"02/14/2025","AirNow","060374009","3","6.7","ug/m3 LC","37","Signal Hill (LBSH)","1","100.0000","88101","PM2.5 - Local Conditions","","","31080","Los Angeles-Long Beach-Anaheim, CA","06","California","037","Los Angeles","33.7937130008725","-118.171019"
"02/15/2025","AirNow","060374009","3","12.9","ug/m3 LC","58","Signal Hill (LBSH)","1","100.0000","88101","PM2.5 - Local Conditions","","","31080","Los Angeles-Long Beach-Anaheim, CA","06","California","037","Los Angeles","33.7937130008725","-118.171019"
"02/16/2025","AirNow","060374009","3","17.2","ug/m3 LC","66","Signal Hill (LBSH)","1","100.0000","88101","PM2.5 - Local Conditions","","","31080","Los Angeles-Long Beach-Anaheim, CA","06","California","037","Los Angeles","33.7937130008725","-118.171019"
"02/17/2025","AirNow","060374009","3","10","ug/m3 LC","53","Signal Hill (LBSH)","1","100.0000","88101","PM2.5 - Local Conditions","","","31080","Los Angeles-Long Beach-Anaheim, CA","06","California","037","Los Angeles","33.7937130008725","-118.171019"
"02/18/2025","AirNow","060374009","3","7.5","ug/m3 LC","42","Signal Hill (LBSH)","1","100.0000","88101","PM2.5 - Local Conditions","","","31080","Los Angeles-Long Beach-Anaheim, CA","06","California","037","Los Angeles","33.7937130008725","-118.171019"
"02/19/2025","AirNow","060374009","3","13.4","ug/m3 LC","59","Signal Hill (LBSH)","1","100.0000","88101","PM2.5 - Local Conditions","","","31080","Los Angeles-Long Beach-Anaheim, CA","06","California","037","Los Angeles","33.7937130008725","-118.171019"
"02/20/2025","AirNow","060374009","3","12","ug/m3 LC","56","Signal Hill (LBSH)","1","100.0000","88101","PM2.5 - Local Conditions","","","31080","Los Angeles-Long Beach-Anaheim, CA","06","California","037","Los Angeles","33.7937130008725","-118.171019"
"02/21/2025","AirNow","060374009","3","10.7","ug/m3 LC","54","Signal Hill (LBSH)","1","100.0000","88101","PM2.5 - Local Conditions","","","31080","Los Angeles-Long Beach-Anaheim, CA","06","California","037","Los Angeles","33.7937130008725","-118.171019"
"02/22/2025","AirNow","060374009","3","14.3","ug/m3 LC","61","Signal Hill (LBSH)","1","100.0000","88101","PM2.5 - Local Conditions","","","31080","Los Angeles-Long Beach-Anaheim, CA","06","California","037","Los Angeles","33.7937130008725","-118.171019"
"02/23/2025","AirNow","060374009","3","16.5","ug/m3 LC","65","Signal Hill (LBSH)","1","100.0000","88101","PM2.5 - Local Conditions","","","31080","Los Angeles-Long Beach-Anaheim, CA","06","California","037","Los Angeles","33.7937130008725","-118.171019"
"02/24/2025","AirNow","060374009","3","15.1","ug/m3 LC","62","Signal Hill (LBSH)","1","100.0000","88101","PM2.5 - Local Conditions","","","31080","Los Angeles-Long Beach-Anaheim, CA","06","California","037","Los Angeles","33.7937130008725","-118.171019"
"02/25/2025","AirNow","060374009","3","6.4","ug/m3 LC","36","Signal Hill (LBSH)","1","100.0000","88101","PM2.5 - Local Conditions","","","31080","Los Angeles-Long Beach-Anaheim, CA","06","California","037","Los Angeles","33.7937130008725","-118.171019"
"02/26/2025","AirNow","060374009","3","11.1","ug/m3 LC","55","Signal Hill (LBSH)","1","100.0000","88101","PM2.5 - Local Conditions","","","31080","Los Angeles-Long Beach-Anaheim, CA","06","California","037","Los Angeles","33.7937130008725","-118.171019"
"02/27/2025","AirNow","060374009","3","9.8","ug/m3 LC","52","Signal Hill (LBSH)","1","100.0000","88101","PM2.5 - Local Conditions","","","31080","Los Angeles-Long Beach-Anaheim, CA","06","California","037","Los Angeles","33.7937130008725","-118.171019"
"02/28/2025","AirNow","060374009","3","9.6","ug/m3 LC","52","Signal Hill (LBSH)","1","100.0000","88101","PM2.5 - Local Conditions","","","31080","Los Angeles-Long Beach-Anaheim, CA","06","California","037","Los Angeles","33.7937130008725","-118.171019"
"03/01/2025","AirNow","060374009","3","5.6","ug/m3 LC","31","Signal Hill (LBSH)","1","100.0000","88101","PM2.5 - Local Conditions","","","31080","Los Angeles-Long Beach-Anaheim, CA","06","California","037","Los Angeles","33.7937130008725","-118.171019"
"03/02/2025","AirNow","060374009","3","5.4","ug/m3 LC","30","Signal Hill (LBSH)","1","100.0000","88101","PM2.5 - Local Conditions","","","31080","Los Angeles-Long Beach-Anaheim, CA","06","California","037","Los Angeles","33.7937130008725","-118.171019"
"03/03/2025","AirNow","060374009","3","12","ug/m3 LC","56","Signal Hill (LBSH)","1","100.0000","88101","PM2.5 - Local Conditions","","","31080","Los Angeles-Long Beach-Anaheim, CA","06","California","037","Los Angeles","33.7937130008725","-118.171019"
"03/04/2025","AirNow","060374009","3","8","ug/m3 LC","44","Signal Hill (LBSH)","1","100.0000","88101","PM2.5 - Local Conditions","","","31080","Los Angeles-Long Beach-Anaheim, CA","06","California","037","Los Angeles","33.7937130008725","-118.171019"
"03/05/2025","AirNow","060374009","3","5.7","ug/m3 LC","32","Signal Hill (LBSH)","1","100.0000","88101","PM2.5 - Local Conditions","","","31080","Los Angeles-Long Beach-Anaheim, CA","06","California","037","Los Angeles","33.7937130008725","-118.171019"
"03/06/2025","AirNow","060374009","3","4.8","ug/m3 LC","27","Signal Hill (LBSH)","1","100.0000","88101","PM2.5 - Local Conditions","","","31080","Los Angeles-Long Beach-Anaheim, CA","06","California","037","Los Angeles","33.7937130008725","-118.171019"
"01/01/2025","AirNow","060374010","3","50.1","ug/m3 LC","137","North Hollywood (NOHO)","1","100.0000","88502","Acceptable PM2.5 AQI & Speciation Mass","","","31080","Los Angeles-Long Beach-Anaheim, CA","06","California","037","Los Angeles","34.1819770008773","-118.363036"
"01/02/2025","AirNow","060374010","3","18.3","ug/m3 LC","68","North Hollywood (NOHO)","1","100.0000","88502","Acceptable PM2.5 AQI & Speciation Mass","","","31080","Los Angeles-Long Beach-Anaheim, CA","06","California","037","Los Angeles","34.1819770008773","-118.363036"
"01/03/2025","AirNow","060374010","3","21.4","ug/m3 LC","74","North Hollywood (NOHO)","1","100.0000","88502","Acceptable PM2.5 AQI & Speciation Mass","","","31080","Los Angeles-Long Beach-Anaheim, CA","06","California","037","Los Angeles","34.1819770008773","-118.363036"
"01/04/2025","AirNow","060374010","3","31.3","ug/m3 LC","92","North Hollywood (NOHO)","1","100.0000","88502","Acceptable PM2.5 AQI & Speciation Mass","","","31080","Los Angeles-Long Beach-Anaheim, CA","06","California","037","Los Angeles","34.1819770008773","-118.363036"
"01/05/2025","AirNow","060374010","3","11.6","ug/m3 LC","56","North Hollywood (NOHO)","1","100.0000","88502","Acceptable PM2.5 AQI & Speciation Mass","","","31080","Los Angeles-Long Beach-Anaheim, CA","06","California","037","Los Angeles","34.1819770008773","-118.363036"
"01/06/2025","AirNow","060374010","3","9.3","ug/m3 LC","51","North Hollywood (NOHO)","1","100.0000","88502","Acceptable PM2.5 AQI & Speciation Mass","","","31080","Los Angeles-Long Beach-Anaheim, CA","06","California","037","Los Angeles","34.1819770008773","-118.363036"
"01/07/2025","AirNow","060374010","3","13.3","ug/m3 LC","59","North Hollywood (NOHO)","1","100.0000","88502","Acceptable PM2.5 AQI & Speciation Mass","","","31080","Los Angeles-Long Beach-Anaheim, CA","06","California","037","Los Angeles","34.1819770008773","-118.363036"
"01/08/2025","AirNow","060374010","3","3.5","ug/m3 LC","19","North Hollywood (NOHO)","1","100.0000","88502","Acceptable PM2.5 AQI & Speciation Mass","","","31080","Los Angeles-Long Beach-Anaheim, CA","06","California","037","Los Angeles","34.1819770008773","-118.363036"
"01/09/2025","AirNow","060374010","3","49.5","ug/m3 LC","135","North Hollywood (NOHO)","1","100.0000","88502","Acceptable PM2.5 AQI & Speciation Mass","","","31080","Los Angeles-Long Beach-Anaheim, CA","06","California","037","Los Angeles","34.1819770008773","-118.363036"
"01/10/2025","AirNow","060374010","3","25","ug/m3 LC","81","North Hollywood (NOHO)","1","100.0000","88502","Acceptable PM2.5 AQI & Speciation Mass","","","31080","Los Angeles-Long Beach-Anaheim, CA","06","California","037","Los Angeles","34.1819770008773","-118.363036"
"01/11/2025","AirNow","060374010","3","15.5","ug/m3 LC","63","North Hollywood (NOHO)","1","100.0000","88502","Acceptable PM2.5 AQI & Speciation Mass","","","31080","Los Angeles-Long Beach-Anaheim, CA","06","California","037","Los Angeles","34.1819770008773","-118.363036"
"01/12/2025","AirNow","060374010","3","7.1","ug/m3 LC","39","North Hollywood (NOHO)","1","100.0000","88502","Acceptable PM2.5 AQI & Speciation Mass","","","31080","Los Angeles-Long Beach-Anaheim, CA","06","California","037","Los Angeles","34.1819770008773","-118.363036"
"01/13/2025","AirNow","060374010","3","5.7","ug/m3 LC","32","North Hollywood (NOHO)","1","100.0000","88502","Acceptable PM2.5 AQI & Speciation Mass","","","31080","Los Angeles-Long Beach-Anaheim, CA","06","California","037","Los Angeles","34.1819770008773","-118.363036"
"01/14/2025","AirNow","060374010","3","10.3","ug/m3 LC","53","North Hollywood (NOHO)","1","100.0000","88502","Acceptable PM2.5 AQI & Speciation Mass","","","31080","Los Angeles-Long Beach-Anaheim, CA","06","California","037","Los Angeles","34.1819770008773","-118.363036"
"01/15/2025","AirNow","060374010","3","11","ug/m3 LC","55","North Hollywood (NOHO)","1","100.0000","88502","Acceptable PM2.5 AQI & Speciation Mass","","","31080","Los Angeles-Long Beach-Anaheim, CA","06","California","037","Los Angeles","34.1819770008773","-118.363036"
"01/16/2025","AirNow","060374010","3","11.3","ug/m3 LC","55","North Hollywood (NOHO)","1","100.0000","88502","Acceptable PM2.5 AQI & Speciation Mass","","","31080","Los Angeles-Long Beach-Anaheim, CA","06","California","037","Los Angeles","34.1819770008773","-118.363036"
"01/17/2025","AirNow","060374010","3","12.5","ug/m3 LC","57","North Hollywood (NOHO)","1","100.0000","88502","Acceptable PM2.5 AQI & Speciation Mass","","","31080","Los Angeles-Long Beach-Anaheim, CA","06","California","037","Los Angeles","34.1819770008773","-118.363036"
"01/18/2025","AirNow","060374010","3","16","ug/m3 LC","64","North Hollywood (NOHO)","1","100.0000","88502","Acceptable PM2.5 AQI & Speciation Mass","","","31080","Los Angeles-Long Beach-Anaheim, CA","06","California","037","Los Angeles","34.1819770008773","-118.363036"
"01/19/2025","AirNow","060374010","3","21.4","ug/m3 LC","74","North Hollywood (NOHO)","1","100.0000","88502","Acceptable PM2.5 AQI & Speciation Mass","","","31080","Los Angeles-Long Beach-Anaheim, CA","06","California","037","Los Angeles","34.1819770008773","-118.363036"
"01/20/2025","AirNow","060374010","3","11.9","ug/m3 LC","56","North Hollywood (NOHO)","1","100.0000","88502","Acceptable PM2.5 AQI & Speciation Mass","","","31080","Los Angeles-Long Beach-Anaheim, CA","06","California","037","Los Angeles","34.1819770008773","-118.363036"
"01/21/2025","AirNow","060374010","3","4.5","ug/m3 LC","25","North Hollywood (NOHO)","1","100.0000","88502","Acceptable PM2.5 AQI & Speciation Mass","","","31080","Los Angeles-Long Beach-Anaheim, CA","06","California","037","Los Angeles","34.1819770008773","-118.363036"
"01/22/2025","AirNow","060374010","3","8.1","ug/m3 LC","45","North Hollywood (NOHO)","1","100.0000","88502","Acceptable PM2.5 AQI & Speciation Mass","","","31080","Los Angeles-Long Beach-Anaheim, CA","06","California","037","Los Angeles","34.1819770008773","-118.363036"
"01/23/2025","AirNow","060374010","3","6.4","ug/m3 LC","36","North Hollywood (NOHO)","1","100.0000","88502","Acceptable PM2.5 AQI & Speciation Mass","","","31080","Los Angeles-Long Beach-Anaheim, CA","06","California","037","Los Angeles","34.1819770008773","-118.363036"
"01/24/2025","AirNow","060374010","3","9.2","ug/m3 LC","51","North Hollywood (NOHO)","1","100.0000","88502","Acceptable PM2.5 AQI & Speciation Mass","","","31080","Los Angeles-Long Beach-Anaheim, CA","06","California","037","Los Angeles","34.1819770008773","-118.363036"
"01/25/2025","AirNow","060374010","3","13.2","ug/m3 LC","59","North Hollywood (NOHO)","1","100.0000","88502","Acceptable PM2.5 AQI & Speciation Mass","","","31080","Los Angeles-Long Beach-Anaheim, CA","06","California","037","Los Angeles","34.1819770008773","-118.363036"
"01/26/2025","AirNow","060374010","3","6.4","ug/m3 LC","36","North Hollywood (NOHO)","1","100.0000","88502","Acceptable PM2.5 AQI & Speciation Mass","","","31080","Los Angeles-Long Beach-Anaheim, CA","06","California","037","Los Angeles","34.1819770008773","-118.363036"
"01/27/2025","AirNow","060374010","3","5.4","ug/m3 LC","30","North Hollywood (NOHO)","1","100.0000","88502","Acceptable PM2.5 AQI & Speciation Mass","","","31080","Los Angeles-Long Beach-Anaheim, CA","06","California","037","Los Angeles","34.1819770008773","-118.363036"
"01/28/2025","AirNow","060374010","3","12","ug/m3 LC","56","North Hollywood (NOHO)","1","100.0000","88502","Acceptable PM2.5 AQI & Speciation Mass","","","31080","Los Angeles-Long Beach-Anaheim, CA","06","California","037","Los Angeles","34.1819770008773","-118.363036"
"01/29/2025","AirNow","060374010","3","11.9","ug/m3 LC","56","North Hollywood (NOHO)","1","100.0000","88502","Acceptable PM2.5 AQI & Speciation Mass","","","31080","Los Angeles-Long Beach-Anaheim, CA","06","California","037","Los Angeles","34.1819770008773","-118.363036"
"01/30/2025","AirNow","060374010","3","14.4","ug/m3 LC","61","North Hollywood (NOHO)","1","100.0000","88502","Acceptable PM2.5 AQI & Speciation Mass","","","31080","Los Angeles-Long Beach-Anaheim, CA","06","California","037","Los Angeles","34.1819770008773","-118.363036"
"01/31/2025","AirNow","060374010","3","16.8","ug/m3 LC","65","North Hollywood (NOHO)","1","100.0000","88502","Acceptable PM2.5 AQI & Speciation Mass","","","31080","Los Angeles-Long Beach-Anaheim, CA","06","California","037","Los Angeles","34.1819770008773","-118.363036"
"02/01/2025","AirNow","060374010","3","17.1","ug/m3 LC","66","North Hollywood (NOHO)","1","100.0000","88502","Acceptable PM2.5 AQI & Speciation Mass","","","31080","Los Angeles-Long Beach-Anaheim, CA","06","California","037","Los Angeles","34.1819770008773","-118.363036"
"02/02/2025","AirNow","060374010","3","30.9","ug/m3 LC","92","North Hollywood (NOHO)","1","100.0000","88502","Acceptable PM2.5 AQI & Speciation Mass","","","31080","Los Angeles-Long Beach-Anaheim, CA","06","California","037","Los Angeles","34.1819770008773","-118.363036"
"02/03/2025","AirNow","060374010","3","21.2","ug/m3 LC","74","North Hollywood (NOHO)","1","100.0000","88502","Acceptable PM2.5 AQI & Speciation Mass","","","31080","Los Angeles-Long Beach-Anaheim, CA","06","California","037","Los Angeles","34.1819770008773","-118.363036"
"02/04/2025","AirNow","060374010","3","8.2","ug/m3 LC","46","North Hollywood (NOHO)","1","100.0000","88502","Acceptable PM2.5 AQI & Speciation Mass","","","31080","Los Angeles-Long Beach-Anaheim, CA","06","California","037","Los Angeles","34.1819770008773","-118.363036"
"02/05/2025","AirNow","060374010","3","4.9","ug/m3 LC","27","North Hollywood (NOHO)","1","100.0000","88502","Acceptable PM2.5 AQI & Speciation Mass","","","31080","Los Angeles-Long Beach-Anaheim, CA","06","California","037","Los Angeles","34.1819770008773","-118.363036"
"02/06/2025","AirNow","060374010","3","7.5","ug/m3 LC","42","North Hollywood (NOHO)","1","100.0000","88502","Acceptable PM2.5 AQI & Speciation Mass","","","31080","Los Angeles-Long Beach-Anaheim, CA","06","California","037","Los Angeles","34.1819770008773","-118.363036"
"02/07/2025","AirNow","060374010","3","6.5","ug/m3 LC","36","North Hollywood (NOHO)","1","100.0000","88502","Acceptable PM2.5 AQI & Speciation Mass","","","31080","Los Angeles-Long Beach-Anaheim, CA","06","California","037","Los Angeles","34.1819770008773","-118.363036"
"02/08/2025","AirNow","060374010","3","9.4","ug/m3 LC","52","North Hollywood (NOHO)","1","100.0000","88502","Acceptable PM2.5 AQI & Speciation Mass","","","31080","Los Angeles-Long Beach-Anaheim, CA","06","California","037","Los Angeles","34.1819770008773","-118.363036"
"02/09/2025","AirNow","060374010","3","11.3","ug/m3 LC","55","North Hollywood (NOHO)","1","100.0000","88502","Acceptable PM2.5 AQI & Speciation Mass","","","31080","Los Angeles-Long Beach-Anaheim, CA","06","California","037","Los Angeles","34.1819770008773","-118.363036"
"02/10/2025","AirNow","060374010","3","11.2","ug/m3 LC","55","North Hollywood (NOHO)","1","100.0000","88502","Acceptable PM2.5 AQI & Speciation Mass","","","31080","Los Angeles-Long Beach-Anaheim, CA","06","California","037","Los Angeles","34.1819770008773","-118.363036"
"02/11/2025","AirNow","060374010","3","8.6","ug/m3 LC","48","North Hollywood (NOHO)","1","100.0000","88502","Acceptable PM2.5 AQI & Speciation Mass","","","31080","Los Angeles-Long Beach-Anaheim, CA","06","California","037","Los Angeles","34.1819770008773","-118.363036"
"02/12/2025","AirNow","060374010","3","7","ug/m3 LC","39","North Hollywood (NOHO)","1","100.0000","88502","Acceptable PM2.5 AQI & Speciation Mass","","","31080","Los Angeles-Long Beach-Anaheim, CA","06","California","037","Los Angeles","34.1819770008773","-118.363036"
"02/13/2025","AirNow","060374010","3","4.2","ug/m3 LC","23","North Hollywood (NOHO)","1","100.0000","88502","Acceptable PM2.5 AQI & Speciation Mass","","","31080","Los Angeles-Long Beach-Anaheim, CA","06","California","037","Los Angeles","34.1819770008773","-118.363036"
"02/14/2025","AirNow","060374010","3","5.1","ug/m3 LC","28","North Hollywood (NOHO)","1","100.0000","88502","Acceptable PM2.5 AQI & Speciation Mass","","","31080","Los Angeles-Long Beach-Anaheim, CA","06","California","037","Los Angeles","34.1819770008773","-118.363036"
"02/15/2025","AirNow","060374010","3","11","ug/m3 LC","55","North Hollywood (NOHO)","1","100.0000","88502","Acceptable PM2.5 AQI & Speciation Mass","","","31080","Los Angeles-Long Beach-Anaheim, CA","06","California","037","Los Angeles","34.1819770008773","-118.363036"
"02/16/2025","AirNow","060374010","3","10.8","ug/m3 LC","54","North Hollywood (NOHO)","1","100.0000","88502","Acceptable PM2.5 AQI & Speciation Mass","","","31080","Los Angeles-Long Beach-Anaheim, CA","06","California","037","Los Angeles","34.1819770008773","-118.363036"
"02/17/2025","AirNow","060374010","3","16.2","ug/m3 LC","64","North Hollywood (NOHO)","1","100.0000","88502","Acceptable PM2.5 AQI & Speciation Mass","","","31080","Los Angeles-Long Beach-Anaheim, CA","06","California","037","Los Angeles","34.1819770008773","-118.363036"
"02/18/2025","AirNow","060374010","3","13.5","ug/m3 LC","59","North Hollywood (NOHO)","1","100.0000","88502","Acceptable PM2.5 AQI & Speciation Mass","","","31080","Los Angeles-Long Beach-Anaheim, CA","06","California","037","Los Angeles","34.1819770008773","-118.363036"
"02/19/2025","AirNow","060374010","3","14.7","ug/m3 LC","61","North Hollywood (NOHO)","1","100.0000","88502","Acceptable PM2.5 AQI & Speciation Mass","","","31080","Los Angeles-Long Beach-Anaheim, CA","06","California","037","Los Angeles","34.1819770008773","-118.363036"
"02/20/2025","AirNow","060374010","3","14.8","ug/m3 LC","62","North Hollywood (NOHO)","1","100.0000","88502","Acceptable PM2.5 AQI & Speciation Mass","","","31080","Los Angeles-Long Beach-Anaheim, CA","06","California","037","Los Angeles","34.1819770008773","-118.363036"
"02/21/2025","AirNow","060374010","3","12.7","ug/m3 LC","58","North Hollywood (NOHO)","1","100.0000","88502","Acceptable PM2.5 AQI & Speciation Mass","","","31080","Los Angeles-Long Beach-Anaheim, CA","06","California","037","Los Angeles","34.1819770008773","-118.363036"
"02/22/2025","AirNow","060374010","3","9.8","ug/m3 LC","52","North Hollywood (NOHO)","1","100.0000","88502","Acceptable PM2.5 AQI & Speciation Mass","","","31080","Los Angeles-Long Beach-Anaheim, CA","06","California","037","Los Angeles","34.1819770008773","-118.363036"
"02/23/2025","AirNow","060374010","3","12.3","ug/m3 LC","57","North Hollywood (NOHO)","1","100.0000","88502","Acceptable PM2.5 AQI & Speciation Mass","","","31080","Los Angeles-Long Beach-Anaheim, CA","06","California","037","Los Angeles","34.1819770008773","-118.363036"
"02/24/2025","AirNow","060374010","3","14.4","ug/m3 LC","61","North Hollywood (NOHO)","1","100.0000","88502","Acceptable PM2.5 AQI & Speciation Mass","","","31080","Los Angeles-Long Beach-Anaheim, CA","06","California","037","Los Angeles","34.1819770008773","-118.363036"
"02/25/2025","AirNow","060374010","3","13.2","ug/m3 LC","59","North Hollywood (NOHO)","1","100.0000","88502","Acceptable PM2.5 AQI & Speciation Mass","","","31080","Los Angeles-Long Beach-Anaheim, CA","06","California","037","Los Angeles","34.1819770008773","-118.363036"
"02/26/2025","AirNow","060374010","3","13.8","ug/m3 LC","60","North Hollywood (NOHO)","1","100.0000","88502","Acceptable PM2.5 AQI & Speciation Mass","","","31080","Los Angeles-Long Beach-Anaheim, CA","06","California","037","Los Angeles","34.1819770008773","-118.363036"
"02/27/2025","AirNow","060374010","3","7.9","ug/m3 LC","44","North Hollywood (NOHO)","1","100.0000","88502","Acceptable PM2.5 AQI & Speciation Mass","","","31080","Los Angeles-Long Beach-Anaheim, CA","06","California","037","Los Angeles","34.1819770008773","-118.363036"
"02/28/2025","AirNow","060374010","3","8.7","ug/m3 LC","48","North Hollywood (NOHO)","1","100.0000","88502","Acceptable PM2.5 AQI & Speciation Mass","","","31080","Los Angeles-Long Beach-Anaheim, CA","06","California","037","Los Angeles","34.1819770008773","-118.363036"
"03/01/2025","AirNow","060374010","3","9.8","ug/m3 LC","52","North Hollywood (NOHO)","1","100.0000","88502","Acceptable PM2.5 AQI & Speciation Mass","","","31080","Los Angeles-Long Beach-Anaheim, CA","06","California","037","Los Angeles","34.1819770008773","-118.363036"
"03/02/2025","AirNow","060374010","3","5.9","ug/m3 LC","33","North Hollywood (NOHO)","1","100.0000","88502","Acceptable PM2.5 AQI & Speciation Mass","","","31080","Los Angeles-Long Beach-Anaheim, CA","06","California","037","Los Angeles","34.1819770008773","-118.363036"
"03/03/2025","AirNow","060374010","3","4.4","ug/m3 LC","24","North Hollywood (NOHO)","1","100.0000","88502","Acceptable PM2.5 AQI & Speciation Mass","","","31080","Los Angeles-Long Beach-Anaheim, CA","06","California","037","Los Angeles","34.1819770008773","-118.363036"
"03/04/2025","AirNow","060374010","3","9.2","ug/m3 LC","51","North Hollywood (NOHO)","1","100.0000","88502","Acceptable PM2.5 AQI & Speciation Mass","","","31080","Los Angeles-Long Beach-Anaheim, CA","06","California","037","Los Angeles","34.1819770008773","-118.363036"
"03/05/2025","AirNow","060374010","3","10.1","ug/m3 LC","53","North Hollywood (NOHO)","1","100.0000","88502","Acceptable PM2.5 AQI & Speciation Mass","","","31080","Los Angeles-Long Beach-Anaheim, CA","06","California","037","Los Angeles","34.1819770008773","-118.363036"
"03/06/2025","AirNow","060374010","3","4.3","ug/m3 LC","24","North Hollywood (NOHO)","1","100.0000","88502","Acceptable PM2.5 AQI & Speciation Mass","","","31080","Los Angeles-Long Beach-Anaheim, CA","06","California","037","Los Angeles","34.1819770008773","-118.363036"
"01/01/2025","AirNow","060376012","3","10.6","ug/m3 LC","54","Santa Clarita","1","100.0000","88502","Acceptable PM2.5 AQI & Speciation Mass","","","31080","Los Angeles-Long Beach-Anaheim, CA","06","California","037","Los Angeles","34.38344","-118.5284"
"01/02/2025","AirNow","060376012","3","6.2","ug/m3 LC","34","Santa Clarita","1","100.0000","88502","Acceptable PM2.5 AQI & Speciation Mass","","","31080","Los Angeles-Long Beach-Anaheim, CA","06","California","037","Los Angeles","34.38344","-118.5284"
"01/03/2025","AirNow","060376012","3","12.6","ug/m3 LC","58","Santa Clarita","1","100.0000","88502","Acceptable PM2.5 AQI & Speciation Mass","","","31080","Los Angeles-Long Beach-Anaheim, CA","06","California","037","Los Angeles","34.38344","-118.5284"
"01/04/2025","AirNow","060376012","3","7.9","ug/m3 LC","44","Santa Clarita","1","100.0000","88502","Acceptable PM2.5 AQI & Speciation Mass","","","31080","Los Angeles-Long Beach-Anaheim, CA","06","California","037","Los Angeles","34.38344","-118.5284"
"01/05/2025","AirNow","060376012","3","6.8","ug/m3 LC","38","Santa Clarita","1","100.0000","88502","Acceptable PM2.5 AQI & Speciation Mass","","","31080","Los Angeles-Long Beach-Anaheim, CA","06","California","037","Los Angeles","34.38344","-118.5284"
"01/06/2025","AirNow","060376012","3","5.3","ug/m3 LC","29","Santa Clarita","1","100.0000","88502","Acceptable PM2.5 AQI & Speciation Mass","","","31080","Los Angeles-Long Beach-Anaheim, CA","06","California","037","Los Angeles","34.38344","-118.5284"
"01/07/2025","AirNow","060376012","3","8.3","ug/m3 LC","46","Santa Clarita","1","100.0000","88502","Acceptable PM2.5 AQI & Speciation Mass","","","31080","Los Angeles-Long Beach-Anaheim, CA","06","California","037","Los Angeles","34.38344","-118.5284"
"01/08/2025","AirNow","060376012","3","8.1","ug/m3 LC","45","Santa Clarita","1","100.0000","88502","Acceptable PM2.5 AQI & Speciation Mass","","","31080","Los Angeles-Long Beach-Anaheim, CA","06","California","037","Los Angeles","34.38344","-118.5284"
"01/09/2025","AirNow","060376012","3","4.6","ug/m3 LC","26","Santa Clarita","1","100.0000","88502","Acceptable PM2.5 AQI & Speciation Mass","","","31080","Los Angeles-Long Beach-Anaheim, CA","06","California","037","Los Angeles","34.38344","-118.5284"
"01/10/2025","AirNow","060376012","3","5.9","ug/m3 LC","33","Santa Clarita","1","100.0000","88502","Acceptable PM2.5 AQI & Speciation Mass","","","31080","Los Angeles-Long Beach-Anaheim, CA","06","California","037","Los Angeles","34.38344","-118.5284"
"01/11/2025","AirNow","060376012","3","8.1","ug/m3 LC","45","Santa Clarita","1","100.0000","88502","Acceptable PM2.5 AQI & Speciation Mass","","","31080","Los Angeles-Long Beach-Anaheim, CA","06","California","037","Los Angeles","34.38344","-118.5284"
"01/12/2025","AirNow","060376012","3","5.9","ug/m3 LC","33","Santa Clarita","1","100.0000","88502","Acceptable PM2.5 AQI & Speciation Mass","","","31080","Los Angeles-Long Beach-Anaheim, CA","06","California","037","Los Angeles","34.38344","-118.5284"
"01/13/2025","AirNow","060376012","3","5.2","ug/m3 LC","29","Santa Clarita","1","100.0000","88502","Acceptable PM2.5 AQI & Speciation Mass","","","31080","Los Angeles-Long Beach-Anaheim, CA","06","California","037","Los Angeles","34.38344","-118.5284"
"01/14/2025","AirNow","060376012","3","4.4","ug/m3 LC","24","Santa Clarita","1","100.0000","88502","Acceptable PM2.5 AQI & Speciation Mass","","","31080","Los Angeles-Long Beach-Anaheim, CA","06","California","037","Los Angeles","34.38344","-118.5284"
"01/15/2025","AirNow","060376012","3","4.9","ug/m3 LC","27","Santa Clarita","1","100.0000","88502","Acceptable PM2.5 AQI & Speciation Mass","","","31080","Los Angeles-Long Beach-Anaheim, CA","06","California","037","Los Angeles","34.38344","-118.5284"
"01/16/2025","AirNow","060376012","3","7.4","ug/m3 LC","41","Santa Clarita","1","100.0000","88502","Acceptable PM2.5 AQI & Speciation Mass","","","31080","Los Angeles-Long Beach-Anaheim, CA","06","California","037","Los Angeles","34.38344","-118.5284"
"01/17/2025","AirNow","060376012","3","12.9","ug/m3 LC","58","Santa Clarita","1","100.0000","88502","Acceptable PM2.5 AQI & Speciation Mass","","","31080","Los Angeles-Long Beach-Anaheim, CA","06","California","037","Los Angeles","34.38344","-118.5284"
"01/18/2025","AirNow","060376012","3","17.7","ug/m3 LC","67","Santa Clarita","1","100.0000","88502","Acceptable PM2.5 AQI & Speciation Mass","","","31080","Los Angeles-Long Beach-Anaheim, CA","06","California","037","Los Angeles","34.38344","-118.5284"
"01/19/2025","AirNow","060376012","3","14.7","ug/m3 LC","61","Santa Clarita","1","100.0000","88502","Acceptable PM2.5 AQI & Speciation Mass","","","31080","Los Angeles-Long Beach-Anaheim, CA","06","California","037","Los Angeles","34.38344","-118.5284"
"01/20/2025","AirNow","060376012","3","12.8","ug/m3 LC","58","Santa Clarita","1","100.0000","88502","Acceptable PM2.5 AQI & Speciation Mass","","","31080","Los Angeles-Long Beach-Anaheim, CA","06","California","037","Los Angeles","34.38344","-118.5284"
"01/21/2025","AirNow","060376012","3","5.5","ug/m3 LC","31","Santa Clarita","1","100.0000","88502","Acceptable PM2.5 AQI & Speciation Mass","","","31080","Los Angeles-Long Beach-Anaheim, CA","06","California","037","Los Angeles","34.38344","-118.5284"
"01/22/2025","AirNow","060376012","3","5.6","ug/m3 LC","31","Santa Clarita","1","100.0000","88502","Acceptable PM2.5 AQI & Speciation Mass","","","31080","Los Angeles-Long Beach-Anaheim, CA","06","California","037","Los Angeles","34.38344","-118.5284"
"01/23/2025","AirNow","060376012","3","4.4","ug/m3 LC","24","Santa Clarita","1","100.0000","88502","Acceptable PM2.5 AQI & Speciation Mass","","","31080","Los Angeles-Long Beach-Anaheim, CA","06","California","037","Los Angeles","34.38344","-118.5284"
"01/24/2025","AirNow","060376012","3","5.9","ug/m3 LC","33","Santa Clarita","1","100.0000","88502","Acceptable PM2.5 AQI & Speciation Mass","","","31080","Los Angeles-Long Beach-Anaheim, CA","06","California","037","Los Angeles","34.38344","-118.5284"
"01/25/2025","AirNow","060376012","3","12.7","ug/m3 LC","58","Santa Clarita","1","100.0000","88502","Acceptable PM2.5 AQI & Speciation Mass","","","31080","Los Angeles-Long Beach-Anaheim, CA","06","California","037","Los Angeles","34.38344","-118.5284"
"01/26/2025","AirNow","060376012","3","7.3","ug/m3 LC","41","Santa Clarita","1","100.0000","88502","Acceptable PM2.5 AQI & Speciation Mass","","","31080","Los Angeles-Long Beach-Anaheim, CA","06","California","037","Los Angeles","34.38344","-118.5284"
"01/27/2025","AirNow","060376012","3","7.9","ug/m3 LC","44","Santa Clarita","1","100.0000","88502","Acceptable PM2.5 AQI & Speciation Mass","","","31080","Los Angeles-Long Beach-Anaheim, CA","06","California","037","Los Angeles","34.38344","-118.5284"
"01/28/2025","AirNow","060376012","3","10.8","ug/m3 LC","54","Santa Clarita","1","100.0000","88502","Acceptable PM2.5 AQI & Speciation Mass","","","31080","Los Angeles-Long Beach-Anaheim, CA","06","California","037","Los Angeles","34.38344","-118.5284"
"01/29/2025","AirNow","060376012","3","13.7","ug/m3 LC","60","Santa Clarita","1","100.0000","88502","Acceptable PM2.5 AQI & Speciation Mass","","","31080","Los Angeles-Long Beach-Anaheim, CA","06","California","037","Los Angeles","34.38344","-118.5284"
"01/30/2025","AirNow","060376012","3","15.9","ug/m3 LC","64","Santa Clarita","1","100.0000","88502","Acceptable PM2.5 AQI & Speciation Mass","","","31080","Los Angeles-Long Beach-Anaheim, CA","06","California","037","Los Angeles","34.38344","-118.5284"
"01/31/2025","AirNow","060376012","3","14.5","ug/m3 LC","61","Santa Clarita","1","100.0000","88502","Acceptable PM2.5 AQI & Speciation Mass","","","31080","Los Angeles-Long Beach-Anaheim, CA","06","California","037","Los Angeles","34.38344","-118.5284"
"02/01/2025","AirNow","060376012","3","12.3","ug/m3 LC","57","Santa Clarita","1","100.0000","88502","Acceptable PM2.5 AQI & Speciation Mass","","","31080","Los Angeles-Long Beach-Anaheim, CA","06","California","037","Los Angeles","34.38344","-118.5284"
"02/02/2025","AirNow","060376012","3","13.6","ug/m3 LC","59","Santa Clarita","1","100.0000","88502","Acceptable PM2.5 AQI & Speciation Mass","","","31080","Los Angeles-Long Beach-Anaheim, CA","06","California","037","Los Angeles","34.38344","-118.5284"
"02/03/2025","AirNow","060376012","3","13.5","ug/m3 LC","59","Santa Clarita","1","100.0000","88502","Acceptable PM2.5 AQI & Speciation Mass","","","31080","Los Angeles-Long Beach-Anaheim, CA","06","California","037","Los Angeles","34.38344","-118.5284"
"02/04/2025","AirNow","060376012","3","9.7","ug/m3 LC","52","Santa Clarita","1","100.0000","88502","Acceptable PM2.5 AQI & Speciation Mass","","","31080","Los Angeles-Long Beach-Anaheim, CA","06","California","037","Los Angeles","34.38344","-118.5284"
"02/05/2025","AirNow","060376012","3","5.9","ug/m3 LC","33","Santa Clarita","1","100.0000","88502","Acceptable PM2.5 AQI & Speciation Mass","","","31080","Los Angeles-Long Beach-Anaheim, CA","06","California","037","Los Angeles","34.38344","-118.5284"
"02/06/2025","AirNow","060376012","3","5.3","ug/m3 LC","29","Santa Clarita","1","100.0000","88502","Acceptable PM2.5 AQI & Speciation Mass","","","31080","Los Angeles-Long Beach-Anaheim, CA","06","California","037","Los Angeles","34.38344","-118.5284"
"02/07/2025","AirNow","060376012","3","5","ug/m3 LC","28","Santa Clarita","1","100.0000","88502","Acceptable PM2.5 AQI & Speciation Mass","","","31080","Los Angeles-Long Beach-Anaheim, CA","06","California","037","Los Angeles","34.38344","-118.5284"
"02/08/2025","AirNow","060376012","3","6.5","ug/m3 LC","36","Santa Clarita","1","100.0000","88502","Acceptable PM2.5 AQI & Speciation Mass","","","31080","Los Angeles-Long Beach-Anaheim, CA","06","California","037","Los Angeles","34.38344","-118.5284"
"02/09/2025","AirNow","060376012","3","7.8","ug/m3 LC","43","Santa Clarita","1","100.0000","88502","Acceptable PM2.5 AQI & Speciation Mass","","","31080","Los Angeles-Long Beach-Anaheim, CA","06","California","037","Los Angeles","34.38344","-118.5284"
"02/10/2025","AirNow","060376012","3","12.5","ug/m3 LC","57","Santa Clarita","1","100.0000","88502","Acceptable PM2.5 AQI & Speciation Mass","","","31080","Los Angeles-Long Beach-Anaheim, CA","06","California","037","Los Angeles","34.38344","-118.5284"
"02/11/2025","AirNow","060376012","3","9.3","ug/m3 LC","51","Santa Clarita","1","100.0000","88502","Acceptable PM2.5 AQI & Speciation Mass","","","31080","Los Angeles-Long Beach-Anaheim, CA","06","California","037","Los Angeles","34.38344","-118.5284"
"02/12/2025","AirNow","060376012","3","8","ug/m3 LC","44","Santa Clarita","1","100.0000","88502","Acceptable PM2.5 AQI & Speciation Mass","","","31080","Los Angeles-Long Beach-Anaheim, CA","06","California","037","Los Angeles","34.38344","-118.5284"
"02/13/2025","AirNow","060376012","3","5.4","ug/m3 LC","30","Santa Clarita","1","100.0000","88502","Acceptable PM2.5 AQI & Speciation Mass","","","31080","Los Angeles-Long Beach-Anaheim, CA","06","California","037","Los Angeles","34.38344","-118.5284"
"02/14/2025","AirNow","060376012","3","5.6","ug/m3 LC","31","Santa Clarita","1","100.0000","88502","Acceptable PM2.5 AQI & Speciation Mass","","","31080","Los Angeles-Long Beach-Anaheim, CA","06","California","037","Los Angeles","34.38344","-118.5284"
"02/15/2025","AirNow","060376012","3","6.9","ug/m3 LC","38","Santa Clarita","1","100.0000","88502","Acceptable PM2.5 AQI & Speciation Mass","","","31080","Los Angeles-Long Beach-Anaheim, CA","06","California","037","Los Angeles","34.38344","-118.5284"
"02/16/2025","AirNow","060376012","3","6.3","ug/m3 LC","35","Santa Clarita","1","100.0000","88502","Acceptable PM2.5 AQI & Speciation Mass","","","31080","Los Angeles-Long Beach-Anaheim, CA","06","California","037","Los Angeles","34.38344","-118.5284"
"02/17/2025","AirNow","060376012","3","7.6","ug/m3 LC","42","Santa Clarita","1","100.0000","88502","Acceptable PM2.5 AQI & Speciation Mass","","","31080","Los Angeles-Long Beach-Anaheim, CA","06","California","037","Los Angeles","34.38344","-118.5284"
"02/18/2025","AirNow","060376012","3","6.8","ug/m3 LC","38","Santa Clarita","1","100.0000","88502","Acceptable PM2.5 AQI & Speciation Mass","","","31080","Los Angeles-Long Beach-Anaheim, CA","06","California","037","Los Angeles","34.38344","-118.5284"
"02/19/2025","AirNow","060376012","3","7.3","ug/m3 LC","41","Santa Clarita","1","100.0000","88502","Acceptable PM2.5 AQI & Speciation Mass","","","31080","Los Angeles-Long Beach-Anaheim, CA","06","California","037","Los Angeles","34.38344","-118.5284"
"02/20/2025","AirNow","060376012","3","7.3","ug/m3 LC","41","Santa Clarita","1","100.0000","88502","Acceptable PM2.5 AQI & Speciation Mass","","","31080","Los Angeles-Long Beach-Anaheim, CA","06","California","037","Los Angeles","34.38344","-118.5284"
"02/21/2025","AirNow","060376012","3","5.6","ug/m3 LC","31","Santa Clarita","1","100.0000","88502","Acceptable PM2.5 AQI & Speciation Mass","","","31080","Los Angeles-Long Beach-Anaheim, CA","06","California","037","Los Angeles","34.38344","-118.5284"
"02/22/2025","AirNow","060376012","3","6.6","ug/m3 LC","37","Santa Clarita","1","100.0000","88502","Acceptable PM2.5 AQI & Speciation Mass","","","31080","Los Angeles-Long Beach-Anaheim, CA","06","California","037","Los Angeles","34.38344","-118.5284"
"02/23/2025","AirNow","060376012","3","5.6","ug/m3 LC","31","Santa Clarita","1","100.0000","88502","Acceptable PM2.5 AQI & Speciation Mass","","","31080","Los Angeles-Long Beach-Anaheim, CA","06","California","037","Los Angeles","34.38344","-118.5284"
"02/24/2025","AirNow","060376012","3","7.6","ug/m3 LC","42","Santa Clarita","1","100.0000","88502","Acceptable PM2.5 AQI & Speciation Mass","","","31080","Los Angeles-Long Beach-Anaheim, CA","06","California","037","Los Angeles","34.38344","-118.5284"
"02/25/2025","AirNow","060376012","3","6.6","ug/m3 LC","37","Santa Clarita","1","100.0000","88502","Acceptable PM2.5 AQI & Speciation Mass","","","31080","Los Angeles-Long Beach-Anaheim, CA","06","California","037","Los Angeles","34.38344","-118.5284"
"02/26/2025","AirNow","060376012","3","5.5","ug/m3 LC","31","Santa Clarita","1","100.0000","88502","Acceptable PM2.5 AQI & Speciation Mass","","","31080","Los Angeles-Long Beach-Anaheim, CA","06","California","037","Los Angeles","34.38344","-118.5284"
"02/27/2025","AirNow","060376012","3","4.9","ug/m3 LC","27","Santa Clarita","1","100.0000","88502","Acceptable PM2.5 AQI & Speciation Mass","","","31080","Los Angeles-Long Beach-Anaheim, CA","06","California","037","Los Angeles","34.38344","-118.5284"
"02/28/2025","AirNow","060376012","3","8.3","ug/m3 LC","46","Santa Clarita","1","100.0000","88502","Acceptable PM2.5 AQI & Speciation Mass","","","31080","Los Angeles-Long Beach-Anaheim, CA","06","California","037","Los Angeles","34.38344","-118.5284"
"03/01/2025","AirNow","060376012","3","12.2","ug/m3 LC","57","Santa Clarita","1","100.0000","88502","Acceptable PM2.5 AQI & Speciation Mass","","","31080","Los Angeles-Long Beach-Anaheim, CA","06","California","037","Los Angeles","34.38344","-118.5284"
"03/02/2025","AirNow","060376012","3","6.8","ug/m3 LC","38","Santa Clarita","1","100.0000","88502","Acceptable PM2.5 AQI & Speciation Mass","","","31080","Los Angeles-Long Beach-Anaheim, CA","06","California","037","Los Angeles","34.38344","-118.5284"
"03/03/2025","AirNow","060376012","3","4.9","ug/m3 LC","27","Santa Clarita","1","100.0000","88502","Acceptable PM2.5 AQI & Speciation Mass","","","31080","Los Angeles-Long Beach-Anaheim, CA","06","California","037","Los Angeles","34.38344","-118.5284"
"03/04/2025","AirNow","060376012","3","9.7","ug/m3 LC","52","Santa Clarita","1","100.0000","88502","Acceptable PM2.5 AQI & Speciation Mass","","","31080","Los Angeles-Long Beach-Anaheim, CA","06","California","037","Los Angeles","34.38344","-118.5284"
"03/05/2025","AirNow","060376012","3","9.5","ug/m3 LC","52","Santa Clarita","1","100.0000","88502","Acceptable PM2.5 AQI & Speciation Mass","","","31080","Los Angeles-Long Beach-Anaheim, CA","06","California","037","Los Angeles","34.38344","-118.5284"
"03/06/2025","AirNow","060376012","3","5.6","ug/m3 LC","31","Santa Clarita","1","100.0000","88502","Acceptable PM2.5 AQI & Speciation Mass","","","31080","Los Angeles-Long Beach-Anaheim, CA","06","California","037","Los Angeles","34.38344","-118.5284"
"01/01/2025","AirNow","060379035","1","3.3","ug/m3 LC","18","Lancaster - Fairgrounds","1","100.0000","88101","PM2.5 - Local Conditions","","","31080","Los Angeles-Long Beach-Anaheim, CA","06","California","037","Los Angeles","34.725389","-118.178601"
"01/02/2025","AirNow","060379035","1","1.3","ug/m3 LC","7","Lancaster - Fairgrounds","1","100.0000","88101","PM2.5 - Local Conditions","","","31080","Los Angeles-Long Beach-Anaheim, CA","06","California","037","Los Angeles","34.725389","-118.178601"
"01/03/2025","AirNow","060379035","1","2.7","ug/m3 LC","15","Lancaster - Fairgrounds","1","100.0000","88101","PM2.5 - Local Conditions","","","31080","Los Angeles-Long Beach-Anaheim, CA","06","California","037","Los Angeles","34.725389","-118.178601"
"01/04/2025","AirNow","060379035","1","2.2","ug/m3 LC","12","Lancaster - Fairgrounds","1","100.0000","88101","PM2.5 - Local Conditions","","","31080","Los Angeles-Long Beach-Anaheim, CA","06","California","037","Los Angeles","34.725389","-118.178601"
"01/05/2025","AirNow","060379035","1","0.9","ug/m3 LC","5","Lancaster - Fairgrounds","1","100.0000","88101","PM2.5 - Local Conditions","","","31080","Los Angeles-Long Beach-Anaheim, CA","06","California","037","Los Angeles","34.725389","-118.178601"
"01/06/2025","AirNow","060379035","1","0.4","ug/m3 LC","2","Lancaster - Fairgrounds","1","100.0000","88101","PM2.5 - Local Conditions","","","31080","Los Angeles-Long Beach-Anaheim, CA","06","California","037","Los Angeles","34.725389","-118.178601"
"01/07/2025","AirNow","060379035","1","24.9","ug/m3 LC","80","Lancaster - Fairgrounds","1","100.0000","88101","PM2.5 - Local Conditions","","","31080","Los Angeles-Long Beach-Anaheim, CA","06","California","037","Los Angeles","34.725389","-118.178601"
"01/08/2025","AirNow","060379035","1","8.7","ug/m3 LC","48","Lancaster - Fairgrounds","1","100.0000","88101","PM2.5 - Local Conditions","","","31080","Los Angeles-Long Beach-Anaheim, CA","06","California","037","Los Angeles","34.725389","-118.178601"
"01/09/2025","AirNow","060379035","1","0.7","ug/m3 LC","4","Lancaster - Fairgrounds","1","100.0000","88101","PM2.5 - Local Conditions","","","31080","Los Angeles-Long Beach-Anaheim, CA","06","California","037","Los Angeles","34.725389","-118.178601"
"01/10/2025","AirNow","060379035","1","1.8","ug/m3 LC","10","Lancaster - Fairgrounds","1","100.0000","88101","PM2.5 - Local Conditions","","","31080","Los Angeles-Long Beach-Anaheim, CA","06","California","037","Los Angeles","34.725389","-118.178601"
"01/11/2025","AirNow","060379035","1","4.7","ug/m3 LC","26","Lancaster - Fairgrounds","1","100.0000","88101","PM2.5 - Local Conditions","","","31080","Los Angeles-Long Beach-Anaheim, CA","06","California","037","Los Angeles","34.725389","-118.178601"
"01/12/2025","AirNow","060379035","1","3","ug/m3 LC","17","Lancaster - Fairgrounds","1","100.0000","88101","PM2.5 - Local Conditions","","","31080","Los Angeles-Long Beach-Anaheim, CA","06","California","037","Los Angeles","34.725389","-118.178601"
"01/13/2025","AirNow","060379035","1","1","ug/m3 LC","6","Lancaster - Fairgrounds","1","100.0000","88101","PM2.5 - Local Conditions","","","31080","Los Angeles-Long Beach-Anaheim, CA","06","California","037","Los Angeles","34.725389","-118.178601"
"01/14/2025","AirNow","060379035","1","1.5","ug/m3 LC","8","Lancaster - Fairgrounds","1","100.0000","88101","PM2.5 - Local Conditions","","","31080","Los Angeles-Long Beach-Anaheim, CA","06","California","037","Los Angeles","34.725389","-118.178601"
"01/15/2025","AirNow","060379035","1","1.1","ug/m3 LC","6","Lancaster - Fairgrounds","1","100.0000","88101","PM2.5 - Local Conditions","","","31080","Los Angeles-Long Beach-Anaheim, CA","06","California","037","Los Angeles","34.725389","-118.178601"
"01/16/2025","AirNow","060379035","1","1.5","ug/m3 LC","8","Lancaster - Fairgrounds","1","100.0000","88101","PM2.5 - Local Conditions","","","31080","Los Angeles-Long Beach-Anaheim, CA","06","California","037","Los Angeles","34.725389","-118.178601"
"01/17/2025","AirNow","060379035","1","2.2","ug/m3 LC","12","Lancaster - Fairgrounds","1","100.0000","88101","PM2.5 - Local Conditions","","","31080","Los Angeles-Long Beach-Anaheim, CA","06","California","037","Los Angeles","34.725389","-118.178601"
"01/18/2025","AirNow","060379035","1","4.7","ug/m3 LC","26","Lancaster - Fairgrounds","1","100.0000","88101","PM2.5 - Local Conditions","","","31080","Los Angeles-Long Beach-Anaheim, CA","06","California","037","Los Angeles","34.725389","-118.178601"
"01/19/2025","AirNow","060379035","1","2.9","ug/m3 LC","16","Lancaster - Fairgrounds","1","100.0000","88101","PM2.5 - Local Conditions","","","31080","Los Angeles-Long Beach-Anaheim, CA","06","California","037","Los Angeles","34.725389","-118.178601"
"01/20/2025","AirNow","060379035","1","16.8","ug/m3 LC","65","Lancaster - Fairgrounds","1","100.0000","88101","PM2.5 - Local Conditions","","","31080","Los Angeles-Long Beach-Anaheim, CA","06","California","037","Los Angeles","34.725389","-118.178601"
"01/21/2025","AirNow","060379035","1","1.9","ug/m3 LC","11","Lancaster - Fairgrounds","1","100.0000","88101","PM2.5 - Local Conditions","","","31080","Los Angeles-Long Beach-Anaheim, CA","06","California","037","Los Angeles","34.725389","-118.178601"
"01/22/2025","AirNow","060379035","1","2.3","ug/m3 LC","13","Lancaster - Fairgrounds","1","100.0000","88101","PM2.5 - Local Conditions","","","31080","Los Angeles-Long Beach-Anaheim, CA","06","California","037","Los Angeles","34.725389","-118.178601"
"01/23/2025","AirNow","060379035","1","3.4","ug/m3 LC","19","Lancaster - Fairgrounds","1","100.0000","88101","PM2.5 - Local Conditions","","","31080","Los Angeles-Long Beach-Anaheim, CA","06","California","037","Los Angeles","34.725389","-118.178601"
"01/24/2025","AirNow","060379035","1","1.4","ug/m3 LC","8","Lancaster - Fairgrounds","1","100.0000","88101","PM2.5 - Local Conditions","","","31080","Los Angeles-Long Beach-Anaheim, CA","06","California","037","Los Angeles","34.725389","-118.178601"
"01/25/2025","AirNow","060379035","1","4.5","ug/m3 LC","25","Lancaster - Fairgrounds","1","100.0000","88101","PM2.5 - Local Conditions","","","31080","Los Angeles-Long Beach-Anaheim, CA","06","California","037","Los Angeles","34.725389","-118.178601"
"01/26/2025","AirNow","060379035","1","2.3","ug/m3 LC","13","Lancaster - Fairgrounds","1","100.0000","88101","PM2.5 - Local Conditions","","","31080","Los Angeles-Long Beach-Anaheim, CA","06","California","037","Los Angeles","34.725389","-118.178601"
"01/27/2025","AirNow","060379035","1","2.1","ug/m3 LC","12","Lancaster - Fairgrounds","1","100.0000","88101","PM2.5 - Local Conditions","","","31080","Los Angeles-Long Beach-Anaheim, CA","06","California","037","Los Angeles","34.725389","-118.178601"
"01/28/2025","AirNow","060379035","1","4","ug/m3 LC","22","Lancaster - Fairgrounds","1","100.0000","88101","PM2.5 - Local Conditions","","","31080","Los Angeles-Long Beach-Anaheim, CA","06","California","037","Los Angeles","34.725389","-118.178601"
"01/29/2025","AirNow","060379035","1","5.7","ug/m3 LC","32","Lancaster - Fairgrounds","1","100.0000","88101","PM2.5 - Local Conditions","","","31080","Los Angeles-Long Beach-Anaheim, CA","06","California","037","Los Angeles","34.725389","-118.178601"
"01/30/2025","AirNow","060379035","1","9.7","ug/m3 LC","52","Lancaster - Fairgrounds","1","100.0000","88101","PM2.5 - Local Conditions","","","31080","Los Angeles-Long Beach-Anaheim, CA","06","California","037","Los Angeles","34.725389","-118.178601"
"01/31/2025","AirNow","060379035","1","4.4","ug/m3 LC","24","Lancaster - Fairgrounds","1","100.0000","88101","PM2.5 - Local Conditions","","","31080","Los Angeles-Long Beach-Anaheim, CA","06","California","037","Los Angeles","34.725389","-118.178601"
"02/01/2025","AirNow","060379035","1","3","ug/m3 LC","17","Lancaster - Fairgrounds","1","100.0000","88101","PM2.5 - Local Conditions","","","31080","Los Angeles-Long Beach-Anaheim, CA","06","California","037","Los Angeles","34.725389","-118.178601"
"02/02/2025","AirNow","060379035","1","3.3","ug/m3 LC","18","Lancaster - Fairgrounds","1","100.0000","88101","PM2.5 - Local Conditions","","","31080","Los Angeles-Long Beach-Anaheim, CA","06","California","037","Los Angeles","34.725389","-118.178601"
"02/03/2025","AirNow","060379035","1","5.9","ug/m3 LC","33","Lancaster - Fairgrounds","1","100.0000","88101","PM2.5 - Local Conditions","","","31080","Los Angeles-Long Beach-Anaheim, CA","06","California","037","Los Angeles","34.725389","-118.178601"
"02/04/2025","AirNow","060379035","1","2.5","ug/m3 LC","14","Lancaster - Fairgrounds","1","100.0000","88101","PM2.5 - Local Conditions","","","31080","Los Angeles-Long Beach-Anaheim, CA","06","California","037","Los Angeles","34.725389","-118.178601"
"02/05/2025","AirNow","060379035","1","-1","ug/m3 LC","0","Lancaster - Fairgrounds","1","100.0000","88101","PM2.5 - Local Conditions","","","31080","Los Angeles-Long Beach-Anaheim, CA","06","California","037","Los Angeles","34.725389","-118.178601"
"02/06/2025","AirNow","060379035","1","-0.1","ug/m3 LC","0","Lancaster - Fairgrounds","1","100.0000","88101","PM2.5 - Local Conditions","","","31080","Los Angeles-Long Beach-Anaheim, CA","06","California","037","Los Angeles","34.725389","-118.178601"
"02/07/2025","AirNow","060379035","1","1.7","ug/m3 LC","9","Lancaster - Fairgrounds","1","100.0000","88101","PM2.5 - Local Conditions","","","31080","Los Angeles-Long Beach-Anaheim, CA","06","California","037","Los Angeles","34.725389","-118.178601"
"02/08/2025","AirNow","060379035","1","2.1","ug/m3 LC","12","Lancaster - Fairgrounds","1","100.0000","88101","PM2.5 - Local Conditions","","","31080","Los Angeles-Long Beach-Anaheim, CA","06","California","037","Los Angeles","34.725389","-118.178601"
"02/09/2025","AirNow","060379035","1","1.6","ug/m3 LC","9","Lancaster - Fairgrounds","1","100.0000","88101","PM2.5 - Local Conditions","","","31080","Los Angeles-Long Beach-Anaheim, CA","06","California","037","Los Angeles","34.725389","-118.178601"
"02/10/2025","AirNow","060379035","1","4.8","ug/m3 LC","27","Lancaster - Fairgrounds","1","100.0000","88101","PM2.5 - Local Conditions","","","31080","Los Angeles-Long Beach-Anaheim, CA","06","California","037","Los Angeles","34.725389","-118.178601"
"02/11/2025","AirNow","060379035","1","5.4","ug/m3 LC","30","Lancaster - Fairgrounds","1","100.0000","88101","PM2.5 - Local Conditions","","","31080","Los Angeles-Long Beach-Anaheim, CA","06","California","037","Los Angeles","34.725389","-118.178601"
"02/12/2025","AirNow","060379035","1","0.6","ug/m3 LC","3","Lancaster - Fairgrounds","1","100.0000","88101","PM2.5 - Local Conditions","","","31080","Los Angeles-Long Beach-Anaheim, CA","06","California","037","Los Angeles","34.725389","-118.178601"
"02/13/2025","AirNow","060379035","1","-0.8","ug/m3 LC","0","Lancaster - Fairgrounds","1","100.0000","88101","PM2.5 - Local Conditions","","","31080","Los Angeles-Long Beach-Anaheim, CA","06","California","037","Los Angeles","34.725389","-118.178601"
"02/14/2025","AirNow","060379035","1","1.3","ug/m3 LC","7","Lancaster - Fairgrounds","1","100.0000","88101","PM2.5 - Local Conditions","","","31080","Los Angeles-Long Beach-Anaheim, CA","06","California","037","Los Angeles","34.725389","-118.178601"
"02/15/2025","AirNow","060379035","1","1.7","ug/m3 LC","9","Lancaster - Fairgrounds","1","100.0000","88101","PM2.5 - Local Conditions","","","31080","Los Angeles-Long Beach-Anaheim, CA","06","California","037","Los Angeles","34.725389","-118.178601"
"02/16/2025","AirNow","060379035","1","-0.7","ug/m3 LC","0","Lancaster - Fairgrounds","1","100.0000","88101","PM2.5 - Local Conditions","","","31080","Los Angeles-Long Beach-Anaheim, CA","06","California","037","Los Angeles","34.725389","-118.178601"
"02/17/2025","AirNow","060379035","1","2.3","ug/m3 LC","13","Lancaster - Fairgrounds","1","100.0000","88101","PM2.5 - Local Conditions","","","31080","Los Angeles-Long Beach-Anaheim, CA","06","California","037","Los Angeles","34.725389","-118.178601"
"02/18/2025","AirNow","060379035","1","3","ug/m3 LC","17","Lancaster - Fairgrounds","1","100.0000","88101","PM2.5 - Local Conditions","","","31080","Los Angeles-Long Beach-Anaheim, CA","06","California","037","Los Angeles","34.725389","-118.178601"
"02/19/2025","AirNow","060379035","1","3.1","ug/m3 LC","17","Lancaster - Fairgrounds","1","100.0000","88101","PM2.5 - Local Conditions","","","31080","Los Angeles-Long Beach-Anaheim, CA","06","California","037","Los Angeles","34.725389","-118.178601"
"02/20/2025","AirNow","060379035","1","1.3","ug/m3 LC","7","Lancaster - Fairgrounds","1","100.0000","88101","PM2.5 - Local Conditions","","","31080","Los Angeles-Long Beach-Anaheim, CA","06","California","037","Los Angeles","34.725389","-118.178601"
"02/21/2025","AirNow","060379035","1","0.4","ug/m3 LC","2","Lancaster - Fairgrounds","1","100.0000","88101","PM2.5 - Local Conditions","","","31080","Los Angeles-Long Beach-Anaheim, CA","06","California","037","Los Angeles","34.725389","-118.178601"
"02/22/2025","AirNow","060379035","1","0.4","ug/m3 LC","2","Lancaster - Fairgrounds","1","100.0000","88101","PM2.5 - Local Conditions","","","31080","Los Angeles-Long Beach-Anaheim, CA","06","California","037","Los Angeles","34.725389","-118.178601"
"02/23/2025","AirNow","060379035","1","1.2","ug/m3 LC","7","Lancaster - Fairgrounds","1","100.0000","88101","PM2.5 - Local Conditions","","","31080","Los Angeles-Long Beach-Anaheim, CA","06","California","037","Los Angeles","34.725389","-118.178601"
"02/24/2025","AirNow","060379035","1","2.7","ug/m3 LC","15","Lancaster - Fairgrounds","1","100.0000","88101","PM2.5 - Local Conditions","","","31080","Los Angeles-Long Beach-Anaheim, CA","06","California","037","Los Angeles","34.725389","-118.178601"
"02/25/2025","AirNow","060379035","1","3.5","ug/m3 LC","19","Lancaster - Fairgrounds","1","100.0000","88101","PM2.5 - Local Conditions","","","31080","Los Angeles-Long Beach-Anaheim, CA","06","California","037","Los Angeles","34.725389","-118.178601"
"02/26/2025","AirNow","060379035","1","0.5","ug/m3 LC","3","Lancaster - Fairgrounds","1","100.0000","88101","PM2.5 - Local Conditions","","","31080","Los Angeles-Long Beach-Anaheim, CA","06","California","037","Los Angeles","34.725389","-118.178601"
"02/27/2025","AirNow","060379035","1","-0.1","ug/m3 LC","0","Lancaster - Fairgrounds","1","100.0000","88101","PM2.5 - Local Conditions","","","31080","Los Angeles-Long Beach-Anaheim, CA","06","California","037","Los Angeles","34.725389","-118.178601"
"02/28/2025","AirNow","060379035","1","2","ug/m3 LC","11","Lancaster - Fairgrounds","1","100.0000","88101","PM2.5 - Local Conditions","","","31080","Los Angeles-Long Beach-Anaheim, CA","06","California","037","Los Angeles","34.725389","-118.178601"
"03/01/2025","AirNow","060379035","1","4.9","ug/m3 LC","27","Lancaster - Fairgrounds","1","100.0000","88101","PM2.5 - Local Conditions","","","31080","Los Angeles-Long Beach-Anaheim, CA","06","California","037","Los Angeles","34.725389","-118.178601"
"03/02/2025","AirNow","060379035","1","2.3","ug/m3 LC","13","Lancaster - Fairgrounds","1","100.0000","88101","PM2.5 - Local Conditions","","","31080","Los Angeles-Long Beach-Anaheim, CA","06","California","037","Los Angeles","34.725389","-118.178601"
"03/03/2025","AirNow","060379035","1","0.8","ug/m3 LC","4","Lancaster - Fairgrounds","1","100.0000","88101","PM2.5 - Local Conditions","","","31080","Los Angeles-Long Beach-Anaheim, CA","06","California","037","Los Angeles","34.725389","-118.178601"
"03/04/2025","AirNow","060379035","1","0.3","ug/m3 LC","2","Lancaster - Fairgrounds","1","100.0000","88101","PM2.5 - Local Conditions","","","31080","Los Angeles-Long Beach-Anaheim, CA","06","California","037","Los Angeles","34.725389","-118.178601"
"03/05/2025","AirNow","060379035","1","3.2","ug/m3 LC","18","Lancaster - Fairgrounds","1","100.0000","88101","PM2.5 - Local Conditions","","","31080","Los Angeles-Long Beach-Anaheim, CA","06","California","037","Los Angeles","34.725389","-118.178601"
"03/06/2025","AirNow","060379035","1","1.4","ug/m3 LC","8","Lancaster - Fairgrounds","1","100.0000","88101","PM2.5 - Local Conditions","","","31080","Los Angeles-Long Beach-Anaheim, CA","06","California","037","Los Angeles","34.725389","-118.178601"
