"Date","Source","Site ID","POC","Daily Mean PM2.5 Concentration","Units","Daily AQI Value","Local Site Name","Daily Obs Count","Percent Complete","AQS Parameter Code","AQS Parameter Description","Method Code","Method Description","CBSA Code","CBSA Name","State FIPS Code","State","County FIPS Code","County","Site Latitude","Site Longitude"
"01/01/2025","AirNow","060650009","1","12.9","ug/m3 LC","58","Pechanga","1","100.0000","88101","PM2.5 - Local Conditions","","","40140","Riverside-San Bernardino-Ontario, CA","06","California","065","Riverside","33.4478670008682","-117.088649"
"01/02/2025","AirNow","060650009","1","4.8","ug/m3 LC","27","Pechanga","1","100.0000","88101","PM2.5 - Local Conditions","","","40140","Riverside-San Bernardino-Ontario, CA","06","California","065","Riverside","33.4478670008682","-117.088649"
"01/03/2025","AirNow","060650009","1","6.2","ug/m3 LC","34","Pechanga","1","100.0000","88101","PM2.5 - Local Conditions","","","40140","Riverside-San Bernardino-Ontario, CA","06","California","065","Riverside","33.4478670008682","-117.088649"
"01/04/2025","AirNow","060650009","1","11.1","ug/m3 LC","55","Pechanga","1","100.0000","88101","PM2.5 - Local Conditions","","","40140","Riverside-San Bernardino-Ontario, CA","06","California","065","Riverside","33.4478670008682","-117.088649"
"01/05/2025","AirNow","060650009","1","6.1","ug/m3 LC","34","Pechanga","1","100.0000","88101","PM2.5 - Local Conditions","","","40140","Riverside-San Bernardino-Ontario, CA","06","California","065","Riverside","33.4478670008682","-117.088649"
"01/06/2025","AirNow","060650009","1","2","ug/m3 LC","11","Pechanga","1","100.0000","88101","PM2.5 - Local Conditions","","","40140","Riverside-San Bernardino-Ontario, CA","06","California","065","Riverside","33.4478670008682","-117.088649"
"01/07/2025","AirNow","060650009","1","4.9","ug/m3 LC","27","Pechanga","1","100.0000","88101","PM2.5 - Local Conditions","","","40140","Riverside-San Bernardino-Ontario, CA","06","California","065","Riverside","33.4478670008682","-117.088649"
"01/08/2025","AirNow","060650009","1","5","ug/m3 LC","28","Pechanga","1","100.0000","88101","PM2.5 - Local Conditions","","","40140","Riverside-San Bernardino-Ontario, CA","06","California","065","Riverside","33.4478670008682","-117.088649"
"01/09/2025","AirNow","060650009","1","3.4","ug/m3 LC","19","Pechanga","1","100.0000","88101","PM2.5 - Local Conditions","","","40140","Riverside-San Bernardino-Ontario, CA","06","California","065","Riverside","33.4478670008682","-117.088649"
"01/10/2025","AirNow","060650009","1","5.4","ug/m3 LC","30","Pechanga","1","100.0000","88101","PM2.5 - Local Conditions","","","40140","Riverside-San Bernardino-Ontario, CA","06","California","065","Riverside","33.4478670008682","-117.088649"
"01/11/2025","AirNow","060650009","1","10.1","ug/m3 LC","53","Pechanga","1","100.0000","88101","PM2.5 - Local Conditions","","","40140","Riverside-San Bernardino-Ontario, CA","06","California","065","Riverside","33.4478670008682","-117.088649"
"01/12/2025","AirNow","060650009","1","3.5","ug/m3 LC","19","Pechanga","1","100.0000","88101","PM2.5 - Local Conditions","","","40140","Riverside-San Bernardino-Ontario, CA","06","California","065","Riverside","33.4478670008682","-117.088649"
"01/13/2025","AirNow","060650009","1","2.4","ug/m3 LC","13","Pechanga","1","100.0000","88101","PM2.5 - Local Conditions","","","40140","Riverside-San Bernardino-Ontario, CA","06","California","065","Riverside","33.4478670008682","-117.088649"
"01/18/2025","AirNow","060650009","1","5.7","ug/m3 LC","32","Pechanga","1","100.0000","88101","PM2.5 - Local Conditions","","","40140","Riverside-San Bernardino-Ontario, CA","06","California","065","Riverside","33.4478670008682","-117.088649"
"01/19/2025","AirNow","060650009","1","6.7","ug/m3 LC","37","Pechanga","1","100.0000","88101","PM2.5 - Local Conditions","","","40140","Riverside-San Bernardino-Ontario, CA","06","California","065","Riverside","33.4478670008682","-117.088649"
"01/20/2025","AirNow","060650009","1","7.4","ug/m3 LC","41","Pechanga","1","100.0000","88101","PM2.5 - Local Conditions","","","40140","Riverside-San Bernardino-Ontario, CA","06","California","065","Riverside","33.4478670008682","-117.088649"
"01/21/2025","AirNow","060650009","1","1.6","ug/m3 LC","9","Pechanga","1","100.0000","88101","PM2.5 - Local Conditions","","","40140","Riverside-San Bernardino-Ontario, CA","06","California","065","Riverside","33.4478670008682","-117.088649"
"01/22/2025","AirNow","060650009","1","2.5","ug/m3 LC","14","Pechanga","1","100.0000","88101","PM2.5 - Local Conditions","","","40140","Riverside-San Bernardino-Ontario, CA","06","California","065","Riverside","33.4478670008682","-117.088649"
"01/23/2025","AirNow","060650009","1","1.4","ug/m3 LC","8","Pechanga","1","100.0000","88101","PM2.5 - Local Conditions","","","40140","Riverside-San Bernardino-Ontario, CA","06","California","065","Riverside","33.4478670008682","-117.088649"
"01/24/2025","AirNow","060650009","1","3.7","ug/m3 LC","21","Pechanga","1","100.0000","88101","PM2.5 - Local Conditions","","","40140","Riverside-San Bernardino-Ontario, CA","06","California","065","Riverside","33.4478670008682","-117.088649"
"01/25/2025","AirNow","060650009","1","11.5","ug/m3 LC","55","Pechanga","1","100.0000","88101","PM2.5 - Local Conditions","","","40140","Riverside-San Bernardino-Ontario, CA","06","California","065","Riverside","33.4478670008682","-117.088649"
"01/26/2025","AirNow","060650009","1","2.5","ug/m3 LC","14","Pechanga","1","100.0000","88101","PM2.5 - Local Conditions","","","40140","Riverside-San Bernardino-Ontario, CA","06","California","065","Riverside","33.4478670008682","-117.088649"
"01/27/2025","AirNow","060650009","1","3.2","ug/m3 LC","18","Pechanga","1","100.0000","88101","PM2.5 - Local Conditions","","","40140","Riverside-San Bernardino-Ontario, CA","06","California","065","Riverside","33.4478670008682","-117.088649"
"01/28/2025","AirNow","060650009","1","4.5","ug/m3 LC","25","Pechanga","1","100.0000","88101","PM2.5 - Local Conditions","","","40140","Riverside-San Bernardino-Ontario, CA","06","California","065","Riverside","33.4478670008682","-117.088649"
"01/29/2025","AirNow","060650009","1","5.4","ug/m3 LC","30","Pechanga","1","100.0000","88101","PM2.5 - Local Conditions","","","40140","Riverside-San Bernardino-Ontario, CA","06","California","065","Riverside","33.4478670008682","-117.088649"
"01/30/2025","AirNow","060650009","1","5.6","ug/m3 LC","31","Pechanga","1","100.0000","88101","PM2.5 - Local Conditions","","","40140","Riverside-San Bernardino-Ontario, CA","06","California","065","Riverside","33.4478670008682","-117.088649"
"01/31/2025","AirNow","060650009","1","8.7","ug/m3 LC","48","Pechanga","1","100.0000","88101","PM2.5 - Local Conditions","","","40140","Riverside-San Bernardino-Ontario, CA","06","California","065","Riverside","33.4478670008682","-117.088649"
"02/01/2025","AirNow","060650009","1","6.7","ug/m3 LC","37","Pechanga","1","100.0000","88101","PM2.5 - Local Conditions","","","40140","Riverside-San Bernardino-Ontario, CA","06","California","065","Riverside","33.4478670008682","-117.088649"
"02/02/2025","AirNow","060650009","1","6.4","ug/m3 LC","36","Pechanga","1","100.0000","88101","PM2.5 - Local Conditions","","","40140","Riverside-San Bernardino-Ontario, CA","06","California","065","Riverside","33.4478670008682","-117.088649"
"02/03/2025","AirNow","060650009","1","4.6","ug/m3 LC","26","Pechanga","1","100.0000","88101","PM2.5 - Local Conditions","","","40140","Riverside-San Bernardino-Ontario, CA","06","California","065","Riverside","33.4478670008682","-117.088649"
"02/04/2025","AirNow","060650009","1","7.1","ug/m3 LC","39","Pechanga","1","100.0000","88101","PM2.5 - Local Conditions","","","40140","Riverside-San Bernardino-Ontario, CA","06","California","065","Riverside","33.4478670008682","-117.088649"
"02/05/2025","AirNow","060650009","1","2.7","ug/m3 LC","15","Pechanga","1","100.0000","88101","PM2.5 - Local Conditions","","","40140","Riverside-San Bernardino-Ontario, CA","06","California","065","Riverside","33.4478670008682","-117.088649"
"02/06/2025","AirNow","060650009","1","2","ug/m3 LC","11","Pechanga","1","100.0000","88101","PM2.5 - Local Conditions","","","40140","Riverside-San Bernardino-Ontario, CA","06","California","065","Riverside","33.4478670008682","-117.088649"
"02/07/2025","AirNow","060650009","1","1.1","ug/m3 LC","6","Pechanga","1","100.0000","88101","PM2.5 - Local Conditions","","","40140","Riverside-San Bernardino-Ontario, CA","06","California","065","Riverside","33.4478670008682","-117.088649"
"02/08/2025","AirNow","060650009","1","3.1","ug/m3 LC","17","Pechanga","1","100.0000","88101","PM2.5 - Local Conditions","","","40140","Riverside-San Bernardino-Ontario, CA","06","California","065","Riverside","33.4478670008682","-117.088649"
"02/09/2025","AirNow","060650009","1","5.6","ug/m3 LC","31","Pechanga","1","100.0000","88101","PM2.5 - Local Conditions","","","40140","Riverside-San Bernardino-Ontario, CA","06","California","065","Riverside","33.4478670008682","-117.088649"
"02/10/2025","AirNow","060650009","1","7.4","ug/m3 LC","41","Pechanga","1","100.0000","88101","PM2.5 - Local Conditions","","","40140","Riverside-San Bernardino-Ontario, CA","06","California","065","Riverside","33.4478670008682","-117.088649"
"02/11/2025","AirNow","060650009","1","5.4","ug/m3 LC","30","Pechanga","1","100.0000","88101","PM2.5 - Local Conditions","","","40140","Riverside-San Bernardino-Ontario, CA","06","California","065","Riverside","33.4478670008682","-117.088649"
"02/12/2025","AirNow","060650009","1","2.1","ug/m3 LC","12","Pechanga","1","100.0000","88101","PM2.5 - Local Conditions","","","40140","Riverside-San Bernardino-Ontario, CA","06","California","065","Riverside","33.4478670008682","-117.088649"
"02/13/2025","AirNow","060650009","1","0.6","ug/m3 LC","3","Pechanga","1","100.0000","88101","PM2.5 - Local Conditions","","","40140","Riverside-San Bernardino-Ontario, CA","06","California","065","Riverside","33.4478670008682","-117.088649"
"02/14/2025","AirNow","060650009","1","3.4","ug/m3 LC","19","Pechanga","1","100.0000","88101","PM2.5 - Local Conditions","","","40140","Riverside-San Bernardino-Ontario, CA","06","California","065","Riverside","33.4478670008682","-117.088649"
"02/15/2025","AirNow","060650009","1","2.8","ug/m3 LC","16","Pechanga","1","100.0000","88101","PM2.5 - Local Conditions","","","40140","Riverside-San Bernardino-Ontario, CA","06","California","065","Riverside","33.4478670008682","-117.088649"
"02/16/2025","AirNow","060650009","1","2.6","ug/m3 LC","14","Pechanga","1","100.0000","88101","PM2.5 - Local Conditions","","","40140","Riverside-San Bernardino-Ontario, CA","06","California","065","Riverside","33.4478670008682","-117.088649"
"02/17/2025","AirNow","060650009","1","5.1","ug/m3 LC","28","Pechanga","1","100.0000","88101","PM2.5 - Local Conditions","","","40140","Riverside-San Bernardino-Ontario, CA","06","California","065","Riverside","33.4478670008682","-117.088649"
"02/18/2025","AirNow","060650009","1","6.1","ug/m3 LC","34","Pechanga","1","100.0000","88101","PM2.5 - Local Conditions","","","40140","Riverside-San Bernardino-Ontario, CA","06","California","065","Riverside","33.4478670008682","-117.088649"
"02/19/2025","AirNow","060650009","1","4.8","ug/m3 LC","27","Pechanga","1","100.0000","88101","PM2.5 - Local Conditions","","","40140","Riverside-San Bernardino-Ontario, CA","06","California","065","Riverside","33.4478670008682","-117.088649"
"02/20/2025","AirNow","060650009","1","5","ug/m3 LC","28","Pechanga","1","100.0000","88101","PM2.5 - Local Conditions","","","40140","Riverside-San Bernardino-Ontario, CA","06","California","065","Riverside","33.4478670008682","-117.088649"
"02/21/2025","AirNow","060650009","1","4.5","ug/m3 LC","25","Pechanga","1","100.0000","88101","PM2.5 - Local Conditions","","","40140","Riverside-San Bernardino-Ontario, CA","06","California","065","Riverside","33.4478670008682","-117.088649"
"02/22/2025","AirNow","060650009","1","3.5","ug/m3 LC","19","Pechanga","1","100.0000","88101","PM2.5 - Local Conditions","","","40140","Riverside-San Bernardino-Ontario, CA","06","California","065","Riverside","33.4478670008682","-117.088649"
"02/23/2025","AirNow","060650009","1","4.2","ug/m3 LC","23","Pechanga","1","100.0000","88101","PM2.5 - Local Conditions","","","40140","Riverside-San Bernardino-Ontario, CA","06","California","065","Riverside","33.4478670008682","-117.088649"
"02/24/2025","AirNow","060650009","1","5","ug/m3 LC","28","Pechanga","1","100.0000","88101","PM2.5 - Local Conditions","","","40140","Riverside-San Bernardino-Ontario, CA","06","California","065","Riverside","33.4478670008682","-117.088649"
"02/25/2025","AirNow","060650009","1","6.9","ug/m3 LC","38","Pechanga","1","100.0000","88101","PM2.5 - Local Conditions","","","40140","Riverside-San Bernardino-Ontario, CA","06","California","065","Riverside","33.4478670008682","-117.088649"
"02/26/2025","AirNow","060650009","1","6.3","ug/m3 LC","35","Pechanga","1","100.0000","88101","PM2.5 - Local Conditions","","","40140","Riverside-San Bernardino-Ontario, CA","06","California","065","Riverside","33.4478670008682","-117.088649"
"02/27/2025","AirNow","060650009","1","1.3","ug/m3 LC","7","Pechanga","1","100.0000","88101","PM2.5 - Local Conditions","","","40140","Riverside-San Bernardino-Ontario, CA","06","California","065","Riverside","33.4478670008682","-117.088649"
"02/28/2025","AirNow","060650009","1","4","ug/m3 LC","22","Pechanga","1","100.0000","88101","PM2.5 - Local Conditions","","","40140","Riverside-San Bernardino-Ontario, CA","06","California","065","Riverside","33.4478670008682","-117.088649"
"03/01/2025","AirNow","060650009","1","3.2","ug/m3 LC","18","Pechanga","1","100.0000","88101","PM2.5 - Local Conditions","","","40140","Riverside-San Bernardino-Ontario, CA","06","California","065","Riverside","33.4478670008682","-117.088649"
"03/02/2025","AirNow","060650009","1","3.3","ug/m3 LC","18","Pechanga","1","100.0000","88101","PM2.5 - Local Conditions","","","40140","Riverside-San Bernardino-Ontario, CA","06","California","065","Riverside","33.4478670008682","-117.088649"
"03/03/2025","AirNow","060650009","1","4.1","ug/m3 LC","23","Pechanga","1","100.0000","88101","PM2.5 - Local Conditions","","","40140","Riverside-San Bernardino-Ontario, CA","06","California","065","Riverside","33.4478670008682","-117.088649"
"03/04/2025","AirNow","060650009","1","3.5","ug/m3 LC","19","Pechanga","1","100.0000","88101","PM2.5 - Local Conditions","","","40140","Riverside-San Bernardino-Ontario, CA","06","California","065","Riverside","33.4478670008682","-117.088649"
"03/05/2025","AirNow","060650009","1","4.9","ug/m3 LC","27","Pechanga","1","100.0000","88101","PM2.5 - Local Conditions","","","40140","Riverside-San Bernardino-Ontario, CA","06","California","065","Riverside","33.4478670008682","-117.088649"
"03/06/2025","AirNow","060650009","1","1.3","ug/m3 LC","7","Pechanga","1","100.0000","88101","PM2.5 - Local Conditions","","","40140","Riverside-San Bernardino-Ontario, CA","06","California","065","Riverside","33.4478670008682","-117.088649"
"01/01/2025","AirNow","060650012","3","2.5","ug/m3 LC","14","Banning Airport","1","100.0000","88502","Acceptable PM2.5 AQI & Speciation Mass","","","40140","Riverside-San Bernardino-Ontario, CA","06","California","065","Riverside","33.92086","-116.85841"
"01/02/2025","AirNow","060650012","3","1.9","ug/m3 LC","11","Banning Airport","1","100.0000","88502","Acceptable PM2.5 AQI & Speciation Mass","","","40140","Riverside-San Bernardino-Ontario, CA","06","California","065","Riverside","33.92086","-116.85841"
"01/03/2025","AirNow","060650012","3","3.8","ug/m3 LC","21","Banning Airport","1","100.0000","88502","Acceptable PM2.5 AQI & Speciation Mass","","","40140","Riverside-San Bernardino-Ontario, CA","06","California","065","Riverside","33.92086","-116.85841"
"01/04/2025","AirNow","060650012","3","9.1","ug/m3 LC","51","Banning Airport","1","100.0000","88502","Acceptable PM2.5 AQI & Speciation Mass","","","40140","Riverside-San Bernardino-Ontario, CA","06","California","065","Riverside","33.92086","-116.85841"
"01/05/2025","AirNow","060650012","3","0.9","ug/m3 LC","5","Banning Airport","1","100.0000","88502","Acceptable PM2.5 AQI & Speciation Mass","","","40140","Riverside-San Bernardino-Ontario, CA","06","California","065","Riverside","33.92086","-116.85841"
"01/06/2025","AirNow","060650012","3","2.9","ug/m3 LC","16","Banning Airport","1","100.0000","88502","Acceptable PM2.5 AQI & Speciation Mass","","","40140","Riverside-San Bernardino-Ontario, CA","06","California","065","Riverside","33.92086","-116.85841"
"01/07/2025","AirNow","060650012","3","6.5","ug/m3 LC","36","Banning Airport","1","100.0000","88502","Acceptable PM2.5 AQI & Speciation Mass","","","40140","Riverside-San Bernardino-Ontario, CA","06","California","065","Riverside","33.92086","-116.85841"
"01/08/2025","AirNow","060650012","3","5.9","ug/m3 LC","33","Banning Airport","1","100.0000","88502","Acceptable PM2.5 AQI & Speciation Mass","","","40140","Riverside-San Bernardino-Ontario, CA","06","California","065","Riverside","33.92086","-116.85841"
"01/09/2025","AirNow","060650012","3","5.1","ug/m3 LC","28","Banning Airport","1","100.0000","88502","Acceptable PM2.5 AQI & Speciation Mass","","","40140","Riverside-San Bernardino-Ontario, CA","06","California","065","Riverside","33.92086","-116.85841"
"01/10/2025","AirNow","060650012","3","3.9","ug/m3 LC","22","Banning Airport","1","100.0000","88502","Acceptable PM2.5 AQI & Speciation Mass","","","40140","Riverside-San Bernardino-Ontario, CA","06","California","065","Riverside","33.92086","-116.85841"
"01/11/2025","AirNow","060650012","3","10.3","ug/m3 LC","53","Banning Airport","1","100.0000","88502","Acceptable PM2.5 AQI & Speciation Mass","","","40140","Riverside-San Bernardino-Ontario, CA","06","California","065","Riverside","33.92086","-116.85841"
"01/12/2025","AirNow","060650012","3","1.4","ug/m3 LC","8","Banning Airport","1","100.0000","88502","Acceptable PM2.5 AQI & Speciation Mass","","","40140","Riverside-San Bernardino-Ontario, CA","06","California","065","Riverside","33.92086","-116.85841"
"01/13/2025","AirNow","060650012","3","2.4","ug/m3 LC","13","Banning Airport","1","100.0000","88502","Acceptable PM2.5 AQI & Speciation Mass","","","40140","Riverside-San Bernardino-Ontario, CA","06","California","065","Riverside","33.92086","-116.85841"
"01/14/2025","AirNow","060650012","3","2.7","ug/m3 LC","15","Banning Airport","1","100.0000","88502","Acceptable PM2.5 AQI & Speciation Mass","","","40140","Riverside-San Bernardino-Ontario, CA","06","California","065","Riverside","33.92086","-116.85841"
"01/15/2025","AirNow","060650012","3","2.5","ug/m3 LC","14","Banning Airport","1","100.0000","88502","Acceptable PM2.5 AQI & Speciation Mass","","","40140","Riverside-San Bernardino-Ontario, CA","06","California","065","Riverside","33.92086","-116.85841"
"01/16/2025","AirNow","060650012","3","3.4","ug/m3 LC","19","Banning Airport","1","100.0000","88502","Acceptable PM2.5 AQI & Speciation Mass","","","40140","Riverside-San Bernardino-Ontario, CA","06","California","065","Riverside","33.92086","-116.85841"
"01/17/2025","AirNow","060650012","3","6.6","ug/m3 LC","37","Banning Airport","1","100.0000","88502","Acceptable PM2.5 AQI & Speciation Mass","","","40140","Riverside-San Bernardino-Ontario, CA","06","California","065","Riverside","33.92086","-116.85841"
"01/18/2025","AirNow","060650012","3","13.8","ug/m3 LC","60","Banning Airport","1","100.0000","88502","Acceptable PM2.5 AQI & Speciation Mass","","","40140","Riverside-San Bernardino-Ontario, CA","06","California","065","Riverside","33.92086","-116.85841"
"01/19/2025","AirNow","060650012","3","12.3","ug/m3 LC","57","Banning Airport","1","100.0000","88502","Acceptable PM2.5 AQI & Speciation Mass","","","40140","Riverside-San Bernardino-Ontario, CA","06","California","065","Riverside","33.92086","-116.85841"
"01/20/2025","AirNow","060650012","3","20.6","ug/m3 LC","72","Banning Airport","1","100.0000","88502","Acceptable PM2.5 AQI & Speciation Mass","","","40140","Riverside-San Bernardino-Ontario, CA","06","California","065","Riverside","33.92086","-116.85841"
"01/21/2025","AirNow","060650012","3","8.1","ug/m3 LC","45","Banning Airport","1","100.0000","88502","Acceptable PM2.5 AQI & Speciation Mass","","","40140","Riverside-San Bernardino-Ontario, CA","06","California","065","Riverside","33.92086","-116.85841"
"01/22/2025","AirNow","060650012","3","2.5","ug/m3 LC","14","Banning Airport","1","100.0000","88502","Acceptable PM2.5 AQI & Speciation Mass","","","40140","Riverside-San Bernardino-Ontario, CA","06","California","065","Riverside","33.92086","-116.85841"
"01/23/2025","AirNow","060650012","3","9.5","ug/m3 LC","52","Banning Airport","1","100.0000","88502","Acceptable PM2.5 AQI & Speciation Mass","","","40140","Riverside-San Bernardino-Ontario, CA","06","California","065","Riverside","33.92086","-116.85841"
"01/24/2025","AirNow","060650012","3","2.9","ug/m3 LC","16","Banning Airport","1","100.0000","88502","Acceptable PM2.5 AQI & Speciation Mass","","","40140","Riverside-San Bernardino-Ontario, CA","06","California","065","Riverside","33.92086","-116.85841"
"01/25/2025","AirNow","060650012","3","15","ug/m3 LC","62","Banning Airport","1","100.0000","88502","Acceptable PM2.5 AQI & Speciation Mass","","","40140","Riverside-San Bernardino-Ontario, CA","06","California","065","Riverside","33.92086","-116.85841"
"01/26/2025","AirNow","060650012","3","2.7","ug/m3 LC","15","Banning Airport","1","100.0000","88502","Acceptable PM2.5 AQI & Speciation Mass","","","40140","Riverside-San Bernardino-Ontario, CA","06","California","065","Riverside","33.92086","-116.85841"
"01/27/2025","AirNow","060650012","3","4.7","ug/m3 LC","26","Banning Airport","1","100.0000","88502","Acceptable PM2.5 AQI & Speciation Mass","","","40140","Riverside-San Bernardino-Ontario, CA","06","California","065","Riverside","33.92086","-116.85841"
"01/28/2025","AirNow","060650012","3","10.9","ug/m3 LC","54","Banning Airport","1","100.0000","88502","Acceptable PM2.5 AQI & Speciation Mass","","","40140","Riverside-San Bernardino-Ontario, CA","06","California","065","Riverside","33.92086","-116.85841"
"01/29/2025","AirNow","060650012","3","8.1","ug/m3 LC","45","Banning Airport","1","100.0000","88502","Acceptable PM2.5 AQI & Speciation Mass","","","40140","Riverside-San Bernardino-Ontario, CA","06","California","065","Riverside","33.92086","-116.85841"
"01/30/2025","AirNow","060650012","3","13.5","ug/m3 LC","59","Banning Airport","1","100.0000","88502","Acceptable PM2.5 AQI & Speciation Mass","","","40140","Riverside-San Bernardino-Ontario, CA","06","California","065","Riverside","33.92086","-116.85841"
"01/31/2025","AirNow","060650012","3","15.7","ug/m3 LC","63","Banning Airport","1","100.0000","88502","Acceptable PM2.5 AQI & Speciation Mass","","","40140","Riverside-San Bernardino-Ontario, CA","06","California","065","Riverside","33.92086","-116.85841"
"02/01/2025","AirNow","060650012","3","13.4","ug/m3 LC","59","Banning Airport","1","100.0000","88502","Acceptable PM2.5 AQI & Speciation Mass","","","40140","Riverside-San Bernardino-Ontario, CA","06","California","065","Riverside","33.92086","-116.85841"
"02/02/2025","AirNow","060650012","3","8.3","ug/m3 LC","46","Banning Airport","1","100.0000","88502","Acceptable PM2.5 AQI & Speciation Mass","","","40140","Riverside-San Bernardino-Ontario, CA","06","California","065","Riverside","33.92086","-116.85841"
"02/03/2025","AirNow","060650012","3","4.8","ug/m3 LC","27","Banning Airport","1","100.0000","88502","Acceptable PM2.5 AQI & Speciation Mass","","","40140","Riverside-San Bernardino-Ontario, CA","06","California","065","Riverside","33.92086","-116.85841"
"02/04/2025","AirNow","060650012","3","5.3","ug/m3 LC","29","Banning Airport","1","100.0000","88502","Acceptable PM2.5 AQI & Speciation Mass","","","40140","Riverside-San Bernardino-Ontario, CA","06","California","065","Riverside","33.92086","-116.85841"
"02/05/2025","AirNow","060650012","3","2.9","ug/m3 LC","16","Banning Airport","1","100.0000","88502","Acceptable PM2.5 AQI & Speciation Mass","","","40140","Riverside-San Bernardino-Ontario, CA","06","California","065","Riverside","33.92086","-116.85841"
"02/06/2025","AirNow","060650012","3","4.5","ug/m3 LC","25","Banning Airport","1","100.0000","88502","Acceptable PM2.5 AQI & Speciation Mass","","","40140","Riverside-San Bernardino-Ontario, CA","06","California","065","Riverside","33.92086","-116.85841"
"02/07/2025","AirNow","060650012","3","0.8","ug/m3 LC","4","Banning Airport","1","100.0000","88502","Acceptable PM2.5 AQI & Speciation Mass","","","40140","Riverside-San Bernardino-Ontario, CA","06","California","065","Riverside","33.92086","-116.85841"
"02/08/2025","AirNow","060650012","3","9.7","ug/m3 LC","52","Banning Airport","1","100.0000","88502","Acceptable PM2.5 AQI & Speciation Mass","","","40140","Riverside-San Bernardino-Ontario, CA","06","California","065","Riverside","33.92086","-116.85841"
"02/09/2025","AirNow","060650012","3","4.6","ug/m3 LC","26","Banning Airport","1","100.0000","88502","Acceptable PM2.5 AQI & Speciation Mass","","","40140","Riverside-San Bernardino-Ontario, CA","06","California","065","Riverside","33.92086","-116.85841"
"02/10/2025","AirNow","060650012","3","4.6","ug/m3 LC","26","Banning Airport","1","100.0000","88502","Acceptable PM2.5 AQI & Speciation Mass","","","40140","Riverside-San Bernardino-Ontario, CA","06","California","065","Riverside","33.92086","-116.85841"
"02/11/2025","AirNow","060650012","3","4.9","ug/m3 LC","27","Banning Airport","1","100.0000","88502","Acceptable PM2.5 AQI & Speciation Mass","","","40140","Riverside-San Bernardino-Ontario, CA","06","California","065","Riverside","33.92086","-116.85841"
"02/12/2025","AirNow","060650012","3","3.3","ug/m3 LC","18","Banning Airport","1","100.0000","88502","Acceptable PM2.5 AQI & Speciation Mass","","","40140","Riverside-San Bernardino-Ontario, CA","06","California","065","Riverside","33.92086","-116.85841"
"02/13/2025","AirNow","060650012","3","1.4","ug/m3 LC","8","Banning Airport","1","100.0000","88502","Acceptable PM2.5 AQI & Speciation Mass","","","40140","Riverside-San Bernardino-Ontario, CA","06","California","065","Riverside","33.92086","-116.85841"
"02/14/2025","AirNow","060650012","3","3.2","ug/m3 LC","18","Banning Airport","1","100.0000","88502","Acceptable PM2.5 AQI & Speciation Mass","","","40140","Riverside-San Bernardino-Ontario, CA","06","California","065","Riverside","33.92086","-116.85841"
"02/15/2025","AirNow","060650012","3","2.6","ug/m3 LC","14","Banning Airport","1","100.0000","88502","Acceptable PM2.5 AQI & Speciation Mass","","","40140","Riverside-San Bernardino-Ontario, CA","06","California","065","Riverside","33.92086","-116.85841"
"02/16/2025","AirNow","060650012","3","1.5","ug/m3 LC","8","Banning Airport","1","100.0000","88502","Acceptable PM2.5 AQI & Speciation Mass","","","40140","Riverside-San Bernardino-Ontario, CA","06","California","065","Riverside","33.92086","-116.85841"
"02/17/2025","AirNow","060650012","3","5.4","ug/m3 LC","30","Banning Airport","1","100.0000","88502","Acceptable PM2.5 AQI & Speciation Mass","","","40140","Riverside-San Bernardino-Ontario, CA","06","California","065","Riverside","33.92086","-116.85841"
"02/18/2025","AirNow","060650012","3","4.3","ug/m3 LC","24","Banning Airport","1","100.0000","88502","Acceptable PM2.5 AQI & Speciation Mass","","","40140","Riverside-San Bernardino-Ontario, CA","06","California","065","Riverside","33.92086","-116.85841"
"02/19/2025","AirNow","060650012","3","3.6","ug/m3 LC","20","Banning Airport","1","100.0000","88502","Acceptable PM2.5 AQI & Speciation Mass","","","40140","Riverside-San Bernardino-Ontario, CA","06","California","065","Riverside","33.92086","-116.85841"
"02/20/2025","AirNow","060650012","3","5.5","ug/m3 LC","31","Banning Airport","1","100.0000","88502","Acceptable PM2.5 AQI & Speciation Mass","","","40140","Riverside-San Bernardino-Ontario, CA","06","California","065","Riverside","33.92086","-116.85841"
"02/21/2025","AirNow","060650012","3","1.2","ug/m3 LC","7","Banning Airport","1","100.0000","88502","Acceptable PM2.5 AQI & Speciation Mass","","","40140","Riverside-San Bernardino-Ontario, CA","06","California","065","Riverside","33.92086","-116.85841"
"02/22/2025","AirNow","060650012","3","2.8","ug/m3 LC","16","Banning Airport","1","100.0000","88502","Acceptable PM2.5 AQI & Speciation Mass","","","40140","Riverside-San Bernardino-Ontario, CA","06","California","065","Riverside","33.92086","-116.85841"
"02/23/2025","AirNow","060650012","3","4.3","ug/m3 LC","24","Banning Airport","1","100.0000","88502","Acceptable PM2.5 AQI & Speciation Mass","","","40140","Riverside-San Bernardino-Ontario, CA","06","California","065","Riverside","33.92086","-116.85841"
"02/24/2025","AirNow","060650012","3","11","ug/m3 LC","55","Banning Airport","1","100.0000","88502","Acceptable PM2.5 AQI & Speciation Mass","","","40140","Riverside-San Bernardino-Ontario, CA","06","California","065","Riverside","33.92086","-116.85841"
"02/25/2025","AirNow","060650012","3","8.7","ug/m3 LC","48","Banning Airport","1","100.0000","88502","Acceptable PM2.5 AQI & Speciation Mass","","","40140","Riverside-San Bernardino-Ontario, CA","06","California","065","Riverside","33.92086","-116.85841"
"02/26/2025","AirNow","060650012","3","3.2","ug/m3 LC","18","Banning Airport","1","100.0000","88502","Acceptable PM2.5 AQI & Speciation Mass","","","40140","Riverside-San Bernardino-Ontario, CA","06","California","065","Riverside","33.92086","-116.85841"
"02/27/2025","AirNow","060650012","3","2.1","ug/m3 LC","12","Banning Airport","1","100.0000","88502","Acceptable PM2.5 AQI & Speciation Mass","","","40140","Riverside-San Bernardino-Ontario, CA","06","California","065","Riverside","33.92086","-116.85841"
"02/28/2025","AirNow","060650012","3","2.9","ug/m3 LC","16","Banning Airport","1","100.0000","88502","Acceptable PM2.5 AQI & Speciation Mass","","","40140","Riverside-San Bernardino-Ontario, CA","06","California","065","Riverside","33.92086","-116.85841"
"03/01/2025","AirNow","060650012","3","7.3","ug/m3 LC","41","Banning Airport","1","100.0000","88502","Acceptable PM2.5 AQI & Speciation Mass","","","40140","Riverside-San Bernardino-Ontario, CA","06","California","065","Riverside","33.92086","-116.85841"
"03/02/2025","AirNow","060650012","3","4.2","ug/m3 LC","23","Banning Airport","1","100.0000","88502","Acceptable PM2.5 AQI & Speciation Mass","","","40140","Riverside-San Bernardino-Ontario, CA","06","California","065","Riverside","33.92086","-116.85841"
"03/03/2025","AirNow","060650012","3","4.1","ug/m3 LC","23","Banning Airport","1","100.0000","88502","Acceptable PM2.5 AQI & Speciation Mass","","","40140","Riverside-San Bernardino-Ontario, CA","06","California","065","Riverside","33.92086","-116.85841"
"03/04/2025","AirNow","060650012","3","5.1","ug/m3 LC","28","Banning Airport","1","100.0000","88502","Acceptable PM2.5 AQI & Speciation Mass","","","40140","Riverside-San Bernardino-Ontario, CA","06","California","065","Riverside","33.92086","-116.85841"
"03/05/2025","AirNow","060650012","3","6.7","ug/m3 LC","37","Banning Airport","1","100.0000","88502","Acceptable PM2.5 AQI & Speciation Mass","","","40140","Riverside-San Bernardino-Ontario, CA","06","California","065","Riverside","33.92086","-116.85841"
"03/06/2025","AirNow","060650012","3","3.4","ug/m3 LC","19","Banning Airport","1","100.0000","88502","Acceptable PM2.5 AQI & Speciation Mass","","","40140","Riverside-San Bernardino-Ontario, CA","06","California","065","Riverside","33.92086","-116.85841"
"01/01/2025","AirNow","060650016","3","8","ug/m3 LC","44","Temecula","1","100.0000","88502","Acceptable PM2.5 AQI & Speciation Mass","","","40140","Riverside-San Bernardino-Ontario, CA","06","California","065","Riverside","33.5830180008699","-117.072202"
"01/02/2025","AirNow","060650016","3","2","ug/m3 LC","11","Temecula","1","100.0000","88502","Acceptable PM2.5 AQI & Speciation Mass","","","40140","Riverside-San Bernardino-Ontario, CA","06","California","065","Riverside","33.5830180008699","-117.072202"
"01/03/2025","AirNow","060650016","3","5.4","ug/m3 LC","30","Temecula","1","100.0000","88502","Acceptable PM2.5 AQI & Speciation Mass","","","40140","Riverside-San Bernardino-Ontario, CA","06","California","065","Riverside","33.5830180008699","-117.072202"
"01/04/2025","AirNow","060650016","3","14.3","ug/m3 LC","61","Temecula","1","100.0000","88502","Acceptable PM2.5 AQI & Speciation Mass","","","40140","Riverside-San Bernardino-Ontario, CA","06","California","065","Riverside","33.5830180008699","-117.072202"
"01/05/2025","AirNow","060650016","3","4.8","ug/m3 LC","27","Temecula","1","100.0000","88502","Acceptable PM2.5 AQI & Speciation Mass","","","40140","Riverside-San Bernardino-Ontario, CA","06","California","065","Riverside","33.5830180008699","-117.072202"
"01/06/2025","AirNow","060650016","3","1.5","ug/m3 LC","8","Temecula","1","100.0000","88502","Acceptable PM2.5 AQI & Speciation Mass","","","40140","Riverside-San Bernardino-Ontario, CA","06","California","065","Riverside","33.5830180008699","-117.072202"
"01/07/2025","AirNow","060650016","3","3.1","ug/m3 LC","17","Temecula","1","100.0000","88502","Acceptable PM2.5 AQI & Speciation Mass","","","40140","Riverside-San Bernardino-Ontario, CA","06","California","065","Riverside","33.5830180008699","-117.072202"
"01/08/2025","AirNow","060650016","3","3.5","ug/m3 LC","19","Temecula","1","100.0000","88502","Acceptable PM2.5 AQI & Speciation Mass","","","40140","Riverside-San Bernardino-Ontario, CA","06","California","065","Riverside","33.5830180008699","-117.072202"
"01/09/2025","AirNow","060650016","3","2.4","ug/m3 LC","13","Temecula","1","100.0000","88502","Acceptable PM2.5 AQI & Speciation Mass","","","40140","Riverside-San Bernardino-Ontario, CA","06","California","065","Riverside","33.5830180008699","-117.072202"
"01/10/2025","AirNow","060650016","3","2.1","ug/m3 LC","12","Temecula","1","100.0000","88502","Acceptable PM2.5 AQI & Speciation Mass","","","40140","Riverside-San Bernardino-Ontario, CA","06","California","065","Riverside","33.5830180008699","-117.072202"
"01/11/2025","AirNow","060650016","3","5.8","ug/m3 LC","32","Temecula","1","100.0000","88502","Acceptable PM2.5 AQI & Speciation Mass","","","40140","Riverside-San Bernardino-Ontario, CA","06","California","065","Riverside","33.5830180008699","-117.072202"
"01/12/2025","AirNow","060650016","3","0","ug/m3 LC","0","Temecula","1","100.0000","88502","Acceptable PM2.5 AQI & Speciation Mass","","","40140","Riverside-San Bernardino-Ontario, CA","06","California","065","Riverside","33.5830180008699","-117.072202"
"01/13/2025","AirNow","060650016","3","1","ug/m3 LC","6","Temecula","1","100.0000","88502","Acceptable PM2.5 AQI & Speciation Mass","","","40140","Riverside-San Bernardino-Ontario, CA","06","California","065","Riverside","33.5830180008699","-117.072202"
"01/14/2025","AirNow","060650016","3","2.2","ug/m3 LC","12","Temecula","1","100.0000","88502","Acceptable PM2.5 AQI & Speciation Mass","","","40140","Riverside-San Bernardino-Ontario, CA","06","California","065","Riverside","33.5830180008699","-117.072202"
"01/15/2025","AirNow","060650016","3","2.1","ug/m3 LC","12","Temecula","1","100.0000","88502","Acceptable PM2.5 AQI & Speciation Mass","","","40140","Riverside-San Bernardino-Ontario, CA","06","California","065","Riverside","33.5830180008699","-117.072202"
"01/16/2025","AirNow","060650016","3","1.8","ug/m3 LC","10","Temecula","1","100.0000","88502","Acceptable PM2.5 AQI & Speciation Mass","","","40140","Riverside-San Bernardino-Ontario, CA","06","California","065","Riverside","33.5830180008699","-117.072202"
"01/17/2025","AirNow","060650016","3","4.4","ug/m3 LC","24","Temecula","1","100.0000","88502","Acceptable PM2.5 AQI & Speciation Mass","","","40140","Riverside-San Bernardino-Ontario, CA","06","California","065","Riverside","33.5830180008699","-117.072202"
"01/18/2025","AirNow","060650016","3","7.3","ug/m3 LC","41","Temecula","1","100.0000","88502","Acceptable PM2.5 AQI & Speciation Mass","","","40140","Riverside-San Bernardino-Ontario, CA","06","California","065","Riverside","33.5830180008699","-117.072202"
"01/19/2025","AirNow","060650016","3","10.3","ug/m3 LC","53","Temecula","1","100.0000","88502","Acceptable PM2.5 AQI & Speciation Mass","","","40140","Riverside-San Bernardino-Ontario, CA","06","California","065","Riverside","33.5830180008699","-117.072202"
"01/20/2025","AirNow","060650016","3","8.1","ug/m3 LC","45","Temecula","1","100.0000","88502","Acceptable PM2.5 AQI & Speciation Mass","","","40140","Riverside-San Bernardino-Ontario, CA","06","California","065","Riverside","33.5830180008699","-117.072202"
"01/21/2025","AirNow","060650016","3","1","ug/m3 LC","6","Temecula","1","100.0000","88502","Acceptable PM2.5 AQI & Speciation Mass","","","40140","Riverside-San Bernardino-Ontario, CA","06","California","065","Riverside","33.5830180008699","-117.072202"
"01/22/2025","AirNow","060650016","3","1","ug/m3 LC","6","Temecula","1","100.0000","88502","Acceptable PM2.5 AQI & Speciation Mass","","","40140","Riverside-San Bernardino-Ontario, CA","06","California","065","Riverside","33.5830180008699","-117.072202"
"01/23/2025","AirNow","060650016","3","3.1","ug/m3 LC","17","Temecula","1","100.0000","88502","Acceptable PM2.5 AQI & Speciation Mass","","","40140","Riverside-San Bernardino-Ontario, CA","06","California","065","Riverside","33.5830180008699","-117.072202"
"01/24/2025","AirNow","060650016","3","2.7","ug/m3 LC","15","Temecula","1","100.0000","88502","Acceptable PM2.5 AQI & Speciation Mass","","","40140","Riverside-San Bernardino-Ontario, CA","06","California","065","Riverside","33.5830180008699","-117.072202"
"01/25/2025","AirNow","060650016","3","9.8","ug/m3 LC","52","Temecula","1","100.0000","88502","Acceptable PM2.5 AQI & Speciation Mass","","","40140","Riverside-San Bernardino-Ontario, CA","06","California","065","Riverside","33.5830180008699","-117.072202"
"01/26/2025","AirNow","060650016","3","4.4","ug/m3 LC","24","Temecula","1","100.0000","88502","Acceptable PM2.5 AQI & Speciation Mass","","","40140","Riverside-San Bernardino-Ontario, CA","06","California","065","Riverside","33.5830180008699","-117.072202"
"01/27/2025","AirNow","060650016","3","2.8","ug/m3 LC","16","Temecula","1","100.0000","88502","Acceptable PM2.5 AQI & Speciation Mass","","","40140","Riverside-San Bernardino-Ontario, CA","06","California","065","Riverside","33.5830180008699","-117.072202"
"01/28/2025","AirNow","060650016","3","5.6","ug/m3 LC","31","Temecula","1","100.0000","88502","Acceptable PM2.5 AQI & Speciation Mass","","","40140","Riverside-San Bernardino-Ontario, CA","06","California","065","Riverside","33.5830180008699","-117.072202"
"01/29/2025","AirNow","060650016","3","5.4","ug/m3 LC","30","Temecula","1","100.0000","88502","Acceptable PM2.5 AQI & Speciation Mass","","","40140","Riverside-San Bernardino-Ontario, CA","06","California","065","Riverside","33.5830180008699","-117.072202"
"01/30/2025","AirNow","060650016","3","7.8","ug/m3 LC","43","Temecula","1","100.0000","88502","Acceptable PM2.5 AQI & Speciation Mass","","","40140","Riverside-San Bernardino-Ontario, CA","06","California","065","Riverside","33.5830180008699","-117.072202"
"01/31/2025","AirNow","060650016","3","12.4","ug/m3 LC","57","Temecula","1","100.0000","88502","Acceptable PM2.5 AQI & Speciation Mass","","","40140","Riverside-San Bernardino-Ontario, CA","06","California","065","Riverside","33.5830180008699","-117.072202"
"02/01/2025","AirNow","060650016","3","7.8","ug/m3 LC","43","Temecula","1","100.0000","88502","Acceptable PM2.5 AQI & Speciation Mass","","","40140","Riverside-San Bernardino-Ontario, CA","06","California","065","Riverside","33.5830180008699","-117.072202"
"02/02/2025","AirNow","060650016","3","6.9","ug/m3 LC","38","Temecula","1","100.0000","88502","Acceptable PM2.5 AQI & Speciation Mass","","","40140","Riverside-San Bernardino-Ontario, CA","06","California","065","Riverside","33.5830180008699","-117.072202"
"02/03/2025","AirNow","060650016","3","2.7","ug/m3 LC","15","Temecula","1","100.0000","88502","Acceptable PM2.5 AQI & Speciation Mass","","","40140","Riverside-San Bernardino-Ontario, CA","06","California","065","Riverside","33.5830180008699","-117.072202"
"02/04/2025","AirNow","060650016","3","7","ug/m3 LC","39","Temecula","1","100.0000","88502","Acceptable PM2.5 AQI & Speciation Mass","","","40140","Riverside-San Bernardino-Ontario, CA","06","California","065","Riverside","33.5830180008699","-117.072202"
"02/05/2025","AirNow","060650016","3","3","ug/m3 LC","17","Temecula","1","100.0000","88502","Acceptable PM2.5 AQI & Speciation Mass","","","40140","Riverside-San Bernardino-Ontario, CA","06","California","065","Riverside","33.5830180008699","-117.072202"
"02/06/2025","AirNow","060650016","3","1.5","ug/m3 LC","8","Temecula","1","100.0000","88502","Acceptable PM2.5 AQI & Speciation Mass","","","40140","Riverside-San Bernardino-Ontario, CA","06","California","065","Riverside","33.5830180008699","-117.072202"
"02/07/2025","AirNow","060650016","3","1.2","ug/m3 LC","7","Temecula","1","100.0000","88502","Acceptable PM2.5 AQI & Speciation Mass","","","40140","Riverside-San Bernardino-Ontario, CA","06","California","065","Riverside","33.5830180008699","-117.072202"
"02/08/2025","AirNow","060650016","3","3.2","ug/m3 LC","18","Temecula","1","100.0000","88502","Acceptable PM2.5 AQI & Speciation Mass","","","40140","Riverside-San Bernardino-Ontario, CA","06","California","065","Riverside","33.5830180008699","-117.072202"
"02/09/2025","AirNow","060650016","3","3.8","ug/m3 LC","21","Temecula","1","100.0000","88502","Acceptable PM2.5 AQI & Speciation Mass","","","40140","Riverside-San Bernardino-Ontario, CA","06","California","065","Riverside","33.5830180008699","-117.072202"
"02/10/2025","AirNow","060650016","3","5.8","ug/m3 LC","32","Temecula","1","100.0000","88502","Acceptable PM2.5 AQI & Speciation Mass","","","40140","Riverside-San Bernardino-Ontario, CA","06","California","065","Riverside","33.5830180008699","-117.072202"
"02/11/2025","AirNow","060650016","3","4.8","ug/m3 LC","27","Temecula","1","100.0000","88502","Acceptable PM2.5 AQI & Speciation Mass","","","40140","Riverside-San Bernardino-Ontario, CA","06","California","065","Riverside","33.5830180008699","-117.072202"
"02/12/2025","AirNow","060650016","3","2.6","ug/m3 LC","14","Temecula","1","100.0000","88502","Acceptable PM2.5 AQI & Speciation Mass","","","40140","Riverside-San Bernardino-Ontario, CA","06","California","065","Riverside","33.5830180008699","-117.072202"
"02/13/2025","AirNow","060650016","3","2.1","ug/m3 LC","12","Temecula","1","100.0000","88502","Acceptable PM2.5 AQI & Speciation Mass","","","40140","Riverside-San Bernardino-Ontario, CA","06","California","065","Riverside","33.5830180008699","-117.072202"
"02/14/2025","AirNow","060650016","3","2.9","ug/m3 LC","16","Temecula","1","100.0000","88502","Acceptable PM2.5 AQI & Speciation Mass","","","40140","Riverside-San Bernardino-Ontario, CA","06","California","065","Riverside","33.5830180008699","-117.072202"
"02/15/2025","AirNow","060650016","3","1.5","ug/m3 LC","8","Temecula","1","100.0000","88502","Acceptable PM2.5 AQI & Speciation Mass","","","40140","Riverside-San Bernardino-Ontario, CA","06","California","065","Riverside","33.5830180008699","-117.072202"
"02/16/2025","AirNow","060650016","3","1.2","ug/m3 LC","7","Temecula","1","100.0000","88502","Acceptable PM2.5 AQI & Speciation Mass","","","40140","Riverside-San Bernardino-Ontario, CA","06","California","065","Riverside","33.5830180008699","-117.072202"
"02/17/2025","AirNow","060650016","3","2.9","ug/m3 LC","16","Temecula","1","100.0000","88502","Acceptable PM2.5 AQI & Speciation Mass","","","40140","Riverside-San Bernardino-Ontario, CA","06","California","065","Riverside","33.5830180008699","-117.072202"
"02/18/2025","AirNow","060650016","3","5.9","ug/m3 LC","33","Temecula","1","100.0000","88502","Acceptable PM2.5 AQI & Speciation Mass","","","40140","Riverside-San Bernardino-Ontario, CA","06","California","065","Riverside","33.5830180008699","-117.072202"
"02/19/2025","AirNow","060650016","3","3.5","ug/m3 LC","19","Temecula","1","100.0000","88502","Acceptable PM2.5 AQI & Speciation Mass","","","40140","Riverside-San Bernardino-Ontario, CA","06","California","065","Riverside","33.5830180008699","-117.072202"
"02/20/2025","AirNow","060650016","3","4.3","ug/m3 LC","24","Temecula","1","100.0000","88502","Acceptable PM2.5 AQI & Speciation Mass","","","40140","Riverside-San Bernardino-Ontario, CA","06","California","065","Riverside","33.5830180008699","-117.072202"
"02/21/2025","AirNow","060650016","3","1.5","ug/m3 LC","8","Temecula","1","100.0000","88502","Acceptable PM2.5 AQI & Speciation Mass","","","40140","Riverside-San Bernardino-Ontario, CA","06","California","065","Riverside","33.5830180008699","-117.072202"
"02/22/2025","AirNow","060650016","3","1.1","ug/m3 LC","6","Temecula","1","100.0000","88502","Acceptable PM2.5 AQI & Speciation Mass","","","40140","Riverside-San Bernardino-Ontario, CA","06","California","065","Riverside","33.5830180008699","-117.072202"
"02/23/2025","AirNow","060650016","3","1.6","ug/m3 LC","9","Temecula","1","100.0000","88502","Acceptable PM2.5 AQI & Speciation Mass","","","40140","Riverside-San Bernardino-Ontario, CA","06","California","065","Riverside","33.5830180008699","-117.072202"
"02/24/2025","AirNow","060650016","3","4.7","ug/m3 LC","26","Temecula","1","100.0000","88502","Acceptable PM2.5 AQI & Speciation Mass","","","40140","Riverside-San Bernardino-Ontario, CA","06","California","065","Riverside","33.5830180008699","-117.072202"
"02/25/2025","AirNow","060650016","3","5.1","ug/m3 LC","28","Temecula","1","100.0000","88502","Acceptable PM2.5 AQI & Speciation Mass","","","40140","Riverside-San Bernardino-Ontario, CA","06","California","065","Riverside","33.5830180008699","-117.072202"
"02/26/2025","AirNow","060650016","3","2.9","ug/m3 LC","16","Temecula","1","100.0000","88502","Acceptable PM2.5 AQI & Speciation Mass","","","40140","Riverside-San Bernardino-Ontario, CA","06","California","065","Riverside","33.5830180008699","-117.072202"
"02/27/2025","AirNow","060650016","3","-0.1","ug/m3 LC","0","Temecula","1","100.0000","88502","Acceptable PM2.5 AQI & Speciation Mass","","","40140","Riverside-San Bernardino-Ontario, CA","06","California","065","Riverside","33.5830180008699","-117.072202"
"02/28/2025","AirNow","060650016","3","2.5","ug/m3 LC","14","Temecula","1","100.0000","88502","Acceptable PM2.5 AQI & Speciation Mass","","","40140","Riverside-San Bernardino-Ontario, CA","06","California","065","Riverside","33.5830180008699","-117.072202"
"03/01/2025","AirNow","060650016","3","2.6","ug/m3 LC","14","Temecula","1","100.0000","88502","Acceptable PM2.5 AQI & Speciation Mass","","","40140","Riverside-San Bernardino-Ontario, CA","06","California","065","Riverside","33.5830180008699","-117.072202"
"03/02/2025","AirNow","060650016","3","3.4","ug/m3 LC","19","Temecula","1","100.0000","88502","Acceptable PM2.5 AQI & Speciation Mass","","","40140","Riverside-San Bernardino-Ontario, CA","06","California","065","Riverside","33.5830180008699","-117.072202"
"03/03/2025","AirNow","060650016","3","3.6","ug/m3 LC","20","Temecula","1","100.0000","88502","Acceptable PM2.5 AQI & Speciation Mass","","","40140","Riverside-San Bernardino-Ontario, CA","06","California","065","Riverside","33.5830180008699","-117.072202"
"03/04/2025","AirNow","060650016","3","4.4","ug/m3 LC","24","Temecula","1","100.0000","88502","Acceptable PM2.5 AQI & Speciation Mass","","","40140","Riverside-San Bernardino-Ontario, CA","06","California","065","Riverside","33.5830180008699","-117.072202"
"03/05/2025","AirNow","060650016","3","3.6","ug/m3 LC","20","Temecula","1","100.0000","88502","Acceptable PM2.5 AQI & Speciation Mass","","","40140","Riverside-San Bernardino-Ontario, CA","06","California","065","Riverside","33.5830180008699","-117.072202"
"03/06/2025","AirNow","060650016","3","2.1","ug/m3 LC","12","Temecula","1","100.0000","88502","Acceptable PM2.5 AQI & Speciation Mass","","","40140","Riverside-San Bernardino-Ontario, CA","06","California","065","Riverside","33.5830180008699","-117.072202"
"01/01/2025","AirNow","060652007","3","11.4","ug/m3 LC","55","","1","100.0000","88101","PM2.5 - Local Conditions","","","40140","Riverside-San Bernardino-Ontario, CA","06","California","065","Riverside","33.72537","-116.206842"
"01/02/2025","AirNow","060652007","3","6","ug/m3 LC","33","","1","100.0000","88101","PM2.5 - Local Conditions","","","40140","Riverside-San Bernardino-Ontario, CA","06","California","065","Riverside","33.72537","-116.206842"
"01/03/2025","AirNow","060652007","3","5.9","ug/m3 LC","33","","1","100.0000","88101","PM2.5 - Local Conditions","","","40140","Riverside-San Bernardino-Ontario, CA","06","California","065","Riverside","33.72537","-116.206842"
"01/04/2025","AirNow","060652007","3","7.2","ug/m3 LC","40","","1","100.0000","88101","PM2.5 - Local Conditions","","","40140","Riverside-San Bernardino-Ontario, CA","06","California","065","Riverside","33.72537","-116.206842"
"01/05/2025","AirNow","060652007","3","6.4","ug/m3 LC","36","","1","100.0000","88101","PM2.5 - Local Conditions","","","40140","Riverside-San Bernardino-Ontario, CA","06","California","065","Riverside","33.72537","-116.206842"
"01/06/2025","AirNow","060652007","3","4.3","ug/m3 LC","24","","1","100.0000","88101","PM2.5 - Local Conditions","","","40140","Riverside-San Bernardino-Ontario, CA","06","California","065","Riverside","33.72537","-116.206842"
"01/07/2025","AirNow","060652007","3","6.7","ug/m3 LC","37","","1","100.0000","88101","PM2.5 - Local Conditions","","","40140","Riverside-San Bernardino-Ontario, CA","06","California","065","Riverside","33.72537","-116.206842"
"01/08/2025","AirNow","060652007","3","10.1","ug/m3 LC","53","","1","100.0000","88101","PM2.5 - Local Conditions","","","40140","Riverside-San Bernardino-Ontario, CA","06","California","065","Riverside","33.72537","-116.206842"
"01/09/2025","AirNow","060652007","3","2","ug/m3 LC","11","","1","100.0000","88101","PM2.5 - Local Conditions","","","40140","Riverside-San Bernardino-Ontario, CA","06","California","065","Riverside","33.72537","-116.206842"
"01/10/2025","AirNow","060652007","3","6.9","ug/m3 LC","38","","1","100.0000","88101","PM2.5 - Local Conditions","","","40140","Riverside-San Bernardino-Ontario, CA","06","California","065","Riverside","33.72537","-116.206842"
"01/11/2025","AirNow","060652007","3","11.9","ug/m3 LC","56","","1","100.0000","88101","PM2.5 - Local Conditions","","","40140","Riverside-San Bernardino-Ontario, CA","06","California","065","Riverside","33.72537","-116.206842"
"01/12/2025","AirNow","060652007","3","2.1","ug/m3 LC","12","","1","100.0000","88101","PM2.5 - Local Conditions","","","40140","Riverside-San Bernardino-Ontario, CA","06","California","065","Riverside","33.72537","-116.206842"
"01/13/2025","AirNow","060652007","3","2.4","ug/m3 LC","13","","1","100.0000","88101","PM2.5 - Local Conditions","","","40140","Riverside-San Bernardino-Ontario, CA","06","California","065","Riverside","33.72537","-116.206842"
"01/14/2025","AirNow","060652007","3","2.9","ug/m3 LC","16","","1","100.0000","88101","PM2.5 - Local Conditions","","","40140","Riverside-San Bernardino-Ontario, CA","06","California","065","Riverside","33.72537","-116.206842"
"01/15/2025","AirNow","060652007","3","3.2","ug/m3 LC","18","","1","100.0000","88101","PM2.5 - Local Conditions","","","40140","Riverside-San Bernardino-Ontario, CA","06","California","065","Riverside","33.72537","-116.206842"
"01/16/2025","AirNow","060652007","3","5","ug/m3 LC","28","","1","100.0000","88101","PM2.5 - Local Conditions","","","40140","Riverside-San Bernardino-Ontario, CA","06","California","065","Riverside","33.72537","-116.206842"
"01/17/2025","AirNow","060652007","3","6.5","ug/m3 LC","36","","1","100.0000","88101","PM2.5 - Local Conditions","","","40140","Riverside-San Bernardino-Ontario, CA","06","California","065","Riverside","33.72537","-116.206842"
"01/18/2025","AirNow","060652007","3","11.9","ug/m3 LC","56","","1","100.0000","88101","PM2.5 - Local Conditions","","","40140","Riverside-San Bernardino-Ontario, CA","06","California","065","Riverside","33.72537","-116.206842"
"01/19/2025","AirNow","060652007","3","8.9","ug/m3 LC","49","","1","100.0000","88101","PM2.5 - Local Conditions","","","40140","Riverside-San Bernardino-Ontario, CA","06","California","065","Riverside","33.72537","-116.206842"
"01/20/2025","AirNow","060652007","3","12.3","ug/m3 LC","57","","1","100.0000","88101","PM2.5 - Local Conditions","","","40140","Riverside-San Bernardino-Ontario, CA","06","California","065","Riverside","33.72537","-116.206842"
"01/21/2025","AirNow","060652007","3","6.3","ug/m3 LC","35","","1","100.0000","88101","PM2.5 - Local Conditions","","","40140","Riverside-San Bernardino-Ontario, CA","06","California","065","Riverside","33.72537","-116.206842"
"01/22/2025","AirNow","060652007","3","5.3","ug/m3 LC","29","","1","100.0000","88101","PM2.5 - Local Conditions","","","40140","Riverside-San Bernardino-Ontario, CA","06","California","065","Riverside","33.72537","-116.206842"
"01/23/2025","AirNow","060652007","3","6.2","ug/m3 LC","34","","1","100.0000","88101","PM2.5 - Local Conditions","","","40140","Riverside-San Bernardino-Ontario, CA","06","California","065","Riverside","33.72537","-116.206842"
"01/24/2025","AirNow","060652007","3","8.6","ug/m3 LC","48","","1","100.0000","88101","PM2.5 - Local Conditions","","","40140","Riverside-San Bernardino-Ontario, CA","06","California","065","Riverside","33.72537","-116.206842"
"01/25/2025","AirNow","060652007","3","10.9","ug/m3 LC","54","","1","100.0000","88101","PM2.5 - Local Conditions","","","40140","Riverside-San Bernardino-Ontario, CA","06","California","065","Riverside","33.72537","-116.206842"
"01/26/2025","AirNow","060652007","3","3.1","ug/m3 LC","17","","1","100.0000","88101","PM2.5 - Local Conditions","","","40140","Riverside-San Bernardino-Ontario, CA","06","California","065","Riverside","33.72537","-116.206842"
"01/27/2025","AirNow","060652007","3","3.1","ug/m3 LC","17","","1","100.0000","88101","PM2.5 - Local Conditions","","","40140","Riverside-San Bernardino-Ontario, CA","06","California","065","Riverside","33.72537","-116.206842"
"01/28/2025","AirNow","060652007","3","6.3","ug/m3 LC","35","","1","100.0000","88101","PM2.5 - Local Conditions","","","40140","Riverside-San Bernardino-Ontario, CA","06","California","065","Riverside","33.72537","-116.206842"
"01/29/2025","AirNow","060652007","3","7.5","ug/m3 LC","42","","1","100.0000","88101","PM2.5 - Local Conditions","","","40140","Riverside-San Bernardino-Ontario, CA","06","California","065","Riverside","33.72537","-116.206842"
"01/30/2025","AirNow","060652007","3","11.7","ug/m3 LC","56","","1","100.0000","88101","PM2.5 - Local Conditions","","","40140","Riverside-San Bernardino-Ontario, CA","06","California","065","Riverside","33.72537","-116.206842"
"01/31/2025","AirNow","060652007","3","14.8","ug/m3 LC","62","","1","100.0000","88101","PM2.5 - Local Conditions","","","40140","Riverside-San Bernardino-Ontario, CA","06","California","065","Riverside","33.72537","-116.206842"
"02/01/2025","AirNow","060652007","3","13.1","ug/m3 LC","58","","1","100.0000","88101","PM2.5 - Local Conditions","","","40140","Riverside-San Bernardino-Ontario, CA","06","California","065","Riverside","33.72537","-116.206842"
"02/02/2025","AirNow","060652007","3","10.8","ug/m3 LC","54","","1","100.0000","88101","PM2.5 - Local Conditions","","","40140","Riverside-San Bernardino-Ontario, CA","06","California","065","Riverside","33.72537","-116.206842"
"02/03/2025","AirNow","060652007","3","9.4","ug/m3 LC","52","","1","100.0000","88101","PM2.5 - Local Conditions","","","40140","Riverside-San Bernardino-Ontario, CA","06","California","065","Riverside","33.72537","-116.206842"
"02/04/2025","AirNow","060652007","3","8.3","ug/m3 LC","46","","1","100.0000","88101","PM2.5 - Local Conditions","","","40140","Riverside-San Bernardino-Ontario, CA","06","California","065","Riverside","33.72537","-116.206842"
"02/05/2025","AirNow","060652007","3","4.3","ug/m3 LC","24","","1","100.0000","88101","PM2.5 - Local Conditions","","","40140","Riverside-San Bernardino-Ontario, CA","06","California","065","Riverside","33.72537","-116.206842"
"02/06/2025","AirNow","060652007","3","1.2","ug/m3 LC","7","","1","100.0000","88101","PM2.5 - Local Conditions","","","40140","Riverside-San Bernardino-Ontario, CA","06","California","065","Riverside","33.72537","-116.206842"
"02/07/2025","AirNow","060652007","3","1.3","ug/m3 LC","7","","1","100.0000","88101","PM2.5 - Local Conditions","","","40140","Riverside-San Bernardino-Ontario, CA","06","California","065","Riverside","33.72537","-116.206842"
"02/08/2025","AirNow","060652007","3","4.6","ug/m3 LC","26","","1","100.0000","88101","PM2.5 - Local Conditions","","","40140","Riverside-San Bernardino-Ontario, CA","06","California","065","Riverside","33.72537","-116.206842"
"02/09/2025","AirNow","060652007","3","3.8","ug/m3 LC","21","","1","100.0000","88101","PM2.5 - Local Conditions","","","40140","Riverside-San Bernardino-Ontario, CA","06","California","065","Riverside","33.72537","-116.206842"
"02/10/2025","AirNow","060652007","3","3.4","ug/m3 LC","19","","1","100.0000","88101","PM2.5 - Local Conditions","","","40140","Riverside-San Bernardino-Ontario, CA","06","California","065","Riverside","33.72537","-116.206842"
"02/11/2025","AirNow","060652007","3","12.6","ug/m3 LC","58","","1","100.0000","88101","PM2.5 - Local Conditions","","","40140","Riverside-San Bernardino-Ontario, CA","06","California","065","Riverside","33.72537","-116.206842"
"02/12/2025","AirNow","060652007","3","7.9","ug/m3 LC","44","","1","100.0000","88101","PM2.5 - Local Conditions","","","40140","Riverside-San Bernardino-Ontario, CA","06","California","065","Riverside","33.72537","-116.206842"
"02/13/2025","AirNow","060652007","3","4.7","ug/m3 LC","26","","1","100.0000","88101","PM2.5 - Local Conditions","","","40140","Riverside-San Bernardino-Ontario, CA","06","California","065","Riverside","33.72537","-116.206842"
"02/14/2025","AirNow","060652007","3","1.3","ug/m3 LC","7","","1","100.0000","88101","PM2.5 - Local Conditions","","","40140","Riverside-San Bernardino-Ontario, CA","06","California","065","Riverside","33.72537","-116.206842"
"02/15/2025","AirNow","060652007","3","2","ug/m3 LC","11","","1","100.0000","88101","PM2.5 - Local Conditions","","","40140","Riverside-San Bernardino-Ontario, CA","06","California","065","Riverside","33.72537","-116.206842"
"02/16/2025","AirNow","060652007","3","2.3","ug/m3 LC","13","","1","100.0000","88101","PM2.5 - Local Conditions","","","40140","Riverside-San Bernardino-Ontario, CA","06","California","065","Riverside","33.72537","-116.206842"
"02/17/2025","AirNow","060652007","3","3.2","ug/m3 LC","18","","1","100.0000","88101","PM2.5 - Local Conditions","","","40140","Riverside-San Bernardino-Ontario, CA","06","California","065","Riverside","33.72537","-116.206842"
"02/19/2025","AirNow","060652007","3","2.7","ug/m3 LC","15","","1","100.0000","88101","PM2.5 - Local Conditions","","","40140","Riverside-San Bernardino-Ontario, CA","06","California","065","Riverside","33.72537","-116.206842"
"02/20/2025","AirNow","060652007","3","3.9","ug/m3 LC","22","","1","100.0000","88101","PM2.5 - Local Conditions","","","40140","Riverside-San Bernardino-Ontario, CA","06","California","065","Riverside","33.72537","-116.206842"
"02/21/2025","AirNow","060652007","3","1.1","ug/m3 LC","6","","1","100.0000","88101","PM2.5 - Local Conditions","","","40140","Riverside-San Bernardino-Ontario, CA","06","California","065","Riverside","33.72537","-116.206842"
"02/25/2025","AirNow","060652007","3","6.9","ug/m3 LC","38","","1","100.0000","88101","PM2.5 - Local Conditions","","","40140","Riverside-San Bernardino-Ontario, CA","06","California","065","Riverside","33.72537","-116.206842"
"02/26/2025","AirNow","060652007","3","3.3","ug/m3 LC","18","","1","100.0000","88101","PM2.5 - Local Conditions","","","40140","Riverside-San Bernardino-Ontario, CA","06","California","065","Riverside","33.72537","-116.206842"
"02/27/2025","AirNow","060652007","3","1.7","ug/m3 LC","9","","1","100.0000","88101","PM2.5 - Local Conditions","","","40140","Riverside-San Bernardino-Ontario, CA","06","California","065","Riverside","33.72537","-116.206842"
"02/28/2025","AirNow","060652007","3","6.1","ug/m3 LC","34","","1","100.0000","88101","PM2.5 - Local Conditions","","","40140","Riverside-San Bernardino-Ontario, CA","06","California","065","Riverside","33.72537","-116.206842"
"03/01/2025","AirNow","060652007","3","17.7","ug/m3 LC","67","","1","100.0000","88101","PM2.5 - Local Conditions","","","40140","Riverside-San Bernardino-Ontario, CA","06","California","065","Riverside","33.72537","-116.206842"
"03/02/2025","AirNow","060652007","3","5.6","ug/m3 LC","31","","1","100.0000","88101","PM2.5 - Local Conditions","","","40140","Riverside-San Bernardino-Ontario, CA","06","California","065","Riverside","33.72537","-116.206842"
"03/03/2025","AirNow","060652007","3","3.9","ug/m3 LC","22","","1","100.0000","88101","PM2.5 - Local Conditions","","","40140","Riverside-San Bernardino-Ontario, CA","06","California","065","Riverside","33.72537","-116.206842"
"03/04/2025","AirNow","060652007","3","5.1","ug/m3 LC","28","","1","100.0000","88101","PM2.5 - Local Conditions","","","40140","Riverside-San Bernardino-Ontario, CA","06","California","065","Riverside","33.72537","-116.206842"
"03/05/2025","AirNow","060652007","3","5.6","ug/m3 LC","31","","1","100.0000","88101","PM2.5 - Local Conditions","","","40140","Riverside-San Bernardino-Ontario, CA","06","California","065","Riverside","33.72537","-116.206842"
"03/06/2025","AirNow","060652007","3","3.6","ug/m3 LC","20","","1","100.0000","88101","PM2.5 - Local Conditions","","","40140","Riverside-San Bernardino-Ontario, CA","06","California","065","Riverside","33.72537","-116.206842"
"01/01/2025","AirNow","060658001","3","48.5","ug/m3 LC","133","Rubidoux","1","100.0000","88101","PM2.5 - Local Conditions","","","40140","Riverside-San Bernardino-Ontario, CA","06","California","065","Riverside","33.9995800008751","-117.41601"
"01/02/2025","AirNow","060658001","3","16","ug/m3 LC","64","Rubidoux","1","100.0000","88101","PM2.5 - Local Conditions","","","40140","Riverside-San Bernardino-Ontario, CA","06","California","065","Riverside","33.9995800008751","-117.41601"
"01/03/2025","AirNow","060658001","3","18.5","ug/m3 LC","69","Rubidoux","1","100.0000","88101","PM2.5 - Local Conditions","","","40140","Riverside-San Bernardino-Ontario, CA","06","California","065","Riverside","33.9995800008751","-117.41601"
"01/04/2025","AirNow","060658001","3","40.5","ug/m3 LC","113","Rubidoux","1","100.0000","88101","PM2.5 - Local Conditions","","","40140","Riverside-San Bernardino-Ontario, CA","06","California","065","Riverside","33.9995800008751","-117.41601"
"01/05/2025","AirNow","060658001","3","12.7","ug/m3 LC","58","Rubidoux","1","100.0000","88101","PM2.5 - Local Conditions","","","40140","Riverside-San Bernardino-Ontario, CA","06","California","065","Riverside","33.9995800008751","-117.41601"
"01/06/2025","AirNow","060658001","3","8.6","ug/m3 LC","48","Rubidoux","1","100.0000","88101","PM2.5 - Local Conditions","","","40140","Riverside-San Bernardino-Ontario, CA","06","California","065","Riverside","33.9995800008751","-117.41601"
"01/07/2025","AirNow","060658001","3","4.3","ug/m3 LC","24","Rubidoux","1","100.0000","88101","PM2.5 - Local Conditions","","","40140","Riverside-San Bernardino-Ontario, CA","06","California","065","Riverside","33.9995800008751","-117.41601"
"01/08/2025","AirNow","060658001","3","2","ug/m3 LC","11","Rubidoux","1","100.0000","88101","PM2.5 - Local Conditions","","","40140","Riverside-San Bernardino-Ontario, CA","06","California","065","Riverside","33.9995800008751","-117.41601"
"01/09/2025","AirNow","060658001","3","1.7","ug/m3 LC","9","Rubidoux","1","100.0000","88101","PM2.5 - Local Conditions","","","40140","Riverside-San Bernardino-Ontario, CA","06","California","065","Riverside","33.9995800008751","-117.41601"
"01/10/2025","AirNow","060658001","3","10.6","ug/m3 LC","54","Rubidoux","1","100.0000","88101","PM2.5 - Local Conditions","","","40140","Riverside-San Bernardino-Ontario, CA","06","California","065","Riverside","33.9995800008751","-117.41601"
"01/11/2025","AirNow","060658001","3","11.4","ug/m3 LC","55","Rubidoux","1","100.0000","88101","PM2.5 - Local Conditions","","","40140","Riverside-San Bernardino-Ontario, CA","06","California","065","Riverside","33.9995800008751","-117.41601"
"01/12/2025","AirNow","060658001","3","-0.3","ug/m3 LC","0","Rubidoux","1","100.0000","88101","PM2.5 - Local Conditions","","","40140","Riverside-San Bernardino-Ontario, CA","06","California","065","Riverside","33.9995800008751","-117.41601"
"01/13/2025","AirNow","060658001","3","-0.3","ug/m3 LC","0","Rubidoux","1","100.0000","88101","PM2.5 - Local Conditions","","","40140","Riverside-San Bernardino-Ontario, CA","06","California","065","Riverside","33.9995800008751","-117.41601"
"01/14/2025","AirNow","060658001","3","5.1","ug/m3 LC","28","Rubidoux","1","100.0000","88101","PM2.5 - Local Conditions","","","40140","Riverside-San Bernardino-Ontario, CA","06","California","065","Riverside","33.9995800008751","-117.41601"
"01/15/2025","AirNow","060658001","3","4.8","ug/m3 LC","27","Rubidoux","1","100.0000","88101","PM2.5 - Local Conditions","","","40140","Riverside-San Bernardino-Ontario, CA","06","California","065","Riverside","33.9995800008751","-117.41601"
"01/16/2025","AirNow","060658001","3","5.5","ug/m3 LC","31","Rubidoux","1","100.0000","88101","PM2.5 - Local Conditions","","","40140","Riverside-San Bernardino-Ontario, CA","06","California","065","Riverside","33.9995800008751","-117.41601"
"01/17/2025","AirNow","060658001","3","11.2","ug/m3 LC","55","Rubidoux","1","100.0000","88101","PM2.5 - Local Conditions","","","40140","Riverside-San Bernardino-Ontario, CA","06","California","065","Riverside","33.9995800008751","-117.41601"
"01/18/2025","AirNow","060658001","3","17.9","ug/m3 LC","67","Rubidoux","1","100.0000","88101","PM2.5 - Local Conditions","","","40140","Riverside-San Bernardino-Ontario, CA","06","California","065","Riverside","33.9995800008751","-117.41601"
"01/19/2025","AirNow","060658001","3","28.4","ug/m3 LC","87","Rubidoux","1","100.0000","88101","PM2.5 - Local Conditions","","","40140","Riverside-San Bernardino-Ontario, CA","06","California","065","Riverside","33.9995800008751","-117.41601"
"01/20/2025","AirNow","060658001","3","13.3","ug/m3 LC","59","Rubidoux","1","100.0000","88101","PM2.5 - Local Conditions","","","40140","Riverside-San Bernardino-Ontario, CA","06","California","065","Riverside","33.9995800008751","-117.41601"
"01/21/2025","AirNow","060658001","3","3.7","ug/m3 LC","21","Rubidoux","1","100.0000","88101","PM2.5 - Local Conditions","","","40140","Riverside-San Bernardino-Ontario, CA","06","California","065","Riverside","33.9995800008751","-117.41601"
"01/22/2025","AirNow","060658001","3","4","ug/m3 LC","22","Rubidoux","1","100.0000","88101","PM2.5 - Local Conditions","","","40140","Riverside-San Bernardino-Ontario, CA","06","California","065","Riverside","33.9995800008751","-117.41601"
"01/23/2025","AirNow","060658001","3","2.1","ug/m3 LC","12","Rubidoux","1","100.0000","88101","PM2.5 - Local Conditions","","","40140","Riverside-San Bernardino-Ontario, CA","06","California","065","Riverside","33.9995800008751","-117.41601"
"01/24/2025","AirNow","060658001","3","5.3","ug/m3 LC","29","Rubidoux","1","100.0000","88101","PM2.5 - Local Conditions","","","40140","Riverside-San Bernardino-Ontario, CA","06","California","065","Riverside","33.9995800008751","-117.41601"
"01/25/2025","AirNow","060658001","3","12.1","ug/m3 LC","57","Rubidoux","1","100.0000","88101","PM2.5 - Local Conditions","","","40140","Riverside-San Bernardino-Ontario, CA","06","California","065","Riverside","33.9995800008751","-117.41601"
"01/26/2025","AirNow","060658001","3","3.8","ug/m3 LC","21","Rubidoux","1","100.0000","88101","PM2.5 - Local Conditions","","","40140","Riverside-San Bernardino-Ontario, CA","06","California","065","Riverside","33.9995800008751","-117.41601"
"01/27/2025","AirNow","060658001","3","4.4","ug/m3 LC","24","Rubidoux","1","100.0000","88101","PM2.5 - Local Conditions","","","40140","Riverside-San Bernardino-Ontario, CA","06","California","065","Riverside","33.9995800008751","-117.41601"
"01/28/2025","AirNow","060658001","3","11.7","ug/m3 LC","56","Rubidoux","1","100.0000","88101","PM2.5 - Local Conditions","","","40140","Riverside-San Bernardino-Ontario, CA","06","California","065","Riverside","33.9995800008751","-117.41601"
"01/29/2025","AirNow","060658001","3","10.9","ug/m3 LC","54","Rubidoux","1","100.0000","88101","PM2.5 - Local Conditions","","","40140","Riverside-San Bernardino-Ontario, CA","06","California","065","Riverside","33.9995800008751","-117.41601"
"01/30/2025","AirNow","060658001","3","18.4","ug/m3 LC","68","Rubidoux","1","100.0000","88101","PM2.5 - Local Conditions","","","40140","Riverside-San Bernardino-Ontario, CA","06","California","065","Riverside","33.9995800008751","-117.41601"
"01/31/2025","AirNow","060658001","3","27.7","ug/m3 LC","86","Rubidoux","1","100.0000","88101","PM2.5 - Local Conditions","","","40140","Riverside-San Bernardino-Ontario, CA","06","California","065","Riverside","33.9995800008751","-117.41601"
"02/01/2025","AirNow","060658001","3","29.4","ug/m3 LC","89","Rubidoux","1","100.0000","88101","PM2.5 - Local Conditions","","","40140","Riverside-San Bernardino-Ontario, CA","06","California","065","Riverside","33.9995800008751","-117.41601"
"02/02/2025","AirNow","060658001","3","28.1","ug/m3 LC","86","Rubidoux","1","100.0000","88101","PM2.5 - Local Conditions","","","40140","Riverside-San Bernardino-Ontario, CA","06","California","065","Riverside","33.9995800008751","-117.41601"
"02/03/2025","AirNow","060658001","3","20.6","ug/m3 LC","72","Rubidoux","1","100.0000","88101","PM2.5 - Local Conditions","","","40140","Riverside-San Bernardino-Ontario, CA","06","California","065","Riverside","33.9995800008751","-117.41601"
"02/04/2025","AirNow","060658001","3","12.4","ug/m3 LC","57","Rubidoux","1","100.0000","88101","PM2.5 - Local Conditions","","","40140","Riverside-San Bernardino-Ontario, CA","06","California","065","Riverside","33.9995800008751","-117.41601"
"02/05/2025","AirNow","060658001","3","6.1","ug/m3 LC","34","Rubidoux","1","100.0000","88101","PM2.5 - Local Conditions","","","40140","Riverside-San Bernardino-Ontario, CA","06","California","065","Riverside","33.9995800008751","-117.41601"
"02/06/2025","AirNow","060658001","3","5.3","ug/m3 LC","29","Rubidoux","1","100.0000","88101","PM2.5 - Local Conditions","","","40140","Riverside-San Bernardino-Ontario, CA","06","California","065","Riverside","33.9995800008751","-117.41601"
"02/07/2025","AirNow","060658001","3","4","ug/m3 LC","22","Rubidoux","1","100.0000","88101","PM2.5 - Local Conditions","","","40140","Riverside-San Bernardino-Ontario, CA","06","California","065","Riverside","33.9995800008751","-117.41601"
"02/08/2025","AirNow","060658001","3","8.8","ug/m3 LC","49","Rubidoux","1","100.0000","88101","PM2.5 - Local Conditions","","","40140","Riverside-San Bernardino-Ontario, CA","06","California","065","Riverside","33.9995800008751","-117.41601"
"02/09/2025","AirNow","060658001","3","12.5","ug/m3 LC","57","Rubidoux","1","100.0000","88101","PM2.5 - Local Conditions","","","40140","Riverside-San Bernardino-Ontario, CA","06","California","065","Riverside","33.9995800008751","-117.41601"
"02/10/2025","AirNow","060658001","3","11.8","ug/m3 LC","56","Rubidoux","1","100.0000","88101","PM2.5 - Local Conditions","","","40140","Riverside-San Bernardino-Ontario, CA","06","California","065","Riverside","33.9995800008751","-117.41601"
"02/11/2025","AirNow","060658001","3","5.9","ug/m3 LC","33","Rubidoux","1","100.0000","88101","PM2.5 - Local Conditions","","","40140","Riverside-San Bernardino-Ontario, CA","06","California","065","Riverside","33.9995800008751","-117.41601"
"02/12/2025","AirNow","060658001","3","4.8","ug/m3 LC","27","Rubidoux","1","100.0000","88101","PM2.5 - Local Conditions","","","40140","Riverside-San Bernardino-Ontario, CA","06","California","065","Riverside","33.9995800008751","-117.41601"
"02/13/2025","AirNow","060658001","3","2.8","ug/m3 LC","16","Rubidoux","1","100.0000","88101","PM2.5 - Local Conditions","","","40140","Riverside-San Bernardino-Ontario, CA","06","California","065","Riverside","33.9995800008751","-117.41601"
"02/14/2025","AirNow","060658001","3","5.5","ug/m3 LC","31","Rubidoux","1","100.0000","88101","PM2.5 - Local Conditions","","","40140","Riverside-San Bernardino-Ontario, CA","06","California","065","Riverside","33.9995800008751","-117.41601"
"02/15/2025","AirNow","060658001","3","6.3","ug/m3 LC","35","Rubidoux","1","100.0000","88101","PM2.5 - Local Conditions","","","40140","Riverside-San Bernardino-Ontario, CA","06","California","065","Riverside","33.9995800008751","-117.41601"
"02/16/2025","AirNow","060658001","3","10.5","ug/m3 LC","54","Rubidoux","1","100.0000","88101","PM2.5 - Local Conditions","","","40140","Riverside-San Bernardino-Ontario, CA","06","California","065","Riverside","33.9995800008751","-117.41601"
"02/17/2025","AirNow","060658001","3","11.1","ug/m3 LC","55","Rubidoux","1","100.0000","88101","PM2.5 - Local Conditions","","","40140","Riverside-San Bernardino-Ontario, CA","06","California","065","Riverside","33.9995800008751","-117.41601"
"02/18/2025","AirNow","060658001","3","9.6","ug/m3 LC","52","Rubidoux","1","100.0000","88101","PM2.5 - Local Conditions","","","40140","Riverside-San Bernardino-Ontario, CA","06","California","065","Riverside","33.9995800008751","-117.41601"
"02/19/2025","AirNow","060658001","3","13.8","ug/m3 LC","60","Rubidoux","1","100.0000","88101","PM2.5 - Local Conditions","","","40140","Riverside-San Bernardino-Ontario, CA","06","California","065","Riverside","33.9995800008751","-117.41601"
"02/20/2025","AirNow","060658001","3","8.3","ug/m3 LC","46","Rubidoux","1","100.0000","88101","PM2.5 - Local Conditions","","","40140","Riverside-San Bernardino-Ontario, CA","06","California","065","Riverside","33.9995800008751","-117.41601"
"02/21/2025","AirNow","060658001","3","0.5","ug/m3 LC","3","Rubidoux","1","100.0000","88101","PM2.5 - Local Conditions","","","40140","Riverside-San Bernardino-Ontario, CA","06","California","065","Riverside","33.9995800008751","-117.41601"
"02/22/2025","AirNow","060658001","3","6.7","ug/m3 LC","37","Rubidoux","1","100.0000","88101","PM2.5 - Local Conditions","","","40140","Riverside-San Bernardino-Ontario, CA","06","California","065","Riverside","33.9995800008751","-117.41601"
"02/23/2025","AirNow","060658001","3","14","ug/m3 LC","60","Rubidoux","1","100.0000","88101","PM2.5 - Local Conditions","","","40140","Riverside-San Bernardino-Ontario, CA","06","California","065","Riverside","33.9995800008751","-117.41601"
"02/24/2025","AirNow","060658001","3","16.3","ug/m3 LC","64","Rubidoux","1","100.0000","88101","PM2.5 - Local Conditions","","","40140","Riverside-San Bernardino-Ontario, CA","06","California","065","Riverside","33.9995800008751","-117.41601"
"02/25/2025","AirNow","060658001","3","14.6","ug/m3 LC","61","Rubidoux","1","100.0000","88101","PM2.5 - Local Conditions","","","40140","Riverside-San Bernardino-Ontario, CA","06","California","065","Riverside","33.9995800008751","-117.41601"
"02/26/2025","AirNow","060658001","3","8.1","ug/m3 LC","45","Rubidoux","1","100.0000","88101","PM2.5 - Local Conditions","","","40140","Riverside-San Bernardino-Ontario, CA","06","California","065","Riverside","33.9995800008751","-117.41601"
"02/27/2025","AirNow","060658001","3","3.5","ug/m3 LC","19","Rubidoux","1","100.0000","88101","PM2.5 - Local Conditions","","","40140","Riverside-San Bernardino-Ontario, CA","06","California","065","Riverside","33.9995800008751","-117.41601"
"02/28/2025","AirNow","060658001","3","6.6","ug/m3 LC","37","Rubidoux","1","100.0000","88101","PM2.5 - Local Conditions","","","40140","Riverside-San Bernardino-Ontario, CA","06","California","065","Riverside","33.9995800008751","-117.41601"
"03/01/2025","AirNow","060658001","3","8","ug/m3 LC","44","Rubidoux","1","100.0000","88101","PM2.5 - Local Conditions","","","40140","Riverside-San Bernardino-Ontario, CA","06","California","065","Riverside","33.9995800008751","-117.41601"
"03/02/2025","AirNow","060658001","3","5.3","ug/m3 LC","29","Rubidoux","1","100.0000","88101","PM2.5 - Local Conditions","","","40140","Riverside-San Bernardino-Ontario, CA","06","California","065","Riverside","33.9995800008751","-117.41601"
"03/03/2025","AirNow","060658001","3","4","ug/m3 LC","22","Rubidoux","1","100.0000","88101","PM2.5 - Local Conditions","","","40140","Riverside-San Bernardino-Ontario, CA","06","California","065","Riverside","33.9995800008751","-117.41601"
"03/04/2025","AirNow","060658001","3","8","ug/m3 LC","44","Rubidoux","1","100.0000","88101","PM2.5 - Local Conditions","","","40140","Riverside-San Bernardino-Ontario, CA","06","California","065","Riverside","33.9995800008751","-117.41601"
"03/05/2025","AirNow","060658001","3","11.9","ug/m3 LC","56","Rubidoux","1","100.0000","88101","PM2.5 - Local Conditions","","","40140","Riverside-San Bernardino-Ontario, CA","06","California","065","Riverside","33.9995800008751","-117.41601"
"03/06/2025","AirNow","060658001","3","3.4","ug/m3 LC","19","Rubidoux","1","100.0000","88101","PM2.5 - Local Conditions","","","40140","Riverside-San Bernardino-Ontario, CA","06","California","065","Riverside","33.9995800008751","-117.41601"
"01/01/2025","AirNow","060658005","3","75.4","ug/m3 LC","165","Mira Loma (Van Buren)","1","100.0000","88101","PM2.5 - Local Conditions","","","40140","Riverside-San Bernardino-Ontario, CA","06","California","065","Riverside","33.996360000875","-117.4924"
"01/02/2025","AirNow","060658005","3","33.1","ug/m3 LC","96","Mira Loma (Van Buren)","1","100.0000","88101","PM2.5 - Local Conditions","","","40140","Riverside-San Bernardino-Ontario, CA","06","California","065","Riverside","33.996360000875","-117.4924"
"01/03/2025","AirNow","060658005","3","24.7","ug/m3 LC","80","Mira Loma (Van Buren)","1","100.0000","88101","PM2.5 - Local Conditions","","","40140","Riverside-San Bernardino-Ontario, CA","06","California","065","Riverside","33.996360000875","-117.4924"
"01/04/2025","AirNow","060658005","3","44.1","ug/m3 LC","122","Mira Loma (Van Buren)","1","100.0000","88101","PM2.5 - Local Conditions","","","40140","Riverside-San Bernardino-Ontario, CA","06","California","065","Riverside","33.996360000875","-117.4924"
"01/05/2025","AirNow","060658005","3","24.4","ug/m3 LC","80","Mira Loma (Van Buren)","1","100.0000","88101","PM2.5 - Local Conditions","","","40140","Riverside-San Bernardino-Ontario, CA","06","California","065","Riverside","33.996360000875","-117.4924"
"01/06/2025","AirNow","060658005","3","15.5","ug/m3 LC","63","Mira Loma (Van Buren)","1","100.0000","88101","PM2.5 - Local Conditions","","","40140","Riverside-San Bernardino-Ontario, CA","06","California","065","Riverside","33.996360000875","-117.4924"
"01/07/2025","AirNow","060658005","3","8.3","ug/m3 LC","46","Mira Loma (Van Buren)","1","100.0000","88101","PM2.5 - Local Conditions","","","40140","Riverside-San Bernardino-Ontario, CA","06","California","065","Riverside","33.996360000875","-117.4924"
"01/08/2025","AirNow","060658005","3","4.4","ug/m3 LC","24","Mira Loma (Van Buren)","1","100.0000","88101","PM2.5 - Local Conditions","","","40140","Riverside-San Bernardino-Ontario, CA","06","California","065","Riverside","33.996360000875","-117.4924"
"01/09/2025","AirNow","060658005","3","4","ug/m3 LC","22","Mira Loma (Van Buren)","1","100.0000","88101","PM2.5 - Local Conditions","","","40140","Riverside-San Bernardino-Ontario, CA","06","California","065","Riverside","33.996360000875","-117.4924"
"01/10/2025","AirNow","060658005","3","14.3","ug/m3 LC","61","Mira Loma (Van Buren)","1","100.0000","88101","PM2.5 - Local Conditions","","","40140","Riverside-San Bernardino-Ontario, CA","06","California","065","Riverside","33.996360000875","-117.4924"
"01/11/2025","AirNow","060658005","3","15.5","ug/m3 LC","63","Mira Loma (Van Buren)","1","100.0000","88101","PM2.5 - Local Conditions","","","40140","Riverside-San Bernardino-Ontario, CA","06","California","065","Riverside","33.996360000875","-117.4924"
"01/12/2025","AirNow","060658005","3","1.6","ug/m3 LC","9","Mira Loma (Van Buren)","1","100.0000","88101","PM2.5 - Local Conditions","","","40140","Riverside-San Bernardino-Ontario, CA","06","California","065","Riverside","33.996360000875","-117.4924"
"01/13/2025","AirNow","060658005","3","2","ug/m3 LC","11","Mira Loma (Van Buren)","1","100.0000","88101","PM2.5 - Local Conditions","","","40140","Riverside-San Bernardino-Ontario, CA","06","California","065","Riverside","33.996360000875","-117.4924"
"01/14/2025","AirNow","060658005","3","4.1","ug/m3 LC","23","Mira Loma (Van Buren)","1","100.0000","88101","PM2.5 - Local Conditions","","","40140","Riverside-San Bernardino-Ontario, CA","06","California","065","Riverside","33.996360000875","-117.4924"
"01/15/2025","AirNow","060658005","3","3.1","ug/m3 LC","17","Mira Loma (Van Buren)","1","100.0000","88101","PM2.5 - Local Conditions","","","40140","Riverside-San Bernardino-Ontario, CA","06","California","065","Riverside","33.996360000875","-117.4924"
"01/16/2025","AirNow","060658005","3","9.8","ug/m3 LC","52","Mira Loma (Van Buren)","1","100.0000","88101","PM2.5 - Local Conditions","","","40140","Riverside-San Bernardino-Ontario, CA","06","California","065","Riverside","33.996360000875","-117.4924"
"01/17/2025","AirNow","060658005","3","13.8","ug/m3 LC","60","Mira Loma (Van Buren)","1","100.0000","88101","PM2.5 - Local Conditions","","","40140","Riverside-San Bernardino-Ontario, CA","06","California","065","Riverside","33.996360000875","-117.4924"
"01/18/2025","AirNow","060658005","3","20.2","ug/m3 LC","72","Mira Loma (Van Buren)","1","100.0000","88101","PM2.5 - Local Conditions","","","40140","Riverside-San Bernardino-Ontario, CA","06","California","065","Riverside","33.996360000875","-117.4924"
"01/19/2025","AirNow","060658005","3","31.5","ug/m3 LC","93","Mira Loma (Van Buren)","1","100.0000","88101","PM2.5 - Local Conditions","","","40140","Riverside-San Bernardino-Ontario, CA","06","California","065","Riverside","33.996360000875","-117.4924"
"01/20/2025","AirNow","060658005","3","15.3","ug/m3 LC","63","Mira Loma (Van Buren)","1","100.0000","88101","PM2.5 - Local Conditions","","","40140","Riverside-San Bernardino-Ontario, CA","06","California","065","Riverside","33.996360000875","-117.4924"
"01/21/2025","AirNow","060658005","3","5.6","ug/m3 LC","31","Mira Loma (Van Buren)","1","100.0000","88101","PM2.5 - Local Conditions","","","40140","Riverside-San Bernardino-Ontario, CA","06","California","065","Riverside","33.996360000875","-117.4924"
"01/22/2025","AirNow","060658005","3","5.4","ug/m3 LC","30","Mira Loma (Van Buren)","1","100.0000","88101","PM2.5 - Local Conditions","","","40140","Riverside-San Bernardino-Ontario, CA","06","California","065","Riverside","33.996360000875","-117.4924"
"01/23/2025","AirNow","060658005","3","2.3","ug/m3 LC","13","Mira Loma (Van Buren)","1","100.0000","88101","PM2.5 - Local Conditions","","","40140","Riverside-San Bernardino-Ontario, CA","06","California","065","Riverside","33.996360000875","-117.4924"
"01/24/2025","AirNow","060658005","3","7.7","ug/m3 LC","43","Mira Loma (Van Buren)","1","100.0000","88101","PM2.5 - Local Conditions","","","40140","Riverside-San Bernardino-Ontario, CA","06","California","065","Riverside","33.996360000875","-117.4924"
"01/25/2025","AirNow","060658005","3","15.9","ug/m3 LC","64","Mira Loma (Van Buren)","1","100.0000","88101","PM2.5 - Local Conditions","","","40140","Riverside-San Bernardino-Ontario, CA","06","California","065","Riverside","33.996360000875","-117.4924"
"01/26/2025","AirNow","060658005","3","6.8","ug/m3 LC","38","Mira Loma (Van Buren)","1","100.0000","88101","PM2.5 - Local Conditions","","","40140","Riverside-San Bernardino-Ontario, CA","06","California","065","Riverside","33.996360000875","-117.4924"
"01/27/2025","AirNow","060658005","3","7.1","ug/m3 LC","39","Mira Loma (Van Buren)","1","100.0000","88101","PM2.5 - Local Conditions","","","40140","Riverside-San Bernardino-Ontario, CA","06","California","065","Riverside","33.996360000875","-117.4924"
"01/28/2025","AirNow","060658005","3","13.4","ug/m3 LC","59","Mira Loma (Van Buren)","1","100.0000","88101","PM2.5 - Local Conditions","","","40140","Riverside-San Bernardino-Ontario, CA","06","California","065","Riverside","33.996360000875","-117.4924"
"01/29/2025","AirNow","060658005","3","15.4","ug/m3 LC","63","Mira Loma (Van Buren)","1","100.0000","88101","PM2.5 - Local Conditions","","","40140","Riverside-San Bernardino-Ontario, CA","06","California","065","Riverside","33.996360000875","-117.4924"
"01/30/2025","AirNow","060658005","3","21.1","ug/m3 LC","73","Mira Loma (Van Buren)","1","100.0000","88101","PM2.5 - Local Conditions","","","40140","Riverside-San Bernardino-Ontario, CA","06","California","065","Riverside","33.996360000875","-117.4924"
"01/31/2025","AirNow","060658005","3","27.2","ug/m3 LC","85","Mira Loma (Van Buren)","1","100.0000","88101","PM2.5 - Local Conditions","","","40140","Riverside-San Bernardino-Ontario, CA","06","California","065","Riverside","33.996360000875","-117.4924"
"02/01/2025","AirNow","060658005","3","35.7","ug/m3 LC","101","Mira Loma (Van Buren)","1","100.0000","88101","PM2.5 - Local Conditions","","","40140","Riverside-San Bernardino-Ontario, CA","06","California","065","Riverside","33.996360000875","-117.4924"
"02/02/2025","AirNow","060658005","3","36.1","ug/m3 LC","102","Mira Loma (Van Buren)","1","100.0000","88101","PM2.5 - Local Conditions","","","40140","Riverside-San Bernardino-Ontario, CA","06","California","065","Riverside","33.996360000875","-117.4924"
"02/03/2025","AirNow","060658005","3","28.1","ug/m3 LC","86","Mira Loma (Van Buren)","1","100.0000","88101","PM2.5 - Local Conditions","","","40140","Riverside-San Bernardino-Ontario, CA","06","California","065","Riverside","33.996360000875","-117.4924"
"02/04/2025","AirNow","060658005","3","13.6","ug/m3 LC","59","Mira Loma (Van Buren)","1","100.0000","88101","PM2.5 - Local Conditions","","","40140","Riverside-San Bernardino-Ontario, CA","06","California","065","Riverside","33.996360000875","-117.4924"
"02/05/2025","AirNow","060658005","3","8.5","ug/m3 LC","47","Mira Loma (Van Buren)","1","100.0000","88101","PM2.5 - Local Conditions","","","40140","Riverside-San Bernardino-Ontario, CA","06","California","065","Riverside","33.996360000875","-117.4924"
"02/06/2025","AirNow","060658005","3","7.6","ug/m3 LC","42","Mira Loma (Van Buren)","1","100.0000","88101","PM2.5 - Local Conditions","","","40140","Riverside-San Bernardino-Ontario, CA","06","California","065","Riverside","33.996360000875","-117.4924"
"02/07/2025","AirNow","060658005","3","4.2","ug/m3 LC","23","Mira Loma (Van Buren)","1","100.0000","88101","PM2.5 - Local Conditions","","","40140","Riverside-San Bernardino-Ontario, CA","06","California","065","Riverside","33.996360000875","-117.4924"
"02/08/2025","AirNow","060658005","3","14.2","ug/m3 LC","61","Mira Loma (Van Buren)","1","100.0000","88101","PM2.5 - Local Conditions","","","40140","Riverside-San Bernardino-Ontario, CA","06","California","065","Riverside","33.996360000875","-117.4924"
"02/09/2025","AirNow","060658005","3","19.5","ug/m3 LC","70","Mira Loma (Van Buren)","1","100.0000","88101","PM2.5 - Local Conditions","","","40140","Riverside-San Bernardino-Ontario, CA","06","California","065","Riverside","33.996360000875","-117.4924"
"02/10/2025","AirNow","060658005","3","15.5","ug/m3 LC","63","Mira Loma (Van Buren)","1","100.0000","88101","PM2.5 - Local Conditions","","","40140","Riverside-San Bernardino-Ontario, CA","06","California","065","Riverside","33.996360000875","-117.4924"
"02/11/2025","AirNow","060658005","3","9.7","ug/m3 LC","52","Mira Loma (Van Buren)","1","100.0000","88101","PM2.5 - Local Conditions","","","40140","Riverside-San Bernardino-Ontario, CA","06","California","065","Riverside","33.996360000875","-117.4924"
"02/12/2025","AirNow","060658005","3","6","ug/m3 LC","33","Mira Loma (Van Buren)","1","100.0000","88101","PM2.5 - Local Conditions","","","40140","Riverside-San Bernardino-Ontario, CA","06","California","065","Riverside","33.996360000875","-117.4924"
"02/13/2025","AirNow","060658005","3","4.8","ug/m3 LC","27","Mira Loma (Van Buren)","1","100.0000","88101","PM2.5 - Local Conditions","","","40140","Riverside-San Bernardino-Ontario, CA","06","California","065","Riverside","33.996360000875","-117.4924"
"02/14/2025","AirNow","060658005","3","6.9","ug/m3 LC","38","Mira Loma (Van Buren)","1","100.0000","88101","PM2.5 - Local Conditions","","","40140","Riverside-San Bernardino-Ontario, CA","06","California","065","Riverside","33.996360000875","-117.4924"
"02/15/2025","AirNow","060658005","3","10.1","ug/m3 LC","53","Mira Loma (Van Buren)","1","100.0000","88101","PM2.5 - Local Conditions","","","40140","Riverside-San Bernardino-Ontario, CA","06","California","065","Riverside","33.996360000875","-117.4924"
"02/16/2025","AirNow","060658005","3","14.3","ug/m3 LC","61","Mira Loma (Van Buren)","1","100.0000","88101","PM2.5 - Local Conditions","","","40140","Riverside-San Bernardino-Ontario, CA","06","California","065","Riverside","33.996360000875","-117.4924"
"02/17/2025","AirNow","060658005","3","15.1","ug/m3 LC","62","Mira Loma (Van Buren)","1","100.0000","88101","PM2.5 - Local Conditions","","","40140","Riverside-San Bernardino-Ontario, CA","06","California","065","Riverside","33.996360000875","-117.4924"
"02/18/2025","AirNow","060658005","3","13.1","ug/m3 LC","58","Mira Loma (Van Buren)","1","100.0000","88101","PM2.5 - Local Conditions","","","40140","Riverside-San Bernardino-Ontario, CA","06","California","065","Riverside","33.996360000875","-117.4924"
"02/19/2025","AirNow","060658005","3","16.7","ug/m3 LC","65","Mira Loma (Van Buren)","1","100.0000","88101","PM2.5 - Local Conditions","","","40140","Riverside-San Bernardino-Ontario, CA","06","California","065","Riverside","33.996360000875","-117.4924"
"02/20/2025","AirNow","060658005","3","12.3","ug/m3 LC","57","Mira Loma (Van Buren)","1","100.0000","88101","PM2.5 - Local Conditions","","","40140","Riverside-San Bernardino-Ontario, CA","06","California","065","Riverside","33.996360000875","-117.4924"
"02/21/2025","AirNow","060658005","3","4.5","ug/m3 LC","25","Mira Loma (Van Buren)","1","100.0000","88101","PM2.5 - Local Conditions","","","40140","Riverside-San Bernardino-Ontario, CA","06","California","065","Riverside","33.996360000875","-117.4924"
"02/22/2025","AirNow","060658005","3","8.3","ug/m3 LC","46","Mira Loma (Van Buren)","1","100.0000","88101","PM2.5 - Local Conditions","","","40140","Riverside-San Bernardino-Ontario, CA","06","California","065","Riverside","33.996360000875","-117.4924"
"02/23/2025","AirNow","060658005","3","17.7","ug/m3 LC","67","Mira Loma (Van Buren)","1","100.0000","88101","PM2.5 - Local Conditions","","","40140","Riverside-San Bernardino-Ontario, CA","06","California","065","Riverside","33.996360000875","-117.4924"
"02/24/2025","AirNow","060658005","3","19.7","ug/m3 LC","71","Mira Loma (Van Buren)","1","100.0000","88101","PM2.5 - Local Conditions","","","40140","Riverside-San Bernardino-Ontario, CA","06","California","065","Riverside","33.996360000875","-117.4924"
"02/25/2025","AirNow","060658005","3","17.2","ug/m3 LC","66","Mira Loma (Van Buren)","1","100.0000","88101","PM2.5 - Local Conditions","","","40140","Riverside-San Bernardino-Ontario, CA","06","California","065","Riverside","33.996360000875","-117.4924"
"02/26/2025","AirNow","060658005","3","9.5","ug/m3 LC","52","Mira Loma (Van Buren)","1","100.0000","88101","PM2.5 - Local Conditions","","","40140","Riverside-San Bernardino-Ontario, CA","06","California","065","Riverside","33.996360000875","-117.4924"
"02/27/2025","AirNow","060658005","3","1.8","ug/m3 LC","10","Mira Loma (Van Buren)","1","100.0000","88101","PM2.5 - Local Conditions","","","40140","Riverside-San Bernardino-Ontario, CA","06","California","065","Riverside","33.996360000875","-117.4924"
"02/28/2025","AirNow","060658005","3","8","ug/m3 LC","44","Mira Loma (Van Buren)","1","100.0000","88101","PM2.5 - Local Conditions","","","40140","Riverside-San Bernardino-Ontario, CA","06","California","065","Riverside","33.996360000875","-117.4924"
"03/01/2025","AirNow","060658005","3","8.9","ug/m3 LC","49","Mira Loma (Van Buren)","1","100.0000","88101","PM2.5 - Local Conditions","","","40140","Riverside-San Bernardino-Ontario, CA","06","California","065","Riverside","33.996360000875","-117.4924"
"03/02/2025","AirNow","060658005","3","5.7","ug/m3 LC","32","Mira Loma (Van Buren)","1","100.0000","88101","PM2.5 - Local Conditions","","","40140","Riverside-San Bernardino-Ontario, CA","06","California","065","Riverside","33.996360000875","-117.4924"
"03/03/2025","AirNow","060658005","3","6","ug/m3 LC","33","Mira Loma (Van Buren)","1","100.0000","88101","PM2.5 - Local Conditions","","","40140","Riverside-San Bernardino-Ontario, CA","06","California","065","Riverside","33.996360000875","-117.4924"
"03/04/2025","AirNow","060658005","3","8.4","ug/m3 LC","47","Mira Loma (Van Buren)","1","100.0000","88101","PM2.5 - Local Conditions","","","40140","Riverside-San Bernardino-Ontario, CA","06","California","065","Riverside","33.996360000875","-117.4924"
"03/05/2025","AirNow","060658005","3","11.4","ug/m3 LC","55","Mira Loma (Van Buren)","1","100.0000","88101","PM2.5 - Local Conditions","","","40140","Riverside-San Bernardino-Ontario, CA","06","California","065","Riverside","33.996360000875","-117.4924"
"03/06/2025","AirNow","060658005","3","5.1","ug/m3 LC","28","Mira Loma (Van Buren)","1","100.0000","88101","PM2.5 - Local Conditions","","","40140","Riverside-San Bernardino-Ontario, CA","06","California","065","Riverside","33.996360000875","-117.4924"
"01/01/2025","AirNow","060659001","3","16.5","ug/m3 LC","65","Lake Elsinore","1","100.0000","88502","Acceptable PM2.5 AQI & Speciation Mass","","","40140","Riverside-San Bernardino-Ontario, CA","06","California","065","Riverside","33.67649","-117.33098"
"01/02/2025","AirNow","060659001","3","4.8","ug/m3 LC","27","Lake Elsinore","1","100.0000","88502","Acceptable PM2.5 AQI & Speciation Mass","","","40140","Riverside-San Bernardino-Ontario, CA","06","California","065","Riverside","33.67649","-117.33098"
"01/03/2025","AirNow","060659001","3","8.1","ug/m3 LC","45","Lake Elsinore","1","100.0000","88502","Acceptable PM2.5 AQI & Speciation Mass","","","40140","Riverside-San Bernardino-Ontario, CA","06","California","065","Riverside","33.67649","-117.33098"
"01/04/2025","AirNow","060659001","3","19.8","ug/m3 LC","71","Lake Elsinore","1","100.0000","88502","Acceptable PM2.5 AQI & Speciation Mass","","","40140","Riverside-San Bernardino-Ontario, CA","06","California","065","Riverside","33.67649","-117.33098"
"01/05/2025","AirNow","060659001","3","5.7","ug/m3 LC","32","Lake Elsinore","1","100.0000","88502","Acceptable PM2.5 AQI & Speciation Mass","","","40140","Riverside-San Bernardino-Ontario, CA","06","California","065","Riverside","33.67649","-117.33098"
"01/06/2025","AirNow","060659001","3","3.7","ug/m3 LC","21","Lake Elsinore","1","100.0000","88502","Acceptable PM2.5 AQI & Speciation Mass","","","40140","Riverside-San Bernardino-Ontario, CA","06","California","065","Riverside","33.67649","-117.33098"
"01/07/2025","AirNow","060659001","3","6.2","ug/m3 LC","34","Lake Elsinore","1","100.0000","88502","Acceptable PM2.5 AQI & Speciation Mass","","","40140","Riverside-San Bernardino-Ontario, CA","06","California","065","Riverside","33.67649","-117.33098"
"01/08/2025","AirNow","060659001","3","4.5","ug/m3 LC","25","Lake Elsinore","1","100.0000","88502","Acceptable PM2.5 AQI & Speciation Mass","","","40140","Riverside-San Bernardino-Ontario, CA","06","California","065","Riverside","33.67649","-117.33098"
"01/10/2025","AirNow","060659001","3","4.5","ug/m3 LC","25","Lake Elsinore","1","100.0000","88502","Acceptable PM2.5 AQI & Speciation Mass","","","40140","Riverside-San Bernardino-Ontario, CA","06","California","065","Riverside","33.67649","-117.33098"
"01/11/2025","AirNow","060659001","3","8.9","ug/m3 LC","49","Lake Elsinore","1","100.0000","88502","Acceptable PM2.5 AQI & Speciation Mass","","","40140","Riverside-San Bernardino-Ontario, CA","06","California","065","Riverside","33.67649","-117.33098"
"01/12/2025","AirNow","060659001","3","-0.3","ug/m3 LC","0","Lake Elsinore","1","100.0000","88502","Acceptable PM2.5 AQI & Speciation Mass","","","40140","Riverside-San Bernardino-Ontario, CA","06","California","065","Riverside","33.67649","-117.33098"
"01/13/2025","AirNow","060659001","3","1.4","ug/m3 LC","8","Lake Elsinore","1","100.0000","88502","Acceptable PM2.5 AQI & Speciation Mass","","","40140","Riverside-San Bernardino-Ontario, CA","06","California","065","Riverside","33.67649","-117.33098"
"01/14/2025","AirNow","060659001","3","2.8","ug/m3 LC","16","Lake Elsinore","1","100.0000","88502","Acceptable PM2.5 AQI & Speciation Mass","","","40140","Riverside-San Bernardino-Ontario, CA","06","California","065","Riverside","33.67649","-117.33098"
"01/15/2025","AirNow","060659001","3","4.2","ug/m3 LC","23","Lake Elsinore","1","100.0000","88502","Acceptable PM2.5 AQI & Speciation Mass","","","40140","Riverside-San Bernardino-Ontario, CA","06","California","065","Riverside","33.67649","-117.33098"
"01/16/2025","AirNow","060659001","3","3.9","ug/m3 LC","22","Lake Elsinore","1","100.0000","88502","Acceptable PM2.5 AQI & Speciation Mass","","","40140","Riverside-San Bernardino-Ontario, CA","06","California","065","Riverside","33.67649","-117.33098"
"01/17/2025","AirNow","060659001","3","9.1","ug/m3 LC","51","Lake Elsinore","1","100.0000","88502","Acceptable PM2.5 AQI & Speciation Mass","","","40140","Riverside-San Bernardino-Ontario, CA","06","California","065","Riverside","33.67649","-117.33098"
"01/18/2025","AirNow","060659001","3","11.8","ug/m3 LC","56","Lake Elsinore","1","100.0000","88502","Acceptable PM2.5 AQI & Speciation Mass","","","40140","Riverside-San Bernardino-Ontario, CA","06","California","065","Riverside","33.67649","-117.33098"
"01/19/2025","AirNow","060659001","3","21.1","ug/m3 LC","73","Lake Elsinore","1","100.0000","88502","Acceptable PM2.5 AQI & Speciation Mass","","","40140","Riverside-San Bernardino-Ontario, CA","06","California","065","Riverside","33.67649","-117.33098"
"01/20/2025","AirNow","060659001","3","12.8","ug/m3 LC","58","Lake Elsinore","1","100.0000","88502","Acceptable PM2.5 AQI & Speciation Mass","","","40140","Riverside-San Bernardino-Ontario, CA","06","California","065","Riverside","33.67649","-117.33098"
"01/21/2025","AirNow","060659001","3","1.6","ug/m3 LC","9","Lake Elsinore","1","100.0000","88502","Acceptable PM2.5 AQI & Speciation Mass","","","40140","Riverside-San Bernardino-Ontario, CA","06","California","065","Riverside","33.67649","-117.33098"
"01/22/2025","AirNow","060659001","3","4.4","ug/m3 LC","24","Lake Elsinore","1","100.0000","88502","Acceptable PM2.5 AQI & Speciation Mass","","","40140","Riverside-San Bernardino-Ontario, CA","06","California","065","Riverside","33.67649","-117.33098"
"01/29/2025","AirNow","060659001","3","8.9","ug/m3 LC","49","Lake Elsinore","1","100.0000","88502","Acceptable PM2.5 AQI & Speciation Mass","","","40140","Riverside-San Bernardino-Ontario, CA","06","California","065","Riverside","33.67649","-117.33098"
"01/30/2025","AirNow","060659001","3","12.4","ug/m3 LC","57","Lake Elsinore","1","100.0000","88502","Acceptable PM2.5 AQI & Speciation Mass","","","40140","Riverside-San Bernardino-Ontario, CA","06","California","065","Riverside","33.67649","-117.33098"
"02/05/2025","AirNow","060659001","3","5.1","ug/m3 LC","28","Lake Elsinore","1","100.0000","88502","Acceptable PM2.5 AQI & Speciation Mass","","","40140","Riverside-San Bernardino-Ontario, CA","06","California","065","Riverside","33.67649","-117.33098"
"02/06/2025","AirNow","060659001","3","2.1","ug/m3 LC","12","Lake Elsinore","1","100.0000","88502","Acceptable PM2.5 AQI & Speciation Mass","","","40140","Riverside-San Bernardino-Ontario, CA","06","California","065","Riverside","33.67649","-117.33098"
"02/07/2025","AirNow","060659001","3","0.9","ug/m3 LC","5","Lake Elsinore","1","100.0000","88502","Acceptable PM2.5 AQI & Speciation Mass","","","40140","Riverside-San Bernardino-Ontario, CA","06","California","065","Riverside","33.67649","-117.33098"
"02/08/2025","AirNow","060659001","3","6.1","ug/m3 LC","34","Lake Elsinore","1","100.0000","88502","Acceptable PM2.5 AQI & Speciation Mass","","","40140","Riverside-San Bernardino-Ontario, CA","06","California","065","Riverside","33.67649","-117.33098"
"02/09/2025","AirNow","060659001","3","7.7","ug/m3 LC","43","Lake Elsinore","1","100.0000","88502","Acceptable PM2.5 AQI & Speciation Mass","","","40140","Riverside-San Bernardino-Ontario, CA","06","California","065","Riverside","33.67649","-117.33098"
"02/10/2025","AirNow","060659001","3","7.3","ug/m3 LC","41","Lake Elsinore","1","100.0000","88502","Acceptable PM2.5 AQI & Speciation Mass","","","40140","Riverside-San Bernardino-Ontario, CA","06","California","065","Riverside","33.67649","-117.33098"
"02/11/2025","AirNow","060659001","3","4.8","ug/m3 LC","27","Lake Elsinore","1","100.0000","88502","Acceptable PM2.5 AQI & Speciation Mass","","","40140","Riverside-San Bernardino-Ontario, CA","06","California","065","Riverside","33.67649","-117.33098"
"02/12/2025","AirNow","060659001","3","1.9","ug/m3 LC","11","Lake Elsinore","1","100.0000","88502","Acceptable PM2.5 AQI & Speciation Mass","","","40140","Riverside-San Bernardino-Ontario, CA","06","California","065","Riverside","33.67649","-117.33098"
"02/13/2025","AirNow","060659001","3","0.5","ug/m3 LC","3","Lake Elsinore","1","100.0000","88502","Acceptable PM2.5 AQI & Speciation Mass","","","40140","Riverside-San Bernardino-Ontario, CA","06","California","065","Riverside","33.67649","-117.33098"
"02/14/2025","AirNow","060659001","3","3.1","ug/m3 LC","17","Lake Elsinore","1","100.0000","88502","Acceptable PM2.5 AQI & Speciation Mass","","","40140","Riverside-San Bernardino-Ontario, CA","06","California","065","Riverside","33.67649","-117.33098"
"02/15/2025","AirNow","060659001","3","4.1","ug/m3 LC","23","Lake Elsinore","1","100.0000","88502","Acceptable PM2.5 AQI & Speciation Mass","","","40140","Riverside-San Bernardino-Ontario, CA","06","California","065","Riverside","33.67649","-117.33098"
"02/16/2025","AirNow","060659001","3","5.4","ug/m3 LC","30","Lake Elsinore","1","100.0000","88502","Acceptable PM2.5 AQI & Speciation Mass","","","40140","Riverside-San Bernardino-Ontario, CA","06","California","065","Riverside","33.67649","-117.33098"
"02/17/2025","AirNow","060659001","3","6.6","ug/m3 LC","37","Lake Elsinore","1","100.0000","88502","Acceptable PM2.5 AQI & Speciation Mass","","","40140","Riverside-San Bernardino-Ontario, CA","06","California","065","Riverside","33.67649","-117.33098"
"02/18/2025","AirNow","060659001","3","7.6","ug/m3 LC","42","Lake Elsinore","1","100.0000","88502","Acceptable PM2.5 AQI & Speciation Mass","","","40140","Riverside-San Bernardino-Ontario, CA","06","California","065","Riverside","33.67649","-117.33098"
"02/19/2025","AirNow","060659001","3","6.8","ug/m3 LC","38","Lake Elsinore","1","100.0000","88502","Acceptable PM2.5 AQI & Speciation Mass","","","40140","Riverside-San Bernardino-Ontario, CA","06","California","065","Riverside","33.67649","-117.33098"
"02/20/2025","AirNow","060659001","3","5.6","ug/m3 LC","31","Lake Elsinore","1","100.0000","88502","Acceptable PM2.5 AQI & Speciation Mass","","","40140","Riverside-San Bernardino-Ontario, CA","06","California","065","Riverside","33.67649","-117.33098"
"02/21/2025","AirNow","060659001","3","2.4","ug/m3 LC","13","Lake Elsinore","1","100.0000","88502","Acceptable PM2.5 AQI & Speciation Mass","","","40140","Riverside-San Bernardino-Ontario, CA","06","California","065","Riverside","33.67649","-117.33098"
"02/22/2025","AirNow","060659001","3","4","ug/m3 LC","22","Lake Elsinore","1","100.0000","88502","Acceptable PM2.5 AQI & Speciation Mass","","","40140","Riverside-San Bernardino-Ontario, CA","06","California","065","Riverside","33.67649","-117.33098"
"02/23/2025","AirNow","060659001","3","7.5","ug/m3 LC","42","Lake Elsinore","1","100.0000","88502","Acceptable PM2.5 AQI & Speciation Mass","","","40140","Riverside-San Bernardino-Ontario, CA","06","California","065","Riverside","33.67649","-117.33098"
"02/24/2025","AirNow","060659001","3","9.3","ug/m3 LC","51","Lake Elsinore","1","100.0000","88502","Acceptable PM2.5 AQI & Speciation Mass","","","40140","Riverside-San Bernardino-Ontario, CA","06","California","065","Riverside","33.67649","-117.33098"
"02/25/2025","AirNow","060659001","3","10.9","ug/m3 LC","54","Lake Elsinore","1","100.0000","88502","Acceptable PM2.5 AQI & Speciation Mass","","","40140","Riverside-San Bernardino-Ontario, CA","06","California","065","Riverside","33.67649","-117.33098"
"02/26/2025","AirNow","060659001","3","6.5","ug/m3 LC","36","Lake Elsinore","1","100.0000","88502","Acceptable PM2.5 AQI & Speciation Mass","","","40140","Riverside-San Bernardino-Ontario, CA","06","California","065","Riverside","33.67649","-117.33098"
"02/27/2025","AirNow","060659001","3","2.6","ug/m3 LC","14","Lake Elsinore","1","100.0000","88502","Acceptable PM2.5 AQI & Speciation Mass","","","40140","Riverside-San Bernardino-Ontario, CA","06","California","065","Riverside","33.67649","-117.33098"
"02/28/2025","AirNow","060659001","3","5.3","ug/m3 LC","29","Lake Elsinore","1","100.0000","88502","Acceptable PM2.5 AQI & Speciation Mass","","","40140","Riverside-San Bernardino-Ontario, CA","06","California","065","Riverside","33.67649","-117.33098"
"03/01/2025","AirNow","060659001","3","6.6","ug/m3 LC","37","Lake Elsinore","1","100.0000","88502","Acceptable PM2.5 AQI & Speciation Mass","","","40140","Riverside-San Bernardino-Ontario, CA","06","California","065","Riverside","33.67649","-117.33098"
"03/02/2025","AirNow","060659001","3","4.4","ug/m3 LC","24","Lake Elsinore","1","100.0000","88502","Acceptable PM2.5 AQI & Speciation Mass","","","40140","Riverside-San Bernardino-Ontario, CA","06","California","065","Riverside","33.67649","-117.33098"
"03/03/2025","AirNow","060659001","3","3.5","ug/m3 LC","19","Lake Elsinore","1","100.0000","88502","Acceptable PM2.5 AQI & Speciation Mass","","","40140","Riverside-San Bernardino-Ontario, CA","06","California","065","Riverside","33.67649","-117.33098"
"03/04/2025","AirNow","060659001","3","5.8","ug/m3 LC","32","Lake Elsinore","1","100.0000","88502","Acceptable PM2.5 AQI & Speciation Mass","","","40140","Riverside-San Bernardino-Ontario, CA","06","California","065","Riverside","33.67649","-117.33098"
"03/05/2025","AirNow","060659001","3","6.3","ug/m3 LC","35","Lake Elsinore","1","100.0000","88502","Acceptable PM2.5 AQI & Speciation Mass","","","40140","Riverside-San Bernardino-Ontario, CA","06","California","065","Riverside","33.67649","-117.33098"
"03/06/2025","AirNow","060659001","3","2.5","ug/m3 LC","14","Lake Elsinore","1","100.0000","88502","Acceptable PM2.5 AQI & Speciation Mass","","","40140","Riverside-San Bernardino-Ontario, CA","06","California","065","Riverside","33.67649","-117.33098"
