"Date","Source","Site ID","POC","Daily Max 8-hour Ozone Concentration","Units","Daily AQI Value","Local Site Name","Daily Obs Count","Percent Complete","AQS Parameter Code","AQS Parameter Description","Method Code","CBSA Code","CBSA Name","State FIPS Code","State","County FIPS Code","County","Site Latitude","Site Longitude"
"01/01/2025","AirNow","060370016","1","0.037","ppm","34","Glendora","24","100.0000","44201","Ozone","","31080","Los Angeles-Long Beach-Anaheim, CA","06","California","037","Los Angeles","34.14435","-117.85036"
"01/02/2025","AirNow","060370016","1","0.034","ppm","31","Glendora","24","100.0000","44201","Ozone","","31080","Los Angeles-Long Beach-Anaheim, CA","06","California","037","Los Angeles","34.14435","-117.85036"
"01/03/2025","AirNow","060370016","1","0.026","ppm","24","Glendora","24","100.0000","44201","Ozone","","31080","Los Angeles-Long Beach-Anaheim, CA","06","California","037","Los Angeles","34.14435","-117.85036"
"01/04/2025","AirNow","060370016","1","0.04","ppm","37","Glendora","24","100.0000","44201","Ozone","","31080","Los Angeles-Long Beach-Anaheim, CA","06","California","037","Los Angeles","34.14435","-117.85036"
"01/05/2025","AirNow","060370016","1","0.044","ppm","41","Glendora","24","100.0000","44201","Ozone","","31080","Los Angeles-Long Beach-Anaheim, CA","06","California","037","Los Angeles","34.14435","-117.85036"
"01/06/2025","AirNow","060370016","1","0.034","ppm","31","Glendora","24","100.0000","44201","Ozone","","31080","Los Angeles-Long Beach-Anaheim, CA","06","California","037","Los Angeles","34.14435","-117.85036"
"01/07/2025","AirNow","060370016","1","0.042","ppm","39","Glendora","24","100.0000","44201","Ozone","","31080","Los Angeles-Long Beach-Anaheim, CA","06","California","037","Los Angeles","34.14435","-117.85036"
"01/10/2025","AirNow","060370016","1","0.056","ppm","54","Glendora","24","100.0000","44201","Ozone","","31080","Los Angeles-Long Beach-Anaheim, CA","06","California","037","Los Angeles","34.14435","-117.85036"
"01/11/2025","AirNow","060370016","1","0.053","ppm","49","Glendora","24","100.0000","44201","Ozone","","31080","Los Angeles-Long Beach-Anaheim, CA","06","California","037","Los Angeles","34.14435","-117.85036"
"01/12/2025","AirNow","060370016","1","0.044","ppm","41","Glendora","24","100.0000","44201","Ozone","","31080","Los Angeles-Long Beach-Anaheim, CA","06","California","037","Los Angeles","34.14435","-117.85036"
"01/13/2025","AirNow","060370016","1","0.041","ppm","38","Glendora","24","100.0000","44201","Ozone","","31080","Los Angeles-Long Beach-Anaheim, CA","06","California","037","Los Angeles","34.14435","-117.85036"
"01/14/2025","AirNow","060370016","1","0.034","ppm","31","Glendora","24","100.0000","44201","Ozone","","31080","Los Angeles-Long Beach-Anaheim, CA","06","California","037","Los Angeles","34.14435","-117.85036"
"01/15/2025","AirNow","060370016","1","0.039","ppm","36","Glendora","24","100.0000","44201","Ozone","","31080","Los Angeles-Long Beach-Anaheim, CA","06","California","037","Los Angeles","34.14435","-117.85036"
"01/16/2025","AirNow","060370016","1","0.039","ppm","36","Glendora","24","100.0000","44201","Ozone","","31080","Los Angeles-Long Beach-Anaheim, CA","06","California","037","Los Angeles","34.14435","-117.85036"
"01/17/2025","AirNow","060370016","1","0.043","ppm","40","Glendora","24","100.0000","44201","Ozone","","31080","Los Angeles-Long Beach-Anaheim, CA","06","California","037","Los Angeles","34.14435","-117.85036"
"01/18/2025","AirNow","060370016","1","0.044","ppm","41","Glendora","24","100.0000","44201","Ozone","","31080","Los Angeles-Long Beach-Anaheim, CA","06","California","037","Los Angeles","34.14435","-117.85036"
"01/19/2025","AirNow","060370016","1","0.046","ppm","43","Glendora","24","100.0000","44201","Ozone","","31080","Los Angeles-Long Beach-Anaheim, CA","06","California","037","Los Angeles","34.14435","-117.85036"
"01/20/2025","AirNow","060370016","1","0.045","ppm","42","Glendora","24","100.0000","44201","Ozone","","31080","Los Angeles-Long Beach-Anaheim, CA","06","California","037","Los Angeles","34.14435","-117.85036"
"01/21/2025","AirNow","060370016","1","0.039","ppm","36","Glendora","24","100.0000","44201","Ozone","","31080","Los Angeles-Long Beach-Anaheim, CA","06","California","037","Los Angeles","34.14435","-117.85036"
"01/22/2025","AirNow","060370016","1","0.035","ppm","32","Glendora","24","100.0000","44201","Ozone","","31080","Los Angeles-Long Beach-Anaheim, CA","06","California","037","Los Angeles","34.14435","-117.85036"
"01/23/2025","AirNow","060370016","1","0.04","ppm","37","Glendora","24","100.0000","44201","Ozone","","31080","Los Angeles-Long Beach-Anaheim, CA","06","California","037","Los Angeles","34.14435","-117.85036"
"01/24/2025","AirNow","060370016","1","0.039","ppm","36","Glendora","24","100.0000","44201","Ozone","","31080","Los Angeles-Long Beach-Anaheim, CA","06","California","037","Los Angeles","34.14435","-117.85036"
"01/25/2025","AirNow","060370016","1","0.046","ppm","43","Glendora","24","100.0000","44201","Ozone","","31080","Los Angeles-Long Beach-Anaheim, CA","06","California","037","Los Angeles","34.14435","-117.85036"
"01/26/2025","AirNow","060370016","1","0.037","ppm","34","Glendora","24","100.0000","44201","Ozone","","31080","Los Angeles-Long Beach-Anaheim, CA","06","California","037","Los Angeles","34.14435","-117.85036"
"01/27/2025","AirNow","060370016","1","0.034","ppm","31","Glendora","24","100.0000","44201","Ozone","","31080","Los Angeles-Long Beach-Anaheim, CA","06","California","037","Los Angeles","34.14435","-117.85036"
"01/28/2025","AirNow","060370016","1","0.034","ppm","31","Glendora","24","100.0000","44201","Ozone","","31080","Los Angeles-Long Beach-Anaheim, CA","06","California","037","Los Angeles","34.14435","-117.85036"
"01/29/2025","AirNow","060370016","1","0.04","ppm","37","Glendora","24","100.0000","44201","Ozone","","31080","Los Angeles-Long Beach-Anaheim, CA","06","California","037","Los Angeles","34.14435","-117.85036"
"01/30/2025","AirNow","060370016","1","0.04","ppm","37","Glendora","24","100.0000","44201","Ozone","","31080","Los Angeles-Long Beach-Anaheim, CA","06","California","037","Los Angeles","34.14435","-117.85036"
"01/31/2025","AirNow","060370016","1","0.037","ppm","34","Glendora","24","100.0000","44201","Ozone","","31080","Los Angeles-Long Beach-Anaheim, CA","06","California","037","Los Angeles","34.14435","-117.85036"
"02/01/2025","AirNow","060370016","1","0.044","ppm","41","Glendora","24","100.0000","44201","Ozone","","31080","Los Angeles-Long Beach-Anaheim, CA","06","California","037","Los Angeles","34.14435","-117.85036"
"02/02/2025","AirNow","060370016","1","0.057","ppm","58","Glendora","24","100.0000","44201","Ozone","","31080","Los Angeles-Long Beach-Anaheim, CA","06","California","037","Los Angeles","34.14435","-117.85036"
"02/03/2025","AirNow","060370016","1","0.034","ppm","31","Glendora","24","100.0000","44201","Ozone","","31080","Los Angeles-Long Beach-Anaheim, CA","06","California","037","Los Angeles","34.14435","-117.85036"
"02/04/2025","AirNow","060370016","1","0.035","ppm","32","Glendora","24","100.0000","44201","Ozone","","31080","Los Angeles-Long Beach-Anaheim, CA","06","California","037","Los Angeles","34.14435","-117.85036"
"02/06/2025","AirNow","060370016","1","0.027","ppm","25","Glendora","24","100.0000","44201","Ozone","","31080","Los Angeles-Long Beach-Anaheim, CA","06","California","037","Los Angeles","34.14435","-117.85036"
"02/07/2025","AirNow","060370016","1","0.031","ppm","29","Glendora","24","100.0000","44201","Ozone","","31080","Los Angeles-Long Beach-Anaheim, CA","06","California","037","Los Angeles","34.14435","-117.85036"
"02/08/2025","AirNow","060370016","1","0.04","ppm","37","Glendora","24","100.0000","44201","Ozone","","31080","Los Angeles-Long Beach-Anaheim, CA","06","California","037","Los Angeles","34.14435","-117.85036"
"02/09/2025","AirNow","060370016","1","0.045","ppm","42","Glendora","24","100.0000","44201","Ozone","","31080","Los Angeles-Long Beach-Anaheim, CA","06","California","037","Los Angeles","34.14435","-117.85036"
"02/10/2025","AirNow","060370016","1","0.046","ppm","43","Glendora","24","100.0000","44201","Ozone","","31080","Los Angeles-Long Beach-Anaheim, CA","06","California","037","Los Angeles","34.14435","-117.85036"
"02/11/2025","AirNow","060370016","1","0.042","ppm","39","Glendora","24","100.0000","44201","Ozone","","31080","Los Angeles-Long Beach-Anaheim, CA","06","California","037","Los Angeles","34.14435","-117.85036"
"02/12/2025","AirNow","060370016","1","0.031","ppm","29","Glendora","24","100.0000","44201","Ozone","","31080","Los Angeles-Long Beach-Anaheim, CA","06","California","037","Los Angeles","34.14435","-117.85036"
"02/13/2025","AirNow","060370016","1","0.035","ppm","32","Glendora","24","100.0000","44201","Ozone","","31080","Los Angeles-Long Beach-Anaheim, CA","06","California","037","Los Angeles","34.14435","-117.85036"
"02/14/2025","AirNow","060370016","1","0.039","ppm","36","Glendora","24","100.0000","44201","Ozone","","31080","Los Angeles-Long Beach-Anaheim, CA","06","California","037","Los Angeles","34.14435","-117.85036"
"02/15/2025","AirNow","060370016","1","0.044","ppm","41","Glendora","24","100.0000","44201","Ozone","","31080","Los Angeles-Long Beach-Anaheim, CA","06","California","037","Los Angeles","34.14435","-117.85036"
"02/16/2025","AirNow","060370016","1","0.046","ppm","43","Glendora","24","100.0000","44201","Ozone","","31080","Los Angeles-Long Beach-Anaheim, CA","06","California","037","Los Angeles","34.14435","-117.85036"
"02/17/2025","AirNow","060370016","1","0.048","ppm","44","Glendora","24","100.0000","44201","Ozone","","31080","Los Angeles-Long Beach-Anaheim, CA","06","California","037","Los Angeles","34.14435","-117.85036"
"02/18/2025","AirNow","060370016","1","0.044","ppm","41","Glendora","24","100.0000","44201","Ozone","","31080","Los Angeles-Long Beach-Anaheim, CA","06","California","037","Los Angeles","34.14435","-117.85036"
"02/19/2025","AirNow","060370016","1","0.047","ppm","44","Glendora","24","100.0000","44201","Ozone","","31080","Los Angeles-Long Beach-Anaheim, CA","06","California","037","Los Angeles","34.14435","-117.85036"
"02/20/2025","AirNow","060370016","1","0.052","ppm","48","Glendora","24","100.0000","44201","Ozone","","31080","Los Angeles-Long Beach-Anaheim, CA","06","California","037","Los Angeles","34.14435","-117.85036"
"02/21/2025","AirNow","060370016","1","0.048","ppm","44","Glendora","24","100.0000","44201","Ozone","","31080","Los Angeles-Long Beach-Anaheim, CA","06","California","037","Los Angeles","34.14435","-117.85036"
"02/22/2025","AirNow","060370016","1","0.052","ppm","48","Glendora","24","100.0000","44201","Ozone","","31080","Los Angeles-Long Beach-Anaheim, CA","06","California","037","Los Angeles","34.14435","-117.85036"
"02/23/2025","AirNow","060370016","1","0.062","ppm","74","Glendora","24","100.0000","44201","Ozone","","31080","Los Angeles-Long Beach-Anaheim, CA","06","California","037","Los Angeles","34.14435","-117.85036"
"02/24/2025","AirNow","060370016","1","0.065","ppm","84","Glendora","24","100.0000","44201","Ozone","","31080","Los Angeles-Long Beach-Anaheim, CA","06","California","037","Los Angeles","34.14435","-117.85036"
"02/25/2025","AirNow","060370016","1","0.061","ppm","71","Glendora","24","100.0000","44201","Ozone","","31080","Los Angeles-Long Beach-Anaheim, CA","06","California","037","Los Angeles","34.14435","-117.85036"
"02/26/2025","AirNow","060370016","1","0.056","ppm","54","Glendora","24","100.0000","44201","Ozone","","31080","Los Angeles-Long Beach-Anaheim, CA","06","California","037","Los Angeles","34.14435","-117.85036"
"02/27/2025","AirNow","060370016","1","0.051","ppm","47","Glendora","24","100.0000","44201","Ozone","","31080","Los Angeles-Long Beach-Anaheim, CA","06","California","037","Los Angeles","34.14435","-117.85036"
"02/28/2025","AirNow","060370016","1","0.051","ppm","47","Glendora","24","100.0000","44201","Ozone","","31080","Los Angeles-Long Beach-Anaheim, CA","06","California","037","Los Angeles","34.14435","-117.85036"
"03/01/2025","AirNow","060370016","1","0.04","ppm","37","Glendora","21","88.0000","44201","Ozone","","31080","Los Angeles-Long Beach-Anaheim, CA","06","California","037","Los Angeles","34.14435","-117.85036"
"01/01/2025","AirNow","060370113","1","0.03","ppm","28","West Los Angeles","24","100.0000","44201","Ozone","","31080","Los Angeles-Long Beach-Anaheim, CA","06","California","037","Los Angeles","34.05111","-118.45636"
"01/02/2025","AirNow","060370113","1","0.021","ppm","19","West Los Angeles","24","100.0000","44201","Ozone","","31080","Los Angeles-Long Beach-Anaheim, CA","06","California","037","Los Angeles","34.05111","-118.45636"
"01/03/2025","AirNow","060370113","1","0.033","ppm","31","West Los Angeles","24","100.0000","44201","Ozone","","31080","Los Angeles-Long Beach-Anaheim, CA","06","California","037","Los Angeles","34.05111","-118.45636"
"01/04/2025","AirNow","060370113","1","0.033","ppm","31","West Los Angeles","24","100.0000","44201","Ozone","","31080","Los Angeles-Long Beach-Anaheim, CA","06","California","037","Los Angeles","34.05111","-118.45636"
"01/05/2025","AirNow","060370113","1","0.034","ppm","31","West Los Angeles","24","100.0000","44201","Ozone","","31080","Los Angeles-Long Beach-Anaheim, CA","06","California","037","Los Angeles","34.05111","-118.45636"
"01/06/2025","AirNow","060370113","1","0.03","ppm","28","West Los Angeles","24","100.0000","44201","Ozone","","31080","Los Angeles-Long Beach-Anaheim, CA","06","California","037","Los Angeles","34.05111","-118.45636"
"01/07/2025","AirNow","060370113","1","0.041","ppm","38","West Los Angeles","24","100.0000","44201","Ozone","","31080","Los Angeles-Long Beach-Anaheim, CA","06","California","037","Los Angeles","34.05111","-118.45636"
"01/08/2025","AirNow","060370113","1","0.041","ppm","38","West Los Angeles","24","100.0000","44201","Ozone","","31080","Los Angeles-Long Beach-Anaheim, CA","06","California","037","Los Angeles","34.05111","-118.45636"
"01/09/2025","AirNow","060370113","1","0.035","ppm","32","West Los Angeles","24","100.0000","44201","Ozone","","31080","Los Angeles-Long Beach-Anaheim, CA","06","California","037","Los Angeles","34.05111","-118.45636"
"01/10/2025","AirNow","060370113","1","0.041","ppm","38","West Los Angeles","24","100.0000","44201","Ozone","","31080","Los Angeles-Long Beach-Anaheim, CA","06","California","037","Los Angeles","34.05111","-118.45636"
"01/11/2025","AirNow","060370113","1","0.037","ppm","34","West Los Angeles","24","100.0000","44201","Ozone","","31080","Los Angeles-Long Beach-Anaheim, CA","06","California","037","Los Angeles","34.05111","-118.45636"
"01/12/2025","AirNow","060370113","1","0.042","ppm","39","West Los Angeles","24","100.0000","44201","Ozone","","31080","Los Angeles-Long Beach-Anaheim, CA","06","California","037","Los Angeles","34.05111","-118.45636"
"01/13/2025","AirNow","060370113","1","0.032","ppm","30","West Los Angeles","24","100.0000","44201","Ozone","","31080","Los Angeles-Long Beach-Anaheim, CA","06","California","037","Los Angeles","34.05111","-118.45636"
"01/14/2025","AirNow","060370113","1","0.035","ppm","32","West Los Angeles","24","100.0000","44201","Ozone","","31080","Los Angeles-Long Beach-Anaheim, CA","06","California","037","Los Angeles","34.05111","-118.45636"
"01/15/2025","AirNow","060370113","1","0.034","ppm","31","West Los Angeles","24","100.0000","44201","Ozone","","31080","Los Angeles-Long Beach-Anaheim, CA","06","California","037","Los Angeles","34.05111","-118.45636"
"01/16/2025","AirNow","060370113","1","0.034","ppm","31","West Los Angeles","24","100.0000","44201","Ozone","","31080","Los Angeles-Long Beach-Anaheim, CA","06","California","037","Los Angeles","34.05111","-118.45636"
"01/17/2025","AirNow","060370113","1","0.04","ppm","37","West Los Angeles","24","100.0000","44201","Ozone","","31080","Los Angeles-Long Beach-Anaheim, CA","06","California","037","Los Angeles","34.05111","-118.45636"
"01/18/2025","AirNow","060370113","1","0.046","ppm","43","West Los Angeles","24","100.0000","44201","Ozone","","31080","Los Angeles-Long Beach-Anaheim, CA","06","California","037","Los Angeles","34.05111","-118.45636"
"01/19/2025","AirNow","060370113","1","0.043","ppm","40","West Los Angeles","24","100.0000","44201","Ozone","","31080","Los Angeles-Long Beach-Anaheim, CA","06","California","037","Los Angeles","34.05111","-118.45636"
"01/20/2025","AirNow","060370113","1","0.043","ppm","40","West Los Angeles","24","100.0000","44201","Ozone","","31080","Los Angeles-Long Beach-Anaheim, CA","06","California","037","Los Angeles","34.05111","-118.45636"
"01/21/2025","AirNow","060370113","1","0.037","ppm","34","West Los Angeles","24","100.0000","44201","Ozone","","31080","Los Angeles-Long Beach-Anaheim, CA","06","California","037","Los Angeles","34.05111","-118.45636"
"01/22/2025","AirNow","060370113","1","0.029","ppm","27","West Los Angeles","24","100.0000","44201","Ozone","","31080","Los Angeles-Long Beach-Anaheim, CA","06","California","037","Los Angeles","34.05111","-118.45636"
"01/23/2025","AirNow","060370113","1","0.04","ppm","37","West Los Angeles","24","100.0000","44201","Ozone","","31080","Los Angeles-Long Beach-Anaheim, CA","06","California","037","Los Angeles","34.05111","-118.45636"
"01/24/2025","AirNow","060370113","1","0.04","ppm","37","West Los Angeles","24","100.0000","44201","Ozone","","31080","Los Angeles-Long Beach-Anaheim, CA","06","California","037","Los Angeles","34.05111","-118.45636"
"01/25/2025","AirNow","060370113","1","0.04","ppm","37","West Los Angeles","24","100.0000","44201","Ozone","","31080","Los Angeles-Long Beach-Anaheim, CA","06","California","037","Los Angeles","34.05111","-118.45636"
"01/26/2025","AirNow","060370113","1","0.036","ppm","33","West Los Angeles","24","100.0000","44201","Ozone","","31080","Los Angeles-Long Beach-Anaheim, CA","06","California","037","Los Angeles","34.05111","-118.45636"
"01/27/2025","AirNow","060370113","1","0.035","ppm","32","West Los Angeles","24","100.0000","44201","Ozone","","31080","Los Angeles-Long Beach-Anaheim, CA","06","California","037","Los Angeles","34.05111","-118.45636"
"01/28/2025","AirNow","060370113","1","0.033","ppm","31","West Los Angeles","24","100.0000","44201","Ozone","","31080","Los Angeles-Long Beach-Anaheim, CA","06","California","037","Los Angeles","34.05111","-118.45636"
"01/29/2025","AirNow","060370113","1","0.042","ppm","39","West Los Angeles","24","100.0000","44201","Ozone","","31080","Los Angeles-Long Beach-Anaheim, CA","06","California","037","Los Angeles","34.05111","-118.45636"
"02/01/2025","AirNow","060370113","1","0.037","ppm","34","West Los Angeles","24","100.0000","44201","Ozone","","31080","Los Angeles-Long Beach-Anaheim, CA","06","California","037","Los Angeles","34.05111","-118.45636"
"02/02/2025","AirNow","060370113","1","0.035","ppm","32","West Los Angeles","24","100.0000","44201","Ozone","","31080","Los Angeles-Long Beach-Anaheim, CA","06","California","037","Los Angeles","34.05111","-118.45636"
"02/03/2025","AirNow","060370113","1","0.029","ppm","27","West Los Angeles","24","100.0000","44201","Ozone","","31080","Los Angeles-Long Beach-Anaheim, CA","06","California","037","Los Angeles","34.05111","-118.45636"
"02/04/2025","AirNow","060370113","1","0.034","ppm","31","West Los Angeles","24","100.0000","44201","Ozone","","31080","Los Angeles-Long Beach-Anaheim, CA","06","California","037","Los Angeles","34.05111","-118.45636"
"02/05/2025","AirNow","060370113","1","0.026","ppm","24","West Los Angeles","24","100.0000","44201","Ozone","","31080","Los Angeles-Long Beach-Anaheim, CA","06","California","037","Los Angeles","34.05111","-118.45636"
"02/07/2025","AirNow","060370113","1","0.039","ppm","36","West Los Angeles","24","100.0000","44201","Ozone","","31080","Los Angeles-Long Beach-Anaheim, CA","06","California","037","Los Angeles","34.05111","-118.45636"
"02/08/2025","AirNow","060370113","1","0.038","ppm","35","West Los Angeles","24","100.0000","44201","Ozone","","31080","Los Angeles-Long Beach-Anaheim, CA","06","California","037","Los Angeles","34.05111","-118.45636"
"02/09/2025","AirNow","060370113","1","0.041","ppm","38","West Los Angeles","24","100.0000","44201","Ozone","","31080","Los Angeles-Long Beach-Anaheim, CA","06","California","037","Los Angeles","34.05111","-118.45636"
"02/10/2025","AirNow","060370113","1","0.043","ppm","40","West Los Angeles","24","100.0000","44201","Ozone","","31080","Los Angeles-Long Beach-Anaheim, CA","06","California","037","Los Angeles","34.05111","-118.45636"
"02/11/2025","AirNow","060370113","1","0.038","ppm","35","West Los Angeles","24","100.0000","44201","Ozone","","31080","Los Angeles-Long Beach-Anaheim, CA","06","California","037","Los Angeles","34.05111","-118.45636"
"02/12/2025","AirNow","060370113","1","0.031","ppm","29","West Los Angeles","24","100.0000","44201","Ozone","","31080","Los Angeles-Long Beach-Anaheim, CA","06","California","037","Los Angeles","34.05111","-118.45636"
"02/13/2025","AirNow","060370113","1","0.038","ppm","35","West Los Angeles","24","100.0000","44201","Ozone","","31080","Los Angeles-Long Beach-Anaheim, CA","06","California","037","Los Angeles","34.05111","-118.45636"
"02/14/2025","AirNow","060370113","1","0.04","ppm","37","West Los Angeles","24","100.0000","44201","Ozone","","31080","Los Angeles-Long Beach-Anaheim, CA","06","California","037","Los Angeles","34.05111","-118.45636"
"02/15/2025","AirNow","060370113","1","0.042","ppm","39","West Los Angeles","24","100.0000","44201","Ozone","","31080","Los Angeles-Long Beach-Anaheim, CA","06","California","037","Los Angeles","34.05111","-118.45636"
"02/16/2025","AirNow","060370113","1","0.046","ppm","43","West Los Angeles","24","100.0000","44201","Ozone","","31080","Los Angeles-Long Beach-Anaheim, CA","06","California","037","Los Angeles","34.05111","-118.45636"
"02/17/2025","AirNow","060370113","1","0.036","ppm","33","West Los Angeles","24","100.0000","44201","Ozone","","31080","Los Angeles-Long Beach-Anaheim, CA","06","California","037","Los Angeles","34.05111","-118.45636"
"02/18/2025","AirNow","060370113","1","0.041","ppm","38","West Los Angeles","24","100.0000","44201","Ozone","","31080","Los Angeles-Long Beach-Anaheim, CA","06","California","037","Los Angeles","34.05111","-118.45636"
"02/19/2025","AirNow","060370113","1","0.04","ppm","37","West Los Angeles","24","100.0000","44201","Ozone","","31080","Los Angeles-Long Beach-Anaheim, CA","06","California","037","Los Angeles","34.05111","-118.45636"
"02/20/2025","AirNow","060370113","1","0.034","ppm","31","West Los Angeles","24","100.0000","44201","Ozone","","31080","Los Angeles-Long Beach-Anaheim, CA","06","California","037","Los Angeles","34.05111","-118.45636"
"02/21/2025","AirNow","060370113","1","0.04","ppm","37","West Los Angeles","24","100.0000","44201","Ozone","","31080","Los Angeles-Long Beach-Anaheim, CA","06","California","037","Los Angeles","34.05111","-118.45636"
"02/22/2025","AirNow","060370113","1","0.036","ppm","33","West Los Angeles","24","100.0000","44201","Ozone","","31080","Los Angeles-Long Beach-Anaheim, CA","06","California","037","Los Angeles","34.05111","-118.45636"
"02/23/2025","AirNow","060370113","1","0.05","ppm","46","West Los Angeles","24","100.0000","44201","Ozone","","31080","Los Angeles-Long Beach-Anaheim, CA","06","California","037","Los Angeles","34.05111","-118.45636"
"02/24/2025","AirNow","060370113","1","0.05","ppm","46","West Los Angeles","24","100.0000","44201","Ozone","","31080","Los Angeles-Long Beach-Anaheim, CA","06","California","037","Los Angeles","34.05111","-118.45636"
"02/25/2025","AirNow","060370113","1","0.041","ppm","38","West Los Angeles","24","100.0000","44201","Ozone","","31080","Los Angeles-Long Beach-Anaheim, CA","06","California","037","Los Angeles","34.05111","-118.45636"
"02/26/2025","AirNow","060370113","1","0.037","ppm","34","West Los Angeles","24","100.0000","44201","Ozone","","31080","Los Angeles-Long Beach-Anaheim, CA","06","California","037","Los Angeles","34.05111","-118.45636"
"02/27/2025","AirNow","060370113","1","0.041","ppm","38","West Los Angeles","24","100.0000","44201","Ozone","","31080","Los Angeles-Long Beach-Anaheim, CA","06","California","037","Los Angeles","34.05111","-118.45636"
"02/28/2025","AirNow","060370113","1","0.042","ppm","39","West Los Angeles","24","100.0000","44201","Ozone","","31080","Los Angeles-Long Beach-Anaheim, CA","06","California","037","Los Angeles","34.05111","-118.45636"
"03/01/2025","AirNow","060370113","1","0.042","ppm","39","West Los Angeles","21","88.0000","44201","Ozone","","31080","Los Angeles-Long Beach-Anaheim, CA","06","California","037","Los Angeles","34.05111","-118.45636"
"01/01/2025","AirNow","060371103","1","0.029","ppm","27","Los Angeles-North Main Street","24","100.0000","44201","Ozone","","31080","Los Angeles-Long Beach-Anaheim, CA","06","California","037","Los Angeles","34.0665900008759","-118.22688"
"01/02/2025","AirNow","060371103","1","0.019","ppm","18","Los Angeles-North Main Street","24","100.0000","44201","Ozone","","31080","Los Angeles-Long Beach-Anaheim, CA","06","California","037","Los Angeles","34.0665900008759","-118.22688"
"01/03/2025","AirNow","060371103","1","0.025","ppm","23","Los Angeles-North Main Street","24","100.0000","44201","Ozone","","31080","Los Angeles-Long Beach-Anaheim, CA","06","California","037","Los Angeles","34.0665900008759","-118.22688"
"01/04/2025","AirNow","060371103","1","0.031","ppm","29","Los Angeles-North Main Street","24","100.0000","44201","Ozone","","31080","Los Angeles-Long Beach-Anaheim, CA","06","California","037","Los Angeles","34.0665900008759","-118.22688"
"01/05/2025","AirNow","060371103","1","0.037","ppm","34","Los Angeles-North Main Street","24","100.0000","44201","Ozone","","31080","Los Angeles-Long Beach-Anaheim, CA","06","California","037","Los Angeles","34.0665900008759","-118.22688"
"01/06/2025","AirNow","060371103","1","0.026","ppm","24","Los Angeles-North Main Street","24","100.0000","44201","Ozone","","31080","Los Angeles-Long Beach-Anaheim, CA","06","California","037","Los Angeles","34.0665900008759","-118.22688"
"01/07/2025","AirNow","060371103","1","0.04","ppm","37","Los Angeles-North Main Street","24","100.0000","44201","Ozone","","31080","Los Angeles-Long Beach-Anaheim, CA","06","California","037","Los Angeles","34.0665900008759","-118.22688"
"01/08/2025","AirNow","060371103","1","0.025","ppm","23","Los Angeles-North Main Street","24","100.0000","44201","Ozone","","31080","Los Angeles-Long Beach-Anaheim, CA","06","California","037","Los Angeles","34.0665900008759","-118.22688"
"01/10/2025","AirNow","060371103","1","0.033","ppm","31","Los Angeles-North Main Street","24","100.0000","44201","Ozone","","31080","Los Angeles-Long Beach-Anaheim, CA","06","California","037","Los Angeles","34.0665900008759","-118.22688"
"01/11/2025","AirNow","060371103","1","0.034","ppm","31","Los Angeles-North Main Street","24","100.0000","44201","Ozone","","31080","Los Angeles-Long Beach-Anaheim, CA","06","California","037","Los Angeles","34.0665900008759","-118.22688"
"01/12/2025","AirNow","060371103","1","0.037","ppm","34","Los Angeles-North Main Street","24","100.0000","44201","Ozone","","31080","Los Angeles-Long Beach-Anaheim, CA","06","California","037","Los Angeles","34.0665900008759","-118.22688"
"01/13/2025","AirNow","060371103","1","0.03","ppm","28","Los Angeles-North Main Street","24","100.0000","44201","Ozone","","31080","Los Angeles-Long Beach-Anaheim, CA","06","California","037","Los Angeles","34.0665900008759","-118.22688"
"01/14/2025","AirNow","060371103","1","0.031","ppm","29","Los Angeles-North Main Street","24","100.0000","44201","Ozone","","31080","Los Angeles-Long Beach-Anaheim, CA","06","California","037","Los Angeles","34.0665900008759","-118.22688"
"01/15/2025","AirNow","060371103","1","0.031","ppm","29","Los Angeles-North Main Street","24","100.0000","44201","Ozone","","31080","Los Angeles-Long Beach-Anaheim, CA","06","California","037","Los Angeles","34.0665900008759","-118.22688"
"01/17/2025","AirNow","060371103","1","0.034","ppm","31","Los Angeles-North Main Street","24","100.0000","44201","Ozone","","31080","Los Angeles-Long Beach-Anaheim, CA","06","California","037","Los Angeles","34.0665900008759","-118.22688"
"01/18/2025","AirNow","060371103","1","0.041","ppm","38","Los Angeles-North Main Street","24","100.0000","44201","Ozone","","31080","Los Angeles-Long Beach-Anaheim, CA","06","California","037","Los Angeles","34.0665900008759","-118.22688"
"01/19/2025","AirNow","060371103","1","0.042","ppm","39","Los Angeles-North Main Street","24","100.0000","44201","Ozone","","31080","Los Angeles-Long Beach-Anaheim, CA","06","California","037","Los Angeles","34.0665900008759","-118.22688"
"01/20/2025","AirNow","060371103","1","0.04","ppm","37","Los Angeles-North Main Street","24","100.0000","44201","Ozone","","31080","Los Angeles-Long Beach-Anaheim, CA","06","California","037","Los Angeles","34.0665900008759","-118.22688"
"01/21/2025","AirNow","060371103","1","0.033","ppm","31","Los Angeles-North Main Street","24","100.0000","44201","Ozone","","31080","Los Angeles-Long Beach-Anaheim, CA","06","California","037","Los Angeles","34.0665900008759","-118.22688"
"01/22/2025","AirNow","060371103","1","0.023","ppm","21","Los Angeles-North Main Street","24","100.0000","44201","Ozone","","31080","Los Angeles-Long Beach-Anaheim, CA","06","California","037","Los Angeles","34.0665900008759","-118.22688"
"01/23/2025","AirNow","060371103","1","0.028","ppm","26","Los Angeles-North Main Street","24","100.0000","44201","Ozone","","31080","Los Angeles-Long Beach-Anaheim, CA","06","California","037","Los Angeles","34.0665900008759","-118.22688"
"01/24/2025","AirNow","060371103","1","0.037","ppm","34","Los Angeles-North Main Street","24","100.0000","44201","Ozone","","31080","Los Angeles-Long Beach-Anaheim, CA","06","California","037","Los Angeles","34.0665900008759","-118.22688"
"01/25/2025","AirNow","060371103","1","0.039","ppm","36","Los Angeles-North Main Street","24","100.0000","44201","Ozone","","31080","Los Angeles-Long Beach-Anaheim, CA","06","California","037","Los Angeles","34.0665900008759","-118.22688"
"01/26/2025","AirNow","060371103","1","0.034","ppm","31","Los Angeles-North Main Street","24","100.0000","44201","Ozone","","31080","Los Angeles-Long Beach-Anaheim, CA","06","California","037","Los Angeles","34.0665900008759","-118.22688"
"01/27/2025","AirNow","060371103","1","0.033","ppm","31","Los Angeles-North Main Street","24","100.0000","44201","Ozone","","31080","Los Angeles-Long Beach-Anaheim, CA","06","California","037","Los Angeles","34.0665900008759","-118.22688"
"01/28/2025","AirNow","060371103","1","0.027","ppm","25","Los Angeles-North Main Street","24","100.0000","44201","Ozone","","31080","Los Angeles-Long Beach-Anaheim, CA","06","California","037","Los Angeles","34.0665900008759","-118.22688"
"01/29/2025","AirNow","060371103","1","0.039","ppm","36","Los Angeles-North Main Street","24","100.0000","44201","Ozone","","31080","Los Angeles-Long Beach-Anaheim, CA","06","California","037","Los Angeles","34.0665900008759","-118.22688"
"01/30/2025","AirNow","060371103","1","0.03","ppm","28","Los Angeles-North Main Street","24","100.0000","44201","Ozone","","31080","Los Angeles-Long Beach-Anaheim, CA","06","California","037","Los Angeles","34.0665900008759","-118.22688"
"01/31/2025","AirNow","060371103","1","0.034","ppm","31","Los Angeles-North Main Street","24","100.0000","44201","Ozone","","31080","Los Angeles-Long Beach-Anaheim, CA","06","California","037","Los Angeles","34.0665900008759","-118.22688"
"02/01/2025","AirNow","060371103","1","0.033","ppm","31","Los Angeles-North Main Street","24","100.0000","44201","Ozone","","31080","Los Angeles-Long Beach-Anaheim, CA","06","California","037","Los Angeles","34.0665900008759","-118.22688"
"02/02/2025","AirNow","060371103","1","0.038","ppm","35","Los Angeles-North Main Street","24","100.0000","44201","Ozone","","31080","Los Angeles-Long Beach-Anaheim, CA","06","California","037","Los Angeles","34.0665900008759","-118.22688"
"02/03/2025","AirNow","060371103","1","0.029","ppm","27","Los Angeles-North Main Street","24","100.0000","44201","Ozone","","31080","Los Angeles-Long Beach-Anaheim, CA","06","California","037","Los Angeles","34.0665900008759","-118.22688"
"02/04/2025","AirNow","060371103","1","0.029","ppm","27","Los Angeles-North Main Street","24","100.0000","44201","Ozone","","31080","Los Angeles-Long Beach-Anaheim, CA","06","California","037","Los Angeles","34.0665900008759","-118.22688"
"02/05/2025","AirNow","060371103","1","0.023","ppm","21","Los Angeles-North Main Street","24","100.0000","44201","Ozone","","31080","Los Angeles-Long Beach-Anaheim, CA","06","California","037","Los Angeles","34.0665900008759","-118.22688"
"02/06/2025","AirNow","060371103","1","0.02","ppm","19","Los Angeles-North Main Street","24","100.0000","44201","Ozone","","31080","Los Angeles-Long Beach-Anaheim, CA","06","California","037","Los Angeles","34.0665900008759","-118.22688"
"02/07/2025","AirNow","060371103","1","0.034","ppm","31","Los Angeles-North Main Street","18","75.0000","44201","Ozone","","31080","Los Angeles-Long Beach-Anaheim, CA","06","California","037","Los Angeles","34.0665900008759","-118.22688"
"02/08/2025","AirNow","060371103","1","0.036","ppm","33","Los Angeles-North Main Street","24","100.0000","44201","Ozone","","31080","Los Angeles-Long Beach-Anaheim, CA","06","California","037","Los Angeles","34.0665900008759","-118.22688"
"02/09/2025","AirNow","060371103","1","0.039","ppm","36","Los Angeles-North Main Street","24","100.0000","44201","Ozone","","31080","Los Angeles-Long Beach-Anaheim, CA","06","California","037","Los Angeles","34.0665900008759","-118.22688"
"02/10/2025","AirNow","060371103","1","0.04","ppm","37","Los Angeles-North Main Street","24","100.0000","44201","Ozone","","31080","Los Angeles-Long Beach-Anaheim, CA","06","California","037","Los Angeles","34.0665900008759","-118.22688"
"02/11/2025","AirNow","060371103","1","0.039","ppm","36","Los Angeles-North Main Street","24","100.0000","44201","Ozone","","31080","Los Angeles-Long Beach-Anaheim, CA","06","California","037","Los Angeles","34.0665900008759","-118.22688"
"02/12/2025","AirNow","060371103","1","0.026","ppm","24","Los Angeles-North Main Street","24","100.0000","44201","Ozone","","31080","Los Angeles-Long Beach-Anaheim, CA","06","California","037","Los Angeles","34.0665900008759","-118.22688"
"02/13/2025","AirNow","060371103","1","0.035","ppm","32","Los Angeles-North Main Street","24","100.0000","44201","Ozone","","31080","Los Angeles-Long Beach-Anaheim, CA","06","California","037","Los Angeles","34.0665900008759","-118.22688"
"02/14/2025","AirNow","060371103","1","0.039","ppm","36","Los Angeles-North Main Street","24","100.0000","44201","Ozone","","31080","Los Angeles-Long Beach-Anaheim, CA","06","California","037","Los Angeles","34.0665900008759","-118.22688"
"02/15/2025","AirNow","060371103","1","0.04","ppm","37","Los Angeles-North Main Street","24","100.0000","44201","Ozone","","31080","Los Angeles-Long Beach-Anaheim, CA","06","California","037","Los Angeles","34.0665900008759","-118.22688"
"02/16/2025","AirNow","060371103","1","0.044","ppm","41","Los Angeles-North Main Street","24","100.0000","44201","Ozone","","31080","Los Angeles-Long Beach-Anaheim, CA","06","California","037","Los Angeles","34.0665900008759","-118.22688"
"02/17/2025","AirNow","060371103","1","0.037","ppm","34","Los Angeles-North Main Street","24","100.0000","44201","Ozone","","31080","Los Angeles-Long Beach-Anaheim, CA","06","California","037","Los Angeles","34.0665900008759","-118.22688"
"02/18/2025","AirNow","060371103","1","0.043","ppm","40","Los Angeles-North Main Street","24","100.0000","44201","Ozone","","31080","Los Angeles-Long Beach-Anaheim, CA","06","California","037","Los Angeles","34.0665900008759","-118.22688"
"02/19/2025","AirNow","060371103","1","0.042","ppm","39","Los Angeles-North Main Street","24","100.0000","44201","Ozone","","31080","Los Angeles-Long Beach-Anaheim, CA","06","California","037","Los Angeles","34.0665900008759","-118.22688"
"02/20/2025","AirNow","060371103","1","0.043","ppm","40","Los Angeles-North Main Street","24","100.0000","44201","Ozone","","31080","Los Angeles-Long Beach-Anaheim, CA","06","California","037","Los Angeles","34.0665900008759","-118.22688"
"02/21/2025","AirNow","060371103","1","0.043","ppm","40","Los Angeles-North Main Street","24","100.0000","44201","Ozone","","31080","Los Angeles-Long Beach-Anaheim, CA","06","California","037","Los Angeles","34.0665900008759","-118.22688"
"02/22/2025","AirNow","060371103","1","0.044","ppm","41","Los Angeles-North Main Street","24","100.0000","44201","Ozone","","31080","Los Angeles-Long Beach-Anaheim, CA","06","California","037","Los Angeles","34.0665900008759","-118.22688"
"02/23/2025","AirNow","060371103","1","0.052","ppm","48","Los Angeles-North Main Street","24","100.0000","44201","Ozone","","31080","Los Angeles-Long Beach-Anaheim, CA","06","California","037","Los Angeles","34.0665900008759","-118.22688"
"02/24/2025","AirNow","060371103","1","0.063","ppm","77","Los Angeles-North Main Street","24","100.0000","44201","Ozone","","31080","Los Angeles-Long Beach-Anaheim, CA","06","California","037","Los Angeles","34.0665900008759","-118.22688"
"02/25/2025","AirNow","060371103","1","0.038","ppm","35","Los Angeles-North Main Street","24","100.0000","44201","Ozone","","31080","Los Angeles-Long Beach-Anaheim, CA","06","California","037","Los Angeles","34.0665900008759","-118.22688"
"02/26/2025","AirNow","060371103","1","0.04","ppm","37","Los Angeles-North Main Street","24","100.0000","44201","Ozone","","31080","Los Angeles-Long Beach-Anaheim, CA","06","California","037","Los Angeles","34.0665900008759","-118.22688"
"02/27/2025","AirNow","060371103","1","0.047","ppm","44","Los Angeles-North Main Street","24","100.0000","44201","Ozone","","31080","Los Angeles-Long Beach-Anaheim, CA","06","California","037","Los Angeles","34.0665900008759","-118.22688"
"02/28/2025","AirNow","060371103","1","0.041","ppm","38","Los Angeles-North Main Street","24","100.0000","44201","Ozone","","31080","Los Angeles-Long Beach-Anaheim, CA","06","California","037","Los Angeles","34.0665900008759","-118.22688"
"03/01/2025","AirNow","060371103","1","0.038","ppm","35","Los Angeles-North Main Street","21","88.0000","44201","Ozone","","31080","Los Angeles-Long Beach-Anaheim, CA","06","California","037","Los Angeles","34.0665900008759","-118.22688"
"01/01/2025","AirNow","060371201","1","0.035","ppm","32","Reseda","24","100.0000","44201","Ozone","","31080","Los Angeles-Long Beach-Anaheim, CA","06","California","037","Los Angeles","34.19925","-118.53276"
"01/02/2025","AirNow","060371201","1","0.035","ppm","32","Reseda","24","100.0000","44201","Ozone","","31080","Los Angeles-Long Beach-Anaheim, CA","06","California","037","Los Angeles","34.19925","-118.53276"
"01/03/2025","AirNow","060371201","1","0.031","ppm","29","Reseda","24","100.0000","44201","Ozone","","31080","Los Angeles-Long Beach-Anaheim, CA","06","California","037","Los Angeles","34.19925","-118.53276"
"01/04/2025","AirNow","060371201","1","0.04","ppm","37","Reseda","24","100.0000","44201","Ozone","","31080","Los Angeles-Long Beach-Anaheim, CA","06","California","037","Los Angeles","34.19925","-118.53276"
"01/05/2025","AirNow","060371201","1","0.04","ppm","37","Reseda","24","100.0000","44201","Ozone","","31080","Los Angeles-Long Beach-Anaheim, CA","06","California","037","Los Angeles","34.19925","-118.53276"
"01/06/2025","AirNow","060371201","1","0.035","ppm","32","Reseda","24","100.0000","44201","Ozone","","31080","Los Angeles-Long Beach-Anaheim, CA","06","California","037","Los Angeles","34.19925","-118.53276"
"01/07/2025","AirNow","060371201","1","0.041","ppm","38","Reseda","24","100.0000","44201","Ozone","","31080","Los Angeles-Long Beach-Anaheim, CA","06","California","037","Los Angeles","34.19925","-118.53276"
"01/08/2025","AirNow","060371201","1","0.043","ppm","40","Reseda","24","100.0000","44201","Ozone","","31080","Los Angeles-Long Beach-Anaheim, CA","06","California","037","Los Angeles","34.19925","-118.53276"
"01/09/2025","AirNow","060371201","1","0.046","ppm","43","Reseda","24","100.0000","44201","Ozone","","31080","Los Angeles-Long Beach-Anaheim, CA","06","California","037","Los Angeles","34.19925","-118.53276"
"01/10/2025","AirNow","060371201","1","0.043","ppm","40","Reseda","24","100.0000","44201","Ozone","","31080","Los Angeles-Long Beach-Anaheim, CA","06","California","037","Los Angeles","34.19925","-118.53276"
"01/11/2025","AirNow","060371201","1","0.041","ppm","38","Reseda","24","100.0000","44201","Ozone","","31080","Los Angeles-Long Beach-Anaheim, CA","06","California","037","Los Angeles","34.19925","-118.53276"
"01/12/2025","AirNow","060371201","1","0.042","ppm","39","Reseda","24","100.0000","44201","Ozone","","31080","Los Angeles-Long Beach-Anaheim, CA","06","California","037","Los Angeles","34.19925","-118.53276"
"01/13/2025","AirNow","060371201","1","0.038","ppm","35","Reseda","24","100.0000","44201","Ozone","","31080","Los Angeles-Long Beach-Anaheim, CA","06","California","037","Los Angeles","34.19925","-118.53276"
"01/14/2025","AirNow","060371201","1","0.036","ppm","33","Reseda","24","100.0000","44201","Ozone","","31080","Los Angeles-Long Beach-Anaheim, CA","06","California","037","Los Angeles","34.19925","-118.53276"
"01/15/2025","AirNow","060371201","1","0.039","ppm","36","Reseda","24","100.0000","44201","Ozone","","31080","Los Angeles-Long Beach-Anaheim, CA","06","California","037","Los Angeles","34.19925","-118.53276"
"01/16/2025","AirNow","060371201","1","0.041","ppm","38","Reseda","24","100.0000","44201","Ozone","","31080","Los Angeles-Long Beach-Anaheim, CA","06","California","037","Los Angeles","34.19925","-118.53276"
"01/17/2025","AirNow","060371201","1","0.041","ppm","38","Reseda","24","100.0000","44201","Ozone","","31080","Los Angeles-Long Beach-Anaheim, CA","06","California","037","Los Angeles","34.19925","-118.53276"
"01/18/2025","AirNow","060371201","1","0.044","ppm","41","Reseda","24","100.0000","44201","Ozone","","31080","Los Angeles-Long Beach-Anaheim, CA","06","California","037","Los Angeles","34.19925","-118.53276"
"01/19/2025","AirNow","060371201","1","0.042","ppm","39","Reseda","24","100.0000","44201","Ozone","","31080","Los Angeles-Long Beach-Anaheim, CA","06","California","037","Los Angeles","34.19925","-118.53276"
"01/20/2025","AirNow","060371201","1","0.043","ppm","40","Reseda","24","100.0000","44201","Ozone","","31080","Los Angeles-Long Beach-Anaheim, CA","06","California","037","Los Angeles","34.19925","-118.53276"
"01/21/2025","AirNow","060371201","1","0.041","ppm","38","Reseda","24","100.0000","44201","Ozone","","31080","Los Angeles-Long Beach-Anaheim, CA","06","California","037","Los Angeles","34.19925","-118.53276"
"01/22/2025","AirNow","060371201","1","0.042","ppm","39","Reseda","24","100.0000","44201","Ozone","","31080","Los Angeles-Long Beach-Anaheim, CA","06","California","037","Los Angeles","34.19925","-118.53276"
"01/23/2025","AirNow","060371201","1","0.044","ppm","41","Reseda","24","100.0000","44201","Ozone","","31080","Los Angeles-Long Beach-Anaheim, CA","06","California","037","Los Angeles","34.19925","-118.53276"
"01/24/2025","AirNow","060371201","1","0.038","ppm","35","Reseda","24","100.0000","44201","Ozone","","31080","Los Angeles-Long Beach-Anaheim, CA","06","California","037","Los Angeles","34.19925","-118.53276"
"01/25/2025","AirNow","060371201","1","0.04","ppm","37","Reseda","24","100.0000","44201","Ozone","","31080","Los Angeles-Long Beach-Anaheim, CA","06","California","037","Los Angeles","34.19925","-118.53276"
"01/26/2025","AirNow","060371201","1","0.032","ppm","30","Reseda","24","100.0000","44201","Ozone","","31080","Los Angeles-Long Beach-Anaheim, CA","06","California","037","Los Angeles","34.19925","-118.53276"
"01/27/2025","AirNow","060371201","1","0.035","ppm","32","Reseda","24","100.0000","44201","Ozone","","31080","Los Angeles-Long Beach-Anaheim, CA","06","California","037","Los Angeles","34.19925","-118.53276"
"01/28/2025","AirNow","060371201","1","0.031","ppm","29","Reseda","24","100.0000","44201","Ozone","","31080","Los Angeles-Long Beach-Anaheim, CA","06","California","037","Los Angeles","34.19925","-118.53276"
"01/29/2025","AirNow","060371201","1","0.04","ppm","37","Reseda","24","100.0000","44201","Ozone","","31080","Los Angeles-Long Beach-Anaheim, CA","06","California","037","Los Angeles","34.19925","-118.53276"
"01/30/2025","AirNow","060371201","1","0.032","ppm","30","Reseda","24","100.0000","44201","Ozone","","31080","Los Angeles-Long Beach-Anaheim, CA","06","California","037","Los Angeles","34.19925","-118.53276"
"01/31/2025","AirNow","060371201","1","0.04","ppm","37","Reseda","24","100.0000","44201","Ozone","","31080","Los Angeles-Long Beach-Anaheim, CA","06","California","037","Los Angeles","34.19925","-118.53276"
"02/01/2025","AirNow","060371201","1","0.036","ppm","33","Reseda","24","100.0000","44201","Ozone","","31080","Los Angeles-Long Beach-Anaheim, CA","06","California","037","Los Angeles","34.19925","-118.53276"
"02/02/2025","AirNow","060371201","1","0.052","ppm","48","Reseda","24","100.0000","44201","Ozone","","31080","Los Angeles-Long Beach-Anaheim, CA","06","California","037","Los Angeles","34.19925","-118.53276"
"02/03/2025","AirNow","060371201","1","0.045","ppm","42","Reseda","24","100.0000","44201","Ozone","","31080","Los Angeles-Long Beach-Anaheim, CA","06","California","037","Los Angeles","34.19925","-118.53276"
"02/04/2025","AirNow","060371201","1","0.036","ppm","33","Reseda","24","100.0000","44201","Ozone","","31080","Los Angeles-Long Beach-Anaheim, CA","06","California","037","Los Angeles","34.19925","-118.53276"
"02/05/2025","AirNow","060371201","1","0.027","ppm","25","Reseda","24","100.0000","44201","Ozone","","31080","Los Angeles-Long Beach-Anaheim, CA","06","California","037","Los Angeles","34.19925","-118.53276"
"02/06/2025","AirNow","060371201","1","0.031","ppm","29","Reseda","24","100.0000","44201","Ozone","","31080","Los Angeles-Long Beach-Anaheim, CA","06","California","037","Los Angeles","34.19925","-118.53276"
"02/07/2025","AirNow","060371201","1","0.037","ppm","34","Reseda","24","100.0000","44201","Ozone","","31080","Los Angeles-Long Beach-Anaheim, CA","06","California","037","Los Angeles","34.19925","-118.53276"
"02/08/2025","AirNow","060371201","1","0.042","ppm","39","Reseda","24","100.0000","44201","Ozone","","31080","Los Angeles-Long Beach-Anaheim, CA","06","California","037","Los Angeles","34.19925","-118.53276"
"02/09/2025","AirNow","060371201","1","0.047","ppm","44","Reseda","24","100.0000","44201","Ozone","","31080","Los Angeles-Long Beach-Anaheim, CA","06","California","037","Los Angeles","34.19925","-118.53276"
"02/10/2025","AirNow","060371201","1","0.043","ppm","40","Reseda","24","100.0000","44201","Ozone","","31080","Los Angeles-Long Beach-Anaheim, CA","06","California","037","Los Angeles","34.19925","-118.53276"
"02/14/2025","AirNow","060371201","1","0.04","ppm","37","Reseda","24","100.0000","44201","Ozone","","31080","Los Angeles-Long Beach-Anaheim, CA","06","California","037","Los Angeles","34.19925","-118.53276"
"02/15/2025","AirNow","060371201","1","0.042","ppm","39","Reseda","24","100.0000","44201","Ozone","","31080","Los Angeles-Long Beach-Anaheim, CA","06","California","037","Los Angeles","34.19925","-118.53276"
"02/16/2025","AirNow","060371201","1","0.045","ppm","42","Reseda","24","100.0000","44201","Ozone","","31080","Los Angeles-Long Beach-Anaheim, CA","06","California","037","Los Angeles","34.19925","-118.53276"
"02/17/2025","AirNow","060371201","1","0.04","ppm","37","Reseda","24","100.0000","44201","Ozone","","31080","Los Angeles-Long Beach-Anaheim, CA","06","California","037","Los Angeles","34.19925","-118.53276"
"02/18/2025","AirNow","060371201","1","0.039","ppm","36","Reseda","24","100.0000","44201","Ozone","","31080","Los Angeles-Long Beach-Anaheim, CA","06","California","037","Los Angeles","34.19925","-118.53276"
"02/19/2025","AirNow","060371201","1","0.041","ppm","38","Reseda","24","100.0000","44201","Ozone","","31080","Los Angeles-Long Beach-Anaheim, CA","06","California","037","Los Angeles","34.19925","-118.53276"
"02/20/2025","AirNow","060371201","1","0.045","ppm","42","Reseda","24","100.0000","44201","Ozone","","31080","Los Angeles-Long Beach-Anaheim, CA","06","California","037","Los Angeles","34.19925","-118.53276"
"02/21/2025","AirNow","060371201","1","0.045","ppm","42","Reseda","24","100.0000","44201","Ozone","","31080","Los Angeles-Long Beach-Anaheim, CA","06","California","037","Los Angeles","34.19925","-118.53276"
"02/22/2025","AirNow","060371201","1","0.051","ppm","47","Reseda","24","100.0000","44201","Ozone","","31080","Los Angeles-Long Beach-Anaheim, CA","06","California","037","Los Angeles","34.19925","-118.53276"
"02/23/2025","AirNow","060371201","1","0.054","ppm","50","Reseda","24","100.0000","44201","Ozone","","31080","Los Angeles-Long Beach-Anaheim, CA","06","California","037","Los Angeles","34.19925","-118.53276"
"02/24/2025","AirNow","060371201","1","0.055","ppm","51","Reseda","24","100.0000","44201","Ozone","","31080","Los Angeles-Long Beach-Anaheim, CA","06","California","037","Los Angeles","34.19925","-118.53276"
"02/25/2025","AirNow","060371201","1","0.049","ppm","45","Reseda","24","100.0000","44201","Ozone","","31080","Los Angeles-Long Beach-Anaheim, CA","06","California","037","Los Angeles","34.19925","-118.53276"
"02/26/2025","AirNow","060371201","1","0.045","ppm","42","Reseda","24","100.0000","44201","Ozone","","31080","Los Angeles-Long Beach-Anaheim, CA","06","California","037","Los Angeles","34.19925","-118.53276"
"02/28/2025","AirNow","060371201","1","0.047","ppm","44","Reseda","24","100.0000","44201","Ozone","","31080","Los Angeles-Long Beach-Anaheim, CA","06","California","037","Los Angeles","34.19925","-118.53276"
"03/01/2025","AirNow","060371201","1","0.042","ppm","39","Reseda","21","88.0000","44201","Ozone","","31080","Los Angeles-Long Beach-Anaheim, CA","06","California","037","Los Angeles","34.19925","-118.53276"
"01/01/2025","AirNow","060371302","1","0.031","ppm","29","Compton","24","100.0000","44201","Ozone","","31080","Los Angeles-Long Beach-Anaheim, CA","06","California","037","Los Angeles","33.9013890008739","-118.205"
"01/02/2025","AirNow","060371302","1","0.024","ppm","22","Compton","24","100.0000","44201","Ozone","","31080","Los Angeles-Long Beach-Anaheim, CA","06","California","037","Los Angeles","33.9013890008739","-118.205"
"01/03/2025","AirNow","060371302","1","0.021","ppm","19","Compton","24","100.0000","44201","Ozone","","31080","Los Angeles-Long Beach-Anaheim, CA","06","California","037","Los Angeles","33.9013890008739","-118.205"
"01/04/2025","AirNow","060371302","1","0.033","ppm","31","Compton","24","100.0000","44201","Ozone","","31080","Los Angeles-Long Beach-Anaheim, CA","06","California","037","Los Angeles","33.9013890008739","-118.205"
"01/05/2025","AirNow","060371302","1","0.034","ppm","31","Compton","24","100.0000","44201","Ozone","","31080","Los Angeles-Long Beach-Anaheim, CA","06","California","037","Los Angeles","33.9013890008739","-118.205"
"01/06/2025","AirNow","060371302","1","0.025","ppm","23","Compton","24","100.0000","44201","Ozone","","31080","Los Angeles-Long Beach-Anaheim, CA","06","California","037","Los Angeles","33.9013890008739","-118.205"
"01/07/2025","AirNow","060371302","1","0.037","ppm","34","Compton","24","100.0000","44201","Ozone","","31080","Los Angeles-Long Beach-Anaheim, CA","06","California","037","Los Angeles","33.9013890008739","-118.205"
"01/08/2025","AirNow","060371302","1","0.033","ppm","31","Compton","24","100.0000","44201","Ozone","","31080","Los Angeles-Long Beach-Anaheim, CA","06","California","037","Los Angeles","33.9013890008739","-118.205"
"01/09/2025","AirNow","060371302","1","0.013","ppm","12","Compton","24","100.0000","44201","Ozone","","31080","Los Angeles-Long Beach-Anaheim, CA","06","California","037","Los Angeles","33.9013890008739","-118.205"
"01/10/2025","AirNow","060371302","1","0.042","ppm","39","Compton","24","100.0000","44201","Ozone","","31080","Los Angeles-Long Beach-Anaheim, CA","06","California","037","Los Angeles","33.9013890008739","-118.205"
"01/11/2025","AirNow","060371302","1","0.036","ppm","33","Compton","24","100.0000","44201","Ozone","","31080","Los Angeles-Long Beach-Anaheim, CA","06","California","037","Los Angeles","33.9013890008739","-118.205"
"01/12/2025","AirNow","060371302","1","0.039","ppm","36","Compton","24","100.0000","44201","Ozone","","31080","Los Angeles-Long Beach-Anaheim, CA","06","California","037","Los Angeles","33.9013890008739","-118.205"
"01/13/2025","AirNow","060371302","1","0.032","ppm","30","Compton","24","100.0000","44201","Ozone","","31080","Los Angeles-Long Beach-Anaheim, CA","06","California","037","Los Angeles","33.9013890008739","-118.205"
"01/14/2025","AirNow","060371302","1","0.029","ppm","27","Compton","24","100.0000","44201","Ozone","","31080","Los Angeles-Long Beach-Anaheim, CA","06","California","037","Los Angeles","33.9013890008739","-118.205"
"01/15/2025","AirNow","060371302","1","0.032","ppm","30","Compton","24","100.0000","44201","Ozone","","31080","Los Angeles-Long Beach-Anaheim, CA","06","California","037","Los Angeles","33.9013890008739","-118.205"
"01/16/2025","AirNow","060371302","1","0.032","ppm","30","Compton","24","100.0000","44201","Ozone","","31080","Los Angeles-Long Beach-Anaheim, CA","06","California","037","Los Angeles","33.9013890008739","-118.205"
"01/17/2025","AirNow","060371302","1","0.038","ppm","35","Compton","24","100.0000","44201","Ozone","","31080","Los Angeles-Long Beach-Anaheim, CA","06","California","037","Los Angeles","33.9013890008739","-118.205"
"01/18/2025","AirNow","060371302","1","0.041","ppm","38","Compton","24","100.0000","44201","Ozone","","31080","Los Angeles-Long Beach-Anaheim, CA","06","California","037","Los Angeles","33.9013890008739","-118.205"
"01/19/2025","AirNow","060371302","1","0.04","ppm","37","Compton","24","100.0000","44201","Ozone","","31080","Los Angeles-Long Beach-Anaheim, CA","06","California","037","Los Angeles","33.9013890008739","-118.205"
"01/20/2025","AirNow","060371302","1","0.041","ppm","38","Compton","24","100.0000","44201","Ozone","","31080","Los Angeles-Long Beach-Anaheim, CA","06","California","037","Los Angeles","33.9013890008739","-118.205"
"01/21/2025","AirNow","060371302","1","0.033","ppm","31","Compton","24","100.0000","44201","Ozone","","31080","Los Angeles-Long Beach-Anaheim, CA","06","California","037","Los Angeles","33.9013890008739","-118.205"
"01/22/2025","AirNow","060371302","1","0.025","ppm","23","Compton","24","100.0000","44201","Ozone","","31080","Los Angeles-Long Beach-Anaheim, CA","06","California","037","Los Angeles","33.9013890008739","-118.205"
"01/23/2025","AirNow","060371302","1","0.032","ppm","30","Compton","24","100.0000","44201","Ozone","","31080","Los Angeles-Long Beach-Anaheim, CA","06","California","037","Los Angeles","33.9013890008739","-118.205"
"01/24/2025","AirNow","060371302","1","0.037","ppm","34","Compton","24","100.0000","44201","Ozone","","31080","Los Angeles-Long Beach-Anaheim, CA","06","California","037","Los Angeles","33.9013890008739","-118.205"
"01/25/2025","AirNow","060371302","1","0.039","ppm","36","Compton","24","100.0000","44201","Ozone","","31080","Los Angeles-Long Beach-Anaheim, CA","06","California","037","Los Angeles","33.9013890008739","-118.205"
"01/26/2025","AirNow","060371302","1","0.034","ppm","31","Compton","24","100.0000","44201","Ozone","","31080","Los Angeles-Long Beach-Anaheim, CA","06","California","037","Los Angeles","33.9013890008739","-118.205"
"01/27/2025","AirNow","060371302","1","0.034","ppm","31","Compton","24","100.0000","44201","Ozone","","31080","Los Angeles-Long Beach-Anaheim, CA","06","California","037","Los Angeles","33.9013890008739","-118.205"
"01/28/2025","AirNow","060371302","1","0.032","ppm","30","Compton","24","100.0000","44201","Ozone","","31080","Los Angeles-Long Beach-Anaheim, CA","06","California","037","Los Angeles","33.9013890008739","-118.205"
"01/29/2025","AirNow","060371302","1","0.04","ppm","37","Compton","24","100.0000","44201","Ozone","","31080","Los Angeles-Long Beach-Anaheim, CA","06","California","037","Los Angeles","33.9013890008739","-118.205"
"01/30/2025","AirNow","060371302","1","0.036","ppm","33","Compton","24","100.0000","44201","Ozone","","31080","Los Angeles-Long Beach-Anaheim, CA","06","California","037","Los Angeles","33.9013890008739","-118.205"
"01/31/2025","AirNow","060371302","1","0.036","ppm","33","Compton","24","100.0000","44201","Ozone","","31080","Los Angeles-Long Beach-Anaheim, CA","06","California","037","Los Angeles","33.9013890008739","-118.205"
"02/01/2025","AirNow","060371302","1","0.038","ppm","35","Compton","22","92.0000","44201","Ozone","","31080","Los Angeles-Long Beach-Anaheim, CA","06","California","037","Los Angeles","33.9013890008739","-118.205"
"02/02/2025","AirNow","060371302","1","0.043","ppm","40","Compton","19","79.0000","44201","Ozone","","31080","Los Angeles-Long Beach-Anaheim, CA","06","California","037","Los Angeles","33.9013890008739","-118.205"
"02/03/2025","AirNow","060371302","1","0.031","ppm","29","Compton","24","100.0000","44201","Ozone","","31080","Los Angeles-Long Beach-Anaheim, CA","06","California","037","Los Angeles","33.9013890008739","-118.205"
"02/04/2025","AirNow","060371302","1","0.034","ppm","31","Compton","24","100.0000","44201","Ozone","","31080","Los Angeles-Long Beach-Anaheim, CA","06","California","037","Los Angeles","33.9013890008739","-118.205"
"02/05/2025","AirNow","060371302","1","0.023","ppm","21","Compton","24","100.0000","44201","Ozone","","31080","Los Angeles-Long Beach-Anaheim, CA","06","California","037","Los Angeles","33.9013890008739","-118.205"
"02/06/2025","AirNow","060371302","1","0.026","ppm","24","Compton","24","100.0000","44201","Ozone","","31080","Los Angeles-Long Beach-Anaheim, CA","06","California","037","Los Angeles","33.9013890008739","-118.205"
"02/07/2025","AirNow","060371302","1","0.039","ppm","36","Compton","24","100.0000","44201","Ozone","","31080","Los Angeles-Long Beach-Anaheim, CA","06","California","037","Los Angeles","33.9013890008739","-118.205"
"02/08/2025","AirNow","060371302","1","0.037","ppm","34","Compton","24","100.0000","44201","Ozone","","31080","Los Angeles-Long Beach-Anaheim, CA","06","California","037","Los Angeles","33.9013890008739","-118.205"
"02/09/2025","AirNow","060371302","1","0.04","ppm","37","Compton","24","100.0000","44201","Ozone","","31080","Los Angeles-Long Beach-Anaheim, CA","06","California","037","Los Angeles","33.9013890008739","-118.205"
"02/11/2025","AirNow","060371302","1","0.038","ppm","35","Compton","24","100.0000","44201","Ozone","","31080","Los Angeles-Long Beach-Anaheim, CA","06","California","037","Los Angeles","33.9013890008739","-118.205"
"02/12/2025","AirNow","060371302","1","0.035","ppm","32","Compton","24","100.0000","44201","Ozone","","31080","Los Angeles-Long Beach-Anaheim, CA","06","California","037","Los Angeles","33.9013890008739","-118.205"
"02/13/2025","AirNow","060371302","1","0.039","ppm","36","Compton","24","100.0000","44201","Ozone","","31080","Los Angeles-Long Beach-Anaheim, CA","06","California","037","Los Angeles","33.9013890008739","-118.205"
"02/14/2025","AirNow","060371302","1","0.041","ppm","38","Compton","24","100.0000","44201","Ozone","","31080","Los Angeles-Long Beach-Anaheim, CA","06","California","037","Los Angeles","33.9013890008739","-118.205"
"02/15/2025","AirNow","060371302","1","0.043","ppm","40","Compton","24","100.0000","44201","Ozone","","31080","Los Angeles-Long Beach-Anaheim, CA","06","California","037","Los Angeles","33.9013890008739","-118.205"
"02/16/2025","AirNow","060371302","1","0.042","ppm","39","Compton","24","100.0000","44201","Ozone","","31080","Los Angeles-Long Beach-Anaheim, CA","06","California","037","Los Angeles","33.9013890008739","-118.205"
"02/17/2025","AirNow","060371302","1","0.038","ppm","35","Compton","24","100.0000","44201","Ozone","","31080","Los Angeles-Long Beach-Anaheim, CA","06","California","037","Los Angeles","33.9013890008739","-118.205"
"02/18/2025","AirNow","060371302","1","0.043","ppm","40","Compton","24","100.0000","44201","Ozone","","31080","Los Angeles-Long Beach-Anaheim, CA","06","California","037","Los Angeles","33.9013890008739","-118.205"
"02/19/2025","AirNow","060371302","1","0.05","ppm","46","Compton","24","100.0000","44201","Ozone","","31080","Los Angeles-Long Beach-Anaheim, CA","06","California","037","Los Angeles","33.9013890008739","-118.205"
"02/20/2025","AirNow","060371302","1","0.041","ppm","38","Compton","24","100.0000","44201","Ozone","","31080","Los Angeles-Long Beach-Anaheim, CA","06","California","037","Los Angeles","33.9013890008739","-118.205"
"02/21/2025","AirNow","060371302","1","0.043","ppm","40","Compton","24","100.0000","44201","Ozone","","31080","Los Angeles-Long Beach-Anaheim, CA","06","California","037","Los Angeles","33.9013890008739","-118.205"
"02/22/2025","AirNow","060371302","1","0.039","ppm","36","Compton","24","100.0000","44201","Ozone","","31080","Los Angeles-Long Beach-Anaheim, CA","06","California","037","Los Angeles","33.9013890008739","-118.205"
"02/23/2025","AirNow","060371302","1","0.057","ppm","58","Compton","24","100.0000","44201","Ozone","","31080","Los Angeles-Long Beach-Anaheim, CA","06","California","037","Los Angeles","33.9013890008739","-118.205"
"02/24/2025","AirNow","060371302","1","0.053","ppm","49","Compton","24","100.0000","44201","Ozone","","31080","Los Angeles-Long Beach-Anaheim, CA","06","California","037","Los Angeles","33.9013890008739","-118.205"
"02/25/2025","AirNow","060371302","1","0.045","ppm","42","Compton","24","100.0000","44201","Ozone","","31080","Los Angeles-Long Beach-Anaheim, CA","06","California","037","Los Angeles","33.9013890008739","-118.205"
"02/27/2025","AirNow","060371302","1","0.038","ppm","35","Compton","18","75.0000","44201","Ozone","","31080","Los Angeles-Long Beach-Anaheim, CA","06","California","037","Los Angeles","33.9013890008739","-118.205"
"02/28/2025","AirNow","060371302","1","0.044","ppm","41","Compton","24","100.0000","44201","Ozone","","31080","Los Angeles-Long Beach-Anaheim, CA","06","California","037","Los Angeles","33.9013890008739","-118.205"
"03/01/2025","AirNow","060371302","1","0.04","ppm","37","Compton","21","88.0000","44201","Ozone","","31080","Los Angeles-Long Beach-Anaheim, CA","06","California","037","Los Angeles","33.9013890008739","-118.205"
"01/01/2025","AirNow","060371602","1","0.026","ppm","24","Pico Rivera #2","24","100.0000","44201","Ozone","","31080","Los Angeles-Long Beach-Anaheim, CA","06","California","037","Los Angeles","34.0102900008752","-118.0685"
"01/02/2025","AirNow","060371602","1","0.02","ppm","19","Pico Rivera #2","24","100.0000","44201","Ozone","","31080","Los Angeles-Long Beach-Anaheim, CA","06","California","037","Los Angeles","34.0102900008752","-118.0685"
"01/03/2025","AirNow","060371602","1","0.019","ppm","18","Pico Rivera #2","24","100.0000","44201","Ozone","","31080","Los Angeles-Long Beach-Anaheim, CA","06","California","037","Los Angeles","34.0102900008752","-118.0685"
"01/04/2025","AirNow","060371602","1","0.036","ppm","33","Pico Rivera #2","24","100.0000","44201","Ozone","","31080","Los Angeles-Long Beach-Anaheim, CA","06","California","037","Los Angeles","34.0102900008752","-118.0685"
"01/05/2025","AirNow","060371602","1","0.034","ppm","31","Pico Rivera #2","24","100.0000","44201","Ozone","","31080","Los Angeles-Long Beach-Anaheim, CA","06","California","037","Los Angeles","34.0102900008752","-118.0685"
"01/06/2025","AirNow","060371602","1","0.023","ppm","21","Pico Rivera #2","24","100.0000","44201","Ozone","","31080","Los Angeles-Long Beach-Anaheim, CA","06","California","037","Los Angeles","34.0102900008752","-118.0685"
"01/07/2025","AirNow","060371602","1","0.04","ppm","37","Pico Rivera #2","24","100.0000","44201","Ozone","","31080","Los Angeles-Long Beach-Anaheim, CA","06","California","037","Los Angeles","34.0102900008752","-118.0685"
"01/08/2025","AirNow","060371602","1","0.037","ppm","34","Pico Rivera #2","24","100.0000","44201","Ozone","","31080","Los Angeles-Long Beach-Anaheim, CA","06","California","037","Los Angeles","34.0102900008752","-118.0685"
"01/09/2025","AirNow","060371602","1","0.02","ppm","19","Pico Rivera #2","24","100.0000","44201","Ozone","","31080","Los Angeles-Long Beach-Anaheim, CA","06","California","037","Los Angeles","34.0102900008752","-118.0685"
"01/10/2025","AirNow","060371602","1","0.043","ppm","40","Pico Rivera #2","24","100.0000","44201","Ozone","","31080","Los Angeles-Long Beach-Anaheim, CA","06","California","037","Los Angeles","34.0102900008752","-118.0685"
"01/11/2025","AirNow","060371602","1","0.037","ppm","34","Pico Rivera #2","24","100.0000","44201","Ozone","","31080","Los Angeles-Long Beach-Anaheim, CA","06","California","037","Los Angeles","34.0102900008752","-118.0685"
"01/12/2025","AirNow","060371602","1","0.04","ppm","37","Pico Rivera #2","24","100.0000","44201","Ozone","","31080","Los Angeles-Long Beach-Anaheim, CA","06","California","037","Los Angeles","34.0102900008752","-118.0685"
"01/13/2025","AirNow","060371602","1","0.035","ppm","32","Pico Rivera #2","24","100.0000","44201","Ozone","","31080","Los Angeles-Long Beach-Anaheim, CA","06","California","037","Los Angeles","34.0102900008752","-118.0685"
"01/14/2025","AirNow","060371602","1","0.028","ppm","26","Pico Rivera #2","24","100.0000","44201","Ozone","","31080","Los Angeles-Long Beach-Anaheim, CA","06","California","037","Los Angeles","34.0102900008752","-118.0685"
"01/15/2025","AirNow","060371602","1","0.031","ppm","29","Pico Rivera #2","24","100.0000","44201","Ozone","","31080","Los Angeles-Long Beach-Anaheim, CA","06","California","037","Los Angeles","34.0102900008752","-118.0685"
"01/16/2025","AirNow","060371602","1","0.026","ppm","24","Pico Rivera #2","24","100.0000","44201","Ozone","","31080","Los Angeles-Long Beach-Anaheim, CA","06","California","037","Los Angeles","34.0102900008752","-118.0685"
"01/17/2025","AirNow","060371602","1","0.04","ppm","37","Pico Rivera #2","24","100.0000","44201","Ozone","","31080","Los Angeles-Long Beach-Anaheim, CA","06","California","037","Los Angeles","34.0102900008752","-118.0685"
"01/18/2025","AirNow","060371602","1","0.04","ppm","37","Pico Rivera #2","24","100.0000","44201","Ozone","","31080","Los Angeles-Long Beach-Anaheim, CA","06","California","037","Los Angeles","34.0102900008752","-118.0685"
"01/19/2025","AirNow","060371602","1","0.039","ppm","36","Pico Rivera #2","24","100.0000","44201","Ozone","","31080","Los Angeles-Long Beach-Anaheim, CA","06","California","037","Los Angeles","34.0102900008752","-118.0685"
"01/20/2025","AirNow","060371602","1","0.042","ppm","39","Pico Rivera #2","24","100.0000","44201","Ozone","","31080","Los Angeles-Long Beach-Anaheim, CA","06","California","037","Los Angeles","34.0102900008752","-118.0685"
"01/21/2025","AirNow","060371602","1","0.031","ppm","29","Pico Rivera #2","24","100.0000","44201","Ozone","","31080","Los Angeles-Long Beach-Anaheim, CA","06","California","037","Los Angeles","34.0102900008752","-118.0685"
"01/22/2025","AirNow","060371602","1","0.024","ppm","22","Pico Rivera #2","24","100.0000","44201","Ozone","","31080","Los Angeles-Long Beach-Anaheim, CA","06","California","037","Los Angeles","34.0102900008752","-118.0685"
"01/23/2025","AirNow","060371602","1","0.031","ppm","29","Pico Rivera #2","24","100.0000","44201","Ozone","","31080","Los Angeles-Long Beach-Anaheim, CA","06","California","037","Los Angeles","34.0102900008752","-118.0685"
"01/24/2025","AirNow","060371602","1","0.034","ppm","31","Pico Rivera #2","24","100.0000","44201","Ozone","","31080","Los Angeles-Long Beach-Anaheim, CA","06","California","037","Los Angeles","34.0102900008752","-118.0685"
"01/25/2025","AirNow","060371602","1","0.043","ppm","40","Pico Rivera #2","24","100.0000","44201","Ozone","","31080","Los Angeles-Long Beach-Anaheim, CA","06","California","037","Los Angeles","34.0102900008752","-118.0685"
"01/26/2025","AirNow","060371602","1","0.034","ppm","31","Pico Rivera #2","24","100.0000","44201","Ozone","","31080","Los Angeles-Long Beach-Anaheim, CA","06","California","037","Los Angeles","34.0102900008752","-118.0685"
"01/27/2025","AirNow","060371602","1","0.033","ppm","31","Pico Rivera #2","24","100.0000","44201","Ozone","","31080","Los Angeles-Long Beach-Anaheim, CA","06","California","037","Los Angeles","34.0102900008752","-118.0685"
"01/28/2025","AirNow","060371602","1","0.032","ppm","30","Pico Rivera #2","24","100.0000","44201","Ozone","","31080","Los Angeles-Long Beach-Anaheim, CA","06","California","037","Los Angeles","34.0102900008752","-118.0685"
"01/29/2025","AirNow","060371602","1","0.038","ppm","35","Pico Rivera #2","24","100.0000","44201","Ozone","","31080","Los Angeles-Long Beach-Anaheim, CA","06","California","037","Los Angeles","34.0102900008752","-118.0685"
"01/30/2025","AirNow","060371602","1","0.033","ppm","31","Pico Rivera #2","24","100.0000","44201","Ozone","","31080","Los Angeles-Long Beach-Anaheim, CA","06","California","037","Los Angeles","34.0102900008752","-118.0685"
"01/31/2025","AirNow","060371602","1","0.034","ppm","31","Pico Rivera #2","24","100.0000","44201","Ozone","","31080","Los Angeles-Long Beach-Anaheim, CA","06","California","037","Los Angeles","34.0102900008752","-118.0685"
"02/01/2025","AirNow","060371602","1","0.037","ppm","34","Pico Rivera #2","24","100.0000","44201","Ozone","","31080","Los Angeles-Long Beach-Anaheim, CA","06","California","037","Los Angeles","34.0102900008752","-118.0685"
"02/02/2025","AirNow","060371602","1","0.04","ppm","37","Pico Rivera #2","24","100.0000","44201","Ozone","","31080","Los Angeles-Long Beach-Anaheim, CA","06","California","037","Los Angeles","34.0102900008752","-118.0685"
"02/03/2025","AirNow","060371602","1","0.03","ppm","28","Pico Rivera #2","24","100.0000","44201","Ozone","","31080","Los Angeles-Long Beach-Anaheim, CA","06","California","037","Los Angeles","34.0102900008752","-118.0685"
"02/04/2025","AirNow","060371602","1","0.034","ppm","31","Pico Rivera #2","24","100.0000","44201","Ozone","","31080","Los Angeles-Long Beach-Anaheim, CA","06","California","037","Los Angeles","34.0102900008752","-118.0685"
"02/05/2025","AirNow","060371602","1","0.023","ppm","21","Pico Rivera #2","24","100.0000","44201","Ozone","","31080","Los Angeles-Long Beach-Anaheim, CA","06","California","037","Los Angeles","34.0102900008752","-118.0685"
"02/06/2025","AirNow","060371602","1","0.025","ppm","23","Pico Rivera #2","24","100.0000","44201","Ozone","","31080","Los Angeles-Long Beach-Anaheim, CA","06","California","037","Los Angeles","34.0102900008752","-118.0685"
"02/07/2025","AirNow","060371602","1","0.033","ppm","31","Pico Rivera #2","24","100.0000","44201","Ozone","","31080","Los Angeles-Long Beach-Anaheim, CA","06","California","037","Los Angeles","34.0102900008752","-118.0685"
"02/08/2025","AirNow","060371602","1","0.039","ppm","36","Pico Rivera #2","24","100.0000","44201","Ozone","","31080","Los Angeles-Long Beach-Anaheim, CA","06","California","037","Los Angeles","34.0102900008752","-118.0685"
"02/09/2025","AirNow","060371602","1","0.038","ppm","35","Pico Rivera #2","24","100.0000","44201","Ozone","","31080","Los Angeles-Long Beach-Anaheim, CA","06","California","037","Los Angeles","34.0102900008752","-118.0685"
"02/10/2025","AirNow","060371602","1","0.042","ppm","39","Pico Rivera #2","24","100.0000","44201","Ozone","","31080","Los Angeles-Long Beach-Anaheim, CA","06","California","037","Los Angeles","34.0102900008752","-118.0685"
"02/11/2025","AirNow","060371602","1","0.04","ppm","37","Pico Rivera #2","24","100.0000","44201","Ozone","","31080","Los Angeles-Long Beach-Anaheim, CA","06","California","037","Los Angeles","34.0102900008752","-118.0685"
"02/12/2025","AirNow","060371602","1","0.027","ppm","25","Pico Rivera #2","24","100.0000","44201","Ozone","","31080","Los Angeles-Long Beach-Anaheim, CA","06","California","037","Los Angeles","34.0102900008752","-118.0685"
"02/13/2025","AirNow","060371602","1","0.031","ppm","29","Pico Rivera #2","24","100.0000","44201","Ozone","","31080","Los Angeles-Long Beach-Anaheim, CA","06","California","037","Los Angeles","34.0102900008752","-118.0685"
"02/14/2025","AirNow","060371602","1","0.038","ppm","35","Pico Rivera #2","24","100.0000","44201","Ozone","","31080","Los Angeles-Long Beach-Anaheim, CA","06","California","037","Los Angeles","34.0102900008752","-118.0685"
"02/15/2025","AirNow","060371602","1","0.04","ppm","37","Pico Rivera #2","24","100.0000","44201","Ozone","","31080","Los Angeles-Long Beach-Anaheim, CA","06","California","037","Los Angeles","34.0102900008752","-118.0685"
"02/16/2025","AirNow","060371602","1","0.042","ppm","39","Pico Rivera #2","24","100.0000","44201","Ozone","","31080","Los Angeles-Long Beach-Anaheim, CA","06","California","037","Los Angeles","34.0102900008752","-118.0685"
"02/17/2025","AirNow","060371602","1","0.042","ppm","39","Pico Rivera #2","24","100.0000","44201","Ozone","","31080","Los Angeles-Long Beach-Anaheim, CA","06","California","037","Los Angeles","34.0102900008752","-118.0685"
"02/18/2025","AirNow","060371602","1","0.041","ppm","38","Pico Rivera #2","24","100.0000","44201","Ozone","","31080","Los Angeles-Long Beach-Anaheim, CA","06","California","037","Los Angeles","34.0102900008752","-118.0685"
"02/19/2025","AirNow","060371602","1","0.045","ppm","42","Pico Rivera #2","24","100.0000","44201","Ozone","","31080","Los Angeles-Long Beach-Anaheim, CA","06","California","037","Los Angeles","34.0102900008752","-118.0685"
"02/20/2025","AirNow","060371602","1","0.041","ppm","38","Pico Rivera #2","24","100.0000","44201","Ozone","","31080","Los Angeles-Long Beach-Anaheim, CA","06","California","037","Los Angeles","34.0102900008752","-118.0685"
"02/21/2025","AirNow","060371602","1","0.038","ppm","35","Pico Rivera #2","24","100.0000","44201","Ozone","","31080","Los Angeles-Long Beach-Anaheim, CA","06","California","037","Los Angeles","34.0102900008752","-118.0685"
"02/22/2025","AirNow","060371602","1","0.043","ppm","40","Pico Rivera #2","24","100.0000","44201","Ozone","","31080","Los Angeles-Long Beach-Anaheim, CA","06","California","037","Los Angeles","34.0102900008752","-118.0685"
"02/23/2025","AirNow","060371602","1","0.057","ppm","58","Pico Rivera #2","24","100.0000","44201","Ozone","","31080","Los Angeles-Long Beach-Anaheim, CA","06","California","037","Los Angeles","34.0102900008752","-118.0685"
"02/24/2025","AirNow","060371602","1","0.052","ppm","48","Pico Rivera #2","24","100.0000","44201","Ozone","","31080","Los Angeles-Long Beach-Anaheim, CA","06","California","037","Los Angeles","34.0102900008752","-118.0685"
"02/25/2025","AirNow","060371602","1","0.048","ppm","44","Pico Rivera #2","24","100.0000","44201","Ozone","","31080","Los Angeles-Long Beach-Anaheim, CA","06","California","037","Los Angeles","34.0102900008752","-118.0685"
"02/26/2025","AirNow","060371602","1","0.045","ppm","42","Pico Rivera #2","24","100.0000","44201","Ozone","","31080","Los Angeles-Long Beach-Anaheim, CA","06","California","037","Los Angeles","34.0102900008752","-118.0685"
"02/27/2025","AirNow","060371602","1","0.046","ppm","43","Pico Rivera #2","24","100.0000","44201","Ozone","","31080","Los Angeles-Long Beach-Anaheim, CA","06","California","037","Los Angeles","34.0102900008752","-118.0685"
"02/28/2025","AirNow","060371602","1","0.05","ppm","46","Pico Rivera #2","24","100.0000","44201","Ozone","","31080","Los Angeles-Long Beach-Anaheim, CA","06","California","037","Los Angeles","34.0102900008752","-118.0685"
"03/01/2025","AirNow","060371602","1","0.041","ppm","38","Pico Rivera #2","21","88.0000","44201","Ozone","","31080","Los Angeles-Long Beach-Anaheim, CA","06","California","037","Los Angeles","34.0102900008752","-118.0685"
"01/01/2025","AirNow","060371701","1","0.034","ppm","31","Pomona","24","100.0000","44201","Ozone","","31080","Los Angeles-Long Beach-Anaheim, CA","06","California","037","Los Angeles","34.06703","-117.7514"
"01/02/2025","AirNow","060371701","1","0.025","ppm","23","Pomona","24","100.0000","44201","Ozone","","31080","Los Angeles-Long Beach-Anaheim, CA","06","California","037","Los Angeles","34.06703","-117.7514"
"01/03/2025","AirNow","060371701","1","0.022","ppm","20","Pomona","24","100.0000","44201","Ozone","","31080","Los Angeles-Long Beach-Anaheim, CA","06","California","037","Los Angeles","34.06703","-117.7514"
"01/04/2025","AirNow","060371701","1","0.039","ppm","36","Pomona","24","100.0000","44201","Ozone","","31080","Los Angeles-Long Beach-Anaheim, CA","06","California","037","Los Angeles","34.06703","-117.7514"
"01/05/2025","AirNow","060371701","1","0.04","ppm","37","Pomona","24","100.0000","44201","Ozone","","31080","Los Angeles-Long Beach-Anaheim, CA","06","California","037","Los Angeles","34.06703","-117.7514"
"01/06/2025","AirNow","060371701","1","0.03","ppm","28","Pomona","24","100.0000","44201","Ozone","","31080","Los Angeles-Long Beach-Anaheim, CA","06","California","037","Los Angeles","34.06703","-117.7514"
"01/07/2025","AirNow","060371701","1","0.04","ppm","37","Pomona","24","100.0000","44201","Ozone","","31080","Los Angeles-Long Beach-Anaheim, CA","06","California","037","Los Angeles","34.06703","-117.7514"
"01/08/2025","AirNow","060371701","1","0.04","ppm","37","Pomona","24","100.0000","44201","Ozone","","31080","Los Angeles-Long Beach-Anaheim, CA","06","California","037","Los Angeles","34.06703","-117.7514"
"01/09/2025","AirNow","060371701","1","0.043","ppm","40","Pomona","24","100.0000","44201","Ozone","","31080","Los Angeles-Long Beach-Anaheim, CA","06","California","037","Los Angeles","34.06703","-117.7514"
"01/10/2025","AirNow","060371701","1","0.047","ppm","44","Pomona","24","100.0000","44201","Ozone","","31080","Los Angeles-Long Beach-Anaheim, CA","06","California","037","Los Angeles","34.06703","-117.7514"
"01/11/2025","AirNow","060371701","1","0.043","ppm","40","Pomona","24","100.0000","44201","Ozone","","31080","Los Angeles-Long Beach-Anaheim, CA","06","California","037","Los Angeles","34.06703","-117.7514"
"01/12/2025","AirNow","060371701","1","0.042","ppm","39","Pomona","24","100.0000","44201","Ozone","","31080","Los Angeles-Long Beach-Anaheim, CA","06","California","037","Los Angeles","34.06703","-117.7514"
"01/13/2025","AirNow","060371701","1","0.035","ppm","32","Pomona","24","100.0000","44201","Ozone","","31080","Los Angeles-Long Beach-Anaheim, CA","06","California","037","Los Angeles","34.06703","-117.7514"
"01/14/2025","AirNow","060371701","1","0.032","ppm","30","Pomona","24","100.0000","44201","Ozone","","31080","Los Angeles-Long Beach-Anaheim, CA","06","California","037","Los Angeles","34.06703","-117.7514"
"01/15/2025","AirNow","060371701","1","0.037","ppm","34","Pomona","24","100.0000","44201","Ozone","","31080","Los Angeles-Long Beach-Anaheim, CA","06","California","037","Los Angeles","34.06703","-117.7514"
"01/16/2025","AirNow","060371701","1","0.032","ppm","30","Pomona","24","100.0000","44201","Ozone","","31080","Los Angeles-Long Beach-Anaheim, CA","06","California","037","Los Angeles","34.06703","-117.7514"
"01/17/2025","AirNow","060371701","1","0.038","ppm","35","Pomona","24","100.0000","44201","Ozone","","31080","Los Angeles-Long Beach-Anaheim, CA","06","California","037","Los Angeles","34.06703","-117.7514"
"01/18/2025","AirNow","060371701","1","0.042","ppm","39","Pomona","24","100.0000","44201","Ozone","","31080","Los Angeles-Long Beach-Anaheim, CA","06","California","037","Los Angeles","34.06703","-117.7514"
"01/19/2025","AirNow","060371701","1","0.045","ppm","42","Pomona","24","100.0000","44201","Ozone","","31080","Los Angeles-Long Beach-Anaheim, CA","06","California","037","Los Angeles","34.06703","-117.7514"
"01/20/2025","AirNow","060371701","1","0.046","ppm","43","Pomona","24","100.0000","44201","Ozone","","31080","Los Angeles-Long Beach-Anaheim, CA","06","California","037","Los Angeles","34.06703","-117.7514"
"01/21/2025","AirNow","060371701","1","0.036","ppm","33","Pomona","24","100.0000","44201","Ozone","","31080","Los Angeles-Long Beach-Anaheim, CA","06","California","037","Los Angeles","34.06703","-117.7514"
"01/22/2025","AirNow","060371701","1","0.025","ppm","23","Pomona","24","100.0000","44201","Ozone","","31080","Los Angeles-Long Beach-Anaheim, CA","06","California","037","Los Angeles","34.06703","-117.7514"
"01/23/2025","AirNow","060371701","1","0.036","ppm","33","Pomona","24","100.0000","44201","Ozone","","31080","Los Angeles-Long Beach-Anaheim, CA","06","California","037","Los Angeles","34.06703","-117.7514"
"01/24/2025","AirNow","060371701","1","0.035","ppm","32","Pomona","24","100.0000","44201","Ozone","","31080","Los Angeles-Long Beach-Anaheim, CA","06","California","037","Los Angeles","34.06703","-117.7514"
"01/25/2025","AirNow","060371701","1","0.045","ppm","42","Pomona","24","100.0000","44201","Ozone","","31080","Los Angeles-Long Beach-Anaheim, CA","06","California","037","Los Angeles","34.06703","-117.7514"
"01/26/2025","AirNow","060371701","1","0.038","ppm","35","Pomona","24","100.0000","44201","Ozone","","31080","Los Angeles-Long Beach-Anaheim, CA","06","California","037","Los Angeles","34.06703","-117.7514"
"01/27/2025","AirNow","060371701","1","0.034","ppm","31","Pomona","24","100.0000","44201","Ozone","","31080","Los Angeles-Long Beach-Anaheim, CA","06","California","037","Los Angeles","34.06703","-117.7514"
"01/28/2025","AirNow","060371701","1","0.035","ppm","32","Pomona","24","100.0000","44201","Ozone","","31080","Los Angeles-Long Beach-Anaheim, CA","06","California","037","Los Angeles","34.06703","-117.7514"
"01/29/2025","AirNow","060371701","1","0.038","ppm","35","Pomona","24","100.0000","44201","Ozone","","31080","Los Angeles-Long Beach-Anaheim, CA","06","California","037","Los Angeles","34.06703","-117.7514"
"01/30/2025","AirNow","060371701","1","0.037","ppm","34","Pomona","24","100.0000","44201","Ozone","","31080","Los Angeles-Long Beach-Anaheim, CA","06","California","037","Los Angeles","34.06703","-117.7514"
"01/31/2025","AirNow","060371701","1","0.035","ppm","32","Pomona","24","100.0000","44201","Ozone","","31080","Los Angeles-Long Beach-Anaheim, CA","06","California","037","Los Angeles","34.06703","-117.7514"
"02/01/2025","AirNow","060371701","1","0.042","ppm","39","Pomona","24","100.0000","44201","Ozone","","31080","Los Angeles-Long Beach-Anaheim, CA","06","California","037","Los Angeles","34.06703","-117.7514"
"02/02/2025","AirNow","060371701","1","0.051","ppm","47","Pomona","24","100.0000","44201","Ozone","","31080","Los Angeles-Long Beach-Anaheim, CA","06","California","037","Los Angeles","34.06703","-117.7514"
"02/03/2025","AirNow","060371701","1","0.031","ppm","29","Pomona","24","100.0000","44201","Ozone","","31080","Los Angeles-Long Beach-Anaheim, CA","06","California","037","Los Angeles","34.06703","-117.7514"
"02/04/2025","AirNow","060371701","1","0.032","ppm","30","Pomona","24","100.0000","44201","Ozone","","31080","Los Angeles-Long Beach-Anaheim, CA","06","California","037","Los Angeles","34.06703","-117.7514"
"02/05/2025","AirNow","060371701","1","0.025","ppm","23","Pomona","24","100.0000","44201","Ozone","","31080","Los Angeles-Long Beach-Anaheim, CA","06","California","037","Los Angeles","34.06703","-117.7514"
"02/08/2025","AirNow","060371701","1","0.039","ppm","36","Pomona","24","100.0000","44201","Ozone","","31080","Los Angeles-Long Beach-Anaheim, CA","06","California","037","Los Angeles","34.06703","-117.7514"
"02/09/2025","AirNow","060371701","1","0.047","ppm","44","Pomona","24","100.0000","44201","Ozone","","31080","Los Angeles-Long Beach-Anaheim, CA","06","California","037","Los Angeles","34.06703","-117.7514"
"02/10/2025","AirNow","060371701","1","0.043","ppm","40","Pomona","24","100.0000","44201","Ozone","","31080","Los Angeles-Long Beach-Anaheim, CA","06","California","037","Los Angeles","34.06703","-117.7514"
"02/12/2025","AirNow","060371701","1","0.03","ppm","28","Pomona","24","100.0000","44201","Ozone","","31080","Los Angeles-Long Beach-Anaheim, CA","06","California","037","Los Angeles","34.06703","-117.7514"
"02/13/2025","AirNow","060371701","1","0.035","ppm","32","Pomona","24","100.0000","44201","Ozone","","31080","Los Angeles-Long Beach-Anaheim, CA","06","California","037","Los Angeles","34.06703","-117.7514"
"02/14/2025","AirNow","060371701","1","0.038","ppm","35","Pomona","24","100.0000","44201","Ozone","","31080","Los Angeles-Long Beach-Anaheim, CA","06","California","037","Los Angeles","34.06703","-117.7514"
"02/15/2025","AirNow","060371701","1","0.043","ppm","40","Pomona","24","100.0000","44201","Ozone","","31080","Los Angeles-Long Beach-Anaheim, CA","06","California","037","Los Angeles","34.06703","-117.7514"
"02/16/2025","AirNow","060371701","1","0.044","ppm","41","Pomona","24","100.0000","44201","Ozone","","31080","Los Angeles-Long Beach-Anaheim, CA","06","California","037","Los Angeles","34.06703","-117.7514"
"02/17/2025","AirNow","060371701","1","0.044","ppm","41","Pomona","24","100.0000","44201","Ozone","","31080","Los Angeles-Long Beach-Anaheim, CA","06","California","037","Los Angeles","34.06703","-117.7514"
"02/18/2025","AirNow","060371701","1","0.04","ppm","37","Pomona","24","100.0000","44201","Ozone","","31080","Los Angeles-Long Beach-Anaheim, CA","06","California","037","Los Angeles","34.06703","-117.7514"
"02/19/2025","AirNow","060371701","1","0.044","ppm","41","Pomona","24","100.0000","44201","Ozone","","31080","Los Angeles-Long Beach-Anaheim, CA","06","California","037","Los Angeles","34.06703","-117.7514"
"02/21/2025","AirNow","060371701","1","0.047","ppm","44","Pomona","24","100.0000","44201","Ozone","","31080","Los Angeles-Long Beach-Anaheim, CA","06","California","037","Los Angeles","34.06703","-117.7514"
"02/22/2025","AirNow","060371701","1","0.052","ppm","48","Pomona","24","100.0000","44201","Ozone","","31080","Los Angeles-Long Beach-Anaheim, CA","06","California","037","Los Angeles","34.06703","-117.7514"
"02/23/2025","AirNow","060371701","1","0.061","ppm","71","Pomona","24","100.0000","44201","Ozone","","31080","Los Angeles-Long Beach-Anaheim, CA","06","California","037","Los Angeles","34.06703","-117.7514"
"02/24/2025","AirNow","060371701","1","0.064","ppm","80","Pomona","24","100.0000","44201","Ozone","","31080","Los Angeles-Long Beach-Anaheim, CA","06","California","037","Los Angeles","34.06703","-117.7514"
"02/25/2025","AirNow","060371701","1","0.054","ppm","50","Pomona","24","100.0000","44201","Ozone","","31080","Los Angeles-Long Beach-Anaheim, CA","06","California","037","Los Angeles","34.06703","-117.7514"
"02/26/2025","AirNow","060371701","1","0.051","ppm","47","Pomona","24","100.0000","44201","Ozone","","31080","Los Angeles-Long Beach-Anaheim, CA","06","California","037","Los Angeles","34.06703","-117.7514"
"02/27/2025","AirNow","060371701","1","0.049","ppm","45","Pomona","24","100.0000","44201","Ozone","","31080","Los Angeles-Long Beach-Anaheim, CA","06","California","037","Los Angeles","34.06703","-117.7514"
"02/28/2025","AirNow","060371701","1","0.049","ppm","45","Pomona","24","100.0000","44201","Ozone","","31080","Los Angeles-Long Beach-Anaheim, CA","06","California","037","Los Angeles","34.06703","-117.7514"
"03/01/2025","AirNow","060371701","1","0.04","ppm","37","Pomona","21","88.0000","44201","Ozone","","31080","Los Angeles-Long Beach-Anaheim, CA","06","California","037","Los Angeles","34.06703","-117.7514"
"01/01/2025","AirNow","060372005","1","0.035","ppm","32","Pasadena","24","100.0000","44201","Ozone","","31080","Los Angeles-Long Beach-Anaheim, CA","06","California","037","Los Angeles","34.1326","-118.1272"
"01/02/2025","AirNow","060372005","1","0.032","ppm","30","Pasadena","24","100.0000","44201","Ozone","","31080","Los Angeles-Long Beach-Anaheim, CA","06","California","037","Los Angeles","34.1326","-118.1272"
"01/03/2025","AirNow","060372005","1","0.02","ppm","19","Pasadena","24","100.0000","44201","Ozone","","31080","Los Angeles-Long Beach-Anaheim, CA","06","California","037","Los Angeles","34.1326","-118.1272"
"01/04/2025","AirNow","060372005","1","0.037","ppm","34","Pasadena","24","100.0000","44201","Ozone","","31080","Los Angeles-Long Beach-Anaheim, CA","06","California","037","Los Angeles","34.1326","-118.1272"
"01/05/2025","AirNow","060372005","1","0.045","ppm","42","Pasadena","24","100.0000","44201","Ozone","","31080","Los Angeles-Long Beach-Anaheim, CA","06","California","037","Los Angeles","34.1326","-118.1272"
"01/06/2025","AirNow","060372005","1","0.032","ppm","30","Pasadena","24","100.0000","44201","Ozone","","31080","Los Angeles-Long Beach-Anaheim, CA","06","California","037","Los Angeles","34.1326","-118.1272"
"01/07/2025","AirNow","060372005","1","0.043","ppm","40","Pasadena","24","100.0000","44201","Ozone","","31080","Los Angeles-Long Beach-Anaheim, CA","06","California","037","Los Angeles","34.1326","-118.1272"
"01/08/2025","AirNow","060372005","1","0.036","ppm","33","Pasadena","24","100.0000","44201","Ozone","","31080","Los Angeles-Long Beach-Anaheim, CA","06","California","037","Los Angeles","34.1326","-118.1272"
"01/09/2025","AirNow","060372005","1","0.033","ppm","31","Pasadena","24","100.0000","44201","Ozone","","31080","Los Angeles-Long Beach-Anaheim, CA","06","California","037","Los Angeles","34.1326","-118.1272"
"01/10/2025","AirNow","060372005","1","0.048","ppm","44","Pasadena","24","100.0000","44201","Ozone","","31080","Los Angeles-Long Beach-Anaheim, CA","06","California","037","Los Angeles","34.1326","-118.1272"
"01/11/2025","AirNow","060372005","1","0.039","ppm","36","Pasadena","24","100.0000","44201","Ozone","","31080","Los Angeles-Long Beach-Anaheim, CA","06","California","037","Los Angeles","34.1326","-118.1272"
"01/12/2025","AirNow","060372005","1","0.04","ppm","37","Pasadena","24","100.0000","44201","Ozone","","31080","Los Angeles-Long Beach-Anaheim, CA","06","California","037","Los Angeles","34.1326","-118.1272"
"01/13/2025","AirNow","060372005","1","0.037","ppm","34","Pasadena","24","100.0000","44201","Ozone","","31080","Los Angeles-Long Beach-Anaheim, CA","06","California","037","Los Angeles","34.1326","-118.1272"
"01/14/2025","AirNow","060372005","1","0.035","ppm","32","Pasadena","24","100.0000","44201","Ozone","","31080","Los Angeles-Long Beach-Anaheim, CA","06","California","037","Los Angeles","34.1326","-118.1272"
"01/15/2025","AirNow","060372005","1","0.037","ppm","34","Pasadena","24","100.0000","44201","Ozone","","31080","Los Angeles-Long Beach-Anaheim, CA","06","California","037","Los Angeles","34.1326","-118.1272"
"01/16/2025","AirNow","060372005","1","0.034","ppm","31","Pasadena","24","100.0000","44201","Ozone","","31080","Los Angeles-Long Beach-Anaheim, CA","06","California","037","Los Angeles","34.1326","-118.1272"
"01/17/2025","AirNow","060372005","1","0.037","ppm","34","Pasadena","24","100.0000","44201","Ozone","","31080","Los Angeles-Long Beach-Anaheim, CA","06","California","037","Los Angeles","34.1326","-118.1272"
"01/18/2025","AirNow","060372005","1","0.043","ppm","40","Pasadena","24","100.0000","44201","Ozone","","31080","Los Angeles-Long Beach-Anaheim, CA","06","California","037","Los Angeles","34.1326","-118.1272"
"01/19/2025","AirNow","060372005","1","0.045","ppm","42","Pasadena","24","100.0000","44201","Ozone","","31080","Los Angeles-Long Beach-Anaheim, CA","06","California","037","Los Angeles","34.1326","-118.1272"
"01/20/2025","AirNow","060372005","1","0.045","ppm","42","Pasadena","24","100.0000","44201","Ozone","","31080","Los Angeles-Long Beach-Anaheim, CA","06","California","037","Los Angeles","34.1326","-118.1272"
"01/21/2025","AirNow","060372005","1","0.038","ppm","35","Pasadena","24","100.0000","44201","Ozone","","31080","Los Angeles-Long Beach-Anaheim, CA","06","California","037","Los Angeles","34.1326","-118.1272"
"01/22/2025","AirNow","060372005","1","0.034","ppm","31","Pasadena","24","100.0000","44201","Ozone","","31080","Los Angeles-Long Beach-Anaheim, CA","06","California","037","Los Angeles","34.1326","-118.1272"
"01/23/2025","AirNow","060372005","1","0.036","ppm","33","Pasadena","24","100.0000","44201","Ozone","","31080","Los Angeles-Long Beach-Anaheim, CA","06","California","037","Los Angeles","34.1326","-118.1272"
"01/24/2025","AirNow","060372005","1","0.04","ppm","37","Pasadena","24","100.0000","44201","Ozone","","31080","Los Angeles-Long Beach-Anaheim, CA","06","California","037","Los Angeles","34.1326","-118.1272"
"01/25/2025","AirNow","060372005","1","0.045","ppm","42","Pasadena","24","100.0000","44201","Ozone","","31080","Los Angeles-Long Beach-Anaheim, CA","06","California","037","Los Angeles","34.1326","-118.1272"
"01/26/2025","AirNow","060372005","1","0.036","ppm","33","Pasadena","24","100.0000","44201","Ozone","","31080","Los Angeles-Long Beach-Anaheim, CA","06","California","037","Los Angeles","34.1326","-118.1272"
"01/27/2025","AirNow","060372005","1","0.034","ppm","31","Pasadena","24","100.0000","44201","Ozone","","31080","Los Angeles-Long Beach-Anaheim, CA","06","California","037","Los Angeles","34.1326","-118.1272"
"01/28/2025","AirNow","060372005","1","0.031","ppm","29","Pasadena","24","100.0000","44201","Ozone","","31080","Los Angeles-Long Beach-Anaheim, CA","06","California","037","Los Angeles","34.1326","-118.1272"
"01/29/2025","AirNow","060372005","1","0.041","ppm","38","Pasadena","24","100.0000","44201","Ozone","","31080","Los Angeles-Long Beach-Anaheim, CA","06","California","037","Los Angeles","34.1326","-118.1272"
"01/30/2025","AirNow","060372005","1","0.037","ppm","34","Pasadena","24","100.0000","44201","Ozone","","31080","Los Angeles-Long Beach-Anaheim, CA","06","California","037","Los Angeles","34.1326","-118.1272"
"01/31/2025","AirNow","060372005","1","0.039","ppm","36","Pasadena","24","100.0000","44201","Ozone","","31080","Los Angeles-Long Beach-Anaheim, CA","06","California","037","Los Angeles","34.1326","-118.1272"
"02/01/2025","AirNow","060372005","1","0.038","ppm","35","Pasadena","24","100.0000","44201","Ozone","","31080","Los Angeles-Long Beach-Anaheim, CA","06","California","037","Los Angeles","34.1326","-118.1272"
"02/02/2025","AirNow","060372005","1","0.052","ppm","48","Pasadena","24","100.0000","44201","Ozone","","31080","Los Angeles-Long Beach-Anaheim, CA","06","California","037","Los Angeles","34.1326","-118.1272"
"02/03/2025","AirNow","060372005","1","0.038","ppm","35","Pasadena","24","100.0000","44201","Ozone","","31080","Los Angeles-Long Beach-Anaheim, CA","06","California","037","Los Angeles","34.1326","-118.1272"
"02/04/2025","AirNow","060372005","1","0.036","ppm","33","Pasadena","24","100.0000","44201","Ozone","","31080","Los Angeles-Long Beach-Anaheim, CA","06","California","037","Los Angeles","34.1326","-118.1272"
"02/05/2025","AirNow","060372005","1","0.025","ppm","23","Pasadena","24","100.0000","44201","Ozone","","31080","Los Angeles-Long Beach-Anaheim, CA","06","California","037","Los Angeles","34.1326","-118.1272"
"02/06/2025","AirNow","060372005","1","0.026","ppm","24","Pasadena","24","100.0000","44201","Ozone","","31080","Los Angeles-Long Beach-Anaheim, CA","06","California","037","Los Angeles","34.1326","-118.1272"
"02/08/2025","AirNow","060372005","1","0.039","ppm","36","Pasadena","24","100.0000","44201","Ozone","","31080","Los Angeles-Long Beach-Anaheim, CA","06","California","037","Los Angeles","34.1326","-118.1272"
"02/09/2025","AirNow","060372005","1","0.043","ppm","40","Pasadena","24","100.0000","44201","Ozone","","31080","Los Angeles-Long Beach-Anaheim, CA","06","California","037","Los Angeles","34.1326","-118.1272"
"02/10/2025","AirNow","060372005","1","0.044","ppm","41","Pasadena","24","100.0000","44201","Ozone","","31080","Los Angeles-Long Beach-Anaheim, CA","06","California","037","Los Angeles","34.1326","-118.1272"
"02/11/2025","AirNow","060372005","1","0.043","ppm","40","Pasadena","24","100.0000","44201","Ozone","","31080","Los Angeles-Long Beach-Anaheim, CA","06","California","037","Los Angeles","34.1326","-118.1272"
"02/12/2025","AirNow","060372005","1","0.031","ppm","29","Pasadena","24","100.0000","44201","Ozone","","31080","Los Angeles-Long Beach-Anaheim, CA","06","California","037","Los Angeles","34.1326","-118.1272"
"02/13/2025","AirNow","060372005","1","0.035","ppm","32","Pasadena","24","100.0000","44201","Ozone","","31080","Los Angeles-Long Beach-Anaheim, CA","06","California","037","Los Angeles","34.1326","-118.1272"
"02/14/2025","AirNow","060372005","1","0.038","ppm","35","Pasadena","24","100.0000","44201","Ozone","","31080","Los Angeles-Long Beach-Anaheim, CA","06","California","037","Los Angeles","34.1326","-118.1272"
"02/15/2025","AirNow","060372005","1","0.044","ppm","41","Pasadena","24","100.0000","44201","Ozone","","31080","Los Angeles-Long Beach-Anaheim, CA","06","California","037","Los Angeles","34.1326","-118.1272"
"02/16/2025","AirNow","060372005","1","0.049","ppm","45","Pasadena","24","100.0000","44201","Ozone","","31080","Los Angeles-Long Beach-Anaheim, CA","06","California","037","Los Angeles","34.1326","-118.1272"
"02/17/2025","AirNow","060372005","1","0.044","ppm","41","Pasadena","24","100.0000","44201","Ozone","","31080","Los Angeles-Long Beach-Anaheim, CA","06","California","037","Los Angeles","34.1326","-118.1272"
"02/18/2025","AirNow","060372005","1","0.041","ppm","38","Pasadena","24","100.0000","44201","Ozone","","31080","Los Angeles-Long Beach-Anaheim, CA","06","California","037","Los Angeles","34.1326","-118.1272"
"02/19/2025","AirNow","060372005","1","0.046","ppm","43","Pasadena","24","100.0000","44201","Ozone","","31080","Los Angeles-Long Beach-Anaheim, CA","06","California","037","Los Angeles","34.1326","-118.1272"
"02/20/2025","AirNow","060372005","1","0.052","ppm","48","Pasadena","24","100.0000","44201","Ozone","","31080","Los Angeles-Long Beach-Anaheim, CA","06","California","037","Los Angeles","34.1326","-118.1272"
"02/21/2025","AirNow","060372005","1","0.049","ppm","45","Pasadena","24","100.0000","44201","Ozone","","31080","Los Angeles-Long Beach-Anaheim, CA","06","California","037","Los Angeles","34.1326","-118.1272"
"02/22/2025","AirNow","060372005","1","0.051","ppm","47","Pasadena","24","100.0000","44201","Ozone","","31080","Los Angeles-Long Beach-Anaheim, CA","06","California","037","Los Angeles","34.1326","-118.1272"
"02/23/2025","AirNow","060372005","1","0.062","ppm","74","Pasadena","24","100.0000","44201","Ozone","","31080","Los Angeles-Long Beach-Anaheim, CA","06","California","037","Los Angeles","34.1326","-118.1272"
"02/24/2025","AirNow","060372005","1","0.062","ppm","74","Pasadena","24","100.0000","44201","Ozone","","31080","Los Angeles-Long Beach-Anaheim, CA","06","California","037","Los Angeles","34.1326","-118.1272"
"02/25/2025","AirNow","060372005","1","0.05","ppm","46","Pasadena","24","100.0000","44201","Ozone","","31080","Los Angeles-Long Beach-Anaheim, CA","06","California","037","Los Angeles","34.1326","-118.1272"
"02/26/2025","AirNow","060372005","1","0.05","ppm","46","Pasadena","24","100.0000","44201","Ozone","","31080","Los Angeles-Long Beach-Anaheim, CA","06","California","037","Los Angeles","34.1326","-118.1272"
"02/27/2025","AirNow","060372005","1","0.052","ppm","48","Pasadena","24","100.0000","44201","Ozone","","31080","Los Angeles-Long Beach-Anaheim, CA","06","California","037","Los Angeles","34.1326","-118.1272"
"02/28/2025","AirNow","060372005","1","0.047","ppm","44","Pasadena","24","100.0000","44201","Ozone","","31080","Los Angeles-Long Beach-Anaheim, CA","06","California","037","Los Angeles","34.1326","-118.1272"
"03/01/2025","AirNow","060372005","1","0.041","ppm","38","Pasadena","21","88.0000","44201","Ozone","","31080","Los Angeles-Long Beach-Anaheim, CA","06","California","037","Los Angeles","34.1326","-118.1272"
"01/01/2025","AirNow","060374009","1","0.028","ppm","26","Signal Hill (LBSH)","24","100.0000","44201","Ozone","","31080","Los Angeles-Long Beach-Anaheim, CA","06","California","037","Los Angeles","33.7937130008725","-118.171019"
"01/02/2025","AirNow","060374009","1","0.025","ppm","23","Signal Hill (LBSH)","24","100.0000","44201","Ozone","","31080","Los Angeles-Long Beach-Anaheim, CA","06","California","037","Los Angeles","33.7937130008725","-118.171019"
"01/03/2025","AirNow","060374009","1","0.02","ppm","19","Signal Hill (LBSH)","24","100.0000","44201","Ozone","","31080","Los Angeles-Long Beach-Anaheim, CA","06","California","037","Los Angeles","33.7937130008725","-118.171019"
"01/04/2025","AirNow","060374009","1","0.035","ppm","32","Signal Hill (LBSH)","24","100.0000","44201","Ozone","","31080","Los Angeles-Long Beach-Anaheim, CA","06","California","037","Los Angeles","33.7937130008725","-118.171019"
"01/05/2025","AirNow","060374009","1","0.028","ppm","26","Signal Hill (LBSH)","24","100.0000","44201","Ozone","","31080","Los Angeles-Long Beach-Anaheim, CA","06","California","037","Los Angeles","33.7937130008725","-118.171019"
"01/06/2025","AirNow","060374009","1","0.031","ppm","29","Signal Hill (LBSH)","24","100.0000","44201","Ozone","","31080","Los Angeles-Long Beach-Anaheim, CA","06","California","037","Los Angeles","33.7937130008725","-118.171019"
"01/07/2025","AirNow","060374009","1","0.038","ppm","35","Signal Hill (LBSH)","24","100.0000","44201","Ozone","","31080","Los Angeles-Long Beach-Anaheim, CA","06","California","037","Los Angeles","33.7937130008725","-118.171019"
"01/08/2025","AirNow","060374009","1","0.036","ppm","33","Signal Hill (LBSH)","24","100.0000","44201","Ozone","","31080","Los Angeles-Long Beach-Anaheim, CA","06","California","037","Los Angeles","33.7937130008725","-118.171019"
"01/09/2025","AirNow","060374009","1","0.019","ppm","18","Signal Hill (LBSH)","24","100.0000","44201","Ozone","","31080","Los Angeles-Long Beach-Anaheim, CA","06","California","037","Los Angeles","33.7937130008725","-118.171019"
"01/10/2025","AirNow","060374009","1","0.04","ppm","37","Signal Hill (LBSH)","24","100.0000","44201","Ozone","","31080","Los Angeles-Long Beach-Anaheim, CA","06","California","037","Los Angeles","33.7937130008725","-118.171019"
"01/11/2025","AirNow","060374009","1","0.036","ppm","33","Signal Hill (LBSH)","24","100.0000","44201","Ozone","","31080","Los Angeles-Long Beach-Anaheim, CA","06","California","037","Los Angeles","33.7937130008725","-118.171019"
"01/16/2025","AirNow","060374009","1","0.028","ppm","26","Signal Hill (LBSH)","24","100.0000","44201","Ozone","","31080","Los Angeles-Long Beach-Anaheim, CA","06","California","037","Los Angeles","33.7937130008725","-118.171019"
"01/17/2025","AirNow","060374009","1","0.042","ppm","39","Signal Hill (LBSH)","24","100.0000","44201","Ozone","","31080","Los Angeles-Long Beach-Anaheim, CA","06","California","037","Los Angeles","33.7937130008725","-118.171019"
"01/18/2025","AirNow","060374009","1","0.041","ppm","38","Signal Hill (LBSH)","24","100.0000","44201","Ozone","","31080","Los Angeles-Long Beach-Anaheim, CA","06","California","037","Los Angeles","33.7937130008725","-118.171019"
"01/19/2025","AirNow","060374009","1","0.037","ppm","34","Signal Hill (LBSH)","24","100.0000","44201","Ozone","","31080","Los Angeles-Long Beach-Anaheim, CA","06","California","037","Los Angeles","33.7937130008725","-118.171019"
"01/20/2025","AirNow","060374009","1","0.043","ppm","40","Signal Hill (LBSH)","24","100.0000","44201","Ozone","","31080","Los Angeles-Long Beach-Anaheim, CA","06","California","037","Los Angeles","33.7937130008725","-118.171019"
"01/21/2025","AirNow","060374009","1","0.032","ppm","30","Signal Hill (LBSH)","24","100.0000","44201","Ozone","","31080","Los Angeles-Long Beach-Anaheim, CA","06","California","037","Los Angeles","33.7937130008725","-118.171019"
"01/22/2025","AirNow","060374009","1","0.022","ppm","20","Signal Hill (LBSH)","24","100.0000","44201","Ozone","","31080","Los Angeles-Long Beach-Anaheim, CA","06","California","037","Los Angeles","33.7937130008725","-118.171019"
"01/23/2025","AirNow","060374009","1","0.04","ppm","37","Signal Hill (LBSH)","24","100.0000","44201","Ozone","","31080","Los Angeles-Long Beach-Anaheim, CA","06","California","037","Los Angeles","33.7937130008725","-118.171019"
"01/24/2025","AirNow","060374009","1","0.033","ppm","31","Signal Hill (LBSH)","24","100.0000","44201","Ozone","","31080","Los Angeles-Long Beach-Anaheim, CA","06","California","037","Los Angeles","33.7937130008725","-118.171019"
"01/25/2025","AirNow","060374009","1","0.04","ppm","37","Signal Hill (LBSH)","24","100.0000","44201","Ozone","","31080","Los Angeles-Long Beach-Anaheim, CA","06","California","037","Los Angeles","33.7937130008725","-118.171019"
"01/26/2025","AirNow","060374009","1","0.039","ppm","36","Signal Hill (LBSH)","24","100.0000","44201","Ozone","","31080","Los Angeles-Long Beach-Anaheim, CA","06","California","037","Los Angeles","33.7937130008725","-118.171019"
"01/27/2025","AirNow","060374009","1","0.035","ppm","32","Signal Hill (LBSH)","24","100.0000","44201","Ozone","","31080","Los Angeles-Long Beach-Anaheim, CA","06","California","037","Los Angeles","33.7937130008725","-118.171019"
"01/30/2025","AirNow","060374009","1","0.032","ppm","30","Signal Hill (LBSH)","24","100.0000","44201","Ozone","","31080","Los Angeles-Long Beach-Anaheim, CA","06","California","037","Los Angeles","33.7937130008725","-118.171019"
"02/02/2025","AirNow","060374009","1","0.037","ppm","34","Signal Hill (LBSH)","19","79.0000","44201","Ozone","","31080","Los Angeles-Long Beach-Anaheim, CA","06","California","037","Los Angeles","33.7937130008725","-118.171019"
"02/03/2025","AirNow","060374009","1","0.03","ppm","28","Signal Hill (LBSH)","24","100.0000","44201","Ozone","","31080","Los Angeles-Long Beach-Anaheim, CA","06","California","037","Los Angeles","33.7937130008725","-118.171019"
"02/04/2025","AirNow","060374009","1","0.035","ppm","32","Signal Hill (LBSH)","24","100.0000","44201","Ozone","","31080","Los Angeles-Long Beach-Anaheim, CA","06","California","037","Los Angeles","33.7937130008725","-118.171019"
"02/06/2025","AirNow","060374009","1","0.029","ppm","27","Signal Hill (LBSH)","24","100.0000","44201","Ozone","","31080","Los Angeles-Long Beach-Anaheim, CA","06","California","037","Los Angeles","33.7937130008725","-118.171019"
"02/07/2025","AirNow","060374009","1","0.037","ppm","34","Signal Hill (LBSH)","24","100.0000","44201","Ozone","","31080","Los Angeles-Long Beach-Anaheim, CA","06","California","037","Los Angeles","33.7937130008725","-118.171019"
"02/08/2025","AirNow","060374009","1","0.034","ppm","31","Signal Hill (LBSH)","24","100.0000","44201","Ozone","","31080","Los Angeles-Long Beach-Anaheim, CA","06","California","037","Los Angeles","33.7937130008725","-118.171019"
"02/09/2025","AirNow","060374009","1","0.039","ppm","36","Signal Hill (LBSH)","24","100.0000","44201","Ozone","","31080","Los Angeles-Long Beach-Anaheim, CA","06","California","037","Los Angeles","33.7937130008725","-118.171019"
"02/10/2025","AirNow","060374009","1","0.042","ppm","39","Signal Hill (LBSH)","24","100.0000","44201","Ozone","","31080","Los Angeles-Long Beach-Anaheim, CA","06","California","037","Los Angeles","33.7937130008725","-118.171019"
"02/11/2025","AirNow","060374009","1","0.039","ppm","36","Signal Hill (LBSH)","24","100.0000","44201","Ozone","","31080","Los Angeles-Long Beach-Anaheim, CA","06","California","037","Los Angeles","33.7937130008725","-118.171019"
"02/12/2025","AirNow","060374009","1","0.038","ppm","35","Signal Hill (LBSH)","24","100.0000","44201","Ozone","","31080","Los Angeles-Long Beach-Anaheim, CA","06","California","037","Los Angeles","33.7937130008725","-118.171019"
"02/13/2025","AirNow","060374009","1","0.031","ppm","29","Signal Hill (LBSH)","24","100.0000","44201","Ozone","","31080","Los Angeles-Long Beach-Anaheim, CA","06","California","037","Los Angeles","33.7937130008725","-118.171019"
"02/14/2025","AirNow","060374009","1","0.041","ppm","38","Signal Hill (LBSH)","24","100.0000","44201","Ozone","","31080","Los Angeles-Long Beach-Anaheim, CA","06","California","037","Los Angeles","33.7937130008725","-118.171019"
"02/15/2025","AirNow","060374009","1","0.042","ppm","39","Signal Hill (LBSH)","24","100.0000","44201","Ozone","","31080","Los Angeles-Long Beach-Anaheim, CA","06","California","037","Los Angeles","33.7937130008725","-118.171019"
"02/16/2025","AirNow","060374009","1","0.037","ppm","34","Signal Hill (LBSH)","24","100.0000","44201","Ozone","","31080","Los Angeles-Long Beach-Anaheim, CA","06","California","037","Los Angeles","33.7937130008725","-118.171019"
"02/17/2025","AirNow","060374009","1","0.032","ppm","30","Signal Hill (LBSH)","18","75.0000","44201","Ozone","","31080","Los Angeles-Long Beach-Anaheim, CA","06","California","037","Los Angeles","33.7937130008725","-118.171019"
"02/20/2025","AirNow","060374009","1","0.045","ppm","42","Signal Hill (LBSH)","24","100.0000","44201","Ozone","","31080","Los Angeles-Long Beach-Anaheim, CA","06","California","037","Los Angeles","33.7937130008725","-118.171019"
"02/21/2025","AirNow","060374009","1","0.042","ppm","39","Signal Hill (LBSH)","24","100.0000","44201","Ozone","","31080","Los Angeles-Long Beach-Anaheim, CA","06","California","037","Los Angeles","33.7937130008725","-118.171019"
"02/22/2025","AirNow","060374009","1","0.039","ppm","36","Signal Hill (LBSH)","24","100.0000","44201","Ozone","","31080","Los Angeles-Long Beach-Anaheim, CA","06","California","037","Los Angeles","33.7937130008725","-118.171019"
"02/23/2025","AirNow","060374009","1","0.054","ppm","50","Signal Hill (LBSH)","24","100.0000","44201","Ozone","","31080","Los Angeles-Long Beach-Anaheim, CA","06","California","037","Los Angeles","33.7937130008725","-118.171019"
"02/26/2025","AirNow","060374009","1","0.041","ppm","38","Signal Hill (LBSH)","24","100.0000","44201","Ozone","","31080","Los Angeles-Long Beach-Anaheim, CA","06","California","037","Los Angeles","33.7937130008725","-118.171019"
"02/27/2025","AirNow","060374009","1","0.045","ppm","42","Signal Hill (LBSH)","24","100.0000","44201","Ozone","","31080","Los Angeles-Long Beach-Anaheim, CA","06","California","037","Los Angeles","33.7937130008725","-118.171019"
"02/28/2025","AirNow","060374009","1","0.047","ppm","44","Signal Hill (LBSH)","24","100.0000","44201","Ozone","","31080","Los Angeles-Long Beach-Anaheim, CA","06","California","037","Los Angeles","33.7937130008725","-118.171019"
"03/01/2025","AirNow","060374009","1","0.044","ppm","41","Signal Hill (LBSH)","21","88.0000","44201","Ozone","","31080","Los Angeles-Long Beach-Anaheim, CA","06","California","037","Los Angeles","33.7937130008725","-118.171019"
"01/01/2025","AirNow","060374010","1","0.036","ppm","33","North Hollywood (NOHO)","24","100.0000","44201","Ozone","","31080","Los Angeles-Long Beach-Anaheim, CA","06","California","037","Los Angeles","34.1819770008773","-118.363036"
"01/02/2025","AirNow","060374010","1","0.035","ppm","32","North Hollywood (NOHO)","24","100.0000","44201","Ozone","","31080","Los Angeles-Long Beach-Anaheim, CA","06","California","037","Los Angeles","34.1819770008773","-118.363036"
"01/03/2025","AirNow","060374010","1","0.026","ppm","24","North Hollywood (NOHO)","24","100.0000","44201","Ozone","","31080","Los Angeles-Long Beach-Anaheim, CA","06","California","037","Los Angeles","34.1819770008773","-118.363036"
"01/04/2025","AirNow","060374010","1","0.032","ppm","30","North Hollywood (NOHO)","24","100.0000","44201","Ozone","","31080","Los Angeles-Long Beach-Anaheim, CA","06","California","037","Los Angeles","34.1819770008773","-118.363036"
"01/05/2025","AirNow","060374010","1","0.041","ppm","38","North Hollywood (NOHO)","24","100.0000","44201","Ozone","","31080","Los Angeles-Long Beach-Anaheim, CA","06","California","037","Los Angeles","34.1819770008773","-118.363036"
"01/06/2025","AirNow","060374010","1","0.034","ppm","31","North Hollywood (NOHO)","24","100.0000","44201","Ozone","","31080","Los Angeles-Long Beach-Anaheim, CA","06","California","037","Los Angeles","34.1819770008773","-118.363036"
"01/07/2025","AirNow","060374010","1","0.043","ppm","40","North Hollywood (NOHO)","24","100.0000","44201","Ozone","","31080","Los Angeles-Long Beach-Anaheim, CA","06","California","037","Los Angeles","34.1819770008773","-118.363036"
"01/08/2025","AirNow","060374010","1","0.045","ppm","42","North Hollywood (NOHO)","24","100.0000","44201","Ozone","","31080","Los Angeles-Long Beach-Anaheim, CA","06","California","037","Los Angeles","34.1819770008773","-118.363036"
"01/09/2025","AirNow","060374010","1","0.054","ppm","50","North Hollywood (NOHO)","24","100.0000","44201","Ozone","","31080","Los Angeles-Long Beach-Anaheim, CA","06","California","037","Los Angeles","34.1819770008773","-118.363036"
"01/10/2025","AirNow","060374010","1","0.046","ppm","43","North Hollywood (NOHO)","24","100.0000","44201","Ozone","","31080","Los Angeles-Long Beach-Anaheim, CA","06","California","037","Los Angeles","34.1819770008773","-118.363036"
"01/11/2025","AirNow","060374010","1","0.041","ppm","38","North Hollywood (NOHO)","24","100.0000","44201","Ozone","","31080","Los Angeles-Long Beach-Anaheim, CA","06","California","037","Los Angeles","34.1819770008773","-118.363036"
"01/12/2025","AirNow","060374010","1","0.043","ppm","40","North Hollywood (NOHO)","24","100.0000","44201","Ozone","","31080","Los Angeles-Long Beach-Anaheim, CA","06","California","037","Los Angeles","34.1819770008773","-118.363036"
"01/13/2025","AirNow","060374010","1","0.039","ppm","36","North Hollywood (NOHO)","24","100.0000","44201","Ozone","","31080","Los Angeles-Long Beach-Anaheim, CA","06","California","037","Los Angeles","34.1819770008773","-118.363036"
"01/14/2025","AirNow","060374010","1","0.034","ppm","31","North Hollywood (NOHO)","24","100.0000","44201","Ozone","","31080","Los Angeles-Long Beach-Anaheim, CA","06","California","037","Los Angeles","34.1819770008773","-118.363036"
"01/15/2025","AirNow","060374010","1","0.034","ppm","31","North Hollywood (NOHO)","24","100.0000","44201","Ozone","","31080","Los Angeles-Long Beach-Anaheim, CA","06","California","037","Los Angeles","34.1819770008773","-118.363036"
"01/16/2025","AirNow","060374010","1","0.037","ppm","34","North Hollywood (NOHO)","24","100.0000","44201","Ozone","","31080","Los Angeles-Long Beach-Anaheim, CA","06","California","037","Los Angeles","34.1819770008773","-118.363036"
"01/17/2025","AirNow","060374010","1","0.042","ppm","39","North Hollywood (NOHO)","24","100.0000","44201","Ozone","","31080","Los Angeles-Long Beach-Anaheim, CA","06","California","037","Los Angeles","34.1819770008773","-118.363036"
"01/18/2025","AirNow","060374010","1","0.044","ppm","41","North Hollywood (NOHO)","24","100.0000","44201","Ozone","","31080","Los Angeles-Long Beach-Anaheim, CA","06","California","037","Los Angeles","34.1819770008773","-118.363036"
"01/19/2025","AirNow","060374010","1","0.043","ppm","40","North Hollywood (NOHO)","24","100.0000","44201","Ozone","","31080","Los Angeles-Long Beach-Anaheim, CA","06","California","037","Los Angeles","34.1819770008773","-118.363036"
"01/20/2025","AirNow","060374010","1","0.046","ppm","43","North Hollywood (NOHO)","24","100.0000","44201","Ozone","","31080","Los Angeles-Long Beach-Anaheim, CA","06","California","037","Los Angeles","34.1819770008773","-118.363036"
"01/21/2025","AirNow","060374010","1","0.036","ppm","33","North Hollywood (NOHO)","24","100.0000","44201","Ozone","","31080","Los Angeles-Long Beach-Anaheim, CA","06","California","037","Los Angeles","34.1819770008773","-118.363036"
"01/22/2025","AirNow","060374010","1","0.028","ppm","26","North Hollywood (NOHO)","24","100.0000","44201","Ozone","","31080","Los Angeles-Long Beach-Anaheim, CA","06","California","037","Los Angeles","34.1819770008773","-118.363036"
"01/23/2025","AirNow","060374010","1","0.037","ppm","34","North Hollywood (NOHO)","24","100.0000","44201","Ozone","","31080","Los Angeles-Long Beach-Anaheim, CA","06","California","037","Los Angeles","34.1819770008773","-118.363036"
"01/24/2025","AirNow","060374010","1","0.041","ppm","38","North Hollywood (NOHO)","24","100.0000","44201","Ozone","","31080","Los Angeles-Long Beach-Anaheim, CA","06","California","037","Los Angeles","34.1819770008773","-118.363036"
"01/25/2025","AirNow","060374010","1","0.042","ppm","39","North Hollywood (NOHO)","24","100.0000","44201","Ozone","","31080","Los Angeles-Long Beach-Anaheim, CA","06","California","037","Los Angeles","34.1819770008773","-118.363036"
"01/26/2025","AirNow","060374010","1","0.035","ppm","32","North Hollywood (NOHO)","24","100.0000","44201","Ozone","","31080","Los Angeles-Long Beach-Anaheim, CA","06","California","037","Los Angeles","34.1819770008773","-118.363036"
"01/27/2025","AirNow","060374010","1","0.035","ppm","32","North Hollywood (NOHO)","24","100.0000","44201","Ozone","","31080","Los Angeles-Long Beach-Anaheim, CA","06","California","037","Los Angeles","34.1819770008773","-118.363036"
"01/28/2025","AirNow","060374010","1","0.033","ppm","31","North Hollywood (NOHO)","24","100.0000","44201","Ozone","","31080","Los Angeles-Long Beach-Anaheim, CA","06","California","037","Los Angeles","34.1819770008773","-118.363036"
"01/29/2025","AirNow","060374010","1","0.042","ppm","39","North Hollywood (NOHO)","24","100.0000","44201","Ozone","","31080","Los Angeles-Long Beach-Anaheim, CA","06","California","037","Los Angeles","34.1819770008773","-118.363036"
"01/30/2025","AirNow","060374010","1","0.035","ppm","32","North Hollywood (NOHO)","24","100.0000","44201","Ozone","","31080","Los Angeles-Long Beach-Anaheim, CA","06","California","037","Los Angeles","34.1819770008773","-118.363036"
"01/31/2025","AirNow","060374010","1","0.038","ppm","35","North Hollywood (NOHO)","24","100.0000","44201","Ozone","","31080","Los Angeles-Long Beach-Anaheim, CA","06","California","037","Los Angeles","34.1819770008773","-118.363036"
"02/01/2025","AirNow","060374010","1","0.039","ppm","36","North Hollywood (NOHO)","24","100.0000","44201","Ozone","","31080","Los Angeles-Long Beach-Anaheim, CA","06","California","037","Los Angeles","34.1819770008773","-118.363036"
"02/02/2025","AirNow","060374010","1","0.051","ppm","47","North Hollywood (NOHO)","24","100.0000","44201","Ozone","","31080","Los Angeles-Long Beach-Anaheim, CA","06","California","037","Los Angeles","34.1819770008773","-118.363036"
"02/03/2025","AirNow","060374010","1","0.043","ppm","40","North Hollywood (NOHO)","24","100.0000","44201","Ozone","","31080","Los Angeles-Long Beach-Anaheim, CA","06","California","037","Los Angeles","34.1819770008773","-118.363036"
"02/04/2025","AirNow","060374010","1","0.035","ppm","32","North Hollywood (NOHO)","24","100.0000","44201","Ozone","","31080","Los Angeles-Long Beach-Anaheim, CA","06","California","037","Los Angeles","34.1819770008773","-118.363036"
"02/06/2025","AirNow","060374010","1","0.028","ppm","26","North Hollywood (NOHO)","24","100.0000","44201","Ozone","","31080","Los Angeles-Long Beach-Anaheim, CA","06","California","037","Los Angeles","34.1819770008773","-118.363036"
"02/07/2025","AirNow","060374010","1","0.039","ppm","36","North Hollywood (NOHO)","24","100.0000","44201","Ozone","","31080","Los Angeles-Long Beach-Anaheim, CA","06","California","037","Los Angeles","34.1819770008773","-118.363036"
"02/08/2025","AirNow","060374010","1","0.04","ppm","37","North Hollywood (NOHO)","24","100.0000","44201","Ozone","","31080","Los Angeles-Long Beach-Anaheim, CA","06","California","037","Los Angeles","34.1819770008773","-118.363036"
"02/09/2025","AirNow","060374010","1","0.045","ppm","42","North Hollywood (NOHO)","24","100.0000","44201","Ozone","","31080","Los Angeles-Long Beach-Anaheim, CA","06","California","037","Los Angeles","34.1819770008773","-118.363036"
"02/10/2025","AirNow","060374010","1","0.045","ppm","42","North Hollywood (NOHO)","24","100.0000","44201","Ozone","","31080","Los Angeles-Long Beach-Anaheim, CA","06","California","037","Los Angeles","34.1819770008773","-118.363036"
"02/11/2025","AirNow","060374010","1","0.043","ppm","40","North Hollywood (NOHO)","24","100.0000","44201","Ozone","","31080","Los Angeles-Long Beach-Anaheim, CA","06","California","037","Los Angeles","34.1819770008773","-118.363036"
"02/12/2025","AirNow","060374010","1","0.032","ppm","30","North Hollywood (NOHO)","24","100.0000","44201","Ozone","","31080","Los Angeles-Long Beach-Anaheim, CA","06","California","037","Los Angeles","34.1819770008773","-118.363036"
"02/13/2025","AirNow","060374010","1","0.036","ppm","33","North Hollywood (NOHO)","24","100.0000","44201","Ozone","","31080","Los Angeles-Long Beach-Anaheim, CA","06","California","037","Los Angeles","34.1819770008773","-118.363036"
"02/14/2025","AirNow","060374010","1","0.041","ppm","38","North Hollywood (NOHO)","24","100.0000","44201","Ozone","","31080","Los Angeles-Long Beach-Anaheim, CA","06","California","037","Los Angeles","34.1819770008773","-118.363036"
"02/15/2025","AirNow","060374010","1","0.043","ppm","40","North Hollywood (NOHO)","24","100.0000","44201","Ozone","","31080","Los Angeles-Long Beach-Anaheim, CA","06","California","037","Los Angeles","34.1819770008773","-118.363036"
"02/16/2025","AirNow","060374010","1","0.049","ppm","45","North Hollywood (NOHO)","24","100.0000","44201","Ozone","","31080","Los Angeles-Long Beach-Anaheim, CA","06","California","037","Los Angeles","34.1819770008773","-118.363036"
"02/17/2025","AirNow","060374010","1","0.042","ppm","39","North Hollywood (NOHO)","24","100.0000","44201","Ozone","","31080","Los Angeles-Long Beach-Anaheim, CA","06","California","037","Los Angeles","34.1819770008773","-118.363036"
"02/18/2025","AirNow","060374010","1","0.04","ppm","37","North Hollywood (NOHO)","24","100.0000","44201","Ozone","","31080","Los Angeles-Long Beach-Anaheim, CA","06","California","037","Los Angeles","34.1819770008773","-118.363036"
"02/19/2025","AirNow","060374010","1","0.046","ppm","43","North Hollywood (NOHO)","24","100.0000","44201","Ozone","","31080","Los Angeles-Long Beach-Anaheim, CA","06","California","037","Los Angeles","34.1819770008773","-118.363036"
"02/20/2025","AirNow","060374010","1","0.053","ppm","49","North Hollywood (NOHO)","24","100.0000","44201","Ozone","","31080","Los Angeles-Long Beach-Anaheim, CA","06","California","037","Los Angeles","34.1819770008773","-118.363036"
"02/21/2025","AirNow","060374010","1","0.049","ppm","45","North Hollywood (NOHO)","24","100.0000","44201","Ozone","","31080","Los Angeles-Long Beach-Anaheim, CA","06","California","037","Los Angeles","34.1819770008773","-118.363036"
"02/22/2025","AirNow","060374010","1","0.054","ppm","50","North Hollywood (NOHO)","24","100.0000","44201","Ozone","","31080","Los Angeles-Long Beach-Anaheim, CA","06","California","037","Los Angeles","34.1819770008773","-118.363036"
"02/23/2025","AirNow","060374010","1","0.061","ppm","71","North Hollywood (NOHO)","24","100.0000","44201","Ozone","","31080","Los Angeles-Long Beach-Anaheim, CA","06","California","037","Los Angeles","34.1819770008773","-118.363036"
"02/24/2025","AirNow","060374010","1","0.058","ppm","61","North Hollywood (NOHO)","24","100.0000","44201","Ozone","","31080","Los Angeles-Long Beach-Anaheim, CA","06","California","037","Los Angeles","34.1819770008773","-118.363036"
"02/25/2025","AirNow","060374010","1","0.049","ppm","45","North Hollywood (NOHO)","24","100.0000","44201","Ozone","","31080","Los Angeles-Long Beach-Anaheim, CA","06","California","037","Los Angeles","34.1819770008773","-118.363036"
"02/26/2025","AirNow","060374010","1","0.02","ppm","19","North Hollywood (NOHO)","18","75.0000","44201","Ozone","","31080","Los Angeles-Long Beach-Anaheim, CA","06","California","037","Los Angeles","34.1819770008773","-118.363036"
"03/01/2025","AirNow","060374010","1","0.043","ppm","40","North Hollywood (NOHO)","21","88.0000","44201","Ozone","","31080","Los Angeles-Long Beach-Anaheim, CA","06","California","037","Los Angeles","34.1819770008773","-118.363036"
"01/01/2025","AirNow","060376012","1","0.042","ppm","39","Santa Clarita","24","100.0000","44201","Ozone","","31080","Los Angeles-Long Beach-Anaheim, CA","06","California","037","Los Angeles","34.38344","-118.5284"
"01/02/2025","AirNow","060376012","1","0.041","ppm","38","Santa Clarita","24","100.0000","44201","Ozone","","31080","Los Angeles-Long Beach-Anaheim, CA","06","California","037","Los Angeles","34.38344","-118.5284"
"01/03/2025","AirNow","060376012","1","0.037","ppm","34","Santa Clarita","24","100.0000","44201","Ozone","","31080","Los Angeles-Long Beach-Anaheim, CA","06","California","037","Los Angeles","34.38344","-118.5284"
"01/04/2025","AirNow","060376012","1","0.043","ppm","40","Santa Clarita","24","100.0000","44201","Ozone","","31080","Los Angeles-Long Beach-Anaheim, CA","06","California","037","Los Angeles","34.38344","-118.5284"
"01/05/2025","AirNow","060376012","1","0.044","ppm","41","Santa Clarita","24","100.0000","44201","Ozone","","31080","Los Angeles-Long Beach-Anaheim, CA","06","California","037","Los Angeles","34.38344","-118.5284"
"01/06/2025","AirNow","060376012","1","0.042","ppm","39","Santa Clarita","24","100.0000","44201","Ozone","","31080","Los Angeles-Long Beach-Anaheim, CA","06","California","037","Los Angeles","34.38344","-118.5284"
"01/07/2025","AirNow","060376012","1","0.045","ppm","42","Santa Clarita","24","100.0000","44201","Ozone","","31080","Los Angeles-Long Beach-Anaheim, CA","06","California","037","Los Angeles","34.38344","-118.5284"
"01/08/2025","AirNow","060376012","1","0.045","ppm","42","Santa Clarita","24","100.0000","44201","Ozone","","31080","Los Angeles-Long Beach-Anaheim, CA","06","California","037","Los Angeles","34.38344","-118.5284"
"01/09/2025","AirNow","060376012","1","0.047","ppm","44","Santa Clarita","24","100.0000","44201","Ozone","","31080","Los Angeles-Long Beach-Anaheim, CA","06","California","037","Los Angeles","34.38344","-118.5284"
"01/10/2025","AirNow","060376012","1","0.044","ppm","41","Santa Clarita","24","100.0000","44201","Ozone","","31080","Los Angeles-Long Beach-Anaheim, CA","06","California","037","Los Angeles","34.38344","-118.5284"
"01/11/2025","AirNow","060376012","1","0.045","ppm","42","Santa Clarita","24","100.0000","44201","Ozone","","31080","Los Angeles-Long Beach-Anaheim, CA","06","California","037","Los Angeles","34.38344","-118.5284"
"01/12/2025","AirNow","060376012","1","0.045","ppm","42","Santa Clarita","24","100.0000","44201","Ozone","","31080","Los Angeles-Long Beach-Anaheim, CA","06","California","037","Los Angeles","34.38344","-118.5284"
"01/13/2025","AirNow","060376012","1","0.041","ppm","38","Santa Clarita","24","100.0000","44201","Ozone","","31080","Los Angeles-Long Beach-Anaheim, CA","06","California","037","Los Angeles","34.38344","-118.5284"
"01/14/2025","AirNow","060376012","1","0.043","ppm","40","Santa Clarita","24","100.0000","44201","Ozone","","31080","Los Angeles-Long Beach-Anaheim, CA","06","California","037","Los Angeles","34.38344","-118.5284"
"01/15/2025","AirNow","060376012","1","0.047","ppm","44","Santa Clarita","24","100.0000","44201","Ozone","","31080","Los Angeles-Long Beach-Anaheim, CA","06","California","037","Los Angeles","34.38344","-118.5284"
"01/16/2025","AirNow","060376012","1","0.044","ppm","41","Santa Clarita","24","100.0000","44201","Ozone","","31080","Los Angeles-Long Beach-Anaheim, CA","06","California","037","Los Angeles","34.38344","-118.5284"
"01/17/2025","AirNow","060376012","1","0.044","ppm","41","Santa Clarita","24","100.0000","44201","Ozone","","31080","Los Angeles-Long Beach-Anaheim, CA","06","California","037","Los Angeles","34.38344","-118.5284"
"01/18/2025","AirNow","060376012","1","0.043","ppm","40","Santa Clarita","24","100.0000","44201","Ozone","","31080","Los Angeles-Long Beach-Anaheim, CA","06","California","037","Los Angeles","34.38344","-118.5284"
"01/19/2025","AirNow","060376012","1","0.048","ppm","44","Santa Clarita","24","100.0000","44201","Ozone","","31080","Los Angeles-Long Beach-Anaheim, CA","06","California","037","Los Angeles","34.38344","-118.5284"
"01/20/2025","AirNow","060376012","1","0.047","ppm","44","Santa Clarita","24","100.0000","44201","Ozone","","31080","Los Angeles-Long Beach-Anaheim, CA","06","California","037","Los Angeles","34.38344","-118.5284"
"01/21/2025","AirNow","060376012","1","0.044","ppm","41","Santa Clarita","24","100.0000","44201","Ozone","","31080","Los Angeles-Long Beach-Anaheim, CA","06","California","037","Los Angeles","34.38344","-118.5284"
"01/22/2025","AirNow","060376012","1","0.044","ppm","41","Santa Clarita","24","100.0000","44201","Ozone","","31080","Los Angeles-Long Beach-Anaheim, CA","06","California","037","Los Angeles","34.38344","-118.5284"
"01/23/2025","AirNow","060376012","1","0.047","ppm","44","Santa Clarita","24","100.0000","44201","Ozone","","31080","Los Angeles-Long Beach-Anaheim, CA","06","California","037","Los Angeles","34.38344","-118.5284"
"01/24/2025","AirNow","060376012","1","0.044","ppm","41","Santa Clarita","24","100.0000","44201","Ozone","","31080","Los Angeles-Long Beach-Anaheim, CA","06","California","037","Los Angeles","34.38344","-118.5284"
"01/25/2025","AirNow","060376012","1","0.045","ppm","42","Santa Clarita","24","100.0000","44201","Ozone","","31080","Los Angeles-Long Beach-Anaheim, CA","06","California","037","Los Angeles","34.38344","-118.5284"
"01/26/2025","AirNow","060376012","1","0.037","ppm","34","Santa Clarita","24","100.0000","44201","Ozone","","31080","Los Angeles-Long Beach-Anaheim, CA","06","California","037","Los Angeles","34.38344","-118.5284"
"01/27/2025","AirNow","060376012","1","0.038","ppm","35","Santa Clarita","24","100.0000","44201","Ozone","","31080","Los Angeles-Long Beach-Anaheim, CA","06","California","037","Los Angeles","34.38344","-118.5284"
"01/28/2025","AirNow","060376012","1","0.036","ppm","33","Santa Clarita","24","100.0000","44201","Ozone","","31080","Los Angeles-Long Beach-Anaheim, CA","06","California","037","Los Angeles","34.38344","-118.5284"
"01/29/2025","AirNow","060376012","1","0.04","ppm","37","Santa Clarita","24","100.0000","44201","Ozone","","31080","Los Angeles-Long Beach-Anaheim, CA","06","California","037","Los Angeles","34.38344","-118.5284"
"01/30/2025","AirNow","060376012","1","0.035","ppm","32","Santa Clarita","24","100.0000","44201","Ozone","","31080","Los Angeles-Long Beach-Anaheim, CA","06","California","037","Los Angeles","34.38344","-118.5284"
"02/01/2025","AirNow","060376012","1","0.037","ppm","34","Santa Clarita","24","100.0000","44201","Ozone","","31080","Los Angeles-Long Beach-Anaheim, CA","06","California","037","Los Angeles","34.38344","-118.5284"
"02/02/2025","AirNow","060376012","1","0.054","ppm","50","Santa Clarita","24","100.0000","44201","Ozone","","31080","Los Angeles-Long Beach-Anaheim, CA","06","California","037","Los Angeles","34.38344","-118.5284"
"02/03/2025","AirNow","060376012","1","0.051","ppm","47","Santa Clarita","24","100.0000","44201","Ozone","","31080","Los Angeles-Long Beach-Anaheim, CA","06","California","037","Los Angeles","34.38344","-118.5284"
"02/04/2025","AirNow","060376012","1","0.039","ppm","36","Santa Clarita","24","100.0000","44201","Ozone","","31080","Los Angeles-Long Beach-Anaheim, CA","06","California","037","Los Angeles","34.38344","-118.5284"
"02/05/2025","AirNow","060376012","1","0.029","ppm","27","Santa Clarita","24","100.0000","44201","Ozone","","31080","Los Angeles-Long Beach-Anaheim, CA","06","California","037","Los Angeles","34.38344","-118.5284"
"02/06/2025","AirNow","060376012","1","0.032","ppm","30","Santa Clarita","24","100.0000","44201","Ozone","","31080","Los Angeles-Long Beach-Anaheim, CA","06","California","037","Los Angeles","34.38344","-118.5284"
"02/07/2025","AirNow","060376012","1","0.041","ppm","38","Santa Clarita","24","100.0000","44201","Ozone","","31080","Los Angeles-Long Beach-Anaheim, CA","06","California","037","Los Angeles","34.38344","-118.5284"
"02/08/2025","AirNow","060376012","1","0.044","ppm","41","Santa Clarita","24","100.0000","44201","Ozone","","31080","Los Angeles-Long Beach-Anaheim, CA","06","California","037","Los Angeles","34.38344","-118.5284"
"02/09/2025","AirNow","060376012","1","0.045","ppm","42","Santa Clarita","24","100.0000","44201","Ozone","","31080","Los Angeles-Long Beach-Anaheim, CA","06","California","037","Los Angeles","34.38344","-118.5284"
"02/10/2025","AirNow","060376012","1","0.047","ppm","44","Santa Clarita","24","100.0000","44201","Ozone","","31080","Los Angeles-Long Beach-Anaheim, CA","06","California","037","Los Angeles","34.38344","-118.5284"
"02/11/2025","AirNow","060376012","1","0.045","ppm","42","Santa Clarita","24","100.0000","44201","Ozone","","31080","Los Angeles-Long Beach-Anaheim, CA","06","California","037","Los Angeles","34.38344","-118.5284"
"02/12/2025","AirNow","060376012","1","0.03","ppm","28","Santa Clarita","24","100.0000","44201","Ozone","","31080","Los Angeles-Long Beach-Anaheim, CA","06","California","037","Los Angeles","34.38344","-118.5284"
"02/13/2025","AirNow","060376012","1","0.042","ppm","39","Santa Clarita","24","100.0000","44201","Ozone","","31080","Los Angeles-Long Beach-Anaheim, CA","06","California","037","Los Angeles","34.38344","-118.5284"
"02/14/2025","AirNow","060376012","1","0.043","ppm","40","Santa Clarita","24","100.0000","44201","Ozone","","31080","Los Angeles-Long Beach-Anaheim, CA","06","California","037","Los Angeles","34.38344","-118.5284"
"02/15/2025","AirNow","060376012","1","0.046","ppm","43","Santa Clarita","24","100.0000","44201","Ozone","","31080","Los Angeles-Long Beach-Anaheim, CA","06","California","037","Los Angeles","34.38344","-118.5284"
"02/16/2025","AirNow","060376012","1","0.049","ppm","45","Santa Clarita","24","100.0000","44201","Ozone","","31080","Los Angeles-Long Beach-Anaheim, CA","06","California","037","Los Angeles","34.38344","-118.5284"
"02/17/2025","AirNow","060376012","1","0.044","ppm","41","Santa Clarita","24","100.0000","44201","Ozone","","31080","Los Angeles-Long Beach-Anaheim, CA","06","California","037","Los Angeles","34.38344","-118.5284"
"02/18/2025","AirNow","060376012","1","0.047","ppm","44","Santa Clarita","24","100.0000","44201","Ozone","","31080","Los Angeles-Long Beach-Anaheim, CA","06","California","037","Los Angeles","34.38344","-118.5284"
"02/19/2025","AirNow","060376012","1","0.048","ppm","44","Santa Clarita","24","100.0000","44201","Ozone","","31080","Los Angeles-Long Beach-Anaheim, CA","06","California","037","Los Angeles","34.38344","-118.5284"
"02/20/2025","AirNow","060376012","1","0.05","ppm","46","Santa Clarita","24","100.0000","44201","Ozone","","31080","Los Angeles-Long Beach-Anaheim, CA","06","California","037","Los Angeles","34.38344","-118.5284"
"02/21/2025","AirNow","060376012","1","0.048","ppm","44","Santa Clarita","24","100.0000","44201","Ozone","","31080","Los Angeles-Long Beach-Anaheim, CA","06","California","037","Los Angeles","34.38344","-118.5284"
"02/22/2025","AirNow","060376012","1","0.051","ppm","47","Santa Clarita","24","100.0000","44201","Ozone","","31080","Los Angeles-Long Beach-Anaheim, CA","06","California","037","Los Angeles","34.38344","-118.5284"
"02/23/2025","AirNow","060376012","1","0.056","ppm","54","Santa Clarita","24","100.0000","44201","Ozone","","31080","Los Angeles-Long Beach-Anaheim, CA","06","California","037","Los Angeles","34.38344","-118.5284"
"02/24/2025","AirNow","060376012","1","0.055","ppm","51","Santa Clarita","24","100.0000","44201","Ozone","","31080","Los Angeles-Long Beach-Anaheim, CA","06","California","037","Los Angeles","34.38344","-118.5284"
"02/25/2025","AirNow","060376012","1","0.05","ppm","46","Santa Clarita","24","100.0000","44201","Ozone","","31080","Los Angeles-Long Beach-Anaheim, CA","06","California","037","Los Angeles","34.38344","-118.5284"
"02/26/2025","AirNow","060376012","1","0.05","ppm","46","Santa Clarita","24","100.0000","44201","Ozone","","31080","Los Angeles-Long Beach-Anaheim, CA","06","California","037","Los Angeles","34.38344","-118.5284"
"02/27/2025","AirNow","060376012","1","0.053","ppm","49","Santa Clarita","24","100.0000","44201","Ozone","","31080","Los Angeles-Long Beach-Anaheim, CA","06","California","037","Los Angeles","34.38344","-118.5284"
"02/28/2025","AirNow","060376012","1","0.054","ppm","50","Santa Clarita","24","100.0000","44201","Ozone","","31080","Los Angeles-Long Beach-Anaheim, CA","06","California","037","Los Angeles","34.38344","-118.5284"
"03/01/2025","AirNow","060376012","1","0.045","ppm","42","Santa Clarita","21","88.0000","44201","Ozone","","31080","Los Angeles-Long Beach-Anaheim, CA","06","California","037","Los Angeles","34.38344","-118.5284"
"01/01/2025","AirNow","060379035","1","0.04","ppm","37","Lancaster - Fairgrounds","24","100.0000","44201","Ozone","","31080","Los Angeles-Long Beach-Anaheim, CA","06","California","037","Los Angeles","34.725389","-118.178601"
"01/02/2025","AirNow","060379035","1","0.039","ppm","36","Lancaster - Fairgrounds","24","100.0000","44201","Ozone","","31080","Los Angeles-Long Beach-Anaheim, CA","06","California","037","Los Angeles","34.725389","-118.178601"
"01/03/2025","AirNow","060379035","1","0.049","ppm","45","Lancaster - Fairgrounds","24","100.0000","44201","Ozone","","31080","Los Angeles-Long Beach-Anaheim, CA","06","California","037","Los Angeles","34.725389","-118.178601"
"01/04/2025","AirNow","060379035","1","0.044","ppm","41","Lancaster - Fairgrounds","24","100.0000","44201","Ozone","","31080","Los Angeles-Long Beach-Anaheim, CA","06","California","037","Los Angeles","34.725389","-118.178601"
"01/05/2025","AirNow","060379035","1","0.039","ppm","36","Lancaster - Fairgrounds","24","100.0000","44201","Ozone","","31080","Los Angeles-Long Beach-Anaheim, CA","06","California","037","Los Angeles","34.725389","-118.178601"
"01/06/2025","AirNow","060379035","1","0.044","ppm","41","Lancaster - Fairgrounds","24","100.0000","44201","Ozone","","31080","Los Angeles-Long Beach-Anaheim, CA","06","California","037","Los Angeles","34.725389","-118.178601"
"01/07/2025","AirNow","060379035","1","0.044","ppm","41","Lancaster - Fairgrounds","24","100.0000","44201","Ozone","","31080","Los Angeles-Long Beach-Anaheim, CA","06","California","037","Los Angeles","34.725389","-118.178601"
"01/08/2025","AirNow","060379035","1","0.044","ppm","41","Lancaster - Fairgrounds","24","100.0000","44201","Ozone","","31080","Los Angeles-Long Beach-Anaheim, CA","06","California","037","Los Angeles","34.725389","-118.178601"
"01/09/2025","AirNow","060379035","1","0.043","ppm","40","Lancaster - Fairgrounds","24","100.0000","44201","Ozone","","31080","Los Angeles-Long Beach-Anaheim, CA","06","California","037","Los Angeles","34.725389","-118.178601"
"01/10/2025","AirNow","060379035","1","0.046","ppm","43","Lancaster - Fairgrounds","24","100.0000","44201","Ozone","","31080","Los Angeles-Long Beach-Anaheim, CA","06","California","037","Los Angeles","34.725389","-118.178601"
"01/11/2025","AirNow","060379035","1","0.044","ppm","41","Lancaster - Fairgrounds","24","100.0000","44201","Ozone","","31080","Los Angeles-Long Beach-Anaheim, CA","06","California","037","Los Angeles","34.725389","-118.178601"
"01/12/2025","AirNow","060379035","1","0.042","ppm","39","Lancaster - Fairgrounds","24","100.0000","44201","Ozone","","31080","Los Angeles-Long Beach-Anaheim, CA","06","California","037","Los Angeles","34.725389","-118.178601"
"01/13/2025","AirNow","060379035","1","0.04","ppm","37","Lancaster - Fairgrounds","24","100.0000","44201","Ozone","","31080","Los Angeles-Long Beach-Anaheim, CA","06","California","037","Los Angeles","34.725389","-118.178601"
"01/14/2025","AirNow","060379035","1","0.037","ppm","34","Lancaster - Fairgrounds","24","100.0000","44201","Ozone","","31080","Los Angeles-Long Beach-Anaheim, CA","06","California","037","Los Angeles","34.725389","-118.178601"
"01/15/2025","AirNow","060379035","1","0.044","ppm","41","Lancaster - Fairgrounds","24","100.0000","44201","Ozone","","31080","Los Angeles-Long Beach-Anaheim, CA","06","California","037","Los Angeles","34.725389","-118.178601"
"01/16/2025","AirNow","060379035","1","0.042","ppm","39","Lancaster - Fairgrounds","24","100.0000","44201","Ozone","","31080","Los Angeles-Long Beach-Anaheim, CA","06","California","037","Los Angeles","34.725389","-118.178601"
"01/17/2025","AirNow","060379035","1","0.051","ppm","47","Lancaster - Fairgrounds","24","100.0000","44201","Ozone","","31080","Los Angeles-Long Beach-Anaheim, CA","06","California","037","Los Angeles","34.725389","-118.178601"
"01/18/2025","AirNow","060379035","1","0.044","ppm","41","Lancaster - Fairgrounds","24","100.0000","44201","Ozone","","31080","Los Angeles-Long Beach-Anaheim, CA","06","California","037","Los Angeles","34.725389","-118.178601"
"01/19/2025","AirNow","060379035","1","0.049","ppm","45","Lancaster - Fairgrounds","24","100.0000","44201","Ozone","","31080","Los Angeles-Long Beach-Anaheim, CA","06","California","037","Los Angeles","34.725389","-118.178601"
"01/20/2025","AirNow","060379035","1","0.046","ppm","43","Lancaster - Fairgrounds","24","100.0000","44201","Ozone","","31080","Los Angeles-Long Beach-Anaheim, CA","06","California","037","Los Angeles","34.725389","-118.178601"
"01/21/2025","AirNow","060379035","1","0.042","ppm","39","Lancaster - Fairgrounds","24","100.0000","44201","Ozone","","31080","Los Angeles-Long Beach-Anaheim, CA","06","California","037","Los Angeles","34.725389","-118.178601"
"01/22/2025","AirNow","060379035","1","0.033","ppm","31","Lancaster - Fairgrounds","24","100.0000","44201","Ozone","","31080","Los Angeles-Long Beach-Anaheim, CA","06","California","037","Los Angeles","34.725389","-118.178601"
"01/23/2025","AirNow","060379035","1","0.042","ppm","39","Lancaster - Fairgrounds","24","100.0000","44201","Ozone","","31080","Los Angeles-Long Beach-Anaheim, CA","06","California","037","Los Angeles","34.725389","-118.178601"
"01/24/2025","AirNow","060379035","1","0.047","ppm","44","Lancaster - Fairgrounds","24","100.0000","44201","Ozone","","31080","Los Angeles-Long Beach-Anaheim, CA","06","California","037","Los Angeles","34.725389","-118.178601"
"01/25/2025","AirNow","060379035","1","0.051","ppm","47","Lancaster - Fairgrounds","24","100.0000","44201","Ozone","","31080","Los Angeles-Long Beach-Anaheim, CA","06","California","037","Los Angeles","34.725389","-118.178601"
"01/26/2025","AirNow","060379035","1","0.038","ppm","35","Lancaster - Fairgrounds","24","100.0000","44201","Ozone","","31080","Los Angeles-Long Beach-Anaheim, CA","06","California","037","Los Angeles","34.725389","-118.178601"
"01/27/2025","AirNow","060379035","1","0.039","ppm","36","Lancaster - Fairgrounds","24","100.0000","44201","Ozone","","31080","Los Angeles-Long Beach-Anaheim, CA","06","California","037","Los Angeles","34.725389","-118.178601"
"01/28/2025","AirNow","060379035","1","0.045","ppm","42","Lancaster - Fairgrounds","24","100.0000","44201","Ozone","","31080","Los Angeles-Long Beach-Anaheim, CA","06","California","037","Los Angeles","34.725389","-118.178601"
"01/29/2025","AirNow","060379035","1","0.045","ppm","42","Lancaster - Fairgrounds","24","100.0000","44201","Ozone","","31080","Los Angeles-Long Beach-Anaheim, CA","06","California","037","Los Angeles","34.725389","-118.178601"
"01/30/2025","AirNow","060379035","1","0.044","ppm","41","Lancaster - Fairgrounds","24","100.0000","44201","Ozone","","31080","Los Angeles-Long Beach-Anaheim, CA","06","California","037","Los Angeles","34.725389","-118.178601"
"01/31/2025","AirNow","060379035","1","0.04","ppm","37","Lancaster - Fairgrounds","24","100.0000","44201","Ozone","","31080","Los Angeles-Long Beach-Anaheim, CA","06","California","037","Los Angeles","34.725389","-118.178601"
"02/02/2025","AirNow","060379035","1","0.046","ppm","43","Lancaster - Fairgrounds","24","100.0000","44201","Ozone","","31080","Los Angeles-Long Beach-Anaheim, CA","06","California","037","Los Angeles","34.725389","-118.178601"
"02/03/2025","AirNow","060379035","1","0.047","ppm","44","Lancaster - Fairgrounds","24","100.0000","44201","Ozone","","31080","Los Angeles-Long Beach-Anaheim, CA","06","California","037","Los Angeles","34.725389","-118.178601"
"02/04/2025","AirNow","060379035","1","0.041","ppm","38","Lancaster - Fairgrounds","24","100.0000","44201","Ozone","","31080","Los Angeles-Long Beach-Anaheim, CA","06","California","037","Los Angeles","34.725389","-118.178601"
"02/05/2025","AirNow","060379035","1","0.032","ppm","30","Lancaster - Fairgrounds","24","100.0000","44201","Ozone","","31080","Los Angeles-Long Beach-Anaheim, CA","06","California","037","Los Angeles","34.725389","-118.178601"
"02/06/2025","AirNow","060379035","1","0.036","ppm","33","Lancaster - Fairgrounds","24","100.0000","44201","Ozone","","31080","Los Angeles-Long Beach-Anaheim, CA","06","California","037","Los Angeles","34.725389","-118.178601"
"02/07/2025","AirNow","060379035","1","0.043","ppm","40","Lancaster - Fairgrounds","24","100.0000","44201","Ozone","","31080","Los Angeles-Long Beach-Anaheim, CA","06","California","037","Los Angeles","34.725389","-118.178601"
"02/08/2025","AirNow","060379035","1","0.044","ppm","41","Lancaster - Fairgrounds","24","100.0000","44201","Ozone","","31080","Los Angeles-Long Beach-Anaheim, CA","06","California","037","Los Angeles","34.725389","-118.178601"
"02/09/2025","AirNow","060379035","1","0.042","ppm","39","Lancaster - Fairgrounds","24","100.0000","44201","Ozone","","31080","Los Angeles-Long Beach-Anaheim, CA","06","California","037","Los Angeles","34.725389","-118.178601"
"02/10/2025","AirNow","060379035","1","0.049","ppm","45","Lancaster - Fairgrounds","24","100.0000","44201","Ozone","","31080","Los Angeles-Long Beach-Anaheim, CA","06","California","037","Los Angeles","34.725389","-118.178601"
"02/11/2025","AirNow","060379035","1","0.046","ppm","43","Lancaster - Fairgrounds","24","100.0000","44201","Ozone","","31080","Los Angeles-Long Beach-Anaheim, CA","06","California","037","Los Angeles","34.725389","-118.178601"
"02/12/2025","AirNow","060379035","1","0.037","ppm","34","Lancaster - Fairgrounds","24","100.0000","44201","Ozone","","31080","Los Angeles-Long Beach-Anaheim, CA","06","California","037","Los Angeles","34.725389","-118.178601"
"02/13/2025","AirNow","060379035","1","0.044","ppm","41","Lancaster - Fairgrounds","24","100.0000","44201","Ozone","","31080","Los Angeles-Long Beach-Anaheim, CA","06","California","037","Los Angeles","34.725389","-118.178601"
"02/14/2025","AirNow","060379035","1","0.043","ppm","40","Lancaster - Fairgrounds","24","100.0000","44201","Ozone","","31080","Los Angeles-Long Beach-Anaheim, CA","06","California","037","Los Angeles","34.725389","-118.178601"
"02/15/2025","AirNow","060379035","1","0.043","ppm","40","Lancaster - Fairgrounds","24","100.0000","44201","Ozone","","31080","Los Angeles-Long Beach-Anaheim, CA","06","California","037","Los Angeles","34.725389","-118.178601"
"02/16/2025","AirNow","060379035","1","0.044","ppm","41","Lancaster - Fairgrounds","24","100.0000","44201","Ozone","","31080","Los Angeles-Long Beach-Anaheim, CA","06","California","037","Los Angeles","34.725389","-118.178601"
"02/17/2025","AirNow","060379035","1","0.044","ppm","41","Lancaster - Fairgrounds","24","100.0000","44201","Ozone","","31080","Los Angeles-Long Beach-Anaheim, CA","06","California","037","Los Angeles","34.725389","-118.178601"
"02/18/2025","AirNow","060379035","1","0.045","ppm","42","Lancaster - Fairgrounds","24","100.0000","44201","Ozone","","31080","Los Angeles-Long Beach-Anaheim, CA","06","California","037","Los Angeles","34.725389","-118.178601"
"02/19/2025","AirNow","060379035","1","0.047","ppm","44","Lancaster - Fairgrounds","24","100.0000","44201","Ozone","","31080","Los Angeles-Long Beach-Anaheim, CA","06","California","037","Los Angeles","34.725389","-118.178601"
"02/20/2025","AirNow","060379035","1","0.048","ppm","44","Lancaster - Fairgrounds","24","100.0000","44201","Ozone","","31080","Los Angeles-Long Beach-Anaheim, CA","06","California","037","Los Angeles","34.725389","-118.178601"
"02/21/2025","AirNow","060379035","1","0.046","ppm","43","Lancaster - Fairgrounds","24","100.0000","44201","Ozone","","31080","Los Angeles-Long Beach-Anaheim, CA","06","California","037","Los Angeles","34.725389","-118.178601"
"02/22/2025","AirNow","060379035","1","0.045","ppm","42","Lancaster - Fairgrounds","24","100.0000","44201","Ozone","","31080","Los Angeles-Long Beach-Anaheim, CA","06","California","037","Los Angeles","34.725389","-118.178601"
"02/23/2025","AirNow","060379035","1","0.051","ppm","47","Lancaster - Fairgrounds","24","100.0000","44201","Ozone","","31080","Los Angeles-Long Beach-Anaheim, CA","06","California","037","Los Angeles","34.725389","-118.178601"
"02/24/2025","AirNow","060379035","1","0.051","ppm","47","Lancaster - Fairgrounds","24","100.0000","44201","Ozone","","31080","Los Angeles-Long Beach-Anaheim, CA","06","California","037","Los Angeles","34.725389","-118.178601"
"02/25/2025","AirNow","060379035","1","0.048","ppm","44","Lancaster - Fairgrounds","24","100.0000","44201","Ozone","","31080","Los Angeles-Long Beach-Anaheim, CA","06","California","037","Los Angeles","34.725389","-118.178601"
"02/26/2025","AirNow","060379035","1","0.045","ppm","42","Lancaster - Fairgrounds","24","100.0000","44201","Ozone","","31080","Los Angeles-Long Beach-Anaheim, CA","06","California","037","Los Angeles","34.725389","-118.178601"
"02/27/2025","AirNow","060379035","1","0.051","ppm","47","Lancaster - Fairgrounds","24","100.0000","44201","Ozone","","31080","Los Angeles-Long Beach-Anaheim, CA","06","California","037","Los Angeles","34.725389","-118.178601"
"02/28/2025","AirNow","060379035","1","0.052","ppm","48","Lancaster - Fairgrounds","24","100.0000","44201","Ozone","","31080","Los Angeles-Long Beach-Anaheim, CA","06","California","037","Los Angeles","34.725389","-118.178601"
"03/01/2025","AirNow","060379035","1","0.053","ppm","49","Lancaster - Fairgrounds","20","83.0000","44201","Ozone","","31080","Los Angeles-Long Beach-Anaheim, CA","06","California","037","Los Angeles","34.725389","-118.178601"
