"Date","Source","Site ID","POC","Daily Max 8-hour Ozone Concentration","Units","Daily AQI Value","Local Site Name","Daily Obs Count","Percent Complete","AQS Parameter Code","AQS Parameter Description","Method Code","CBSA Code","CBSA Name","State FIPS Code","State","County FIPS Code","County","Site Latitude","Site Longitude"
"01/01/2024","AQS","060590007","1","0.032","ppm","30","Anaheim","17","100.0000","44201","Ozone","087","31080","Los Angeles-Long Beach-Anaheim, CA","06","California","059","Orange","33.83062","-117.93845"
"01/02/2024","AQS","060590007","1","0.032","ppm","30","Anaheim","17","100.0000","44201","Ozone","087","31080","Los Angeles-Long Beach-Anaheim, CA","06","California","059","Orange","33.83062","-117.93845"
"01/03/2024","AQS","060590007","1","0.032","ppm","30","Anaheim","17","100.0000","44201","Ozone","087","31080","Los Angeles-Long Beach-Anaheim, CA","06","California","059","Orange","33.83062","-117.93845"
"01/04/2024","AQS","060590007","1","0.026","ppm","24","Anaheim","17","100.0000","44201","Ozone","087","31080","Los Angeles-Long Beach-Anaheim, CA","06","California","059","Orange","33.83062","-117.93845"
"01/05/2024","AQS","060590007","1","0.024","ppm","22","Anaheim","17","100.0000","44201","Ozone","087","31080","Los Angeles-Long Beach-Anaheim, CA","06","California","059","Orange","33.83062","-117.93845"
"01/06/2024","AQS","060590007","1","0.031","ppm","29","Anaheim","17","100.0000","44201","Ozone","087","31080","Los Angeles-Long Beach-Anaheim, CA","06","California","059","Orange","33.83062","-117.93845"
"01/07/2024","AQS","060590007","1","0.032","ppm","30","Anaheim","17","100.0000","44201","Ozone","087","31080","Los Angeles-Long Beach-Anaheim, CA","06","California","059","Orange","33.83062","-117.93845"
"01/08/2024","AQS","060590007","1","0.029","ppm","27","Anaheim","17","100.0000","44201","Ozone","087","31080","Los Angeles-Long Beach-Anaheim, CA","06","California","059","Orange","33.83062","-117.93845"
"01/09/2024","AQS","060590007","1","0.024","ppm","22","Anaheim","17","100.0000","44201","Ozone","087","31080","Los Angeles-Long Beach-Anaheim, CA","06","California","059","Orange","33.83062","-117.93845"
"01/10/2024","AQS","060590007","1","0.026","ppm","24","Anaheim","17","100.0000","44201","Ozone","087","31080","Los Angeles-Long Beach-Anaheim, CA","06","California","059","Orange","33.83062","-117.93845"
"01/11/2024","AQS","060590007","1","0.035","ppm","32","Anaheim","17","100.0000","44201","Ozone","087","31080","Los Angeles-Long Beach-Anaheim, CA","06","California","059","Orange","33.83062","-117.93845"
"01/12/2024","AQS","060590007","1","0.03","ppm","28","Anaheim","17","100.0000","44201","Ozone","087","31080","Los Angeles-Long Beach-Anaheim, CA","06","California","059","Orange","33.83062","-117.93845"
"01/13/2024","AQS","060590007","1","0.033","ppm","31","Anaheim","17","100.0000","44201","Ozone","087","31080","Los Angeles-Long Beach-Anaheim, CA","06","California","059","Orange","33.83062","-117.93845"
"01/14/2024","AQS","060590007","1","0.033","ppm","31","Anaheim","17","100.0000","44201","Ozone","087","31080","Los Angeles-Long Beach-Anaheim, CA","06","California","059","Orange","33.83062","-117.93845"
"01/15/2024","AQS","060590007","1","0.032","ppm","30","Anaheim","17","100.0000","44201","Ozone","087","31080","Los Angeles-Long Beach-Anaheim, CA","06","California","059","Orange","33.83062","-117.93845"
"01/16/2024","AQS","060590007","1","0.026","ppm","24","Anaheim","17","100.0000","44201","Ozone","087","31080","Los Angeles-Long Beach-Anaheim, CA","06","California","059","Orange","33.83062","-117.93845"
"01/17/2024","AQS","060590007","1","0.029","ppm","27","Anaheim","17","100.0000","44201","Ozone","087","31080","Los Angeles-Long Beach-Anaheim, CA","06","California","059","Orange","33.83062","-117.93845"
"01/18/2024","AQS","060590007","1","0.028","ppm","26","Anaheim","17","100.0000","44201","Ozone","087","31080","Los Angeles-Long Beach-Anaheim, CA","06","California","059","Orange","33.83062","-117.93845"
"01/19/2024","AQS","060590007","1","0.022","ppm","20","Anaheim","17","100.0000","44201","Ozone","087","31080","Los Angeles-Long Beach-Anaheim, CA","06","California","059","Orange","33.83062","-117.93845"
"01/20/2024","AQS","060590007","1","0.018","ppm","17","Anaheim","17","100.0000","44201","Ozone","087","31080","Los Angeles-Long Beach-Anaheim, CA","06","California","059","Orange","33.83062","-117.93845"
"01/21/2024","AQS","060590007","1","0.028","ppm","26","Anaheim","17","100.0000","44201","Ozone","087","31080","Los Angeles-Long Beach-Anaheim, CA","06","California","059","Orange","33.83062","-117.93845"
"01/22/2024","AQS","060590007","1","0.022","ppm","20","Anaheim","17","100.0000","44201","Ozone","087","31080","Los Angeles-Long Beach-Anaheim, CA","06","California","059","Orange","33.83062","-117.93845"
"01/23/2024","AQS","060590007","1","0.025","ppm","23","Anaheim","17","100.0000","44201","Ozone","087","31080","Los Angeles-Long Beach-Anaheim, CA","06","California","059","Orange","33.83062","-117.93845"
"01/24/2024","AQS","060590007","1","0.025","ppm","23","Anaheim","13","76.0000","44201","Ozone","087","31080","Los Angeles-Long Beach-Anaheim, CA","06","California","059","Orange","33.83062","-117.93845"
"01/25/2024","AQS","060590007","1","0.026","ppm","24","Anaheim","17","100.0000","44201","Ozone","087","31080","Los Angeles-Long Beach-Anaheim, CA","06","California","059","Orange","33.83062","-117.93845"
"01/26/2024","AQS","060590007","1","0.023","ppm","21","Anaheim","17","100.0000","44201","Ozone","087","31080","Los Angeles-Long Beach-Anaheim, CA","06","California","059","Orange","33.83062","-117.93845"
"01/27/2024","AQS","060590007","1","0.035","ppm","32","Anaheim","17","100.0000","44201","Ozone","087","31080","Los Angeles-Long Beach-Anaheim, CA","06","California","059","Orange","33.83062","-117.93845"
"01/28/2024","AQS","060590007","1","0.032","ppm","30","Anaheim","17","100.0000","44201","Ozone","087","31080","Los Angeles-Long Beach-Anaheim, CA","06","California","059","Orange","33.83062","-117.93845"
"01/29/2024","AQS","060590007","1","0.029","ppm","27","Anaheim","17","100.0000","44201","Ozone","087","31080","Los Angeles-Long Beach-Anaheim, CA","06","California","059","Orange","33.83062","-117.93845"
"01/30/2024","AQS","060590007","1","0.032","ppm","30","Anaheim","17","100.0000","44201","Ozone","087","31080","Los Angeles-Long Beach-Anaheim, CA","06","California","059","Orange","33.83062","-117.93845"
"01/31/2024","AQS","060590007","1","0.038","ppm","35","Anaheim","17","100.0000","44201","Ozone","087","31080","Los Angeles-Long Beach-Anaheim, CA","06","California","059","Orange","33.83062","-117.93845"
"02/01/2024","AQS","060590007","1","0.022","ppm","20","Anaheim","17","100.0000","44201","Ozone","087","31080","Los Angeles-Long Beach-Anaheim, CA","06","California","059","Orange","33.83062","-117.93845"
"02/03/2024","AQS","060590007","1","0.035","ppm","32","Anaheim","17","100.0000","44201","Ozone","087","31080","Los Angeles-Long Beach-Anaheim, CA","06","California","059","Orange","33.83062","-117.93845"
"02/04/2024","AQS","060590007","1","0.031","ppm","29","Anaheim","17","100.0000","44201","Ozone","087","31080","Los Angeles-Long Beach-Anaheim, CA","06","California","059","Orange","33.83062","-117.93845"
"02/05/2024","AQS","060590007","1","0.023","ppm","21","Anaheim","17","100.0000","44201","Ozone","087","31080","Los Angeles-Long Beach-Anaheim, CA","06","California","059","Orange","33.83062","-117.93845"
"02/06/2024","AQS","060590007","1","0.027","ppm","25","Anaheim","17","100.0000","44201","Ozone","087","31080","Los Angeles-Long Beach-Anaheim, CA","06","California","059","Orange","33.83062","-117.93845"
"02/07/2024","AQS","060590007","1","0.032","ppm","30","Anaheim","17","100.0000","44201","Ozone","087","31080","Los Angeles-Long Beach-Anaheim, CA","06","California","059","Orange","33.83062","-117.93845"
"02/08/2024","AQS","060590007","1","0.032","ppm","30","Anaheim","17","100.0000","44201","Ozone","087","31080","Los Angeles-Long Beach-Anaheim, CA","06","California","059","Orange","33.83062","-117.93845"
"02/09/2024","AQS","060590007","1","0.032","ppm","30","Anaheim","17","100.0000","44201","Ozone","087","31080","Los Angeles-Long Beach-Anaheim, CA","06","California","059","Orange","33.83062","-117.93845"
"02/10/2024","AQS","060590007","1","0.034","ppm","31","Anaheim","17","100.0000","44201","Ozone","087","31080","Los Angeles-Long Beach-Anaheim, CA","06","California","059","Orange","33.83062","-117.93845"
"02/11/2024","AQS","060590007","1","0.033","ppm","31","Anaheim","17","100.0000","44201","Ozone","087","31080","Los Angeles-Long Beach-Anaheim, CA","06","California","059","Orange","33.83062","-117.93845"
"02/12/2024","AQS","060590007","1","0.031","ppm","29","Anaheim","17","100.0000","44201","Ozone","087","31080","Los Angeles-Long Beach-Anaheim, CA","06","California","059","Orange","33.83062","-117.93845"
"02/13/2024","AQS","060590007","1","0.034","ppm","31","Anaheim","17","100.0000","44201","Ozone","087","31080","Los Angeles-Long Beach-Anaheim, CA","06","California","059","Orange","33.83062","-117.93845"
"02/14/2024","AQS","060590007","1","0.035","ppm","32","Anaheim","17","100.0000","44201","Ozone","087","31080","Los Angeles-Long Beach-Anaheim, CA","06","California","059","Orange","33.83062","-117.93845"
"02/15/2024","AQS","060590007","1","0.031","ppm","29","Anaheim","17","100.0000","44201","Ozone","087","31080","Los Angeles-Long Beach-Anaheim, CA","06","California","059","Orange","33.83062","-117.93845"
"02/16/2024","AirNow","060590007","1","0.023","ppm","21","Anaheim","18","75.0000","44201","Ozone","","31080","Los Angeles-Long Beach-Anaheim, CA","06","California","059","Orange","33.83062","-117.93845"
"02/17/2024","AQS","060590007","1","0.03","ppm","28","Anaheim","17","100.0000","44201","Ozone","087","31080","Los Angeles-Long Beach-Anaheim, CA","06","California","059","Orange","33.83062","-117.93845"
"02/18/2024","AQS","060590007","1","0.03","ppm","28","Anaheim","17","100.0000","44201","Ozone","087","31080","Los Angeles-Long Beach-Anaheim, CA","06","California","059","Orange","33.83062","-117.93845"
"02/19/2024","AQS","060590007","1","0.025","ppm","23","Anaheim","17","100.0000","44201","Ozone","087","31080","Los Angeles-Long Beach-Anaheim, CA","06","California","059","Orange","33.83062","-117.93845"
"02/20/2024","AQS","060590007","1","0.028","ppm","26","Anaheim","17","100.0000","44201","Ozone","087","31080","Los Angeles-Long Beach-Anaheim, CA","06","California","059","Orange","33.83062","-117.93845"
"02/21/2024","AQS","060590007","1","0.033","ppm","31","Anaheim","13","76.0000","44201","Ozone","087","31080","Los Angeles-Long Beach-Anaheim, CA","06","California","059","Orange","33.83062","-117.93845"
"02/22/2024","AQS","060590007","1","0.032","ppm","30","Anaheim","17","100.0000","44201","Ozone","087","31080","Los Angeles-Long Beach-Anaheim, CA","06","California","059","Orange","33.83062","-117.93845"
"02/23/2024","AQS","060590007","1","0.036","ppm","33","Anaheim","17","100.0000","44201","Ozone","087","31080","Los Angeles-Long Beach-Anaheim, CA","06","California","059","Orange","33.83062","-117.93845"
"02/24/2024","AQS","060590007","1","0.034","ppm","31","Anaheim","17","100.0000","44201","Ozone","087","31080","Los Angeles-Long Beach-Anaheim, CA","06","California","059","Orange","33.83062","-117.93845"
"02/25/2024","AQS","060590007","1","0.031","ppm","29","Anaheim","17","100.0000","44201","Ozone","087","31080","Los Angeles-Long Beach-Anaheim, CA","06","California","059","Orange","33.83062","-117.93845"
"02/26/2024","AQS","060590007","1","0.022","ppm","20","Anaheim","17","100.0000","44201","Ozone","087","31080","Los Angeles-Long Beach-Anaheim, CA","06","California","059","Orange","33.83062","-117.93845"
"02/27/2024","AQS","060590007","1","0.03","ppm","28","Anaheim","17","100.0000","44201","Ozone","087","31080","Los Angeles-Long Beach-Anaheim, CA","06","California","059","Orange","33.83062","-117.93845"
"02/28/2024","AQS","060590007","1","0.031","ppm","29","Anaheim","17","100.0000","44201","Ozone","087","31080","Los Angeles-Long Beach-Anaheim, CA","06","California","059","Orange","33.83062","-117.93845"
"02/29/2024","AQS","060590007","1","0.031","ppm","29","Anaheim","17","100.0000","44201","Ozone","087","31080","Los Angeles-Long Beach-Anaheim, CA","06","California","059","Orange","33.83062","-117.93845"
"03/01/2024","AQS","060590007","1","0.03","ppm","28","Anaheim","17","100.0000","44201","Ozone","087","31080","Los Angeles-Long Beach-Anaheim, CA","06","California","059","Orange","33.83062","-117.93845"
"03/02/2024","AQS","060590007","1","0.03","ppm","28","Anaheim","17","100.0000","44201","Ozone","087","31080","Los Angeles-Long Beach-Anaheim, CA","06","California","059","Orange","33.83062","-117.93845"
"03/03/2024","AQS","060590007","1","0.032","ppm","30","Anaheim","17","100.0000","44201","Ozone","087","31080","Los Angeles-Long Beach-Anaheim, CA","06","California","059","Orange","33.83062","-117.93845"
"03/04/2024","AQS","060590007","1","0.033","ppm","31","Anaheim","17","100.0000","44201","Ozone","087","31080","Los Angeles-Long Beach-Anaheim, CA","06","California","059","Orange","33.83062","-117.93845"
"03/05/2024","AQS","060590007","1","0.032","ppm","30","Anaheim","17","100.0000","44201","Ozone","087","31080","Los Angeles-Long Beach-Anaheim, CA","06","California","059","Orange","33.83062","-117.93845"
"03/06/2024","AQS","060590007","1","0.028","ppm","26","Anaheim","17","100.0000","44201","Ozone","087","31080","Los Angeles-Long Beach-Anaheim, CA","06","California","059","Orange","33.83062","-117.93845"
"03/07/2024","AQS","060590007","1","0.027","ppm","25","Anaheim","17","100.0000","44201","Ozone","087","31080","Los Angeles-Long Beach-Anaheim, CA","06","California","059","Orange","33.83062","-117.93845"
"03/08/2024","AQS","060590007","1","0.031","ppm","29","Anaheim","17","100.0000","44201","Ozone","087","31080","Los Angeles-Long Beach-Anaheim, CA","06","California","059","Orange","33.83062","-117.93845"
"03/09/2024","AQS","060590007","1","0.037","ppm","34","Anaheim","13","76.0000","44201","Ozone","087","31080","Los Angeles-Long Beach-Anaheim, CA","06","California","059","Orange","33.83062","-117.93845"
"03/10/2024","AQS","060590007","1","0.034","ppm","31","Anaheim","17","100.0000","44201","Ozone","087","31080","Los Angeles-Long Beach-Anaheim, CA","06","California","059","Orange","33.83062","-117.93845"
"03/11/2024","AQS","060590007","1","0.033","ppm","31","Anaheim","17","100.0000","44201","Ozone","087","31080","Los Angeles-Long Beach-Anaheim, CA","06","California","059","Orange","33.83062","-117.93845"
"03/12/2024","AQS","060590007","1","0.032","ppm","30","Anaheim","17","100.0000","44201","Ozone","087","31080","Los Angeles-Long Beach-Anaheim, CA","06","California","059","Orange","33.83062","-117.93845"
"03/13/2024","AQS","060590007","1","0.032","ppm","30","Anaheim","17","100.0000","44201","Ozone","087","31080","Los Angeles-Long Beach-Anaheim, CA","06","California","059","Orange","33.83062","-117.93845"
"03/14/2024","AQS","060590007","1","0.038","ppm","35","Anaheim","17","100.0000","44201","Ozone","087","31080","Los Angeles-Long Beach-Anaheim, CA","06","California","059","Orange","33.83062","-117.93845"
"03/15/2024","AQS","060590007","1","0.035","ppm","32","Anaheim","17","100.0000","44201","Ozone","087","31080","Los Angeles-Long Beach-Anaheim, CA","06","California","059","Orange","33.83062","-117.93845"
"03/16/2024","AQS","060590007","1","0.037","ppm","34","Anaheim","17","100.0000","44201","Ozone","087","31080","Los Angeles-Long Beach-Anaheim, CA","06","California","059","Orange","33.83062","-117.93845"
"03/17/2024","AQS","060590007","1","0.034","ppm","31","Anaheim","17","100.0000","44201","Ozone","087","31080","Los Angeles-Long Beach-Anaheim, CA","06","California","059","Orange","33.83062","-117.93845"
"03/18/2024","AQS","060590007","1","0.035","ppm","32","Anaheim","17","100.0000","44201","Ozone","087","31080","Los Angeles-Long Beach-Anaheim, CA","06","California","059","Orange","33.83062","-117.93845"
"03/19/2024","AQS","060590007","1","0.039","ppm","36","Anaheim","17","100.0000","44201","Ozone","087","31080","Los Angeles-Long Beach-Anaheim, CA","06","California","059","Orange","33.83062","-117.93845"
"03/20/2024","AQS","060590007","1","0.036","ppm","33","Anaheim","17","100.0000","44201","Ozone","087","31080","Los Angeles-Long Beach-Anaheim, CA","06","California","059","Orange","33.83062","-117.93845"
"03/21/2024","AQS","060590007","1","0.038","ppm","35","Anaheim","17","100.0000","44201","Ozone","087","31080","Los Angeles-Long Beach-Anaheim, CA","06","California","059","Orange","33.83062","-117.93845"
"03/22/2024","AQS","060590007","1","0.034","ppm","31","Anaheim","17","100.0000","44201","Ozone","087","31080","Los Angeles-Long Beach-Anaheim, CA","06","California","059","Orange","33.83062","-117.93845"
"03/23/2024","AQS","060590007","1","0.034","ppm","31","Anaheim","17","100.0000","44201","Ozone","087","31080","Los Angeles-Long Beach-Anaheim, CA","06","California","059","Orange","33.83062","-117.93845"
"03/24/2024","AQS","060590007","1","0.034","ppm","31","Anaheim","17","100.0000","44201","Ozone","087","31080","Los Angeles-Long Beach-Anaheim, CA","06","California","059","Orange","33.83062","-117.93845"
"03/25/2024","AQS","060590007","1","0.031","ppm","29","Anaheim","17","100.0000","44201","Ozone","087","31080","Los Angeles-Long Beach-Anaheim, CA","06","California","059","Orange","33.83062","-117.93845"
"03/26/2024","AQS","060590007","1","0.034","ppm","31","Anaheim","17","100.0000","44201","Ozone","087","31080","Los Angeles-Long Beach-Anaheim, CA","06","California","059","Orange","33.83062","-117.93845"
"03/27/2024","AQS","060590007","1","0.038","ppm","35","Anaheim","17","100.0000","44201","Ozone","087","31080","Los Angeles-Long Beach-Anaheim, CA","06","California","059","Orange","33.83062","-117.93845"
"03/28/2024","AQS","060590007","1","0.03","ppm","28","Anaheim","17","100.0000","44201","Ozone","087","31080","Los Angeles-Long Beach-Anaheim, CA","06","California","059","Orange","33.83062","-117.93845"
"03/29/2024","AQS","060590007","1","0.038","ppm","35","Anaheim","17","100.0000","44201","Ozone","087","31080","Los Angeles-Long Beach-Anaheim, CA","06","California","059","Orange","33.83062","-117.93845"
"03/30/2024","AQS","060590007","1","0.033","ppm","31","Anaheim","17","100.0000","44201","Ozone","087","31080","Los Angeles-Long Beach-Anaheim, CA","06","California","059","Orange","33.83062","-117.93845"
"03/31/2024","AQS","060590007","1","0.034","ppm","31","Anaheim","17","100.0000","44201","Ozone","087","31080","Los Angeles-Long Beach-Anaheim, CA","06","California","059","Orange","33.83062","-117.93845"
"04/01/2024","AQS","060590007","1","0.036","ppm","33","Anaheim","51","300.0000","44201","Ozone","047","31080","Los Angeles-Long Beach-Anaheim, CA","06","California","059","Orange","33.83062","-117.93845"
"04/02/2024","AQS","060590007","1","0.036","ppm","33","Anaheim","51","300.0000","44201","Ozone","047","31080","Los Angeles-Long Beach-Anaheim, CA","06","California","059","Orange","33.83062","-117.93845"
"04/03/2024","AQS","060590007","1","0.035","ppm","32","Anaheim","51","300.0000","44201","Ozone","047","31080","Los Angeles-Long Beach-Anaheim, CA","06","California","059","Orange","33.83062","-117.93845"
"04/04/2024","AQS","060590007","1","0.033","ppm","31","Anaheim","51","300.0000","44201","Ozone","047","31080","Los Angeles-Long Beach-Anaheim, CA","06","California","059","Orange","33.83062","-117.93845"
"04/05/2024","AQS","060590007","1","0.038","ppm","35","Anaheim","51","300.0000","44201","Ozone","047","31080","Los Angeles-Long Beach-Anaheim, CA","06","California","059","Orange","33.83062","-117.93845"
"04/06/2024","AQS","060590007","1","0.039","ppm","36","Anaheim","51","300.0000","44201","Ozone","047","31080","Los Angeles-Long Beach-Anaheim, CA","06","California","059","Orange","33.83062","-117.93845"
"04/07/2024","AQS","060590007","1","0.035","ppm","32","Anaheim","51","300.0000","44201","Ozone","047","31080","Los Angeles-Long Beach-Anaheim, CA","06","California","059","Orange","33.83062","-117.93845"
"04/08/2024","AQS","060590007","1","0.036","ppm","33","Anaheim","51","300.0000","44201","Ozone","047","31080","Los Angeles-Long Beach-Anaheim, CA","06","California","059","Orange","33.83062","-117.93845"
"04/09/2024","AQS","060590007","1","0.046","ppm","43","Anaheim","51","300.0000","44201","Ozone","047","31080","Los Angeles-Long Beach-Anaheim, CA","06","California","059","Orange","33.83062","-117.93845"
"04/10/2024","AQS","060590007","1","0.044","ppm","41","Anaheim","51","300.0000","44201","Ozone","047","31080","Los Angeles-Long Beach-Anaheim, CA","06","California","059","Orange","33.83062","-117.93845"
"04/11/2024","AQS","060590007","1","0.041","ppm","38","Anaheim","51","300.0000","44201","Ozone","047","31080","Los Angeles-Long Beach-Anaheim, CA","06","California","059","Orange","33.83062","-117.93845"
"04/12/2024","AQS","060590007","1","0.038","ppm","35","Anaheim","51","300.0000","44201","Ozone","047","31080","Los Angeles-Long Beach-Anaheim, CA","06","California","059","Orange","33.83062","-117.93845"
"04/13/2024","AQS","060590007","1","0.04","ppm","37","Anaheim","51","300.0000","44201","Ozone","047","31080","Los Angeles-Long Beach-Anaheim, CA","06","California","059","Orange","33.83062","-117.93845"
"04/14/2024","AQS","060590007","1","0.036","ppm","33","Anaheim","51","300.0000","44201","Ozone","047","31080","Los Angeles-Long Beach-Anaheim, CA","06","California","059","Orange","33.83062","-117.93845"
"04/15/2024","AQS","060590007","1","0.04","ppm","37","Anaheim","51","300.0000","44201","Ozone","047","31080","Los Angeles-Long Beach-Anaheim, CA","06","California","059","Orange","33.83062","-117.93845"
"04/16/2024","AQS","060590007","1","0.043","ppm","40","Anaheim","51","300.0000","44201","Ozone","047","31080","Los Angeles-Long Beach-Anaheim, CA","06","California","059","Orange","33.83062","-117.93845"
"04/17/2024","AQS","060590007","1","0.04","ppm","37","Anaheim","51","300.0000","44201","Ozone","047","31080","Los Angeles-Long Beach-Anaheim, CA","06","California","059","Orange","33.83062","-117.93845"
"04/18/2024","AQS","060590007","1","0.037","ppm","34","Anaheim","51","300.0000","44201","Ozone","047","31080","Los Angeles-Long Beach-Anaheim, CA","06","California","059","Orange","33.83062","-117.93845"
"04/19/2024","AQS","060590007","1","0.04","ppm","37","Anaheim","51","300.0000","44201","Ozone","047","31080","Los Angeles-Long Beach-Anaheim, CA","06","California","059","Orange","33.83062","-117.93845"
"04/20/2024","AQS","060590007","1","0.043","ppm","40","Anaheim","51","300.0000","44201","Ozone","047","31080","Los Angeles-Long Beach-Anaheim, CA","06","California","059","Orange","33.83062","-117.93845"
"04/21/2024","AQS","060590007","1","0.047","ppm","44","Anaheim","51","300.0000","44201","Ozone","047","31080","Los Angeles-Long Beach-Anaheim, CA","06","California","059","Orange","33.83062","-117.93845"
"04/22/2024","AQS","060590007","1","0.037","ppm","34","Anaheim","51","300.0000","44201","Ozone","047","31080","Los Angeles-Long Beach-Anaheim, CA","06","California","059","Orange","33.83062","-117.93845"
"04/23/2024","AQS","060590007","1","0.036","ppm","33","Anaheim","51","300.0000","44201","Ozone","047","31080","Los Angeles-Long Beach-Anaheim, CA","06","California","059","Orange","33.83062","-117.93845"
"04/24/2024","AQS","060590007","1","0.034","ppm","31","Anaheim","51","300.0000","44201","Ozone","047","31080","Los Angeles-Long Beach-Anaheim, CA","06","California","059","Orange","33.83062","-117.93845"
"04/25/2024","AQS","060590007","1","0.032","ppm","30","Anaheim","51","300.0000","44201","Ozone","047","31080","Los Angeles-Long Beach-Anaheim, CA","06","California","059","Orange","33.83062","-117.93845"
"04/26/2024","AQS","060590007","1","0.029","ppm","27","Anaheim","51","300.0000","44201","Ozone","047","31080","Los Angeles-Long Beach-Anaheim, CA","06","California","059","Orange","33.83062","-117.93845"
"04/27/2024","AQS","060590007","1","0.036","ppm","33","Anaheim","51","300.0000","44201","Ozone","047","31080","Los Angeles-Long Beach-Anaheim, CA","06","California","059","Orange","33.83062","-117.93845"
"04/28/2024","AQS","060590007","1","0.035","ppm","32","Anaheim","51","300.0000","44201","Ozone","047","31080","Los Angeles-Long Beach-Anaheim, CA","06","California","059","Orange","33.83062","-117.93845"
"04/29/2024","AQS","060590007","1","0.036","ppm","33","Anaheim","51","300.0000","44201","Ozone","047","31080","Los Angeles-Long Beach-Anaheim, CA","06","California","059","Orange","33.83062","-117.93845"
"04/30/2024","AQS","060590007","1","0.037","ppm","34","Anaheim","51","300.0000","44201","Ozone","047","31080","Los Angeles-Long Beach-Anaheim, CA","06","California","059","Orange","33.83062","-117.93845"
"05/01/2024","AQS","060590007","1","0.039","ppm","36","Anaheim","51","300.0000","44201","Ozone","047","31080","Los Angeles-Long Beach-Anaheim, CA","06","California","059","Orange","33.83062","-117.93845"
"05/02/2024","AQS","060590007","1","0.04","ppm","37","Anaheim","51","300.0000","44201","Ozone","047","31080","Los Angeles-Long Beach-Anaheim, CA","06","California","059","Orange","33.83062","-117.93845"
"05/03/2024","AQS","060590007","1","0.042","ppm","39","Anaheim","48","282.0000","44201","Ozone","047","31080","Los Angeles-Long Beach-Anaheim, CA","06","California","059","Orange","33.83062","-117.93845"
"05/04/2024","AQS","060590007","1","0.036","ppm","33","Anaheim","51","300.0000","44201","Ozone","047","31080","Los Angeles-Long Beach-Anaheim, CA","06","California","059","Orange","33.83062","-117.93845"
"05/05/2024","AQS","060590007","1","0.037","ppm","34","Anaheim","51","300.0000","44201","Ozone","047","31080","Los Angeles-Long Beach-Anaheim, CA","06","California","059","Orange","33.83062","-117.93845"
"05/06/2024","AQS","060590007","1","0.038","ppm","35","Anaheim","51","300.0000","44201","Ozone","047","31080","Los Angeles-Long Beach-Anaheim, CA","06","California","059","Orange","33.83062","-117.93845"
"05/07/2024","AQS","060590007","1","0.042","ppm","39","Anaheim","51","300.0000","44201","Ozone","047","31080","Los Angeles-Long Beach-Anaheim, CA","06","California","059","Orange","33.83062","-117.93845"
"05/08/2024","AQS","060590007","1","0.039","ppm","36","Anaheim","51","300.0000","44201","Ozone","047","31080","Los Angeles-Long Beach-Anaheim, CA","06","California","059","Orange","33.83062","-117.93845"
"05/09/2024","AQS","060590007","1","0.039","ppm","36","Anaheim","51","300.0000","44201","Ozone","047","31080","Los Angeles-Long Beach-Anaheim, CA","06","California","059","Orange","33.83062","-117.93845"
"05/10/2024","AQS","060590007","1","0.041","ppm","38","Anaheim","51","300.0000","44201","Ozone","047","31080","Los Angeles-Long Beach-Anaheim, CA","06","California","059","Orange","33.83062","-117.93845"
"05/11/2024","AQS","060590007","1","0.039","ppm","36","Anaheim","51","300.0000","44201","Ozone","047","31080","Los Angeles-Long Beach-Anaheim, CA","06","California","059","Orange","33.83062","-117.93845"
"05/12/2024","AQS","060590007","1","0.038","ppm","35","Anaheim","51","300.0000","44201","Ozone","047","31080","Los Angeles-Long Beach-Anaheim, CA","06","California","059","Orange","33.83062","-117.93845"
"05/13/2024","AQS","060590007","1","0.034","ppm","31","Anaheim","51","300.0000","44201","Ozone","047","31080","Los Angeles-Long Beach-Anaheim, CA","06","California","059","Orange","33.83062","-117.93845"
"05/14/2024","AQS","060590007","1","0.036","ppm","33","Anaheim","51","300.0000","44201","Ozone","047","31080","Los Angeles-Long Beach-Anaheim, CA","06","California","059","Orange","33.83062","-117.93845"
"05/15/2024","AQS","060590007","1","0.035","ppm","32","Anaheim","51","300.0000","44201","Ozone","047","31080","Los Angeles-Long Beach-Anaheim, CA","06","California","059","Orange","33.83062","-117.93845"
"05/16/2024","AQS","060590007","1","0.035","ppm","32","Anaheim","51","300.0000","44201","Ozone","047","31080","Los Angeles-Long Beach-Anaheim, CA","06","California","059","Orange","33.83062","-117.93845"
"05/17/2024","AQS","060590007","1","0.036","ppm","33","Anaheim","51","300.0000","44201","Ozone","047","31080","Los Angeles-Long Beach-Anaheim, CA","06","California","059","Orange","33.83062","-117.93845"
"05/18/2024","AQS","060590007","1","0.036","ppm","33","Anaheim","51","300.0000","44201","Ozone","047","31080","Los Angeles-Long Beach-Anaheim, CA","06","California","059","Orange","33.83062","-117.93845"
"05/19/2024","AQS","060590007","1","0.04","ppm","37","Anaheim","51","300.0000","44201","Ozone","047","31080","Los Angeles-Long Beach-Anaheim, CA","06","California","059","Orange","33.83062","-117.93845"
"05/20/2024","AQS","060590007","1","0.037","ppm","34","Anaheim","51","300.0000","44201","Ozone","047","31080","Los Angeles-Long Beach-Anaheim, CA","06","California","059","Orange","33.83062","-117.93845"
"05/21/2024","AQS","060590007","1","0.04","ppm","37","Anaheim","51","300.0000","44201","Ozone","047","31080","Los Angeles-Long Beach-Anaheim, CA","06","California","059","Orange","33.83062","-117.93845"
"05/22/2024","AQS","060590007","1","0.04","ppm","37","Anaheim","51","300.0000","44201","Ozone","047","31080","Los Angeles-Long Beach-Anaheim, CA","06","California","059","Orange","33.83062","-117.93845"
"05/23/2024","AQS","060590007","1","0.036","ppm","33","Anaheim","51","300.0000","44201","Ozone","047","31080","Los Angeles-Long Beach-Anaheim, CA","06","California","059","Orange","33.83062","-117.93845"
"05/24/2024","AQS","060590007","1","0.035","ppm","32","Anaheim","51","300.0000","44201","Ozone","047","31080","Los Angeles-Long Beach-Anaheim, CA","06","California","059","Orange","33.83062","-117.93845"
"05/25/2024","AQS","060590007","1","0.029","ppm","27","Anaheim","51","300.0000","44201","Ozone","047","31080","Los Angeles-Long Beach-Anaheim, CA","06","California","059","Orange","33.83062","-117.93845"
"05/26/2024","AQS","060590007","1","0.031","ppm","29","Anaheim","51","300.0000","44201","Ozone","047","31080","Los Angeles-Long Beach-Anaheim, CA","06","California","059","Orange","33.83062","-117.93845"
"05/27/2024","AQS","060590007","1","0.037","ppm","34","Anaheim","51","300.0000","44201","Ozone","047","31080","Los Angeles-Long Beach-Anaheim, CA","06","California","059","Orange","33.83062","-117.93845"
"05/28/2024","AQS","060590007","1","0.037","ppm","34","Anaheim","51","300.0000","44201","Ozone","047","31080","Los Angeles-Long Beach-Anaheim, CA","06","California","059","Orange","33.83062","-117.93845"
"05/29/2024","AQS","060590007","1","0.037","ppm","34","Anaheim","51","300.0000","44201","Ozone","047","31080","Los Angeles-Long Beach-Anaheim, CA","06","California","059","Orange","33.83062","-117.93845"
"05/30/2024","AQS","060590007","1","0.037","ppm","34","Anaheim","51","300.0000","44201","Ozone","047","31080","Los Angeles-Long Beach-Anaheim, CA","06","California","059","Orange","33.83062","-117.93845"
"05/31/2024","AQS","060590007","1","0.04","ppm","37","Anaheim","51","300.0000","44201","Ozone","047","31080","Los Angeles-Long Beach-Anaheim, CA","06","California","059","Orange","33.83062","-117.93845"
"06/01/2024","AQS","060590007","1","0.042","ppm","39","Anaheim","51","300.0000","44201","Ozone","047","31080","Los Angeles-Long Beach-Anaheim, CA","06","California","059","Orange","33.83062","-117.93845"
"06/02/2024","AQS","060590007","1","0.037","ppm","34","Anaheim","51","300.0000","44201","Ozone","047","31080","Los Angeles-Long Beach-Anaheim, CA","06","California","059","Orange","33.83062","-117.93845"
"06/03/2024","AQS","060590007","1","0.035","ppm","32","Anaheim","51","300.0000","44201","Ozone","047","31080","Los Angeles-Long Beach-Anaheim, CA","06","California","059","Orange","33.83062","-117.93845"
"06/04/2024","AQS","060590007","1","0.036","ppm","33","Anaheim","51","300.0000","44201","Ozone","047","31080","Los Angeles-Long Beach-Anaheim, CA","06","California","059","Orange","33.83062","-117.93845"
"06/05/2024","AQS","060590007","1","0.032","ppm","30","Anaheim","51","300.0000","44201","Ozone","047","31080","Los Angeles-Long Beach-Anaheim, CA","06","California","059","Orange","33.83062","-117.93845"
"06/06/2024","AQS","060590007","1","0.037","ppm","34","Anaheim","51","300.0000","44201","Ozone","047","31080","Los Angeles-Long Beach-Anaheim, CA","06","California","059","Orange","33.83062","-117.93845"
"06/07/2024","AQS","060590007","1","0.033","ppm","31","Anaheim","42","247.0000","44201","Ozone","047","31080","Los Angeles-Long Beach-Anaheim, CA","06","California","059","Orange","33.83062","-117.93845"
"06/08/2024","AQS","060590007","1","0.029","ppm","27","Anaheim","51","300.0000","44201","Ozone","047","31080","Los Angeles-Long Beach-Anaheim, CA","06","California","059","Orange","33.83062","-117.93845"
"06/09/2024","AQS","060590007","1","0.034","ppm","31","Anaheim","51","300.0000","44201","Ozone","047","31080","Los Angeles-Long Beach-Anaheim, CA","06","California","059","Orange","33.83062","-117.93845"
"06/10/2024","AQS","060590007","1","0.04","ppm","37","Anaheim","51","300.0000","44201","Ozone","047","31080","Los Angeles-Long Beach-Anaheim, CA","06","California","059","Orange","33.83062","-117.93845"
"06/11/2024","AQS","060590007","1","0.04","ppm","37","Anaheim","51","300.0000","44201","Ozone","047","31080","Los Angeles-Long Beach-Anaheim, CA","06","California","059","Orange","33.83062","-117.93845"
"06/12/2024","AQS","060590007","1","0.036","ppm","33","Anaheim","51","300.0000","44201","Ozone","047","31080","Los Angeles-Long Beach-Anaheim, CA","06","California","059","Orange","33.83062","-117.93845"
"06/13/2024","AQS","060590007","1","0.038","ppm","35","Anaheim","39","229.0000","44201","Ozone","047","31080","Los Angeles-Long Beach-Anaheim, CA","06","California","059","Orange","33.83062","-117.93845"
"06/14/2024","AQS","060590007","1","0.045","ppm","42","Anaheim","51","300.0000","44201","Ozone","047","31080","Los Angeles-Long Beach-Anaheim, CA","06","California","059","Orange","33.83062","-117.93845"
"06/15/2024","AQS","060590007","1","0.054","ppm","50","Anaheim","51","300.0000","44201","Ozone","047","31080","Los Angeles-Long Beach-Anaheim, CA","06","California","059","Orange","33.83062","-117.93845"
"06/16/2024","AQS","060590007","1","0.038","ppm","35","Anaheim","51","300.0000","44201","Ozone","047","31080","Los Angeles-Long Beach-Anaheim, CA","06","California","059","Orange","33.83062","-117.93845"
"06/17/2024","AQS","060590007","1","0.039","ppm","36","Anaheim","51","300.0000","44201","Ozone","047","31080","Los Angeles-Long Beach-Anaheim, CA","06","California","059","Orange","33.83062","-117.93845"
"06/18/2024","AQS","060590007","1","0.043","ppm","40","Anaheim","42","247.0000","44201","Ozone","047","31080","Los Angeles-Long Beach-Anaheim, CA","06","California","059","Orange","33.83062","-117.93845"
"06/19/2024","AQS","060590007","1","0.042","ppm","39","Anaheim","51","300.0000","44201","Ozone","047","31080","Los Angeles-Long Beach-Anaheim, CA","06","California","059","Orange","33.83062","-117.93845"
"06/20/2024","AQS","060590007","1","0.046","ppm","43","Anaheim","51","300.0000","44201","Ozone","047","31080","Los Angeles-Long Beach-Anaheim, CA","06","California","059","Orange","33.83062","-117.93845"
"06/21/2024","AQS","060590007","1","0.049","ppm","45","Anaheim","39","229.0000","44201","Ozone","047","31080","Los Angeles-Long Beach-Anaheim, CA","06","California","059","Orange","33.83062","-117.93845"
"06/22/2024","AQS","060590007","1","0.053","ppm","49","Anaheim","51","300.0000","44201","Ozone","047","31080","Los Angeles-Long Beach-Anaheim, CA","06","California","059","Orange","33.83062","-117.93845"
"06/23/2024","AQS","060590007","1","0.06","ppm","67","Anaheim","51","300.0000","44201","Ozone","047","31080","Los Angeles-Long Beach-Anaheim, CA","06","California","059","Orange","33.83062","-117.93845"
"06/24/2024","AQS","060590007","1","0.052","ppm","48","Anaheim","51","300.0000","44201","Ozone","047","31080","Los Angeles-Long Beach-Anaheim, CA","06","California","059","Orange","33.83062","-117.93845"
"06/25/2024","AQS","060590007","1","0.038","ppm","35","Anaheim","51","300.0000","44201","Ozone","047","31080","Los Angeles-Long Beach-Anaheim, CA","06","California","059","Orange","33.83062","-117.93845"
"06/26/2024","AQS","060590007","1","0.033","ppm","31","Anaheim","51","300.0000","44201","Ozone","047","31080","Los Angeles-Long Beach-Anaheim, CA","06","California","059","Orange","33.83062","-117.93845"
"06/27/2024","AQS","060590007","1","0.036","ppm","33","Anaheim","51","300.0000","44201","Ozone","047","31080","Los Angeles-Long Beach-Anaheim, CA","06","California","059","Orange","33.83062","-117.93845"
"06/28/2024","AQS","060590007","1","0.036","ppm","33","Anaheim","51","300.0000","44201","Ozone","047","31080","Los Angeles-Long Beach-Anaheim, CA","06","California","059","Orange","33.83062","-117.93845"
"06/29/2024","AQS","060590007","1","0.045","ppm","42","Anaheim","51","300.0000","44201","Ozone","047","31080","Los Angeles-Long Beach-Anaheim, CA","06","California","059","Orange","33.83062","-117.93845"
"06/30/2024","AQS","060590007","1","0.053","ppm","49","Anaheim","51","300.0000","44201","Ozone","047","31080","Los Angeles-Long Beach-Anaheim, CA","06","California","059","Orange","33.83062","-117.93845"
"07/01/2024","AQS","060590007","1","0.041","ppm","38","Anaheim","51","300.0000","44201","Ozone","047","31080","Los Angeles-Long Beach-Anaheim, CA","06","California","059","Orange","33.83062","-117.93845"
"07/02/2024","AQS","060590007","1","0.042","ppm","39","Anaheim","51","300.0000","44201","Ozone","047","31080","Los Angeles-Long Beach-Anaheim, CA","06","California","059","Orange","33.83062","-117.93845"
"07/03/2024","AQS","060590007","1","0.05","ppm","46","Anaheim","51","300.0000","44201","Ozone","047","31080","Los Angeles-Long Beach-Anaheim, CA","06","California","059","Orange","33.83062","-117.93845"
"07/04/2024","AQS","060590007","1","0.044","ppm","41","Anaheim","51","300.0000","44201","Ozone","047","31080","Los Angeles-Long Beach-Anaheim, CA","06","California","059","Orange","33.83062","-117.93845"
"07/05/2024","AQS","060590007","1","0.045","ppm","42","Anaheim","51","300.0000","44201","Ozone","047","31080","Los Angeles-Long Beach-Anaheim, CA","06","California","059","Orange","33.83062","-117.93845"
"07/06/2024","AQS","060590007","1","0.035","ppm","32","Anaheim","51","300.0000","44201","Ozone","047","31080","Los Angeles-Long Beach-Anaheim, CA","06","California","059","Orange","33.83062","-117.93845"
"07/07/2024","AQS","060590007","1","0.037","ppm","34","Anaheim","51","300.0000","44201","Ozone","047","31080","Los Angeles-Long Beach-Anaheim, CA","06","California","059","Orange","33.83062","-117.93845"
"07/08/2024","AQS","060590007","1","0.044","ppm","41","Anaheim","51","300.0000","44201","Ozone","047","31080","Los Angeles-Long Beach-Anaheim, CA","06","California","059","Orange","33.83062","-117.93845"
"07/09/2024","AQS","060590007","1","0.047","ppm","44","Anaheim","51","300.0000","44201","Ozone","047","31080","Los Angeles-Long Beach-Anaheim, CA","06","California","059","Orange","33.83062","-117.93845"
"07/10/2024","AQS","060590007","1","0.054","ppm","50","Anaheim","51","300.0000","44201","Ozone","047","31080","Los Angeles-Long Beach-Anaheim, CA","06","California","059","Orange","33.83062","-117.93845"
"07/11/2024","AQS","060590007","1","0.048","ppm","44","Anaheim","51","300.0000","44201","Ozone","047","31080","Los Angeles-Long Beach-Anaheim, CA","06","California","059","Orange","33.83062","-117.93845"
"07/12/2024","AQS","060590007","1","0.04","ppm","37","Anaheim","51","300.0000","44201","Ozone","047","31080","Los Angeles-Long Beach-Anaheim, CA","06","California","059","Orange","33.83062","-117.93845"
"07/13/2024","AQS","060590007","1","0.043","ppm","40","Anaheim","51","300.0000","44201","Ozone","047","31080","Los Angeles-Long Beach-Anaheim, CA","06","California","059","Orange","33.83062","-117.93845"
"07/14/2024","AQS","060590007","1","0.046","ppm","43","Anaheim","51","300.0000","44201","Ozone","047","31080","Los Angeles-Long Beach-Anaheim, CA","06","California","059","Orange","33.83062","-117.93845"
"07/15/2024","AQS","060590007","1","0.045","ppm","42","Anaheim","51","300.0000","44201","Ozone","047","31080","Los Angeles-Long Beach-Anaheim, CA","06","California","059","Orange","33.83062","-117.93845"
"07/16/2024","AQS","060590007","1","0.037","ppm","34","Anaheim","36","212.0000","44201","Ozone","047","31080","Los Angeles-Long Beach-Anaheim, CA","06","California","059","Orange","33.83062","-117.93845"
"07/17/2024","AQS","060590007","1","0.041","ppm","38","Anaheim","42","247.0000","44201","Ozone","047","31080","Los Angeles-Long Beach-Anaheim, CA","06","California","059","Orange","33.83062","-117.93845"
"07/18/2024","AQS","060590007","1","0.038","ppm","35","Anaheim","51","300.0000","44201","Ozone","047","31080","Los Angeles-Long Beach-Anaheim, CA","06","California","059","Orange","33.83062","-117.93845"
"07/19/2024","AQS","060590007","1","0.057","ppm","58","Anaheim","51","300.0000","44201","Ozone","047","31080","Los Angeles-Long Beach-Anaheim, CA","06","California","059","Orange","33.83062","-117.93845"
"07/20/2024","AQS","060590007","1","0.058","ppm","61","Anaheim","51","300.0000","44201","Ozone","047","31080","Los Angeles-Long Beach-Anaheim, CA","06","California","059","Orange","33.83062","-117.93845"
"07/21/2024","AQS","060590007","1","0.039","ppm","36","Anaheim","51","300.0000","44201","Ozone","047","31080","Los Angeles-Long Beach-Anaheim, CA","06","California","059","Orange","33.83062","-117.93845"
"07/22/2024","AQS","060590007","1","0.044","ppm","41","Anaheim","51","300.0000","44201","Ozone","047","31080","Los Angeles-Long Beach-Anaheim, CA","06","California","059","Orange","33.83062","-117.93845"
"07/23/2024","AQS","060590007","1","0.042","ppm","39","Anaheim","51","300.0000","44201","Ozone","047","31080","Los Angeles-Long Beach-Anaheim, CA","06","California","059","Orange","33.83062","-117.93845"
"07/24/2024","AQS","060590007","1","0.045","ppm","42","Anaheim","51","300.0000","44201","Ozone","047","31080","Los Angeles-Long Beach-Anaheim, CA","06","California","059","Orange","33.83062","-117.93845"
"07/25/2024","AQS","060590007","1","0.051","ppm","47","Anaheim","51","300.0000","44201","Ozone","047","31080","Los Angeles-Long Beach-Anaheim, CA","06","California","059","Orange","33.83062","-117.93845"
"07/26/2024","AQS","060590007","1","0.036","ppm","33","Anaheim","51","300.0000","44201","Ozone","047","31080","Los Angeles-Long Beach-Anaheim, CA","06","California","059","Orange","33.83062","-117.93845"
"07/27/2024","AQS","060590007","1","0.042","ppm","39","Anaheim","51","300.0000","44201","Ozone","047","31080","Los Angeles-Long Beach-Anaheim, CA","06","California","059","Orange","33.83062","-117.93845"
"07/28/2024","AQS","060590007","1","0.041","ppm","38","Anaheim","51","300.0000","44201","Ozone","047","31080","Los Angeles-Long Beach-Anaheim, CA","06","California","059","Orange","33.83062","-117.93845"
"07/29/2024","AQS","060590007","1","0.046","ppm","43","Anaheim","51","300.0000","44201","Ozone","047","31080","Los Angeles-Long Beach-Anaheim, CA","06","California","059","Orange","33.83062","-117.93845"
"07/30/2024","AQS","060590007","1","0.044","ppm","41","Anaheim","51","300.0000","44201","Ozone","047","31080","Los Angeles-Long Beach-Anaheim, CA","06","California","059","Orange","33.83062","-117.93845"
"07/31/2024","AQS","060590007","1","0.045","ppm","42","Anaheim","51","300.0000","44201","Ozone","047","31080","Los Angeles-Long Beach-Anaheim, CA","06","California","059","Orange","33.83062","-117.93845"
"08/01/2024","AQS","060590007","1","0.042","ppm","39","Anaheim","51","300.0000","44201","Ozone","047","31080","Los Angeles-Long Beach-Anaheim, CA","06","California","059","Orange","33.83062","-117.93845"
"08/02/2024","AQS","060590007","1","0.061","ppm","71","Anaheim","51","300.0000","44201","Ozone","047","31080","Los Angeles-Long Beach-Anaheim, CA","06","California","059","Orange","33.83062","-117.93845"
"08/03/2024","AQS","060590007","1","0.054","ppm","50","Anaheim","51","300.0000","44201","Ozone","047","31080","Los Angeles-Long Beach-Anaheim, CA","06","California","059","Orange","33.83062","-117.93845"
"08/04/2024","AQS","060590007","1","0.056","ppm","54","Anaheim","51","300.0000","44201","Ozone","047","31080","Los Angeles-Long Beach-Anaheim, CA","06","California","059","Orange","33.83062","-117.93845"
"08/05/2024","AQS","060590007","1","0.055","ppm","51","Anaheim","51","300.0000","44201","Ozone","047","31080","Los Angeles-Long Beach-Anaheim, CA","06","California","059","Orange","33.83062","-117.93845"
"08/06/2024","AQS","060590007","1","0.043","ppm","40","Anaheim","51","300.0000","44201","Ozone","047","31080","Los Angeles-Long Beach-Anaheim, CA","06","California","059","Orange","33.83062","-117.93845"
"08/07/2024","AQS","060590007","1","0.033","ppm","31","Anaheim","51","300.0000","44201","Ozone","047","31080","Los Angeles-Long Beach-Anaheim, CA","06","California","059","Orange","33.83062","-117.93845"
"08/08/2024","AQS","060590007","1","0.038","ppm","35","Anaheim","51","300.0000","44201","Ozone","047","31080","Los Angeles-Long Beach-Anaheim, CA","06","California","059","Orange","33.83062","-117.93845"
"08/09/2024","AQS","060590007","1","0.046","ppm","43","Anaheim","51","300.0000","44201","Ozone","047","31080","Los Angeles-Long Beach-Anaheim, CA","06","California","059","Orange","33.83062","-117.93845"
"08/10/2024","AQS","060590007","1","0.055","ppm","51","Anaheim","51","300.0000","44201","Ozone","047","31080","Los Angeles-Long Beach-Anaheim, CA","06","California","059","Orange","33.83062","-117.93845"
"08/11/2024","AQS","060590007","1","0.049","ppm","45","Anaheim","51","300.0000","44201","Ozone","047","31080","Los Angeles-Long Beach-Anaheim, CA","06","California","059","Orange","33.83062","-117.93845"
"08/12/2024","AQS","060590007","1","0.042","ppm","39","Anaheim","51","300.0000","44201","Ozone","047","31080","Los Angeles-Long Beach-Anaheim, CA","06","California","059","Orange","33.83062","-117.93845"
"08/13/2024","AQS","060590007","1","0.04","ppm","37","Anaheim","51","300.0000","44201","Ozone","047","31080","Los Angeles-Long Beach-Anaheim, CA","06","California","059","Orange","33.83062","-117.93845"
"08/14/2024","AQS","060590007","1","0.041","ppm","38","Anaheim","51","300.0000","44201","Ozone","047","31080","Los Angeles-Long Beach-Anaheim, CA","06","California","059","Orange","33.83062","-117.93845"
"08/15/2024","AQS","060590007","1","0.045","ppm","42","Anaheim","51","300.0000","44201","Ozone","047","31080","Los Angeles-Long Beach-Anaheim, CA","06","California","059","Orange","33.83062","-117.93845"
"08/16/2024","AQS","060590007","1","0.042","ppm","39","Anaheim","51","300.0000","44201","Ozone","047","31080","Los Angeles-Long Beach-Anaheim, CA","06","California","059","Orange","33.83062","-117.93845"
"08/17/2024","AQS","060590007","1","0.036","ppm","33","Anaheim","51","300.0000","44201","Ozone","047","31080","Los Angeles-Long Beach-Anaheim, CA","06","California","059","Orange","33.83062","-117.93845"
"08/18/2024","AQS","060590007","1","0.046","ppm","43","Anaheim","51","300.0000","44201","Ozone","047","31080","Los Angeles-Long Beach-Anaheim, CA","06","California","059","Orange","33.83062","-117.93845"
"08/19/2024","AQS","060590007","1","0.059","ppm","64","Anaheim","51","300.0000","44201","Ozone","047","31080","Los Angeles-Long Beach-Anaheim, CA","06","California","059","Orange","33.83062","-117.93845"
"08/20/2024","AQS","060590007","1","0.064","ppm","80","Anaheim","51","300.0000","44201","Ozone","047","31080","Los Angeles-Long Beach-Anaheim, CA","06","California","059","Orange","33.83062","-117.93845"
"08/21/2024","AQS","060590007","1","0.048","ppm","44","Anaheim","51","300.0000","44201","Ozone","047","31080","Los Angeles-Long Beach-Anaheim, CA","06","California","059","Orange","33.83062","-117.93845"
"08/22/2024","AQS","060590007","1","0.042","ppm","39","Anaheim","51","300.0000","44201","Ozone","047","31080","Los Angeles-Long Beach-Anaheim, CA","06","California","059","Orange","33.83062","-117.93845"
"08/23/2024","AQS","060590007","1","0.039","ppm","36","Anaheim","51","300.0000","44201","Ozone","047","31080","Los Angeles-Long Beach-Anaheim, CA","06","California","059","Orange","33.83062","-117.93845"
"08/24/2024","AQS","060590007","1","0.041","ppm","38","Anaheim","51","300.0000","44201","Ozone","047","31080","Los Angeles-Long Beach-Anaheim, CA","06","California","059","Orange","33.83062","-117.93845"
"08/25/2024","AQS","060590007","1","0.047","ppm","44","Anaheim","51","300.0000","44201","Ozone","047","31080","Los Angeles-Long Beach-Anaheim, CA","06","California","059","Orange","33.83062","-117.93845"
"08/26/2024","AQS","060590007","1","0.052","ppm","48","Anaheim","51","300.0000","44201","Ozone","047","31080","Los Angeles-Long Beach-Anaheim, CA","06","California","059","Orange","33.83062","-117.93845"
"08/27/2024","AQS","060590007","1","0.051","ppm","47","Anaheim","51","300.0000","44201","Ozone","047","31080","Los Angeles-Long Beach-Anaheim, CA","06","California","059","Orange","33.83062","-117.93845"
"08/28/2024","AQS","060590007","1","0.052","ppm","48","Anaheim","51","300.0000","44201","Ozone","047","31080","Los Angeles-Long Beach-Anaheim, CA","06","California","059","Orange","33.83062","-117.93845"
"08/29/2024","AQS","060590007","1","0.054","ppm","50","Anaheim","51","300.0000","44201","Ozone","047","31080","Los Angeles-Long Beach-Anaheim, CA","06","California","059","Orange","33.83062","-117.93845"
"08/30/2024","AQS","060590007","1","0.048","ppm","44","Anaheim","51","300.0000","44201","Ozone","047","31080","Los Angeles-Long Beach-Anaheim, CA","06","California","059","Orange","33.83062","-117.93845"
"08/31/2024","AQS","060590007","1","0.055","ppm","51","Anaheim","51","300.0000","44201","Ozone","047","31080","Los Angeles-Long Beach-Anaheim, CA","06","California","059","Orange","33.83062","-117.93845"
"09/01/2024","AQS","060590007","1","0.05","ppm","46","Anaheim","51","300.0000","44201","Ozone","047","31080","Los Angeles-Long Beach-Anaheim, CA","06","California","059","Orange","33.83062","-117.93845"
"09/02/2024","AQS","060590007","1","0.056","ppm","54","Anaheim","51","300.0000","44201","Ozone","047","31080","Los Angeles-Long Beach-Anaheim, CA","06","California","059","Orange","33.83062","-117.93845"
"09/03/2024","AQS","060590007","1","0.06","ppm","67","Anaheim","51","300.0000","44201","Ozone","047","31080","Los Angeles-Long Beach-Anaheim, CA","06","California","059","Orange","33.83062","-117.93845"
"09/04/2024","AQS","060590007","1","0.052","ppm","48","Anaheim","51","300.0000","44201","Ozone","047","31080","Los Angeles-Long Beach-Anaheim, CA","06","California","059","Orange","33.83062","-117.93845"
"09/05/2024","AQS","060590007","1","0.061","ppm","71","Anaheim","51","300.0000","44201","Ozone","047","31080","Los Angeles-Long Beach-Anaheim, CA","06","California","059","Orange","33.83062","-117.93845"
"09/06/2024","AQS","060590007","1","0.074","ppm","112","Anaheim","51","300.0000","44201","Ozone","047","31080","Los Angeles-Long Beach-Anaheim, CA","06","California","059","Orange","33.83062","-117.93845"
"09/07/2024","AQS","060590007","1","0.079","ppm","129","Anaheim","51","300.0000","44201","Ozone","047","31080","Los Angeles-Long Beach-Anaheim, CA","06","California","059","Orange","33.83062","-117.93845"
"09/08/2024","AQS","060590007","1","0.076","ppm","119","Anaheim","51","300.0000","44201","Ozone","047","31080","Los Angeles-Long Beach-Anaheim, CA","06","California","059","Orange","33.83062","-117.93845"
"09/09/2024","AQS","060590007","1","0.062","ppm","74","Anaheim","51","300.0000","44201","Ozone","047","31080","Los Angeles-Long Beach-Anaheim, CA","06","California","059","Orange","33.83062","-117.93845"
"09/10/2024","AQS","060590007","1","0.043","ppm","40","Anaheim","51","300.0000","44201","Ozone","047","31080","Los Angeles-Long Beach-Anaheim, CA","06","California","059","Orange","33.83062","-117.93845"
"09/11/2024","AQS","060590007","1","0.035","ppm","32","Anaheim","51","300.0000","44201","Ozone","047","31080","Los Angeles-Long Beach-Anaheim, CA","06","California","059","Orange","33.83062","-117.93845"
"09/12/2024","AQS","060590007","1","0.037","ppm","34","Anaheim","51","300.0000","44201","Ozone","047","31080","Los Angeles-Long Beach-Anaheim, CA","06","California","059","Orange","33.83062","-117.93845"
"09/13/2024","AQS","060590007","1","0.043","ppm","40","Anaheim","51","300.0000","44201","Ozone","047","31080","Los Angeles-Long Beach-Anaheim, CA","06","California","059","Orange","33.83062","-117.93845"
"09/14/2024","AQS","060590007","1","0.05","ppm","46","Anaheim","51","300.0000","44201","Ozone","047","31080","Los Angeles-Long Beach-Anaheim, CA","06","California","059","Orange","33.83062","-117.93845"
"09/15/2024","AQS","060590007","1","0.047","ppm","44","Anaheim","51","300.0000","44201","Ozone","047","31080","Los Angeles-Long Beach-Anaheim, CA","06","California","059","Orange","33.83062","-117.93845"
"09/16/2024","AQS","060590007","1","0.038","ppm","35","Anaheim","51","300.0000","44201","Ozone","047","31080","Los Angeles-Long Beach-Anaheim, CA","06","California","059","Orange","33.83062","-117.93845"
"09/17/2024","AQS","060590007","1","0.04","ppm","37","Anaheim","51","300.0000","44201","Ozone","047","31080","Los Angeles-Long Beach-Anaheim, CA","06","California","059","Orange","33.83062","-117.93845"
"09/18/2024","AQS","060590007","1","0.04","ppm","37","Anaheim","51","300.0000","44201","Ozone","047","31080","Los Angeles-Long Beach-Anaheim, CA","06","California","059","Orange","33.83062","-117.93845"
"09/19/2024","AQS","060590007","1","0.039","ppm","36","Anaheim","51","300.0000","44201","Ozone","047","31080","Los Angeles-Long Beach-Anaheim, CA","06","California","059","Orange","33.83062","-117.93845"
"09/20/2024","AQS","060590007","1","0.037","ppm","34","Anaheim","51","300.0000","44201","Ozone","047","31080","Los Angeles-Long Beach-Anaheim, CA","06","California","059","Orange","33.83062","-117.93845"
"09/21/2024","AQS","060590007","1","0.043","ppm","40","Anaheim","51","300.0000","44201","Ozone","047","31080","Los Angeles-Long Beach-Anaheim, CA","06","California","059","Orange","33.83062","-117.93845"
"09/22/2024","AQS","060590007","1","0.051","ppm","47","Anaheim","51","300.0000","44201","Ozone","047","31080","Los Angeles-Long Beach-Anaheim, CA","06","California","059","Orange","33.83062","-117.93845"
"09/23/2024","AQS","060590007","1","0.041","ppm","38","Anaheim","51","300.0000","44201","Ozone","047","31080","Los Angeles-Long Beach-Anaheim, CA","06","California","059","Orange","33.83062","-117.93845"
"09/24/2024","AQS","060590007","1","0.044","ppm","41","Anaheim","51","300.0000","44201","Ozone","047","31080","Los Angeles-Long Beach-Anaheim, CA","06","California","059","Orange","33.83062","-117.93845"
"09/25/2024","AQS","060590007","1","0.042","ppm","39","Anaheim","51","300.0000","44201","Ozone","047","31080","Los Angeles-Long Beach-Anaheim, CA","06","California","059","Orange","33.83062","-117.93845"
"09/26/2024","AQS","060590007","1","0.043","ppm","40","Anaheim","51","300.0000","44201","Ozone","047","31080","Los Angeles-Long Beach-Anaheim, CA","06","California","059","Orange","33.83062","-117.93845"
"09/27/2024","AQS","060590007","1","0.041","ppm","38","Anaheim","51","300.0000","44201","Ozone","047","31080","Los Angeles-Long Beach-Anaheim, CA","06","California","059","Orange","33.83062","-117.93845"
"09/28/2024","AQS","060590007","1","0.043","ppm","40","Anaheim","51","300.0000","44201","Ozone","047","31080","Los Angeles-Long Beach-Anaheim, CA","06","California","059","Orange","33.83062","-117.93845"
"09/29/2024","AQS","060590007","1","0.05","ppm","46","Anaheim","51","300.0000","44201","Ozone","047","31080","Los Angeles-Long Beach-Anaheim, CA","06","California","059","Orange","33.83062","-117.93845"
"09/30/2024","AQS","060590007","1","0.049","ppm","45","Anaheim","51","300.0000","44201","Ozone","047","31080","Los Angeles-Long Beach-Anaheim, CA","06","California","059","Orange","33.83062","-117.93845"
"10/01/2024","AQS","060590007","1","0.047","ppm","44","Anaheim","17","100.0000","44201","Ozone","087","31080","Los Angeles-Long Beach-Anaheim, CA","06","California","059","Orange","33.83062","-117.93845"
"10/02/2024","AQS","060590007","1","0.05","ppm","46","Anaheim","17","100.0000","44201","Ozone","087","31080","Los Angeles-Long Beach-Anaheim, CA","06","California","059","Orange","33.83062","-117.93845"
"10/03/2024","AQS","060590007","1","0.045","ppm","42","Anaheim","17","100.0000","44201","Ozone","087","31080","Los Angeles-Long Beach-Anaheim, CA","06","California","059","Orange","33.83062","-117.93845"
"10/04/2024","AQS","060590007","1","0.044","ppm","41","Anaheim","17","100.0000","44201","Ozone","087","31080","Los Angeles-Long Beach-Anaheim, CA","06","California","059","Orange","33.83062","-117.93845"
"10/05/2024","AQS","060590007","1","0.052","ppm","48","Anaheim","17","100.0000","44201","Ozone","087","31080","Los Angeles-Long Beach-Anaheim, CA","06","California","059","Orange","33.83062","-117.93845"
"10/06/2024","AQS","060590007","1","0.049","ppm","45","Anaheim","17","100.0000","44201","Ozone","087","31080","Los Angeles-Long Beach-Anaheim, CA","06","California","059","Orange","33.83062","-117.93845"
"10/07/2024","AQS","060590007","1","0.042","ppm","39","Anaheim","17","100.0000","44201","Ozone","087","31080","Los Angeles-Long Beach-Anaheim, CA","06","California","059","Orange","33.83062","-117.93845"
"10/08/2024","AQS","060590007","1","0.047","ppm","44","Anaheim","17","100.0000","44201","Ozone","087","31080","Los Angeles-Long Beach-Anaheim, CA","06","California","059","Orange","33.83062","-117.93845"
"10/09/2024","AQS","060590007","1","0.049","ppm","45","Anaheim","17","100.0000","44201","Ozone","087","31080","Los Angeles-Long Beach-Anaheim, CA","06","California","059","Orange","33.83062","-117.93845"
"10/10/2024","AQS","060590007","1","0.054","ppm","50","Anaheim","17","100.0000","44201","Ozone","087","31080","Los Angeles-Long Beach-Anaheim, CA","06","California","059","Orange","33.83062","-117.93845"
"10/11/2024","AQS","060590007","1","0.051","ppm","47","Anaheim","17","100.0000","44201","Ozone","087","31080","Los Angeles-Long Beach-Anaheim, CA","06","California","059","Orange","33.83062","-117.93845"
"10/12/2024","AQS","060590007","1","0.04","ppm","37","Anaheim","17","100.0000","44201","Ozone","087","31080","Los Angeles-Long Beach-Anaheim, CA","06","California","059","Orange","33.83062","-117.93845"
"10/13/2024","AQS","060590007","1","0.037","ppm","34","Anaheim","17","100.0000","44201","Ozone","087","31080","Los Angeles-Long Beach-Anaheim, CA","06","California","059","Orange","33.83062","-117.93845"
"10/14/2024","AQS","060590007","1","0.034","ppm","31","Anaheim","17","100.0000","44201","Ozone","087","31080","Los Angeles-Long Beach-Anaheim, CA","06","California","059","Orange","33.83062","-117.93845"
"10/15/2024","AQS","060590007","1","0.036","ppm","33","Anaheim","17","100.0000","44201","Ozone","087","31080","Los Angeles-Long Beach-Anaheim, CA","06","California","059","Orange","33.83062","-117.93845"
"10/16/2024","AQS","060590007","1","0.036","ppm","33","Anaheim","17","100.0000","44201","Ozone","087","31080","Los Angeles-Long Beach-Anaheim, CA","06","California","059","Orange","33.83062","-117.93845"
"10/17/2024","AQS","060590007","1","0.04","ppm","37","Anaheim","17","100.0000","44201","Ozone","087","31080","Los Angeles-Long Beach-Anaheim, CA","06","California","059","Orange","33.83062","-117.93845"
"10/18/2024","AQS","060590007","1","0.047","ppm","44","Anaheim","17","100.0000","44201","Ozone","087","31080","Los Angeles-Long Beach-Anaheim, CA","06","California","059","Orange","33.83062","-117.93845"
"10/19/2024","AQS","060590007","1","0.044","ppm","41","Anaheim","17","100.0000","44201","Ozone","087","31080","Los Angeles-Long Beach-Anaheim, CA","06","California","059","Orange","33.83062","-117.93845"
"10/20/2024","AQS","060590007","1","0.055","ppm","51","Anaheim","17","100.0000","44201","Ozone","087","31080","Los Angeles-Long Beach-Anaheim, CA","06","California","059","Orange","33.83062","-117.93845"
"10/21/2024","AQS","060590007","1","0.049","ppm","45","Anaheim","17","100.0000","44201","Ozone","087","31080","Los Angeles-Long Beach-Anaheim, CA","06","California","059","Orange","33.83062","-117.93845"
"10/22/2024","AQS","060590007","1","0.045","ppm","42","Anaheim","13","76.0000","44201","Ozone","087","31080","Los Angeles-Long Beach-Anaheim, CA","06","California","059","Orange","33.83062","-117.93845"
"10/24/2024","AQS","060590007","1","0.051","ppm","47","Anaheim","17","100.0000","44201","Ozone","087","31080","Los Angeles-Long Beach-Anaheim, CA","06","California","059","Orange","33.83062","-117.93845"
"10/25/2024","AQS","060590007","1","0.045","ppm","42","Anaheim","17","100.0000","44201","Ozone","087","31080","Los Angeles-Long Beach-Anaheim, CA","06","California","059","Orange","33.83062","-117.93845"
"10/26/2024","AQS","060590007","1","0.045","ppm","42","Anaheim","17","100.0000","44201","Ozone","087","31080","Los Angeles-Long Beach-Anaheim, CA","06","California","059","Orange","33.83062","-117.93845"
"10/27/2024","AQS","060590007","1","0.05","ppm","46","Anaheim","17","100.0000","44201","Ozone","087","31080","Los Angeles-Long Beach-Anaheim, CA","06","California","059","Orange","33.83062","-117.93845"
"10/28/2024","AQS","060590007","1","0.033","ppm","31","Anaheim","17","100.0000","44201","Ozone","087","31080","Los Angeles-Long Beach-Anaheim, CA","06","California","059","Orange","33.83062","-117.93845"
"10/29/2024","AQS","060590007","1","0.036","ppm","33","Anaheim","17","100.0000","44201","Ozone","087","31080","Los Angeles-Long Beach-Anaheim, CA","06","California","059","Orange","33.83062","-117.93845"
"10/30/2024","AQS","060590007","1","0.037","ppm","34","Anaheim","17","100.0000","44201","Ozone","087","31080","Los Angeles-Long Beach-Anaheim, CA","06","California","059","Orange","33.83062","-117.93845"
"10/31/2024","AQS","060590007","1","0.045","ppm","42","Anaheim","17","100.0000","44201","Ozone","087","31080","Los Angeles-Long Beach-Anaheim, CA","06","California","059","Orange","33.83062","-117.93845"
"11/01/2024","AQS","060590007","1","0.04","ppm","37","Anaheim","17","100.0000","44201","Ozone","087","31080","Los Angeles-Long Beach-Anaheim, CA","06","California","059","Orange","33.83062","-117.93845"
"11/02/2024","AQS","060590007","1","0.041","ppm","38","Anaheim","17","100.0000","44201","Ozone","087","31080","Los Angeles-Long Beach-Anaheim, CA","06","California","059","Orange","33.83062","-117.93845"
"11/03/2024","AQS","060590007","1","0.039","ppm","36","Anaheim","17","100.0000","44201","Ozone","087","31080","Los Angeles-Long Beach-Anaheim, CA","06","California","059","Orange","33.83062","-117.93845"
"11/04/2024","AQS","060590007","1","0.038","ppm","35","Anaheim","17","100.0000","44201","Ozone","087","31080","Los Angeles-Long Beach-Anaheim, CA","06","California","059","Orange","33.83062","-117.93845"
"11/05/2024","AQS","060590007","1","0.04","ppm","37","Anaheim","15","88.0000","44201","Ozone","087","31080","Los Angeles-Long Beach-Anaheim, CA","06","California","059","Orange","33.83062","-117.93845"
"11/06/2024","AQS","060590007","1","0.04","ppm","37","Anaheim","17","100.0000","44201","Ozone","087","31080","Los Angeles-Long Beach-Anaheim, CA","06","California","059","Orange","33.83062","-117.93845"
"11/07/2024","AQS","060590007","1","0.032","ppm","30","Anaheim","17","100.0000","44201","Ozone","087","31080","Los Angeles-Long Beach-Anaheim, CA","06","California","059","Orange","33.83062","-117.93845"
"11/08/2024","AQS","060590007","1","0.033","ppm","31","Anaheim","17","100.0000","44201","Ozone","087","31080","Los Angeles-Long Beach-Anaheim, CA","06","California","059","Orange","33.83062","-117.93845"
"11/09/2024","AQS","060590007","1","0.04","ppm","37","Anaheim","17","100.0000","44201","Ozone","087","31080","Los Angeles-Long Beach-Anaheim, CA","06","California","059","Orange","33.83062","-117.93845"
"11/10/2024","AQS","060590007","1","0.047","ppm","44","Anaheim","17","100.0000","44201","Ozone","087","31080","Los Angeles-Long Beach-Anaheim, CA","06","California","059","Orange","33.83062","-117.93845"
"11/11/2024","AQS","060590007","1","0.046","ppm","43","Anaheim","17","100.0000","44201","Ozone","087","31080","Los Angeles-Long Beach-Anaheim, CA","06","California","059","Orange","33.83062","-117.93845"
"11/12/2024","AQS","060590007","1","0.035","ppm","32","Anaheim","17","100.0000","44201","Ozone","087","31080","Los Angeles-Long Beach-Anaheim, CA","06","California","059","Orange","33.83062","-117.93845"
"11/13/2024","AQS","060590007","1","0.035","ppm","32","Anaheim","17","100.0000","44201","Ozone","087","31080","Los Angeles-Long Beach-Anaheim, CA","06","California","059","Orange","33.83062","-117.93845"
"11/14/2024","AQS","060590007","1","0.031","ppm","29","Anaheim","17","100.0000","44201","Ozone","087","31080","Los Angeles-Long Beach-Anaheim, CA","06","California","059","Orange","33.83062","-117.93845"
"11/15/2024","AQS","060590007","1","0.033","ppm","31","Anaheim","17","100.0000","44201","Ozone","087","31080","Los Angeles-Long Beach-Anaheim, CA","06","California","059","Orange","33.83062","-117.93845"
"11/16/2024","AQS","060590007","1","0.033","ppm","31","Anaheim","17","100.0000","44201","Ozone","087","31080","Los Angeles-Long Beach-Anaheim, CA","06","California","059","Orange","33.83062","-117.93845"
"11/17/2024","AQS","060590007","1","0.033","ppm","31","Anaheim","17","100.0000","44201","Ozone","087","31080","Los Angeles-Long Beach-Anaheim, CA","06","California","059","Orange","33.83062","-117.93845"
"11/18/2024","AQS","060590007","1","0.037","ppm","34","Anaheim","17","100.0000","44201","Ozone","087","31080","Los Angeles-Long Beach-Anaheim, CA","06","California","059","Orange","33.83062","-117.93845"
"11/19/2024","AQS","060590007","1","0.032","ppm","30","Anaheim","17","100.0000","44201","Ozone","087","31080","Los Angeles-Long Beach-Anaheim, CA","06","California","059","Orange","33.83062","-117.93845"
"11/20/2024","AQS","060590007","1","0.033","ppm","31","Anaheim","17","100.0000","44201","Ozone","087","31080","Los Angeles-Long Beach-Anaheim, CA","06","California","059","Orange","33.83062","-117.93845"
"11/21/2024","AQS","060590007","1","0.025","ppm","23","Anaheim","17","100.0000","44201","Ozone","087","31080","Los Angeles-Long Beach-Anaheim, CA","06","California","059","Orange","33.83062","-117.93845"
"11/22/2024","AQS","060590007","1","0.03","ppm","28","Anaheim","17","100.0000","44201","Ozone","087","31080","Los Angeles-Long Beach-Anaheim, CA","06","California","059","Orange","33.83062","-117.93845"
"11/23/2024","AQS","060590007","1","0.023","ppm","21","Anaheim","17","100.0000","44201","Ozone","087","31080","Los Angeles-Long Beach-Anaheim, CA","06","California","059","Orange","33.83062","-117.93845"
"11/24/2024","AQS","060590007","1","0.029","ppm","27","Anaheim","17","100.0000","44201","Ozone","087","31080","Los Angeles-Long Beach-Anaheim, CA","06","California","059","Orange","33.83062","-117.93845"
"11/25/2024","AQS","060590007","1","0.017","ppm","16","Anaheim","17","100.0000","44201","Ozone","087","31080","Los Angeles-Long Beach-Anaheim, CA","06","California","059","Orange","33.83062","-117.93845"
"11/26/2024","AQS","060590007","1","0.023","ppm","21","Anaheim","17","100.0000","44201","Ozone","087","31080","Los Angeles-Long Beach-Anaheim, CA","06","California","059","Orange","33.83062","-117.93845"
"11/27/2024","AQS","060590007","1","0.022","ppm","20","Anaheim","17","100.0000","44201","Ozone","087","31080","Los Angeles-Long Beach-Anaheim, CA","06","California","059","Orange","33.83062","-117.93845"
"11/28/2024","AQS","060590007","1","0.038","ppm","35","Anaheim","17","100.0000","44201","Ozone","087","31080","Los Angeles-Long Beach-Anaheim, CA","06","California","059","Orange","33.83062","-117.93845"
"11/29/2024","AQS","060590007","1","0.033","ppm","31","Anaheim","17","100.0000","44201","Ozone","087","31080","Los Angeles-Long Beach-Anaheim, CA","06","California","059","Orange","33.83062","-117.93845"
"11/30/2024","AirNow","060590007","1","0.029","ppm","27","Anaheim","24","100.0000","44201","Ozone","","31080","Los Angeles-Long Beach-Anaheim, CA","06","California","059","Orange","33.83062","-117.93845"
"12/01/2024","AirNow","060590007","1","0.035","ppm","32","Anaheim","24","100.0000","44201","Ozone","","31080","Los Angeles-Long Beach-Anaheim, CA","06","California","059","Orange","33.83062","-117.93845"
"12/02/2024","AirNow","060590007","1","0.026","ppm","24","Anaheim","24","100.0000","44201","Ozone","","31080","Los Angeles-Long Beach-Anaheim, CA","06","California","059","Orange","33.83062","-117.93845"
"12/03/2024","AirNow","060590007","1","0.029","ppm","27","Anaheim","24","100.0000","44201","Ozone","","31080","Los Angeles-Long Beach-Anaheim, CA","06","California","059","Orange","33.83062","-117.93845"
"12/04/2024","AirNow","060590007","1","0.031","ppm","29","Anaheim","24","100.0000","44201","Ozone","","31080","Los Angeles-Long Beach-Anaheim, CA","06","California","059","Orange","33.83062","-117.93845"
"12/05/2024","AirNow","060590007","1","0.025","ppm","23","Anaheim","24","100.0000","44201","Ozone","","31080","Los Angeles-Long Beach-Anaheim, CA","06","California","059","Orange","33.83062","-117.93845"
"12/06/2024","AirNow","060590007","1","0.012","ppm","11","Anaheim","24","100.0000","44201","Ozone","","31080","Los Angeles-Long Beach-Anaheim, CA","06","California","059","Orange","33.83062","-117.93845"
"12/07/2024","AirNow","060590007","1","0.019","ppm","18","Anaheim","24","100.0000","44201","Ozone","","31080","Los Angeles-Long Beach-Anaheim, CA","06","California","059","Orange","33.83062","-117.93845"
"12/08/2024","AirNow","060590007","1","0.034","ppm","31","Anaheim","24","100.0000","44201","Ozone","","31080","Los Angeles-Long Beach-Anaheim, CA","06","California","059","Orange","33.83062","-117.93845"
"12/09/2024","AirNow","060590007","1","0.041","ppm","38","Anaheim","24","100.0000","44201","Ozone","","31080","Los Angeles-Long Beach-Anaheim, CA","06","California","059","Orange","33.83062","-117.93845"
"12/10/2024","AirNow","060590007","1","0.04","ppm","37","Anaheim","24","100.0000","44201","Ozone","","31080","Los Angeles-Long Beach-Anaheim, CA","06","California","059","Orange","33.83062","-117.93845"
"12/11/2024","AirNow","060590007","1","0.022","ppm","20","Anaheim","24","100.0000","44201","Ozone","","31080","Los Angeles-Long Beach-Anaheim, CA","06","California","059","Orange","33.83062","-117.93845"
"12/12/2024","AirNow","060590007","1","0.032","ppm","30","Anaheim","24","100.0000","44201","Ozone","","31080","Los Angeles-Long Beach-Anaheim, CA","06","California","059","Orange","33.83062","-117.93845"
"12/13/2024","AirNow","060590007","1","0.032","ppm","30","Anaheim","24","100.0000","44201","Ozone","","31080","Los Angeles-Long Beach-Anaheim, CA","06","California","059","Orange","33.83062","-117.93845"
"12/14/2024","AirNow","060590007","1","0.029","ppm","27","Anaheim","24","100.0000","44201","Ozone","","31080","Los Angeles-Long Beach-Anaheim, CA","06","California","059","Orange","33.83062","-117.93845"
"12/15/2024","AirNow","060590007","1","0.031","ppm","29","Anaheim","24","100.0000","44201","Ozone","","31080","Los Angeles-Long Beach-Anaheim, CA","06","California","059","Orange","33.83062","-117.93845"
"12/16/2024","AirNow","060590007","1","0.025","ppm","23","Anaheim","24","100.0000","44201","Ozone","","31080","Los Angeles-Long Beach-Anaheim, CA","06","California","059","Orange","33.83062","-117.93845"
"12/17/2024","AirNow","060590007","1","0.023","ppm","21","Anaheim","24","100.0000","44201","Ozone","","31080","Los Angeles-Long Beach-Anaheim, CA","06","California","059","Orange","33.83062","-117.93845"
"12/18/2024","AirNow","060590007","1","0.02","ppm","19","Anaheim","24","100.0000","44201","Ozone","","31080","Los Angeles-Long Beach-Anaheim, CA","06","California","059","Orange","33.83062","-117.93845"
"12/19/2024","AirNow","060590007","1","0.028","ppm","26","Anaheim","24","100.0000","44201","Ozone","","31080","Los Angeles-Long Beach-Anaheim, CA","06","California","059","Orange","33.83062","-117.93845"
"12/20/2024","AirNow","060590007","1","0.025","ppm","23","Anaheim","24","100.0000","44201","Ozone","","31080","Los Angeles-Long Beach-Anaheim, CA","06","California","059","Orange","33.83062","-117.93845"
"12/21/2024","AirNow","060590007","1","0.026","ppm","24","Anaheim","24","100.0000","44201","Ozone","","31080","Los Angeles-Long Beach-Anaheim, CA","06","California","059","Orange","33.83062","-117.93845"
"12/22/2024","AirNow","060590007","1","0.021","ppm","19","Anaheim","24","100.0000","44201","Ozone","","31080","Los Angeles-Long Beach-Anaheim, CA","06","California","059","Orange","33.83062","-117.93845"
"12/23/2024","AirNow","060590007","1","0.026","ppm","24","Anaheim","24","100.0000","44201","Ozone","","31080","Los Angeles-Long Beach-Anaheim, CA","06","California","059","Orange","33.83062","-117.93845"
"12/24/2024","AirNow","060590007","1","0.021","ppm","19","Anaheim","24","100.0000","44201","Ozone","","31080","Los Angeles-Long Beach-Anaheim, CA","06","California","059","Orange","33.83062","-117.93845"
"12/25/2024","AirNow","060590007","1","0.033","ppm","31","Anaheim","24","100.0000","44201","Ozone","","31080","Los Angeles-Long Beach-Anaheim, CA","06","California","059","Orange","33.83062","-117.93845"
"12/26/2024","AirNow","060590007","1","0.029","ppm","27","Anaheim","24","100.0000","44201","Ozone","","31080","Los Angeles-Long Beach-Anaheim, CA","06","California","059","Orange","33.83062","-117.93845"
"12/27/2024","AirNow","060590007","1","0.027","ppm","25","Anaheim","24","100.0000","44201","Ozone","","31080","Los Angeles-Long Beach-Anaheim, CA","06","California","059","Orange","33.83062","-117.93845"
"12/28/2024","AirNow","060590007","1","0.02","ppm","19","Anaheim","24","100.0000","44201","Ozone","","31080","Los Angeles-Long Beach-Anaheim, CA","06","California","059","Orange","33.83062","-117.93845"
"12/29/2024","AirNow","060590007","1","0.016","ppm","15","Anaheim","24","100.0000","44201","Ozone","","31080","Los Angeles-Long Beach-Anaheim, CA","06","California","059","Orange","33.83062","-117.93845"
"12/30/2024","AirNow","060590007","1","0.024","ppm","22","Anaheim","24","100.0000","44201","Ozone","","31080","Los Angeles-Long Beach-Anaheim, CA","06","California","059","Orange","33.83062","-117.93845"
"12/31/2024","AirNow","060590007","1","0.013","ppm","12","Anaheim","19","79.0000","44201","Ozone","","31080","Los Angeles-Long Beach-Anaheim, CA","06","California","059","Orange","33.83062","-117.93845"
"01/01/2024","AQS","060595001","1","0.04","ppm","37","La Habra","16","94.0000","44201","Ozone","087","31080","Los Angeles-Long Beach-Anaheim, CA","06","California","059","Orange","33.92513","-117.95264"
"01/02/2024","AQS","060595001","1","0.035","ppm","32","La Habra","17","100.0000","44201","Ozone","087","31080","Los Angeles-Long Beach-Anaheim, CA","06","California","059","Orange","33.92513","-117.95264"
"01/03/2024","AQS","060595001","1","0.034","ppm","31","La Habra","17","100.0000","44201","Ozone","087","31080","Los Angeles-Long Beach-Anaheim, CA","06","California","059","Orange","33.92513","-117.95264"
"01/04/2024","AQS","060595001","1","0.023","ppm","21","La Habra","17","100.0000","44201","Ozone","087","31080","Los Angeles-Long Beach-Anaheim, CA","06","California","059","Orange","33.92513","-117.95264"
"01/05/2024","AQS","060595001","1","0.027","ppm","25","La Habra","17","100.0000","44201","Ozone","087","31080","Los Angeles-Long Beach-Anaheim, CA","06","California","059","Orange","33.92513","-117.95264"
"01/06/2024","AQS","060595001","1","0.034","ppm","31","La Habra","17","100.0000","44201","Ozone","087","31080","Los Angeles-Long Beach-Anaheim, CA","06","California","059","Orange","33.92513","-117.95264"
"01/07/2024","AQS","060595001","1","0.036","ppm","33","La Habra","17","100.0000","44201","Ozone","087","31080","Los Angeles-Long Beach-Anaheim, CA","06","California","059","Orange","33.92513","-117.95264"
"01/08/2024","AQS","060595001","1","0.031","ppm","29","La Habra","17","100.0000","44201","Ozone","087","31080","Los Angeles-Long Beach-Anaheim, CA","06","California","059","Orange","33.92513","-117.95264"
"01/09/2024","AQS","060595001","1","0.026","ppm","24","La Habra","17","100.0000","44201","Ozone","087","31080","Los Angeles-Long Beach-Anaheim, CA","06","California","059","Orange","33.92513","-117.95264"
"01/10/2024","AQS","060595001","1","0.028","ppm","26","La Habra","17","100.0000","44201","Ozone","087","31080","Los Angeles-Long Beach-Anaheim, CA","06","California","059","Orange","33.92513","-117.95264"
"01/11/2024","AQS","060595001","1","0.038","ppm","35","La Habra","17","100.0000","44201","Ozone","087","31080","Los Angeles-Long Beach-Anaheim, CA","06","California","059","Orange","33.92513","-117.95264"
"01/12/2024","AQS","060595001","1","0.033","ppm","31","La Habra","17","100.0000","44201","Ozone","087","31080","Los Angeles-Long Beach-Anaheim, CA","06","California","059","Orange","33.92513","-117.95264"
"01/13/2024","AQS","060595001","1","0.038","ppm","35","La Habra","17","100.0000","44201","Ozone","087","31080","Los Angeles-Long Beach-Anaheim, CA","06","California","059","Orange","33.92513","-117.95264"
"01/14/2024","AQS","060595001","1","0.04","ppm","37","La Habra","17","100.0000","44201","Ozone","087","31080","Los Angeles-Long Beach-Anaheim, CA","06","California","059","Orange","33.92513","-117.95264"
"01/15/2024","AQS","060595001","1","0.035","ppm","32","La Habra","17","100.0000","44201","Ozone","087","31080","Los Angeles-Long Beach-Anaheim, CA","06","California","059","Orange","33.92513","-117.95264"
"01/16/2024","AQS","060595001","1","0.03","ppm","28","La Habra","17","100.0000","44201","Ozone","087","31080","Los Angeles-Long Beach-Anaheim, CA","06","California","059","Orange","33.92513","-117.95264"
"01/17/2024","AQS","060595001","1","0.028","ppm","26","La Habra","17","100.0000","44201","Ozone","087","31080","Los Angeles-Long Beach-Anaheim, CA","06","California","059","Orange","33.92513","-117.95264"
"01/18/2024","AQS","060595001","1","0.032","ppm","30","La Habra","17","100.0000","44201","Ozone","087","31080","Los Angeles-Long Beach-Anaheim, CA","06","California","059","Orange","33.92513","-117.95264"
"01/19/2024","AQS","060595001","1","0.025","ppm","23","La Habra","17","100.0000","44201","Ozone","087","31080","Los Angeles-Long Beach-Anaheim, CA","06","California","059","Orange","33.92513","-117.95264"
"01/20/2024","AQS","060595001","1","0.022","ppm","20","La Habra","17","100.0000","44201","Ozone","087","31080","Los Angeles-Long Beach-Anaheim, CA","06","California","059","Orange","33.92513","-117.95264"
"01/21/2024","AQS","060595001","1","0.033","ppm","31","La Habra","17","100.0000","44201","Ozone","087","31080","Los Angeles-Long Beach-Anaheim, CA","06","California","059","Orange","33.92513","-117.95264"
"01/22/2024","AQS","060595001","1","0.028","ppm","26","La Habra","17","100.0000","44201","Ozone","087","31080","Los Angeles-Long Beach-Anaheim, CA","06","California","059","Orange","33.92513","-117.95264"
"01/23/2024","AQS","060595001","1","0.028","ppm","26","La Habra","17","100.0000","44201","Ozone","087","31080","Los Angeles-Long Beach-Anaheim, CA","06","California","059","Orange","33.92513","-117.95264"
"01/24/2024","AQS","060595001","1","0.027","ppm","25","La Habra","17","100.0000","44201","Ozone","087","31080","Los Angeles-Long Beach-Anaheim, CA","06","California","059","Orange","33.92513","-117.95264"
"01/25/2024","AQS","060595001","1","0.03","ppm","28","La Habra","17","100.0000","44201","Ozone","087","31080","Los Angeles-Long Beach-Anaheim, CA","06","California","059","Orange","33.92513","-117.95264"
"01/26/2024","AQS","060595001","1","0.034","ppm","31","La Habra","17","100.0000","44201","Ozone","087","31080","Los Angeles-Long Beach-Anaheim, CA","06","California","059","Orange","33.92513","-117.95264"
"01/27/2024","AQS","060595001","1","0.037","ppm","34","La Habra","17","100.0000","44201","Ozone","087","31080","Los Angeles-Long Beach-Anaheim, CA","06","California","059","Orange","33.92513","-117.95264"
"01/28/2024","AQS","060595001","1","0.037","ppm","34","La Habra","17","100.0000","44201","Ozone","087","31080","Los Angeles-Long Beach-Anaheim, CA","06","California","059","Orange","33.92513","-117.95264"
"01/29/2024","AQS","060595001","1","0.039","ppm","36","La Habra","17","100.0000","44201","Ozone","087","31080","Los Angeles-Long Beach-Anaheim, CA","06","California","059","Orange","33.92513","-117.95264"
"01/30/2024","AQS","060595001","1","0.037","ppm","34","La Habra","17","100.0000","44201","Ozone","087","31080","Los Angeles-Long Beach-Anaheim, CA","06","California","059","Orange","33.92513","-117.95264"
"01/31/2024","AirNow","060595001","1","0.046","ppm","43","La Habra","24","100.0000","44201","Ozone","","31080","Los Angeles-Long Beach-Anaheim, CA","06","California","059","Orange","33.92513","-117.95264"
"02/01/2024","AQS","060595001","1","0.034","ppm","31","La Habra","17","100.0000","44201","Ozone","087","31080","Los Angeles-Long Beach-Anaheim, CA","06","California","059","Orange","33.92513","-117.95264"
"02/03/2024","AQS","060595001","1","0.039","ppm","36","La Habra","17","100.0000","44201","Ozone","087","31080","Los Angeles-Long Beach-Anaheim, CA","06","California","059","Orange","33.92513","-117.95264"
"02/04/2024","AQS","060595001","1","0.038","ppm","35","La Habra","17","100.0000","44201","Ozone","087","31080","Los Angeles-Long Beach-Anaheim, CA","06","California","059","Orange","33.92513","-117.95264"
"02/05/2024","AQS","060595001","1","0.025","ppm","23","La Habra","17","100.0000","44201","Ozone","087","31080","Los Angeles-Long Beach-Anaheim, CA","06","California","059","Orange","33.92513","-117.95264"
"02/06/2024","AQS","060595001","1","0.032","ppm","30","La Habra","17","100.0000","44201","Ozone","087","31080","Los Angeles-Long Beach-Anaheim, CA","06","California","059","Orange","33.92513","-117.95264"
"02/07/2024","AQS","060595001","1","0.037","ppm","34","La Habra","17","100.0000","44201","Ozone","087","31080","Los Angeles-Long Beach-Anaheim, CA","06","California","059","Orange","33.92513","-117.95264"
"02/08/2024","AQS","060595001","1","0.038","ppm","35","La Habra","17","100.0000","44201","Ozone","087","31080","Los Angeles-Long Beach-Anaheim, CA","06","California","059","Orange","33.92513","-117.95264"
"02/09/2024","AQS","060595001","1","0.037","ppm","34","La Habra","17","100.0000","44201","Ozone","087","31080","Los Angeles-Long Beach-Anaheim, CA","06","California","059","Orange","33.92513","-117.95264"
"02/10/2024","AQS","060595001","1","0.039","ppm","36","La Habra","17","100.0000","44201","Ozone","087","31080","Los Angeles-Long Beach-Anaheim, CA","06","California","059","Orange","33.92513","-117.95264"
"02/11/2024","AQS","060595001","1","0.04","ppm","37","La Habra","17","100.0000","44201","Ozone","087","31080","Los Angeles-Long Beach-Anaheim, CA","06","California","059","Orange","33.92513","-117.95264"
"02/12/2024","AQS","060595001","1","0.035","ppm","32","La Habra","17","100.0000","44201","Ozone","087","31080","Los Angeles-Long Beach-Anaheim, CA","06","California","059","Orange","33.92513","-117.95264"
"02/13/2024","AQS","060595001","1","0.039","ppm","36","La Habra","17","100.0000","44201","Ozone","087","31080","Los Angeles-Long Beach-Anaheim, CA","06","California","059","Orange","33.92513","-117.95264"
"02/15/2024","AQS","060595001","1","0.04","ppm","37","La Habra","14","82.0000","44201","Ozone","087","31080","Los Angeles-Long Beach-Anaheim, CA","06","California","059","Orange","33.92513","-117.95264"
"02/17/2024","AQS","060595001","1","0.036","ppm","33","La Habra","17","100.0000","44201","Ozone","087","31080","Los Angeles-Long Beach-Anaheim, CA","06","California","059","Orange","33.92513","-117.95264"
"02/18/2024","AQS","060595001","1","0.037","ppm","34","La Habra","17","100.0000","44201","Ozone","087","31080","Los Angeles-Long Beach-Anaheim, CA","06","California","059","Orange","33.92513","-117.95264"
"02/19/2024","AQS","060595001","1","0.028","ppm","26","La Habra","17","100.0000","44201","Ozone","087","31080","Los Angeles-Long Beach-Anaheim, CA","06","California","059","Orange","33.92513","-117.95264"
"02/20/2024","AQS","060595001","1","0.034","ppm","31","La Habra","17","100.0000","44201","Ozone","087","31080","Los Angeles-Long Beach-Anaheim, CA","06","California","059","Orange","33.92513","-117.95264"
"02/21/2024","AQS","060595001","1","0.04","ppm","37","La Habra","17","100.0000","44201","Ozone","087","31080","Los Angeles-Long Beach-Anaheim, CA","06","California","059","Orange","33.92513","-117.95264"
"02/22/2024","AQS","060595001","1","0.039","ppm","36","La Habra","17","100.0000","44201","Ozone","087","31080","Los Angeles-Long Beach-Anaheim, CA","06","California","059","Orange","33.92513","-117.95264"
"02/23/2024","AQS","060595001","1","0.04","ppm","37","La Habra","17","100.0000","44201","Ozone","087","31080","Los Angeles-Long Beach-Anaheim, CA","06","California","059","Orange","33.92513","-117.95264"
"02/24/2024","AQS","060595001","1","0.04","ppm","37","La Habra","17","100.0000","44201","Ozone","087","31080","Los Angeles-Long Beach-Anaheim, CA","06","California","059","Orange","33.92513","-117.95264"
"02/25/2024","AQS","060595001","1","0.036","ppm","33","La Habra","17","100.0000","44201","Ozone","087","31080","Los Angeles-Long Beach-Anaheim, CA","06","California","059","Orange","33.92513","-117.95264"
"02/26/2024","AQS","060595001","1","0.026","ppm","24","La Habra","17","100.0000","44201","Ozone","087","31080","Los Angeles-Long Beach-Anaheim, CA","06","California","059","Orange","33.92513","-117.95264"
"02/27/2024","AQS","060595001","1","0.034","ppm","31","La Habra","17","100.0000","44201","Ozone","087","31080","Los Angeles-Long Beach-Anaheim, CA","06","California","059","Orange","33.92513","-117.95264"
"02/28/2024","AQS","060595001","1","0.038","ppm","35","La Habra","17","100.0000","44201","Ozone","087","31080","Los Angeles-Long Beach-Anaheim, CA","06","California","059","Orange","33.92513","-117.95264"
"02/29/2024","AQS","060595001","1","0.036","ppm","33","La Habra","17","100.0000","44201","Ozone","087","31080","Los Angeles-Long Beach-Anaheim, CA","06","California","059","Orange","33.92513","-117.95264"
"03/02/2024","AQS","060595001","1","0.037","ppm","34","La Habra","17","100.0000","44201","Ozone","087","31080","Los Angeles-Long Beach-Anaheim, CA","06","California","059","Orange","33.92513","-117.95264"
"03/03/2024","AQS","060595001","1","0.039","ppm","36","La Habra","17","100.0000","44201","Ozone","087","31080","Los Angeles-Long Beach-Anaheim, CA","06","California","059","Orange","33.92513","-117.95264"
"03/04/2024","AQS","060595001","1","0.039","ppm","36","La Habra","17","100.0000","44201","Ozone","087","31080","Los Angeles-Long Beach-Anaheim, CA","06","California","059","Orange","33.92513","-117.95264"
"03/06/2024","AQS","060595001","1","0.033","ppm","31","La Habra","17","100.0000","44201","Ozone","087","31080","Los Angeles-Long Beach-Anaheim, CA","06","California","059","Orange","33.92513","-117.95264"
"03/07/2024","AQS","060595001","1","0.031","ppm","29","La Habra","17","100.0000","44201","Ozone","087","31080","Los Angeles-Long Beach-Anaheim, CA","06","California","059","Orange","33.92513","-117.95264"
"03/08/2024","AQS","060595001","1","0.037","ppm","34","La Habra","17","100.0000","44201","Ozone","087","31080","Los Angeles-Long Beach-Anaheim, CA","06","California","059","Orange","33.92513","-117.95264"
"03/09/2024","AQS","060595001","1","0.046","ppm","43","La Habra","17","100.0000","44201","Ozone","087","31080","Los Angeles-Long Beach-Anaheim, CA","06","California","059","Orange","33.92513","-117.95264"
"03/10/2024","AQS","060595001","1","0.046","ppm","43","La Habra","17","100.0000","44201","Ozone","087","31080","Los Angeles-Long Beach-Anaheim, CA","06","California","059","Orange","33.92513","-117.95264"
"03/11/2024","AQS","060595001","1","0.041","ppm","38","La Habra","17","100.0000","44201","Ozone","087","31080","Los Angeles-Long Beach-Anaheim, CA","06","California","059","Orange","33.92513","-117.95264"
"03/12/2024","AQS","060595001","1","0.039","ppm","36","La Habra","17","100.0000","44201","Ozone","087","31080","Los Angeles-Long Beach-Anaheim, CA","06","California","059","Orange","33.92513","-117.95264"
"03/13/2024","AQS","060595001","1","0.041","ppm","38","La Habra","17","100.0000","44201","Ozone","087","31080","Los Angeles-Long Beach-Anaheim, CA","06","California","059","Orange","33.92513","-117.95264"
"03/14/2024","AQS","060595001","1","0.044","ppm","41","La Habra","17","100.0000","44201","Ozone","087","31080","Los Angeles-Long Beach-Anaheim, CA","06","California","059","Orange","33.92513","-117.95264"
"03/15/2024","AQS","060595001","1","0.042","ppm","39","La Habra","17","100.0000","44201","Ozone","087","31080","Los Angeles-Long Beach-Anaheim, CA","06","California","059","Orange","33.92513","-117.95264"
"03/16/2024","AQS","060595001","1","0.046","ppm","43","La Habra","17","100.0000","44201","Ozone","087","31080","Los Angeles-Long Beach-Anaheim, CA","06","California","059","Orange","33.92513","-117.95264"
"03/17/2024","AQS","060595001","1","0.044","ppm","41","La Habra","17","100.0000","44201","Ozone","087","31080","Los Angeles-Long Beach-Anaheim, CA","06","California","059","Orange","33.92513","-117.95264"
"03/18/2024","AQS","060595001","1","0.047","ppm","44","La Habra","17","100.0000","44201","Ozone","087","31080","Los Angeles-Long Beach-Anaheim, CA","06","California","059","Orange","33.92513","-117.95264"
"03/19/2024","AQS","060595001","1","0.049","ppm","45","La Habra","17","100.0000","44201","Ozone","087","31080","Los Angeles-Long Beach-Anaheim, CA","06","California","059","Orange","33.92513","-117.95264"
"03/20/2024","AQS","060595001","1","0.046","ppm","43","La Habra","17","100.0000","44201","Ozone","087","31080","Los Angeles-Long Beach-Anaheim, CA","06","California","059","Orange","33.92513","-117.95264"
"03/21/2024","AQS","060595001","1","0.049","ppm","45","La Habra","17","100.0000","44201","Ozone","087","31080","Los Angeles-Long Beach-Anaheim, CA","06","California","059","Orange","33.92513","-117.95264"
"03/22/2024","AQS","060595001","1","0.044","ppm","41","La Habra","17","100.0000","44201","Ozone","087","31080","Los Angeles-Long Beach-Anaheim, CA","06","California","059","Orange","33.92513","-117.95264"
"03/23/2024","AQS","060595001","1","0.041","ppm","38","La Habra","17","100.0000","44201","Ozone","087","31080","Los Angeles-Long Beach-Anaheim, CA","06","California","059","Orange","33.92513","-117.95264"
"03/24/2024","AQS","060595001","1","0.041","ppm","38","La Habra","17","100.0000","44201","Ozone","087","31080","Los Angeles-Long Beach-Anaheim, CA","06","California","059","Orange","33.92513","-117.95264"
"03/25/2024","AQS","060595001","1","0.038","ppm","35","La Habra","17","100.0000","44201","Ozone","087","31080","Los Angeles-Long Beach-Anaheim, CA","06","California","059","Orange","33.92513","-117.95264"
"03/26/2024","AQS","060595001","1","0.043","ppm","40","La Habra","17","100.0000","44201","Ozone","087","31080","Los Angeles-Long Beach-Anaheim, CA","06","California","059","Orange","33.92513","-117.95264"
"03/27/2024","AQS","060595001","1","0.05","ppm","46","La Habra","17","100.0000","44201","Ozone","087","31080","Los Angeles-Long Beach-Anaheim, CA","06","California","059","Orange","33.92513","-117.95264"
"03/28/2024","AQS","060595001","1","0.038","ppm","35","La Habra","17","100.0000","44201","Ozone","087","31080","Los Angeles-Long Beach-Anaheim, CA","06","California","059","Orange","33.92513","-117.95264"
"03/29/2024","AQS","060595001","1","0.046","ppm","43","La Habra","17","100.0000","44201","Ozone","087","31080","Los Angeles-Long Beach-Anaheim, CA","06","California","059","Orange","33.92513","-117.95264"
"03/30/2024","AQS","060595001","1","0.042","ppm","39","La Habra","17","100.0000","44201","Ozone","087","31080","Los Angeles-Long Beach-Anaheim, CA","06","California","059","Orange","33.92513","-117.95264"
"03/31/2024","AQS","060595001","1","0.043","ppm","40","La Habra","17","100.0000","44201","Ozone","087","31080","Los Angeles-Long Beach-Anaheim, CA","06","California","059","Orange","33.92513","-117.95264"
"04/01/2024","AQS","060595001","1","0.046","ppm","43","La Habra","68","400.0000","44201","Ozone","014","31080","Los Angeles-Long Beach-Anaheim, CA","06","California","059","Orange","33.92513","-117.95264"
"04/02/2024","AQS","060595001","1","0.047","ppm","44","La Habra","68","400.0000","44201","Ozone","014","31080","Los Angeles-Long Beach-Anaheim, CA","06","California","059","Orange","33.92513","-117.95264"
"04/03/2024","AQS","060595001","1","0.047","ppm","44","La Habra","68","400.0000","44201","Ozone","014","31080","Los Angeles-Long Beach-Anaheim, CA","06","California","059","Orange","33.92513","-117.95264"
"04/04/2024","AQS","060595001","1","0.038","ppm","35","La Habra","68","400.0000","44201","Ozone","014","31080","Los Angeles-Long Beach-Anaheim, CA","06","California","059","Orange","33.92513","-117.95264"
"04/05/2024","AQS","060595001","1","0.046","ppm","43","La Habra","68","400.0000","44201","Ozone","014","31080","Los Angeles-Long Beach-Anaheim, CA","06","California","059","Orange","33.92513","-117.95264"
"04/06/2024","AQS","060595001","1","0.048","ppm","44","La Habra","68","400.0000","44201","Ozone","014","31080","Los Angeles-Long Beach-Anaheim, CA","06","California","059","Orange","33.92513","-117.95264"
"04/07/2024","AQS","060595001","1","0.047","ppm","44","La Habra","68","400.0000","44201","Ozone","014","31080","Los Angeles-Long Beach-Anaheim, CA","06","California","059","Orange","33.92513","-117.95264"
"04/08/2024","AQS","060595001","1","0.044","ppm","41","La Habra","68","400.0000","44201","Ozone","014","31080","Los Angeles-Long Beach-Anaheim, CA","06","California","059","Orange","33.92513","-117.95264"
"04/09/2024","AQS","060595001","1","0.055","ppm","51","La Habra","68","400.0000","44201","Ozone","014","31080","Los Angeles-Long Beach-Anaheim, CA","06","California","059","Orange","33.92513","-117.95264"
"04/10/2024","AQS","060595001","1","0.057","ppm","58","La Habra","68","400.0000","44201","Ozone","014","31080","Los Angeles-Long Beach-Anaheim, CA","06","California","059","Orange","33.92513","-117.95264"
"04/11/2024","AQS","060595001","1","0.058","ppm","61","La Habra","68","400.0000","44201","Ozone","014","31080","Los Angeles-Long Beach-Anaheim, CA","06","California","059","Orange","33.92513","-117.95264"
"04/12/2024","AQS","060595001","1","0.048","ppm","44","La Habra","68","400.0000","44201","Ozone","014","31080","Los Angeles-Long Beach-Anaheim, CA","06","California","059","Orange","33.92513","-117.95264"
"04/13/2024","AQS","060595001","1","0.051","ppm","47","La Habra","68","400.0000","44201","Ozone","014","31080","Los Angeles-Long Beach-Anaheim, CA","06","California","059","Orange","33.92513","-117.95264"
"04/14/2024","AQS","060595001","1","0.045","ppm","42","La Habra","68","400.0000","44201","Ozone","014","31080","Los Angeles-Long Beach-Anaheim, CA","06","California","059","Orange","33.92513","-117.95264"
"04/15/2024","AQS","060595001","1","0.054","ppm","50","La Habra","68","400.0000","44201","Ozone","014","31080","Los Angeles-Long Beach-Anaheim, CA","06","California","059","Orange","33.92513","-117.95264"
"04/16/2024","AQS","060595001","1","0.058","ppm","61","La Habra","68","400.0000","44201","Ozone","014","31080","Los Angeles-Long Beach-Anaheim, CA","06","California","059","Orange","33.92513","-117.95264"
"04/17/2024","AQS","060595001","1","0.053","ppm","49","La Habra","68","400.0000","44201","Ozone","014","31080","Los Angeles-Long Beach-Anaheim, CA","06","California","059","Orange","33.92513","-117.95264"
"04/18/2024","AQS","060595001","1","0.049","ppm","45","La Habra","68","400.0000","44201","Ozone","014","31080","Los Angeles-Long Beach-Anaheim, CA","06","California","059","Orange","33.92513","-117.95264"
"04/19/2024","AQS","060595001","1","0.054","ppm","50","La Habra","68","400.0000","44201","Ozone","014","31080","Los Angeles-Long Beach-Anaheim, CA","06","California","059","Orange","33.92513","-117.95264"
"04/20/2024","AQS","060595001","1","0.059","ppm","64","La Habra","68","400.0000","44201","Ozone","014","31080","Los Angeles-Long Beach-Anaheim, CA","06","California","059","Orange","33.92513","-117.95264"
"04/21/2024","AQS","060595001","1","0.067","ppm","90","La Habra","68","400.0000","44201","Ozone","014","31080","Los Angeles-Long Beach-Anaheim, CA","06","California","059","Orange","33.92513","-117.95264"
"04/22/2024","AQS","060595001","1","0.049","ppm","45","La Habra","68","400.0000","44201","Ozone","014","31080","Los Angeles-Long Beach-Anaheim, CA","06","California","059","Orange","33.92513","-117.95264"
"04/23/2024","AQS","060595001","1","0.045","ppm","42","La Habra","68","400.0000","44201","Ozone","014","31080","Los Angeles-Long Beach-Anaheim, CA","06","California","059","Orange","33.92513","-117.95264"
"04/24/2024","AQS","060595001","1","0.046","ppm","43","La Habra","68","400.0000","44201","Ozone","014","31080","Los Angeles-Long Beach-Anaheim, CA","06","California","059","Orange","33.92513","-117.95264"
"04/25/2024","AQS","060595001","1","0.039","ppm","36","La Habra","68","400.0000","44201","Ozone","014","31080","Los Angeles-Long Beach-Anaheim, CA","06","California","059","Orange","33.92513","-117.95264"
"04/26/2024","AQS","060595001","1","0.038","ppm","35","La Habra","68","400.0000","44201","Ozone","014","31080","Los Angeles-Long Beach-Anaheim, CA","06","California","059","Orange","33.92513","-117.95264"
"04/27/2024","AQS","060595001","1","0.046","ppm","43","La Habra","68","400.0000","44201","Ozone","014","31080","Los Angeles-Long Beach-Anaheim, CA","06","California","059","Orange","33.92513","-117.95264"
"04/28/2024","AQS","060595001","1","0.048","ppm","44","La Habra","68","400.0000","44201","Ozone","014","31080","Los Angeles-Long Beach-Anaheim, CA","06","California","059","Orange","33.92513","-117.95264"
"04/29/2024","AQS","060595001","1","0.052","ppm","48","La Habra","68","400.0000","44201","Ozone","014","31080","Los Angeles-Long Beach-Anaheim, CA","06","California","059","Orange","33.92513","-117.95264"
"05/01/2024","AQS","060595001","1","0.054","ppm","50","La Habra","56","329.0000","44201","Ozone","014","31080","Los Angeles-Long Beach-Anaheim, CA","06","California","059","Orange","33.92513","-117.95264"
"05/02/2024","AQS","060595001","1","0.052","ppm","48","La Habra","64","376.0000","44201","Ozone","014","31080","Los Angeles-Long Beach-Anaheim, CA","06","California","059","Orange","33.92513","-117.95264"
"05/03/2024","AQS","060595001","1","0.056","ppm","54","La Habra","68","400.0000","44201","Ozone","014","31080","Los Angeles-Long Beach-Anaheim, CA","06","California","059","Orange","33.92513","-117.95264"
"05/04/2024","AQS","060595001","1","0.046","ppm","43","La Habra","68","400.0000","44201","Ozone","014","31080","Los Angeles-Long Beach-Anaheim, CA","06","California","059","Orange","33.92513","-117.95264"
"05/05/2024","AQS","060595001","1","0.045","ppm","42","La Habra","68","400.0000","44201","Ozone","014","31080","Los Angeles-Long Beach-Anaheim, CA","06","California","059","Orange","33.92513","-117.95264"
"05/06/2024","AQS","060595001","1","0.049","ppm","45","La Habra","68","400.0000","44201","Ozone","014","31080","Los Angeles-Long Beach-Anaheim, CA","06","California","059","Orange","33.92513","-117.95264"
"05/07/2024","AQS","060595001","1","0.055","ppm","51","La Habra","68","400.0000","44201","Ozone","014","31080","Los Angeles-Long Beach-Anaheim, CA","06","California","059","Orange","33.92513","-117.95264"
"05/08/2024","AQS","060595001","1","0.05","ppm","46","La Habra","52","306.0000","44201","Ozone","014","31080","Los Angeles-Long Beach-Anaheim, CA","06","California","059","Orange","33.92513","-117.95264"
"05/09/2024","AQS","060595001","1","0.053","ppm","49","La Habra","68","400.0000","44201","Ozone","014","31080","Los Angeles-Long Beach-Anaheim, CA","06","California","059","Orange","33.92513","-117.95264"
"05/10/2024","AQS","060595001","1","0.054","ppm","50","La Habra","68","400.0000","44201","Ozone","014","31080","Los Angeles-Long Beach-Anaheim, CA","06","California","059","Orange","33.92513","-117.95264"
"05/11/2024","AQS","060595001","1","0.052","ppm","48","La Habra","68","400.0000","44201","Ozone","014","31080","Los Angeles-Long Beach-Anaheim, CA","06","California","059","Orange","33.92513","-117.95264"
"05/12/2024","AQS","060595001","1","0.055","ppm","51","La Habra","68","400.0000","44201","Ozone","014","31080","Los Angeles-Long Beach-Anaheim, CA","06","California","059","Orange","33.92513","-117.95264"
"05/13/2024","AQS","060595001","1","0.044","ppm","41","La Habra","68","400.0000","44201","Ozone","014","31080","Los Angeles-Long Beach-Anaheim, CA","06","California","059","Orange","33.92513","-117.95264"
"05/14/2024","AQS","060595001","1","0.047","ppm","44","La Habra","68","400.0000","44201","Ozone","014","31080","Los Angeles-Long Beach-Anaheim, CA","06","California","059","Orange","33.92513","-117.95264"
"05/15/2024","AQS","060595001","1","0.043","ppm","40","La Habra","68","400.0000","44201","Ozone","014","31080","Los Angeles-Long Beach-Anaheim, CA","06","California","059","Orange","33.92513","-117.95264"
"05/16/2024","AQS","060595001","1","0.039","ppm","36","La Habra","68","400.0000","44201","Ozone","014","31080","Los Angeles-Long Beach-Anaheim, CA","06","California","059","Orange","33.92513","-117.95264"
"05/17/2024","AQS","060595001","1","0.044","ppm","41","La Habra","68","400.0000","44201","Ozone","014","31080","Los Angeles-Long Beach-Anaheim, CA","06","California","059","Orange","33.92513","-117.95264"
"05/18/2024","AQS","060595001","1","0.045","ppm","42","La Habra","68","400.0000","44201","Ozone","014","31080","Los Angeles-Long Beach-Anaheim, CA","06","California","059","Orange","33.92513","-117.95264"
"05/19/2024","AQS","060595001","1","0.052","ppm","48","La Habra","68","400.0000","44201","Ozone","014","31080","Los Angeles-Long Beach-Anaheim, CA","06","California","059","Orange","33.92513","-117.95264"
"05/20/2024","AQS","060595001","1","0.046","ppm","43","La Habra","68","400.0000","44201","Ozone","014","31080","Los Angeles-Long Beach-Anaheim, CA","06","California","059","Orange","33.92513","-117.95264"
"05/21/2024","AQS","060595001","1","0.051","ppm","47","La Habra","68","400.0000","44201","Ozone","014","31080","Los Angeles-Long Beach-Anaheim, CA","06","California","059","Orange","33.92513","-117.95264"
"05/22/2024","AQS","060595001","1","0.053","ppm","49","La Habra","68","400.0000","44201","Ozone","014","31080","Los Angeles-Long Beach-Anaheim, CA","06","California","059","Orange","33.92513","-117.95264"
"05/23/2024","AQS","060595001","1","0.044","ppm","41","La Habra","68","400.0000","44201","Ozone","014","31080","Los Angeles-Long Beach-Anaheim, CA","06","California","059","Orange","33.92513","-117.95264"
"05/24/2024","AQS","060595001","1","0.042","ppm","39","La Habra","68","400.0000","44201","Ozone","014","31080","Los Angeles-Long Beach-Anaheim, CA","06","California","059","Orange","33.92513","-117.95264"
"05/25/2024","AQS","060595001","1","0.038","ppm","35","La Habra","68","400.0000","44201","Ozone","014","31080","Los Angeles-Long Beach-Anaheim, CA","06","California","059","Orange","33.92513","-117.95264"
"05/26/2024","AQS","060595001","1","0.04","ppm","37","La Habra","68","400.0000","44201","Ozone","014","31080","Los Angeles-Long Beach-Anaheim, CA","06","California","059","Orange","33.92513","-117.95264"
"05/27/2024","AQS","060595001","1","0.048","ppm","44","La Habra","68","400.0000","44201","Ozone","014","31080","Los Angeles-Long Beach-Anaheim, CA","06","California","059","Orange","33.92513","-117.95264"
"05/28/2024","AQS","060595001","1","0.046","ppm","43","La Habra","68","400.0000","44201","Ozone","014","31080","Los Angeles-Long Beach-Anaheim, CA","06","California","059","Orange","33.92513","-117.95264"
"05/29/2024","AQS","060595001","1","0.047","ppm","44","La Habra","68","400.0000","44201","Ozone","014","31080","Los Angeles-Long Beach-Anaheim, CA","06","California","059","Orange","33.92513","-117.95264"
"05/30/2024","AQS","060595001","1","0.048","ppm","44","La Habra","68","400.0000","44201","Ozone","014","31080","Los Angeles-Long Beach-Anaheim, CA","06","California","059","Orange","33.92513","-117.95264"
"05/31/2024","AQS","060595001","1","0.052","ppm","48","La Habra","68","400.0000","44201","Ozone","014","31080","Los Angeles-Long Beach-Anaheim, CA","06","California","059","Orange","33.92513","-117.95264"
"06/01/2024","AQS","060595001","1","0.054","ppm","50","La Habra","68","400.0000","44201","Ozone","014","31080","Los Angeles-Long Beach-Anaheim, CA","06","California","059","Orange","33.92513","-117.95264"
"06/02/2024","AQS","060595001","1","0.043","ppm","40","La Habra","68","400.0000","44201","Ozone","014","31080","Los Angeles-Long Beach-Anaheim, CA","06","California","059","Orange","33.92513","-117.95264"
"06/03/2024","AQS","060595001","1","0.043","ppm","40","La Habra","68","400.0000","44201","Ozone","014","31080","Los Angeles-Long Beach-Anaheim, CA","06","California","059","Orange","33.92513","-117.95264"
"06/04/2024","AQS","060595001","1","0.05","ppm","46","La Habra","68","400.0000","44201","Ozone","014","31080","Los Angeles-Long Beach-Anaheim, CA","06","California","059","Orange","33.92513","-117.95264"
"06/05/2024","AQS","060595001","1","0.047","ppm","44","La Habra","68","400.0000","44201","Ozone","014","31080","Los Angeles-Long Beach-Anaheim, CA","06","California","059","Orange","33.92513","-117.95264"
"06/06/2024","AQS","060595001","1","0.052","ppm","48","La Habra","56","329.0000","44201","Ozone","014","31080","Los Angeles-Long Beach-Anaheim, CA","06","California","059","Orange","33.92513","-117.95264"
"06/07/2024","AQS","060595001","1","0.042","ppm","39","La Habra","68","400.0000","44201","Ozone","014","31080","Los Angeles-Long Beach-Anaheim, CA","06","California","059","Orange","33.92513","-117.95264"
"06/08/2024","AQS","060595001","1","0.034","ppm","31","La Habra","68","400.0000","44201","Ozone","014","31080","Los Angeles-Long Beach-Anaheim, CA","06","California","059","Orange","33.92513","-117.95264"
"06/09/2024","AQS","060595001","1","0.041","ppm","38","La Habra","68","400.0000","44201","Ozone","014","31080","Los Angeles-Long Beach-Anaheim, CA","06","California","059","Orange","33.92513","-117.95264"
"06/10/2024","AQS","060595001","1","0.051","ppm","47","La Habra","68","400.0000","44201","Ozone","014","31080","Los Angeles-Long Beach-Anaheim, CA","06","California","059","Orange","33.92513","-117.95264"
"06/11/2024","AQS","060595001","1","0.049","ppm","45","La Habra","68","400.0000","44201","Ozone","014","31080","Los Angeles-Long Beach-Anaheim, CA","06","California","059","Orange","33.92513","-117.95264"
"06/12/2024","AQS","060595001","1","0.045","ppm","42","La Habra","68","400.0000","44201","Ozone","014","31080","Los Angeles-Long Beach-Anaheim, CA","06","California","059","Orange","33.92513","-117.95264"
"06/13/2024","AQS","060595001","1","0.05","ppm","46","La Habra","68","400.0000","44201","Ozone","014","31080","Los Angeles-Long Beach-Anaheim, CA","06","California","059","Orange","33.92513","-117.95264"
"06/14/2024","AQS","060595001","1","0.059","ppm","64","La Habra","68","400.0000","44201","Ozone","014","31080","Los Angeles-Long Beach-Anaheim, CA","06","California","059","Orange","33.92513","-117.95264"
"06/15/2024","AQS","060595001","1","0.067","ppm","90","La Habra","68","400.0000","44201","Ozone","014","31080","Los Angeles-Long Beach-Anaheim, CA","06","California","059","Orange","33.92513","-117.95264"
"06/16/2024","AQS","060595001","1","0.045","ppm","42","La Habra","68","400.0000","44201","Ozone","014","31080","Los Angeles-Long Beach-Anaheim, CA","06","California","059","Orange","33.92513","-117.95264"
"06/17/2024","AQS","060595001","1","0.046","ppm","43","La Habra","68","400.0000","44201","Ozone","014","31080","Los Angeles-Long Beach-Anaheim, CA","06","California","059","Orange","33.92513","-117.95264"
"06/18/2024","AQS","060595001","1","0.05","ppm","46","La Habra","68","400.0000","44201","Ozone","014","31080","Los Angeles-Long Beach-Anaheim, CA","06","California","059","Orange","33.92513","-117.95264"
"06/19/2024","AQS","060595001","1","0.051","ppm","47","La Habra","68","400.0000","44201","Ozone","014","31080","Los Angeles-Long Beach-Anaheim, CA","06","California","059","Orange","33.92513","-117.95264"
"06/20/2024","AQS","060595001","1","0.06","ppm","67","La Habra","68","400.0000","44201","Ozone","014","31080","Los Angeles-Long Beach-Anaheim, CA","06","California","059","Orange","33.92513","-117.95264"
"06/21/2024","AQS","060595001","1","0.06","ppm","67","La Habra","68","400.0000","44201","Ozone","014","31080","Los Angeles-Long Beach-Anaheim, CA","06","California","059","Orange","33.92513","-117.95264"
"06/22/2024","AQS","060595001","1","0.078","ppm","126","La Habra","68","400.0000","44201","Ozone","014","31080","Los Angeles-Long Beach-Anaheim, CA","06","California","059","Orange","33.92513","-117.95264"
"06/23/2024","AQS","060595001","1","0.073","ppm","108","La Habra","68","400.0000","44201","Ozone","014","31080","Los Angeles-Long Beach-Anaheim, CA","06","California","059","Orange","33.92513","-117.95264"
"06/24/2024","AQS","060595001","1","0.062","ppm","74","La Habra","68","400.0000","44201","Ozone","014","31080","Los Angeles-Long Beach-Anaheim, CA","06","California","059","Orange","33.92513","-117.95264"
"06/25/2024","AQS","060595001","1","0.049","ppm","45","La Habra","68","400.0000","44201","Ozone","014","31080","Los Angeles-Long Beach-Anaheim, CA","06","California","059","Orange","33.92513","-117.95264"
"06/26/2024","AQS","060595001","1","0.041","ppm","38","La Habra","68","400.0000","44201","Ozone","014","31080","Los Angeles-Long Beach-Anaheim, CA","06","California","059","Orange","33.92513","-117.95264"
"06/27/2024","AQS","060595001","1","0.046","ppm","43","La Habra","68","400.0000","44201","Ozone","014","31080","Los Angeles-Long Beach-Anaheim, CA","06","California","059","Orange","33.92513","-117.95264"
"06/28/2024","AQS","060595001","1","0.044","ppm","41","La Habra","68","400.0000","44201","Ozone","014","31080","Los Angeles-Long Beach-Anaheim, CA","06","California","059","Orange","33.92513","-117.95264"
"06/29/2024","AQS","060595001","1","0.059","ppm","64","La Habra","68","400.0000","44201","Ozone","014","31080","Los Angeles-Long Beach-Anaheim, CA","06","California","059","Orange","33.92513","-117.95264"
"06/30/2024","AQS","060595001","1","0.073","ppm","108","La Habra","68","400.0000","44201","Ozone","014","31080","Los Angeles-Long Beach-Anaheim, CA","06","California","059","Orange","33.92513","-117.95264"
"07/01/2024","AQS","060595001","1","0.052","ppm","48","La Habra","17","100.0000","44201","Ozone","087","31080","Los Angeles-Long Beach-Anaheim, CA","06","California","059","Orange","33.92513","-117.95264"
"07/02/2024","AQS","060595001","1","0.056","ppm","54","La Habra","17","100.0000","44201","Ozone","087","31080","Los Angeles-Long Beach-Anaheim, CA","06","California","059","Orange","33.92513","-117.95264"
"07/03/2024","AQS","060595001","1","0.069","ppm","97","La Habra","17","100.0000","44201","Ozone","087","31080","Los Angeles-Long Beach-Anaheim, CA","06","California","059","Orange","33.92513","-117.95264"
"07/04/2024","AQS","060595001","1","0.058","ppm","61","La Habra","17","100.0000","44201","Ozone","087","31080","Los Angeles-Long Beach-Anaheim, CA","06","California","059","Orange","33.92513","-117.95264"
"07/05/2024","AQS","060595001","1","0.062","ppm","74","La Habra","17","100.0000","44201","Ozone","087","31080","Los Angeles-Long Beach-Anaheim, CA","06","California","059","Orange","33.92513","-117.95264"
"07/06/2024","AQS","060595001","1","0.041","ppm","38","La Habra","17","100.0000","44201","Ozone","087","31080","Los Angeles-Long Beach-Anaheim, CA","06","California","059","Orange","33.92513","-117.95264"
"07/07/2024","AQS","060595001","1","0.044","ppm","41","La Habra","17","100.0000","44201","Ozone","087","31080","Los Angeles-Long Beach-Anaheim, CA","06","California","059","Orange","33.92513","-117.95264"
"07/08/2024","AQS","060595001","1","0.053","ppm","49","La Habra","17","100.0000","44201","Ozone","087","31080","Los Angeles-Long Beach-Anaheim, CA","06","California","059","Orange","33.92513","-117.95264"
"07/09/2024","AQS","060595001","1","0.06","ppm","67","La Habra","17","100.0000","44201","Ozone","087","31080","Los Angeles-Long Beach-Anaheim, CA","06","California","059","Orange","33.92513","-117.95264"
"07/10/2024","AQS","060595001","1","0.068","ppm","93","La Habra","17","100.0000","44201","Ozone","087","31080","Los Angeles-Long Beach-Anaheim, CA","06","California","059","Orange","33.92513","-117.95264"
"07/11/2024","AQS","060595001","1","0.061","ppm","71","La Habra","17","100.0000","44201","Ozone","087","31080","Los Angeles-Long Beach-Anaheim, CA","06","California","059","Orange","33.92513","-117.95264"
"07/12/2024","AQS","060595001","1","0.043","ppm","40","La Habra","17","100.0000","44201","Ozone","087","31080","Los Angeles-Long Beach-Anaheim, CA","06","California","059","Orange","33.92513","-117.95264"
"07/13/2024","AQS","060595001","1","0.052","ppm","48","La Habra","17","100.0000","44201","Ozone","087","31080","Los Angeles-Long Beach-Anaheim, CA","06","California","059","Orange","33.92513","-117.95264"
"07/14/2024","AQS","060595001","1","0.057","ppm","58","La Habra","17","100.0000","44201","Ozone","087","31080","Los Angeles-Long Beach-Anaheim, CA","06","California","059","Orange","33.92513","-117.95264"
"07/15/2024","AQS","060595001","1","0.054","ppm","50","La Habra","17","100.0000","44201","Ozone","087","31080","Los Angeles-Long Beach-Anaheim, CA","06","California","059","Orange","33.92513","-117.95264"
"07/16/2024","AQS","060595001","1","0.05","ppm","46","La Habra","17","100.0000","44201","Ozone","087","31080","Los Angeles-Long Beach-Anaheim, CA","06","California","059","Orange","33.92513","-117.95264"
"07/17/2024","AQS","060595001","1","0.05","ppm","46","La Habra","17","100.0000","44201","Ozone","087","31080","Los Angeles-Long Beach-Anaheim, CA","06","California","059","Orange","33.92513","-117.95264"
"07/18/2024","AQS","060595001","1","0.05","ppm","46","La Habra","17","100.0000","44201","Ozone","087","31080","Los Angeles-Long Beach-Anaheim, CA","06","California","059","Orange","33.92513","-117.95264"
"07/19/2024","AQS","060595001","1","0.068","ppm","93","La Habra","17","100.0000","44201","Ozone","087","31080","Los Angeles-Long Beach-Anaheim, CA","06","California","059","Orange","33.92513","-117.95264"
"07/20/2024","AQS","060595001","1","0.072","ppm","105","La Habra","17","100.0000","44201","Ozone","087","31080","Los Angeles-Long Beach-Anaheim, CA","06","California","059","Orange","33.92513","-117.95264"
"07/21/2024","AQS","060595001","1","0.05","ppm","46","La Habra","17","100.0000","44201","Ozone","087","31080","Los Angeles-Long Beach-Anaheim, CA","06","California","059","Orange","33.92513","-117.95264"
"07/22/2024","AQS","060595001","1","0.055","ppm","51","La Habra","17","100.0000","44201","Ozone","087","31080","Los Angeles-Long Beach-Anaheim, CA","06","California","059","Orange","33.92513","-117.95264"
"07/23/2024","AQS","060595001","1","0.053","ppm","49","La Habra","17","100.0000","44201","Ozone","087","31080","Los Angeles-Long Beach-Anaheim, CA","06","California","059","Orange","33.92513","-117.95264"
"07/24/2024","AQS","060595001","1","0.052","ppm","48","La Habra","17","100.0000","44201","Ozone","087","31080","Los Angeles-Long Beach-Anaheim, CA","06","California","059","Orange","33.92513","-117.95264"
"07/25/2024","AQS","060595001","1","0.061","ppm","71","La Habra","17","100.0000","44201","Ozone","087","31080","Los Angeles-Long Beach-Anaheim, CA","06","California","059","Orange","33.92513","-117.95264"
"07/26/2024","AQS","060595001","1","0.043","ppm","40","La Habra","17","100.0000","44201","Ozone","087","31080","Los Angeles-Long Beach-Anaheim, CA","06","California","059","Orange","33.92513","-117.95264"
"07/27/2024","AQS","060595001","1","0.05","ppm","46","La Habra","17","100.0000","44201","Ozone","087","31080","Los Angeles-Long Beach-Anaheim, CA","06","California","059","Orange","33.92513","-117.95264"
"07/28/2024","AQS","060595001","1","0.049","ppm","45","La Habra","17","100.0000","44201","Ozone","087","31080","Los Angeles-Long Beach-Anaheim, CA","06","California","059","Orange","33.92513","-117.95264"
"07/29/2024","AQS","060595001","1","0.053","ppm","49","La Habra","17","100.0000","44201","Ozone","087","31080","Los Angeles-Long Beach-Anaheim, CA","06","California","059","Orange","33.92513","-117.95264"
"07/30/2024","AQS","060595001","1","0.051","ppm","47","La Habra","17","100.0000","44201","Ozone","087","31080","Los Angeles-Long Beach-Anaheim, CA","06","California","059","Orange","33.92513","-117.95264"
"07/31/2024","AQS","060595001","1","0.053","ppm","49","La Habra","17","100.0000","44201","Ozone","087","31080","Los Angeles-Long Beach-Anaheim, CA","06","California","059","Orange","33.92513","-117.95264"
"08/01/2024","AQS","060595001","1","0.048","ppm","44","La Habra","17","100.0000","44201","Ozone","087","31080","Los Angeles-Long Beach-Anaheim, CA","06","California","059","Orange","33.92513","-117.95264"
"08/02/2024","AQS","060595001","1","0.071","ppm","101","La Habra","17","100.0000","44201","Ozone","087","31080","Los Angeles-Long Beach-Anaheim, CA","06","California","059","Orange","33.92513","-117.95264"
"08/03/2024","AQS","060595001","1","0.07","ppm","100","La Habra","17","100.0000","44201","Ozone","087","31080","Los Angeles-Long Beach-Anaheim, CA","06","California","059","Orange","33.92513","-117.95264"
"08/04/2024","AQS","060595001","1","0.069","ppm","97","La Habra","17","100.0000","44201","Ozone","087","31080","Los Angeles-Long Beach-Anaheim, CA","06","California","059","Orange","33.92513","-117.95264"
"08/05/2024","AQS","060595001","1","0.068","ppm","93","La Habra","17","100.0000","44201","Ozone","087","31080","Los Angeles-Long Beach-Anaheim, CA","06","California","059","Orange","33.92513","-117.95264"
"08/06/2024","AirNow","060595001","1","0.051","ppm","47","La Habra","24","100.0000","44201","Ozone","","31080","Los Angeles-Long Beach-Anaheim, CA","06","California","059","Orange","33.92513","-117.95264"
"08/07/2024","AirNow","060595001","1","0.041","ppm","38","La Habra","18","75.0000","44201","Ozone","","31080","Los Angeles-Long Beach-Anaheim, CA","06","California","059","Orange","33.92513","-117.95264"
"08/08/2024","AirNow","060595001","1","0.044","ppm","41","La Habra","24","100.0000","44201","Ozone","","31080","Los Angeles-Long Beach-Anaheim, CA","06","California","059","Orange","33.92513","-117.95264"
"08/09/2024","AQS","060595001","1","0.059","ppm","64","La Habra","16","94.0000","44201","Ozone","087","31080","Los Angeles-Long Beach-Anaheim, CA","06","California","059","Orange","33.92513","-117.95264"
"08/10/2024","AQS","060595001","1","0.07","ppm","100","La Habra","17","100.0000","44201","Ozone","087","31080","Los Angeles-Long Beach-Anaheim, CA","06","California","059","Orange","33.92513","-117.95264"
"08/11/2024","AQS","060595001","1","0.058","ppm","61","La Habra","17","100.0000","44201","Ozone","087","31080","Los Angeles-Long Beach-Anaheim, CA","06","California","059","Orange","33.92513","-117.95264"
"08/12/2024","AQS","060595001","1","0.048","ppm","44","La Habra","17","100.0000","44201","Ozone","087","31080","Los Angeles-Long Beach-Anaheim, CA","06","California","059","Orange","33.92513","-117.95264"
"08/13/2024","AQS","060595001","1","0.046","ppm","43","La Habra","15","88.0000","44201","Ozone","087","31080","Los Angeles-Long Beach-Anaheim, CA","06","California","059","Orange","33.92513","-117.95264"
"08/14/2024","AQS","060595001","1","0.047","ppm","44","La Habra","17","100.0000","44201","Ozone","087","31080","Los Angeles-Long Beach-Anaheim, CA","06","California","059","Orange","33.92513","-117.95264"
"08/15/2024","AQS","060595001","1","0.058","ppm","61","La Habra","17","100.0000","44201","Ozone","087","31080","Los Angeles-Long Beach-Anaheim, CA","06","California","059","Orange","33.92513","-117.95264"
"08/16/2024","AQS","060595001","1","0.051","ppm","47","La Habra","17","100.0000","44201","Ozone","087","31080","Los Angeles-Long Beach-Anaheim, CA","06","California","059","Orange","33.92513","-117.95264"
"08/17/2024","AQS","060595001","1","0.043","ppm","40","La Habra","17","100.0000","44201","Ozone","087","31080","Los Angeles-Long Beach-Anaheim, CA","06","California","059","Orange","33.92513","-117.95264"
"08/18/2024","AQS","060595001","1","0.056","ppm","54","La Habra","17","100.0000","44201","Ozone","087","31080","Los Angeles-Long Beach-Anaheim, CA","06","California","059","Orange","33.92513","-117.95264"
"08/19/2024","AQS","060595001","1","0.068","ppm","93","La Habra","17","100.0000","44201","Ozone","087","31080","Los Angeles-Long Beach-Anaheim, CA","06","California","059","Orange","33.92513","-117.95264"
"08/20/2024","AQS","060595001","1","0.078","ppm","126","La Habra","17","100.0000","44201","Ozone","087","31080","Los Angeles-Long Beach-Anaheim, CA","06","California","059","Orange","33.92513","-117.95264"
"08/21/2024","AQS","060595001","1","0.056","ppm","54","La Habra","17","100.0000","44201","Ozone","087","31080","Los Angeles-Long Beach-Anaheim, CA","06","California","059","Orange","33.92513","-117.95264"
"08/22/2024","AQS","060595001","1","0.048","ppm","44","La Habra","17","100.0000","44201","Ozone","087","31080","Los Angeles-Long Beach-Anaheim, CA","06","California","059","Orange","33.92513","-117.95264"
"08/23/2024","AQS","060595001","1","0.044","ppm","41","La Habra","17","100.0000","44201","Ozone","087","31080","Los Angeles-Long Beach-Anaheim, CA","06","California","059","Orange","33.92513","-117.95264"
"08/24/2024","AQS","060595001","1","0.047","ppm","44","La Habra","17","100.0000","44201","Ozone","087","31080","Los Angeles-Long Beach-Anaheim, CA","06","California","059","Orange","33.92513","-117.95264"
"08/25/2024","AQS","060595001","1","0.054","ppm","50","La Habra","17","100.0000","44201","Ozone","087","31080","Los Angeles-Long Beach-Anaheim, CA","06","California","059","Orange","33.92513","-117.95264"
"08/26/2024","AQS","060595001","1","0.059","ppm","64","La Habra","17","100.0000","44201","Ozone","087","31080","Los Angeles-Long Beach-Anaheim, CA","06","California","059","Orange","33.92513","-117.95264"
"08/27/2024","AQS","060595001","1","0.06","ppm","67","La Habra","17","100.0000","44201","Ozone","087","31080","Los Angeles-Long Beach-Anaheim, CA","06","California","059","Orange","33.92513","-117.95264"
"08/28/2024","AQS","060595001","1","0.059","ppm","64","La Habra","17","100.0000","44201","Ozone","087","31080","Los Angeles-Long Beach-Anaheim, CA","06","California","059","Orange","33.92513","-117.95264"
"08/29/2024","AQS","060595001","1","0.06","ppm","67","La Habra","17","100.0000","44201","Ozone","087","31080","Los Angeles-Long Beach-Anaheim, CA","06","California","059","Orange","33.92513","-117.95264"
"08/30/2024","AQS","060595001","1","0.053","ppm","49","La Habra","17","100.0000","44201","Ozone","087","31080","Los Angeles-Long Beach-Anaheim, CA","06","California","059","Orange","33.92513","-117.95264"
"08/31/2024","AQS","060595001","1","0.067","ppm","90","La Habra","17","100.0000","44201","Ozone","087","31080","Los Angeles-Long Beach-Anaheim, CA","06","California","059","Orange","33.92513","-117.95264"
"09/01/2024","AQS","060595001","1","0.061","ppm","71","La Habra","17","100.0000","44201","Ozone","087","31080","Los Angeles-Long Beach-Anaheim, CA","06","California","059","Orange","33.92513","-117.95264"
"09/02/2024","AQS","060595001","1","0.07","ppm","100","La Habra","17","100.0000","44201","Ozone","087","31080","Los Angeles-Long Beach-Anaheim, CA","06","California","059","Orange","33.92513","-117.95264"
"09/03/2024","AQS","060595001","1","0.064","ppm","80","La Habra","17","100.0000","44201","Ozone","087","31080","Los Angeles-Long Beach-Anaheim, CA","06","California","059","Orange","33.92513","-117.95264"
"09/04/2024","AQS","060595001","1","0.057","ppm","58","La Habra","17","100.0000","44201","Ozone","087","31080","Los Angeles-Long Beach-Anaheim, CA","06","California","059","Orange","33.92513","-117.95264"
"09/05/2024","AQS","060595001","1","0.08","ppm","133","La Habra","17","100.0000","44201","Ozone","087","31080","Los Angeles-Long Beach-Anaheim, CA","06","California","059","Orange","33.92513","-117.95264"
"09/06/2024","AQS","060595001","1","0.09","ppm","161","La Habra","17","100.0000","44201","Ozone","087","31080","Los Angeles-Long Beach-Anaheim, CA","06","California","059","Orange","33.92513","-117.95264"
"09/07/2024","AQS","060595001","1","0.094","ppm","172","La Habra","17","100.0000","44201","Ozone","087","31080","Los Angeles-Long Beach-Anaheim, CA","06","California","059","Orange","33.92513","-117.95264"
"09/08/2024","AQS","060595001","1","0.089","ppm","159","La Habra","17","100.0000","44201","Ozone","087","31080","Los Angeles-Long Beach-Anaheim, CA","06","California","059","Orange","33.92513","-117.95264"
"09/09/2024","AQS","060595001","1","0.074","ppm","112","La Habra","17","100.0000","44201","Ozone","087","31080","Los Angeles-Long Beach-Anaheim, CA","06","California","059","Orange","33.92513","-117.95264"
"09/10/2024","AQS","060595001","1","0.049","ppm","45","La Habra","17","100.0000","44201","Ozone","087","31080","Los Angeles-Long Beach-Anaheim, CA","06","California","059","Orange","33.92513","-117.95264"
"09/11/2024","AQS","060595001","1","0.039","ppm","36","La Habra","17","100.0000","44201","Ozone","087","31080","Los Angeles-Long Beach-Anaheim, CA","06","California","059","Orange","33.92513","-117.95264"
"09/12/2024","AQS","060595001","1","0.041","ppm","38","La Habra","17","100.0000","44201","Ozone","087","31080","Los Angeles-Long Beach-Anaheim, CA","06","California","059","Orange","33.92513","-117.95264"
"09/13/2024","AQS","060595001","1","0.047","ppm","44","La Habra","17","100.0000","44201","Ozone","087","31080","Los Angeles-Long Beach-Anaheim, CA","06","California","059","Orange","33.92513","-117.95264"
"09/14/2024","AQS","060595001","1","0.058","ppm","61","La Habra","17","100.0000","44201","Ozone","087","31080","Los Angeles-Long Beach-Anaheim, CA","06","California","059","Orange","33.92513","-117.95264"
"09/15/2024","AQS","060595001","1","0.051","ppm","47","La Habra","17","100.0000","44201","Ozone","087","31080","Los Angeles-Long Beach-Anaheim, CA","06","California","059","Orange","33.92513","-117.95264"
"09/16/2024","AQS","060595001","1","0.04","ppm","37","La Habra","17","100.0000","44201","Ozone","087","31080","Los Angeles-Long Beach-Anaheim, CA","06","California","059","Orange","33.92513","-117.95264"
"09/17/2024","AQS","060595001","1","0.043","ppm","40","La Habra","17","100.0000","44201","Ozone","087","31080","Los Angeles-Long Beach-Anaheim, CA","06","California","059","Orange","33.92513","-117.95264"
"09/18/2024","AQS","060595001","1","0.045","ppm","42","La Habra","17","100.0000","44201","Ozone","087","31080","Los Angeles-Long Beach-Anaheim, CA","06","California","059","Orange","33.92513","-117.95264"
"09/19/2024","AQS","060595001","1","0.043","ppm","40","La Habra","17","100.0000","44201","Ozone","087","31080","Los Angeles-Long Beach-Anaheim, CA","06","California","059","Orange","33.92513","-117.95264"
"09/20/2024","AQS","060595001","1","0.041","ppm","38","La Habra","17","100.0000","44201","Ozone","087","31080","Los Angeles-Long Beach-Anaheim, CA","06","California","059","Orange","33.92513","-117.95264"
"09/21/2024","AQS","060595001","1","0.051","ppm","47","La Habra","17","100.0000","44201","Ozone","087","31080","Los Angeles-Long Beach-Anaheim, CA","06","California","059","Orange","33.92513","-117.95264"
"09/22/2024","AQS","060595001","1","0.063","ppm","77","La Habra","17","100.0000","44201","Ozone","087","31080","Los Angeles-Long Beach-Anaheim, CA","06","California","059","Orange","33.92513","-117.95264"
"09/23/2024","AQS","060595001","1","0.05","ppm","46","La Habra","17","100.0000","44201","Ozone","087","31080","Los Angeles-Long Beach-Anaheim, CA","06","California","059","Orange","33.92513","-117.95264"
"09/24/2024","AQS","060595001","1","0.05","ppm","46","La Habra","17","100.0000","44201","Ozone","087","31080","Los Angeles-Long Beach-Anaheim, CA","06","California","059","Orange","33.92513","-117.95264"
"09/25/2024","AQS","060595001","1","0.05","ppm","46","La Habra","17","100.0000","44201","Ozone","087","31080","Los Angeles-Long Beach-Anaheim, CA","06","California","059","Orange","33.92513","-117.95264"
"09/26/2024","AQS","060595001","1","0.046","ppm","43","La Habra","17","100.0000","44201","Ozone","087","31080","Los Angeles-Long Beach-Anaheim, CA","06","California","059","Orange","33.92513","-117.95264"
"09/27/2024","AQS","060595001","1","0.051","ppm","47","La Habra","17","100.0000","44201","Ozone","087","31080","Los Angeles-Long Beach-Anaheim, CA","06","California","059","Orange","33.92513","-117.95264"
"09/28/2024","AQS","060595001","1","0.053","ppm","49","La Habra","17","100.0000","44201","Ozone","087","31080","Los Angeles-Long Beach-Anaheim, CA","06","California","059","Orange","33.92513","-117.95264"
"09/29/2024","AQS","060595001","1","0.059","ppm","64","La Habra","17","100.0000","44201","Ozone","087","31080","Los Angeles-Long Beach-Anaheim, CA","06","California","059","Orange","33.92513","-117.95264"
"09/30/2024","AQS","060595001","1","0.053","ppm","49","La Habra","17","100.0000","44201","Ozone","087","31080","Los Angeles-Long Beach-Anaheim, CA","06","California","059","Orange","33.92513","-117.95264"
"10/01/2024","AQS","060595001","1","0.054","ppm","50","La Habra","17","100.0000","44201","Ozone","087","31080","Los Angeles-Long Beach-Anaheim, CA","06","California","059","Orange","33.92513","-117.95264"
"10/02/2024","AQS","060595001","1","0.061","ppm","71","La Habra","17","100.0000","44201","Ozone","087","31080","Los Angeles-Long Beach-Anaheim, CA","06","California","059","Orange","33.92513","-117.95264"
"10/03/2024","AQS","060595001","1","0.05","ppm","46","La Habra","17","100.0000","44201","Ozone","087","31080","Los Angeles-Long Beach-Anaheim, CA","06","California","059","Orange","33.92513","-117.95264"
"10/04/2024","AQS","060595001","1","0.05","ppm","46","La Habra","17","100.0000","44201","Ozone","087","31080","Los Angeles-Long Beach-Anaheim, CA","06","California","059","Orange","33.92513","-117.95264"
"10/05/2024","AQS","060595001","1","0.063","ppm","77","La Habra","17","100.0000","44201","Ozone","087","31080","Los Angeles-Long Beach-Anaheim, CA","06","California","059","Orange","33.92513","-117.95264"
"10/06/2024","AQS","060595001","1","0.067","ppm","90","La Habra","17","100.0000","44201","Ozone","087","31080","Los Angeles-Long Beach-Anaheim, CA","06","California","059","Orange","33.92513","-117.95264"
"10/07/2024","AQS","060595001","1","0.049","ppm","45","La Habra","17","100.0000","44201","Ozone","087","31080","Los Angeles-Long Beach-Anaheim, CA","06","California","059","Orange","33.92513","-117.95264"
"10/08/2024","AQS","060595001","1","0.049","ppm","45","La Habra","17","100.0000","44201","Ozone","087","31080","Los Angeles-Long Beach-Anaheim, CA","06","California","059","Orange","33.92513","-117.95264"
"10/09/2024","AQS","060595001","1","0.053","ppm","49","La Habra","17","100.0000","44201","Ozone","087","31080","Los Angeles-Long Beach-Anaheim, CA","06","California","059","Orange","33.92513","-117.95264"
"10/10/2024","AQS","060595001","1","0.06","ppm","67","La Habra","17","100.0000","44201","Ozone","087","31080","Los Angeles-Long Beach-Anaheim, CA","06","California","059","Orange","33.92513","-117.95264"
"10/11/2024","AQS","060595001","1","0.058","ppm","61","La Habra","17","100.0000","44201","Ozone","087","31080","Los Angeles-Long Beach-Anaheim, CA","06","California","059","Orange","33.92513","-117.95264"
"10/12/2024","AQS","060595001","1","0.048","ppm","44","La Habra","17","100.0000","44201","Ozone","087","31080","Los Angeles-Long Beach-Anaheim, CA","06","California","059","Orange","33.92513","-117.95264"
"10/13/2024","AQS","060595001","1","0.041","ppm","38","La Habra","17","100.0000","44201","Ozone","087","31080","Los Angeles-Long Beach-Anaheim, CA","06","California","059","Orange","33.92513","-117.95264"
"10/14/2024","AQS","060595001","1","0.037","ppm","34","La Habra","17","100.0000","44201","Ozone","087","31080","Los Angeles-Long Beach-Anaheim, CA","06","California","059","Orange","33.92513","-117.95264"
"10/15/2024","AQS","060595001","1","0.038","ppm","35","La Habra","17","100.0000","44201","Ozone","087","31080","Los Angeles-Long Beach-Anaheim, CA","06","California","059","Orange","33.92513","-117.95264"
"10/16/2024","AQS","060595001","1","0.034","ppm","31","La Habra","17","100.0000","44201","Ozone","087","31080","Los Angeles-Long Beach-Anaheim, CA","06","California","059","Orange","33.92513","-117.95264"
"10/17/2024","AQS","060595001","1","0.039","ppm","36","La Habra","17","100.0000","44201","Ozone","087","31080","Los Angeles-Long Beach-Anaheim, CA","06","California","059","Orange","33.92513","-117.95264"
"10/18/2024","AQS","060595001","1","0.044","ppm","41","La Habra","17","100.0000","44201","Ozone","087","31080","Los Angeles-Long Beach-Anaheim, CA","06","California","059","Orange","33.92513","-117.95264"
"10/19/2024","AirNow","060595001","1","0.042","ppm","39","La Habra","24","100.0000","44201","Ozone","","31080","Los Angeles-Long Beach-Anaheim, CA","06","California","059","Orange","33.92513","-117.95264"
"10/21/2024","AQS","060595001","1","0.047","ppm","44","La Habra","13","76.0000","44201","Ozone","087","31080","Los Angeles-Long Beach-Anaheim, CA","06","California","059","Orange","33.92513","-117.95264"
"10/22/2024","AQS","060595001","1","0.05","ppm","46","La Habra","17","100.0000","44201","Ozone","087","31080","Los Angeles-Long Beach-Anaheim, CA","06","California","059","Orange","33.92513","-117.95264"
"10/23/2024","AQS","060595001","1","0.052","ppm","48","La Habra","17","100.0000","44201","Ozone","087","31080","Los Angeles-Long Beach-Anaheim, CA","06","California","059","Orange","33.92513","-117.95264"
"10/24/2024","AQS","060595001","1","0.055","ppm","51","La Habra","17","100.0000","44201","Ozone","087","31080","Los Angeles-Long Beach-Anaheim, CA","06","California","059","Orange","33.92513","-117.95264"
"10/25/2024","AQS","060595001","1","0.047","ppm","44","La Habra","17","100.0000","44201","Ozone","087","31080","Los Angeles-Long Beach-Anaheim, CA","06","California","059","Orange","33.92513","-117.95264"
"10/26/2024","AQS","060595001","1","0.059","ppm","64","La Habra","17","100.0000","44201","Ozone","087","31080","Los Angeles-Long Beach-Anaheim, CA","06","California","059","Orange","33.92513","-117.95264"
"10/27/2024","AQS","060595001","1","0.055","ppm","51","La Habra","17","100.0000","44201","Ozone","087","31080","Los Angeles-Long Beach-Anaheim, CA","06","California","059","Orange","33.92513","-117.95264"
"10/28/2024","AQS","060595001","1","0.035","ppm","32","La Habra","17","100.0000","44201","Ozone","087","31080","Los Angeles-Long Beach-Anaheim, CA","06","California","059","Orange","33.92513","-117.95264"
"10/29/2024","AQS","060595001","1","0.039","ppm","36","La Habra","17","100.0000","44201","Ozone","087","31080","Los Angeles-Long Beach-Anaheim, CA","06","California","059","Orange","33.92513","-117.95264"
"10/30/2024","AQS","060595001","1","0.039","ppm","36","La Habra","17","100.0000","44201","Ozone","087","31080","Los Angeles-Long Beach-Anaheim, CA","06","California","059","Orange","33.92513","-117.95264"
"10/31/2024","AirNow","060595001","1","0.046","ppm","43","La Habra","24","100.0000","44201","Ozone","","31080","Los Angeles-Long Beach-Anaheim, CA","06","California","059","Orange","33.92513","-117.95264"
"11/01/2024","AirNow","060595001","1","0.043","ppm","40","La Habra","24","100.0000","44201","Ozone","","31080","Los Angeles-Long Beach-Anaheim, CA","06","California","059","Orange","33.92513","-117.95264"
"11/02/2024","AirNow","060595001","1","0.043","ppm","40","La Habra","24","100.0000","44201","Ozone","","31080","Los Angeles-Long Beach-Anaheim, CA","06","California","059","Orange","33.92513","-117.95264"
"11/03/2024","AirNow","060595001","1","0.043","ppm","40","La Habra","24","100.0000","44201","Ozone","","31080","Los Angeles-Long Beach-Anaheim, CA","06","California","059","Orange","33.92513","-117.95264"
"11/04/2024","AirNow","060595001","1","0.039","ppm","36","La Habra","24","100.0000","44201","Ozone","","31080","Los Angeles-Long Beach-Anaheim, CA","06","California","059","Orange","33.92513","-117.95264"
"11/05/2024","AirNow","060595001","1","0.039","ppm","36","La Habra","24","100.0000","44201","Ozone","","31080","Los Angeles-Long Beach-Anaheim, CA","06","California","059","Orange","33.92513","-117.95264"
"11/06/2024","AirNow","060595001","1","0.039","ppm","36","La Habra","24","100.0000","44201","Ozone","","31080","Los Angeles-Long Beach-Anaheim, CA","06","California","059","Orange","33.92513","-117.95264"
"11/07/2024","AirNow","060595001","1","0.034","ppm","31","La Habra","24","100.0000","44201","Ozone","","31080","Los Angeles-Long Beach-Anaheim, CA","06","California","059","Orange","33.92513","-117.95264"
"11/08/2024","AirNow","060595001","1","0.035","ppm","32","La Habra","24","100.0000","44201","Ozone","","31080","Los Angeles-Long Beach-Anaheim, CA","06","California","059","Orange","33.92513","-117.95264"
"11/09/2024","AirNow","060595001","1","0.04","ppm","37","La Habra","24","100.0000","44201","Ozone","","31080","Los Angeles-Long Beach-Anaheim, CA","06","California","059","Orange","33.92513","-117.95264"
"11/10/2024","AirNow","060595001","1","0.047","ppm","44","La Habra","24","100.0000","44201","Ozone","","31080","Los Angeles-Long Beach-Anaheim, CA","06","California","059","Orange","33.92513","-117.95264"
"11/11/2024","AirNow","060595001","1","0.046","ppm","43","La Habra","24","100.0000","44201","Ozone","","31080","Los Angeles-Long Beach-Anaheim, CA","06","California","059","Orange","33.92513","-117.95264"
"11/12/2024","AirNow","060595001","1","0.041","ppm","38","La Habra","24","100.0000","44201","Ozone","","31080","Los Angeles-Long Beach-Anaheim, CA","06","California","059","Orange","33.92513","-117.95264"
"11/13/2024","AirNow","060595001","1","0.036","ppm","33","La Habra","24","100.0000","44201","Ozone","","31080","Los Angeles-Long Beach-Anaheim, CA","06","California","059","Orange","33.92513","-117.95264"
"11/14/2024","AirNow","060595001","1","0.033","ppm","31","La Habra","24","100.0000","44201","Ozone","","31080","Los Angeles-Long Beach-Anaheim, CA","06","California","059","Orange","33.92513","-117.95264"
"11/15/2024","AirNow","060595001","1","0.035","ppm","32","La Habra","24","100.0000","44201","Ozone","","31080","Los Angeles-Long Beach-Anaheim, CA","06","California","059","Orange","33.92513","-117.95264"
"11/16/2024","AirNow","060595001","1","0.035","ppm","32","La Habra","24","100.0000","44201","Ozone","","31080","Los Angeles-Long Beach-Anaheim, CA","06","California","059","Orange","33.92513","-117.95264"
"11/17/2024","AirNow","060595001","1","0.035","ppm","32","La Habra","24","100.0000","44201","Ozone","","31080","Los Angeles-Long Beach-Anaheim, CA","06","California","059","Orange","33.92513","-117.95264"
"11/18/2024","AirNow","060595001","1","0.04","ppm","37","La Habra","24","100.0000","44201","Ozone","","31080","Los Angeles-Long Beach-Anaheim, CA","06","California","059","Orange","33.92513","-117.95264"
"11/19/2024","AirNow","060595001","1","0.035","ppm","32","La Habra","24","100.0000","44201","Ozone","","31080","Los Angeles-Long Beach-Anaheim, CA","06","California","059","Orange","33.92513","-117.95264"
"11/20/2024","AirNow","060595001","1","0.038","ppm","35","La Habra","24","100.0000","44201","Ozone","","31080","Los Angeles-Long Beach-Anaheim, CA","06","California","059","Orange","33.92513","-117.95264"
"11/21/2024","AirNow","060595001","1","0.028","ppm","26","La Habra","24","100.0000","44201","Ozone","","31080","Los Angeles-Long Beach-Anaheim, CA","06","California","059","Orange","33.92513","-117.95264"
"11/22/2024","AirNow","060595001","1","0.029","ppm","27","La Habra","24","100.0000","44201","Ozone","","31080","Los Angeles-Long Beach-Anaheim, CA","06","California","059","Orange","33.92513","-117.95264"
"11/23/2024","AirNow","060595001","1","0.028","ppm","26","La Habra","24","100.0000","44201","Ozone","","31080","Los Angeles-Long Beach-Anaheim, CA","06","California","059","Orange","33.92513","-117.95264"
"11/24/2024","AirNow","060595001","1","0.034","ppm","31","La Habra","24","100.0000","44201","Ozone","","31080","Los Angeles-Long Beach-Anaheim, CA","06","California","059","Orange","33.92513","-117.95264"
"11/25/2024","AirNow","060595001","1","0.019","ppm","18","La Habra","24","100.0000","44201","Ozone","","31080","Los Angeles-Long Beach-Anaheim, CA","06","California","059","Orange","33.92513","-117.95264"
"11/26/2024","AirNow","060595001","1","0.025","ppm","23","La Habra","24","100.0000","44201","Ozone","","31080","Los Angeles-Long Beach-Anaheim, CA","06","California","059","Orange","33.92513","-117.95264"
"11/27/2024","AirNow","060595001","1","0.023","ppm","21","La Habra","24","100.0000","44201","Ozone","","31080","Los Angeles-Long Beach-Anaheim, CA","06","California","059","Orange","33.92513","-117.95264"
"11/28/2024","AirNow","060595001","1","0.039","ppm","36","La Habra","24","100.0000","44201","Ozone","","31080","Los Angeles-Long Beach-Anaheim, CA","06","California","059","Orange","33.92513","-117.95264"
"11/29/2024","AirNow","060595001","1","0.035","ppm","32","La Habra","24","100.0000","44201","Ozone","","31080","Los Angeles-Long Beach-Anaheim, CA","06","California","059","Orange","33.92513","-117.95264"
"11/30/2024","AirNow","060595001","1","0.034","ppm","31","La Habra","24","100.0000","44201","Ozone","","31080","Los Angeles-Long Beach-Anaheim, CA","06","California","059","Orange","33.92513","-117.95264"
"12/01/2024","AirNow","060595001","1","0.035","ppm","32","La Habra","24","100.0000","44201","Ozone","","31080","Los Angeles-Long Beach-Anaheim, CA","06","California","059","Orange","33.92513","-117.95264"
"12/02/2024","AirNow","060595001","1","0.029","ppm","27","La Habra","24","100.0000","44201","Ozone","","31080","Los Angeles-Long Beach-Anaheim, CA","06","California","059","Orange","33.92513","-117.95264"
"12/03/2024","AirNow","060595001","1","0.031","ppm","29","La Habra","24","100.0000","44201","Ozone","","31080","Los Angeles-Long Beach-Anaheim, CA","06","California","059","Orange","33.92513","-117.95264"
"12/04/2024","AirNow","060595001","1","0.028","ppm","26","La Habra","24","100.0000","44201","Ozone","","31080","Los Angeles-Long Beach-Anaheim, CA","06","California","059","Orange","33.92513","-117.95264"
"12/05/2024","AirNow","060595001","1","0.015","ppm","14","La Habra","24","100.0000","44201","Ozone","","31080","Los Angeles-Long Beach-Anaheim, CA","06","California","059","Orange","33.92513","-117.95264"
"12/06/2024","AirNow","060595001","1","0.009","ppm","8","La Habra","24","100.0000","44201","Ozone","","31080","Los Angeles-Long Beach-Anaheim, CA","06","California","059","Orange","33.92513","-117.95264"
"12/07/2024","AirNow","060595001","1","0.028","ppm","26","La Habra","24","100.0000","44201","Ozone","","31080","Los Angeles-Long Beach-Anaheim, CA","06","California","059","Orange","33.92513","-117.95264"
"12/08/2024","AirNow","060595001","1","0.039","ppm","36","La Habra","24","100.0000","44201","Ozone","","31080","Los Angeles-Long Beach-Anaheim, CA","06","California","059","Orange","33.92513","-117.95264"
"12/09/2024","AirNow","060595001","1","0.035","ppm","32","La Habra","24","100.0000","44201","Ozone","","31080","Los Angeles-Long Beach-Anaheim, CA","06","California","059","Orange","33.92513","-117.95264"
"12/10/2024","AirNow","060595001","1","0.033","ppm","31","La Habra","24","100.0000","44201","Ozone","","31080","Los Angeles-Long Beach-Anaheim, CA","06","California","059","Orange","33.92513","-117.95264"
"12/11/2024","AirNow","060595001","1","0.026","ppm","24","La Habra","24","100.0000","44201","Ozone","","31080","Los Angeles-Long Beach-Anaheim, CA","06","California","059","Orange","33.92513","-117.95264"
"12/12/2024","AirNow","060595001","1","0.031","ppm","29","La Habra","24","100.0000","44201","Ozone","","31080","Los Angeles-Long Beach-Anaheim, CA","06","California","059","Orange","33.92513","-117.95264"
"12/13/2024","AirNow","060595001","1","0.036","ppm","33","La Habra","24","100.0000","44201","Ozone","","31080","Los Angeles-Long Beach-Anaheim, CA","06","California","059","Orange","33.92513","-117.95264"
"12/14/2024","AirNow","060595001","1","0.033","ppm","31","La Habra","24","100.0000","44201","Ozone","","31080","Los Angeles-Long Beach-Anaheim, CA","06","California","059","Orange","33.92513","-117.95264"
"12/15/2024","AirNow","060595001","1","0.039","ppm","36","La Habra","24","100.0000","44201","Ozone","","31080","Los Angeles-Long Beach-Anaheim, CA","06","California","059","Orange","33.92513","-117.95264"
"12/16/2024","AirNow","060595001","1","0.025","ppm","23","La Habra","24","100.0000","44201","Ozone","","31080","Los Angeles-Long Beach-Anaheim, CA","06","California","059","Orange","33.92513","-117.95264"
"12/17/2024","AirNow","060595001","1","0.024","ppm","22","La Habra","24","100.0000","44201","Ozone","","31080","Los Angeles-Long Beach-Anaheim, CA","06","California","059","Orange","33.92513","-117.95264"
"12/18/2024","AirNow","060595001","1","0.028","ppm","26","La Habra","24","100.0000","44201","Ozone","","31080","Los Angeles-Long Beach-Anaheim, CA","06","California","059","Orange","33.92513","-117.95264"
"12/19/2024","AirNow","060595001","1","0.021","ppm","19","La Habra","24","100.0000","44201","Ozone","","31080","Los Angeles-Long Beach-Anaheim, CA","06","California","059","Orange","33.92513","-117.95264"
"12/20/2024","AirNow","060595001","1","0.019","ppm","18","La Habra","24","100.0000","44201","Ozone","","31080","Los Angeles-Long Beach-Anaheim, CA","06","California","059","Orange","33.92513","-117.95264"
"12/21/2024","AirNow","060595001","1","0.031","ppm","29","La Habra","24","100.0000","44201","Ozone","","31080","Los Angeles-Long Beach-Anaheim, CA","06","California","059","Orange","33.92513","-117.95264"
"12/22/2024","AirNow","060595001","1","0.028","ppm","26","La Habra","24","100.0000","44201","Ozone","","31080","Los Angeles-Long Beach-Anaheim, CA","06","California","059","Orange","33.92513","-117.95264"
"12/23/2024","AirNow","060595001","1","0.029","ppm","27","La Habra","24","100.0000","44201","Ozone","","31080","Los Angeles-Long Beach-Anaheim, CA","06","California","059","Orange","33.92513","-117.95264"
"12/24/2024","AirNow","060595001","1","0.018","ppm","17","La Habra","24","100.0000","44201","Ozone","","31080","Los Angeles-Long Beach-Anaheim, CA","06","California","059","Orange","33.92513","-117.95264"
"12/25/2024","AirNow","060595001","1","0.037","ppm","34","La Habra","24","100.0000","44201","Ozone","","31080","Los Angeles-Long Beach-Anaheim, CA","06","California","059","Orange","33.92513","-117.95264"
"12/26/2024","AirNow","060595001","1","0.032","ppm","30","La Habra","24","100.0000","44201","Ozone","","31080","Los Angeles-Long Beach-Anaheim, CA","06","California","059","Orange","33.92513","-117.95264"
"12/27/2024","AirNow","060595001","1","0.026","ppm","24","La Habra","24","100.0000","44201","Ozone","","31080","Los Angeles-Long Beach-Anaheim, CA","06","California","059","Orange","33.92513","-117.95264"
"12/28/2024","AirNow","060595001","1","0.019","ppm","18","La Habra","24","100.0000","44201","Ozone","","31080","Los Angeles-Long Beach-Anaheim, CA","06","California","059","Orange","33.92513","-117.95264"
"12/29/2024","AirNow","060595001","1","0.02","ppm","19","La Habra","24","100.0000","44201","Ozone","","31080","Los Angeles-Long Beach-Anaheim, CA","06","California","059","Orange","33.92513","-117.95264"
"12/30/2024","AirNow","060595001","1","0.032","ppm","30","La Habra","24","100.0000","44201","Ozone","","31080","Los Angeles-Long Beach-Anaheim, CA","06","California","059","Orange","33.92513","-117.95264"
"12/31/2024","AirNow","060595001","1","0.013","ppm","12","La Habra","19","79.0000","44201","Ozone","","31080","Los Angeles-Long Beach-Anaheim, CA","06","California","059","Orange","33.92513","-117.95264"
