"Date","Source","Site ID","POC","Daily Max 8-hour Ozone Concentration","Units","Daily AQI Value","Local Site Name","Daily Obs Count","Percent Complete","AQS Parameter Code","AQS Parameter Description","Method Code","CBSA Code","CBSA Name","State FIPS Code","State","County FIPS Code","County","Site Latitude","Site Longitude"
"01/01/2025","AirNow","060650009","1","0.044","ppm","41","Pechanga","24","100.0000","44201","Ozone","","40140","Riverside-San Bernardino-Ontario, CA","06","California","065","Riverside","33.4478670008682","-117.088649"
"01/02/2025","AirNow","060650009","1","0.044","ppm","41","Pechanga","24","100.0000","44201","Ozone","","40140","Riverside-San Bernardino-Ontario, CA","06","California","065","Riverside","33.4478670008682","-117.088649"
"01/03/2025","AirNow","060650009","1","0.046","ppm","43","Pechanga","24","100.0000","44201","Ozone","","40140","Riverside-San Bernardino-Ontario, CA","06","California","065","Riverside","33.4478670008682","-117.088649"
"01/04/2025","AirNow","060650009","1","0.046","ppm","43","Pechanga","24","100.0000","44201","Ozone","","40140","Riverside-San Bernardino-Ontario, CA","06","California","065","Riverside","33.4478670008682","-117.088649"
"01/05/2025","AirNow","060650009","1","0.047","ppm","44","Pechanga","24","100.0000","44201","Ozone","","40140","Riverside-San Bernardino-Ontario, CA","06","California","065","Riverside","33.4478670008682","-117.088649"
"01/06/2025","AirNow","060650009","1","0.04","ppm","37","Pechanga","18","75.0000","44201","Ozone","","40140","Riverside-San Bernardino-Ontario, CA","06","California","065","Riverside","33.4478670008682","-117.088649"
"01/07/2025","AirNow","060650009","1","0.041","ppm","38","Pechanga","24","100.0000","44201","Ozone","","40140","Riverside-San Bernardino-Ontario, CA","06","California","065","Riverside","33.4478670008682","-117.088649"
"01/08/2025","AirNow","060650009","1","0.044","ppm","41","Pechanga","24","100.0000","44201","Ozone","","40140","Riverside-San Bernardino-Ontario, CA","06","California","065","Riverside","33.4478670008682","-117.088649"
"01/09/2025","AirNow","060650009","1","0.044","ppm","41","Pechanga","24","100.0000","44201","Ozone","","40140","Riverside-San Bernardino-Ontario, CA","06","California","065","Riverside","33.4478670008682","-117.088649"
"01/10/2025","AirNow","060650009","1","0.045","ppm","42","Pechanga","24","100.0000","44201","Ozone","","40140","Riverside-San Bernardino-Ontario, CA","06","California","065","Riverside","33.4478670008682","-117.088649"
"01/11/2025","AirNow","060650009","1","0.047","ppm","44","Pechanga","24","100.0000","44201","Ozone","","40140","Riverside-San Bernardino-Ontario, CA","06","California","065","Riverside","33.4478670008682","-117.088649"
"01/12/2025","AirNow","060650009","1","0.044","ppm","41","Pechanga","24","100.0000","44201","Ozone","","40140","Riverside-San Bernardino-Ontario, CA","06","California","065","Riverside","33.4478670008682","-117.088649"
"01/13/2025","AirNow","060650009","1","0.042","ppm","39","Pechanga","24","100.0000","44201","Ozone","","40140","Riverside-San Bernardino-Ontario, CA","06","California","065","Riverside","33.4478670008682","-117.088649"
"01/14/2025","AirNow","060650009","1","0.045","ppm","42","Pechanga","24","100.0000","44201","Ozone","","40140","Riverside-San Bernardino-Ontario, CA","06","California","065","Riverside","33.4478670008682","-117.088649"
"01/15/2025","AirNow","060650009","1","0.046","ppm","43","Pechanga","24","100.0000","44201","Ozone","","40140","Riverside-San Bernardino-Ontario, CA","06","California","065","Riverside","33.4478670008682","-117.088649"
"01/16/2025","AirNow","060650009","1","0.043","ppm","40","Pechanga","24","100.0000","44201","Ozone","","40140","Riverside-San Bernardino-Ontario, CA","06","California","065","Riverside","33.4478670008682","-117.088649"
"01/17/2025","AirNow","060650009","1","0.049","ppm","45","Pechanga","24","100.0000","44201","Ozone","","40140","Riverside-San Bernardino-Ontario, CA","06","California","065","Riverside","33.4478670008682","-117.088649"
"01/18/2025","AirNow","060650009","1","0.048","ppm","44","Pechanga","24","100.0000","44201","Ozone","","40140","Riverside-San Bernardino-Ontario, CA","06","California","065","Riverside","33.4478670008682","-117.088649"
"01/19/2025","AirNow","060650009","1","0.05","ppm","46","Pechanga","24","100.0000","44201","Ozone","","40140","Riverside-San Bernardino-Ontario, CA","06","California","065","Riverside","33.4478670008682","-117.088649"
"01/20/2025","AirNow","060650009","1","0.048","ppm","44","Pechanga","24","100.0000","44201","Ozone","","40140","Riverside-San Bernardino-Ontario, CA","06","California","065","Riverside","33.4478670008682","-117.088649"
"01/21/2025","AirNow","060650009","1","0.048","ppm","44","Pechanga","24","100.0000","44201","Ozone","","40140","Riverside-San Bernardino-Ontario, CA","06","California","065","Riverside","33.4478670008682","-117.088649"
"01/22/2025","AirNow","060650009","1","0.043","ppm","40","Pechanga","24","100.0000","44201","Ozone","","40140","Riverside-San Bernardino-Ontario, CA","06","California","065","Riverside","33.4478670008682","-117.088649"
"01/23/2025","AirNow","060650009","1","0.049","ppm","45","Pechanga","24","100.0000","44201","Ozone","","40140","Riverside-San Bernardino-Ontario, CA","06","California","065","Riverside","33.4478670008682","-117.088649"
"01/24/2025","AirNow","060650009","1","0.044","ppm","41","Pechanga","24","100.0000","44201","Ozone","","40140","Riverside-San Bernardino-Ontario, CA","06","California","065","Riverside","33.4478670008682","-117.088649"
"01/25/2025","AirNow","060650009","1","0.05","ppm","46","Pechanga","24","100.0000","44201","Ozone","","40140","Riverside-San Bernardino-Ontario, CA","06","California","065","Riverside","33.4478670008682","-117.088649"
"01/26/2025","AirNow","060650009","1","0.041","ppm","38","Pechanga","24","100.0000","44201","Ozone","","40140","Riverside-San Bernardino-Ontario, CA","06","California","065","Riverside","33.4478670008682","-117.088649"
"01/27/2025","AirNow","060650009","1","0.039","ppm","36","Pechanga","24","100.0000","44201","Ozone","","40140","Riverside-San Bernardino-Ontario, CA","06","California","065","Riverside","33.4478670008682","-117.088649"
"01/28/2025","AirNow","060650009","1","0.042","ppm","39","Pechanga","24","100.0000","44201","Ozone","","40140","Riverside-San Bernardino-Ontario, CA","06","California","065","Riverside","33.4478670008682","-117.088649"
"01/29/2025","AirNow","060650009","1","0.043","ppm","40","Pechanga","24","100.0000","44201","Ozone","","40140","Riverside-San Bernardino-Ontario, CA","06","California","065","Riverside","33.4478670008682","-117.088649"
"01/30/2025","AirNow","060650009","1","0.043","ppm","40","Pechanga","24","100.0000","44201","Ozone","","40140","Riverside-San Bernardino-Ontario, CA","06","California","065","Riverside","33.4478670008682","-117.088649"
"01/31/2025","AirNow","060650009","1","0.042","ppm","39","Pechanga","24","100.0000","44201","Ozone","","40140","Riverside-San Bernardino-Ontario, CA","06","California","065","Riverside","33.4478670008682","-117.088649"
"02/01/2025","AirNow","060650009","1","0.051","ppm","47","Pechanga","24","100.0000","44201","Ozone","","40140","Riverside-San Bernardino-Ontario, CA","06","California","065","Riverside","33.4478670008682","-117.088649"
"02/02/2025","AirNow","060650009","1","0.044","ppm","41","Pechanga","24","100.0000","44201","Ozone","","40140","Riverside-San Bernardino-Ontario, CA","06","California","065","Riverside","33.4478670008682","-117.088649"
"02/03/2025","AirNow","060650009","1","0.045","ppm","42","Pechanga","24","100.0000","44201","Ozone","","40140","Riverside-San Bernardino-Ontario, CA","06","California","065","Riverside","33.4478670008682","-117.088649"
"02/04/2025","AirNow","060650009","1","0.036","ppm","33","Pechanga","24","100.0000","44201","Ozone","","40140","Riverside-San Bernardino-Ontario, CA","06","California","065","Riverside","33.4478670008682","-117.088649"
"02/05/2025","AirNow","060650009","1","0.036","ppm","33","Pechanga","24","100.0000","44201","Ozone","","40140","Riverside-San Bernardino-Ontario, CA","06","California","065","Riverside","33.4478670008682","-117.088649"
"02/06/2025","AirNow","060650009","1","0.029","ppm","27","Pechanga","24","100.0000","44201","Ozone","","40140","Riverside-San Bernardino-Ontario, CA","06","California","065","Riverside","33.4478670008682","-117.088649"
"02/07/2025","AirNow","060650009","1","0.034","ppm","31","Pechanga","24","100.0000","44201","Ozone","","40140","Riverside-San Bernardino-Ontario, CA","06","California","065","Riverside","33.4478670008682","-117.088649"
"02/08/2025","AirNow","060650009","1","0.037","ppm","34","Pechanga","24","100.0000","44201","Ozone","","40140","Riverside-San Bernardino-Ontario, CA","06","California","065","Riverside","33.4478670008682","-117.088649"
"02/09/2025","AirNow","060650009","1","0.05","ppm","46","Pechanga","24","100.0000","44201","Ozone","","40140","Riverside-San Bernardino-Ontario, CA","06","California","065","Riverside","33.4478670008682","-117.088649"
"02/10/2025","AirNow","060650009","1","0.044","ppm","41","Pechanga","24","100.0000","44201","Ozone","","40140","Riverside-San Bernardino-Ontario, CA","06","California","065","Riverside","33.4478670008682","-117.088649"
"02/11/2025","AirNow","060650009","1","0.043","ppm","40","Pechanga","24","100.0000","44201","Ozone","","40140","Riverside-San Bernardino-Ontario, CA","06","California","065","Riverside","33.4478670008682","-117.088649"
"02/12/2025","AirNow","060650009","1","0.039","ppm","36","Pechanga","24","100.0000","44201","Ozone","","40140","Riverside-San Bernardino-Ontario, CA","06","California","065","Riverside","33.4478670008682","-117.088649"
"02/13/2025","AirNow","060650009","1","0.042","ppm","39","Pechanga","24","100.0000","44201","Ozone","","40140","Riverside-San Bernardino-Ontario, CA","06","California","065","Riverside","33.4478670008682","-117.088649"
"02/14/2025","AirNow","060650009","1","0.044","ppm","41","Pechanga","24","100.0000","44201","Ozone","","40140","Riverside-San Bernardino-Ontario, CA","06","California","065","Riverside","33.4478670008682","-117.088649"
"02/15/2025","AirNow","060650009","1","0.041","ppm","38","Pechanga","24","100.0000","44201","Ozone","","40140","Riverside-San Bernardino-Ontario, CA","06","California","065","Riverside","33.4478670008682","-117.088649"
"02/16/2025","AirNow","060650009","1","0.046","ppm","43","Pechanga","24","100.0000","44201","Ozone","","40140","Riverside-San Bernardino-Ontario, CA","06","California","065","Riverside","33.4478670008682","-117.088649"
"02/17/2025","AirNow","060650009","1","0.052","ppm","48","Pechanga","24","100.0000","44201","Ozone","","40140","Riverside-San Bernardino-Ontario, CA","06","California","065","Riverside","33.4478670008682","-117.088649"
"02/18/2025","AirNow","060650009","1","0.045","ppm","42","Pechanga","24","100.0000","44201","Ozone","","40140","Riverside-San Bernardino-Ontario, CA","06","California","065","Riverside","33.4478670008682","-117.088649"
"02/19/2025","AirNow","060650009","1","0.053","ppm","49","Pechanga","24","100.0000","44201","Ozone","","40140","Riverside-San Bernardino-Ontario, CA","06","California","065","Riverside","33.4478670008682","-117.088649"
"02/20/2025","AirNow","060650009","1","0.057","ppm","58","Pechanga","24","100.0000","44201","Ozone","","40140","Riverside-San Bernardino-Ontario, CA","06","California","065","Riverside","33.4478670008682","-117.088649"
"02/21/2025","AirNow","060650009","1","0.05","ppm","46","Pechanga","24","100.0000","44201","Ozone","","40140","Riverside-San Bernardino-Ontario, CA","06","California","065","Riverside","33.4478670008682","-117.088649"
"02/22/2025","AirNow","060650009","1","0.054","ppm","50","Pechanga","24","100.0000","44201","Ozone","","40140","Riverside-San Bernardino-Ontario, CA","06","California","065","Riverside","33.4478670008682","-117.088649"
"02/23/2025","AirNow","060650009","1","0.06","ppm","67","Pechanga","24","100.0000","44201","Ozone","","40140","Riverside-San Bernardino-Ontario, CA","06","California","065","Riverside","33.4478670008682","-117.088649"
"02/24/2025","AirNow","060650009","1","0.063","ppm","77","Pechanga","24","100.0000","44201","Ozone","","40140","Riverside-San Bernardino-Ontario, CA","06","California","065","Riverside","33.4478670008682","-117.088649"
"02/25/2025","AirNow","060650009","1","0.067","ppm","90","Pechanga","24","100.0000","44201","Ozone","","40140","Riverside-San Bernardino-Ontario, CA","06","California","065","Riverside","33.4478670008682","-117.088649"
"02/26/2025","AirNow","060650009","1","0.064","ppm","80","Pechanga","24","100.0000","44201","Ozone","","40140","Riverside-San Bernardino-Ontario, CA","06","California","065","Riverside","33.4478670008682","-117.088649"
"02/27/2025","AirNow","060650009","1","0.053","ppm","49","Pechanga","24","100.0000","44201","Ozone","","40140","Riverside-San Bernardino-Ontario, CA","06","California","065","Riverside","33.4478670008682","-117.088649"
"02/28/2025","AirNow","060650009","1","0.051","ppm","47","Pechanga","24","100.0000","44201","Ozone","","40140","Riverside-San Bernardino-Ontario, CA","06","California","065","Riverside","33.4478670008682","-117.088649"
"03/01/2025","AirNow","060650009","1","0.044","ppm","41","Pechanga","20","83.0000","44201","Ozone","","40140","Riverside-San Bernardino-Ontario, CA","06","California","065","Riverside","33.4478670008682","-117.088649"
"01/01/2025","AirNow","060650010","1","0.042","ppm","39","Joshua Tree NP - Cottonwood Visitor Center","24","100.0000","44201","Ozone","","40140","Riverside-San Bernardino-Ontario, CA","06","California","065","Riverside","33.747236000872","-115.820124"
"01/02/2025","AirNow","060650010","1","0.042","ppm","39","Joshua Tree NP - Cottonwood Visitor Center","24","100.0000","44201","Ozone","","40140","Riverside-San Bernardino-Ontario, CA","06","California","065","Riverside","33.747236000872","-115.820124"
"01/03/2025","AirNow","060650010","1","0.046","ppm","43","Joshua Tree NP - Cottonwood Visitor Center","24","100.0000","44201","Ozone","","40140","Riverside-San Bernardino-Ontario, CA","06","California","065","Riverside","33.747236000872","-115.820124"
"01/04/2025","AirNow","060650010","1","0.045","ppm","42","Joshua Tree NP - Cottonwood Visitor Center","24","100.0000","44201","Ozone","","40140","Riverside-San Bernardino-Ontario, CA","06","California","065","Riverside","33.747236000872","-115.820124"
"01/05/2025","AirNow","060650010","1","0.043","ppm","40","Joshua Tree NP - Cottonwood Visitor Center","24","100.0000","44201","Ozone","","40140","Riverside-San Bernardino-Ontario, CA","06","California","065","Riverside","33.747236000872","-115.820124"
"01/06/2025","AirNow","060650010","1","0.041","ppm","38","Joshua Tree NP - Cottonwood Visitor Center","24","100.0000","44201","Ozone","","40140","Riverside-San Bernardino-Ontario, CA","06","California","065","Riverside","33.747236000872","-115.820124"
"01/07/2025","AirNow","060650010","1","0.043","ppm","40","Joshua Tree NP - Cottonwood Visitor Center","24","100.0000","44201","Ozone","","40140","Riverside-San Bernardino-Ontario, CA","06","California","065","Riverside","33.747236000872","-115.820124"
"01/08/2025","AirNow","060650010","1","0.042","ppm","39","Joshua Tree NP - Cottonwood Visitor Center","24","100.0000","44201","Ozone","","40140","Riverside-San Bernardino-Ontario, CA","06","California","065","Riverside","33.747236000872","-115.820124"
"01/09/2025","AirNow","060650010","1","0.045","ppm","42","Joshua Tree NP - Cottonwood Visitor Center","24","100.0000","44201","Ozone","","40140","Riverside-San Bernardino-Ontario, CA","06","California","065","Riverside","33.747236000872","-115.820124"
"01/10/2025","AirNow","060650010","1","0.043","ppm","40","Joshua Tree NP - Cottonwood Visitor Center","24","100.0000","44201","Ozone","","40140","Riverside-San Bernardino-Ontario, CA","06","California","065","Riverside","33.747236000872","-115.820124"
"01/11/2025","AirNow","060650010","1","0.046","ppm","43","Joshua Tree NP - Cottonwood Visitor Center","24","100.0000","44201","Ozone","","40140","Riverside-San Bernardino-Ontario, CA","06","California","065","Riverside","33.747236000872","-115.820124"
"01/12/2025","AirNow","060650010","1","0.042","ppm","39","Joshua Tree NP - Cottonwood Visitor Center","24","100.0000","44201","Ozone","","40140","Riverside-San Bernardino-Ontario, CA","06","California","065","Riverside","33.747236000872","-115.820124"
"01/13/2025","AirNow","060650010","1","0.039","ppm","36","Joshua Tree NP - Cottonwood Visitor Center","24","100.0000","44201","Ozone","","40140","Riverside-San Bernardino-Ontario, CA","06","California","065","Riverside","33.747236000872","-115.820124"
"01/14/2025","AirNow","060650010","1","0.041","ppm","38","Joshua Tree NP - Cottonwood Visitor Center","24","100.0000","44201","Ozone","","40140","Riverside-San Bernardino-Ontario, CA","06","California","065","Riverside","33.747236000872","-115.820124"
"01/15/2025","AirNow","060650010","1","0.044","ppm","41","Joshua Tree NP - Cottonwood Visitor Center","24","100.0000","44201","Ozone","","40140","Riverside-San Bernardino-Ontario, CA","06","California","065","Riverside","33.747236000872","-115.820124"
"01/16/2025","AirNow","060650010","1","0.045","ppm","42","Joshua Tree NP - Cottonwood Visitor Center","24","100.0000","44201","Ozone","","40140","Riverside-San Bernardino-Ontario, CA","06","California","065","Riverside","33.747236000872","-115.820124"
"01/17/2025","AirNow","060650010","1","0.049","ppm","45","Joshua Tree NP - Cottonwood Visitor Center","24","100.0000","44201","Ozone","","40140","Riverside-San Bernardino-Ontario, CA","06","California","065","Riverside","33.747236000872","-115.820124"
"01/18/2025","AirNow","060650010","1","0.044","ppm","41","Joshua Tree NP - Cottonwood Visitor Center","24","100.0000","44201","Ozone","","40140","Riverside-San Bernardino-Ontario, CA","06","California","065","Riverside","33.747236000872","-115.820124"
"01/19/2025","AirNow","060650010","1","0.049","ppm","45","Joshua Tree NP - Cottonwood Visitor Center","24","100.0000","44201","Ozone","","40140","Riverside-San Bernardino-Ontario, CA","06","California","065","Riverside","33.747236000872","-115.820124"
"01/20/2025","AirNow","060650010","1","0.045","ppm","42","Joshua Tree NP - Cottonwood Visitor Center","24","100.0000","44201","Ozone","","40140","Riverside-San Bernardino-Ontario, CA","06","California","065","Riverside","33.747236000872","-115.820124"
"01/21/2025","AirNow","060650010","1","0.044","ppm","41","Joshua Tree NP - Cottonwood Visitor Center","24","100.0000","44201","Ozone","","40140","Riverside-San Bernardino-Ontario, CA","06","California","065","Riverside","33.747236000872","-115.820124"
"01/22/2025","AirNow","060650010","1","0.044","ppm","41","Joshua Tree NP - Cottonwood Visitor Center","21","88.0000","44201","Ozone","","40140","Riverside-San Bernardino-Ontario, CA","06","California","065","Riverside","33.747236000872","-115.820124"
"02/05/2025","AirNow","060650010","1","0.039","ppm","36","Joshua Tree NP - Cottonwood Visitor Center","24","100.0000","44201","Ozone","","40140","Riverside-San Bernardino-Ontario, CA","06","California","065","Riverside","33.747236000872","-115.820124"
"02/06/2025","AirNow","060650010","1","0.043","ppm","40","Joshua Tree NP - Cottonwood Visitor Center","24","100.0000","44201","Ozone","","40140","Riverside-San Bernardino-Ontario, CA","06","California","065","Riverside","33.747236000872","-115.820124"
"02/07/2025","AirNow","060650010","1","0.04","ppm","37","Joshua Tree NP - Cottonwood Visitor Center","24","100.0000","44201","Ozone","","40140","Riverside-San Bernardino-Ontario, CA","06","California","065","Riverside","33.747236000872","-115.820124"
"02/08/2025","AirNow","060650010","1","0.046","ppm","43","Joshua Tree NP - Cottonwood Visitor Center","24","100.0000","44201","Ozone","","40140","Riverside-San Bernardino-Ontario, CA","06","California","065","Riverside","33.747236000872","-115.820124"
"02/09/2025","AirNow","060650010","1","0.044","ppm","41","Joshua Tree NP - Cottonwood Visitor Center","24","100.0000","44201","Ozone","","40140","Riverside-San Bernardino-Ontario, CA","06","California","065","Riverside","33.747236000872","-115.820124"
"02/10/2025","AirNow","060650010","1","0.05","ppm","46","Joshua Tree NP - Cottonwood Visitor Center","24","100.0000","44201","Ozone","","40140","Riverside-San Bernardino-Ontario, CA","06","California","065","Riverside","33.747236000872","-115.820124"
"02/11/2025","AirNow","060650010","1","0.048","ppm","44","Joshua Tree NP - Cottonwood Visitor Center","24","100.0000","44201","Ozone","","40140","Riverside-San Bernardino-Ontario, CA","06","California","065","Riverside","33.747236000872","-115.820124"
"02/12/2025","AirNow","060650010","1","0.043","ppm","40","Joshua Tree NP - Cottonwood Visitor Center","24","100.0000","44201","Ozone","","40140","Riverside-San Bernardino-Ontario, CA","06","California","065","Riverside","33.747236000872","-115.820124"
"02/13/2025","AirNow","060650010","1","0.039","ppm","36","Joshua Tree NP - Cottonwood Visitor Center","24","100.0000","44201","Ozone","","40140","Riverside-San Bernardino-Ontario, CA","06","California","065","Riverside","33.747236000872","-115.820124"
"02/14/2025","AirNow","060650010","1","0.047","ppm","44","Joshua Tree NP - Cottonwood Visitor Center","24","100.0000","44201","Ozone","","40140","Riverside-San Bernardino-Ontario, CA","06","California","065","Riverside","33.747236000872","-115.820124"
"02/15/2025","AirNow","060650010","1","0.044","ppm","41","Joshua Tree NP - Cottonwood Visitor Center","24","100.0000","44201","Ozone","","40140","Riverside-San Bernardino-Ontario, CA","06","California","065","Riverside","33.747236000872","-115.820124"
"02/16/2025","AirNow","060650010","1","0.047","ppm","44","Joshua Tree NP - Cottonwood Visitor Center","24","100.0000","44201","Ozone","","40140","Riverside-San Bernardino-Ontario, CA","06","California","065","Riverside","33.747236000872","-115.820124"
"02/17/2025","AirNow","060650010","1","0.049","ppm","45","Joshua Tree NP - Cottonwood Visitor Center","24","100.0000","44201","Ozone","","40140","Riverside-San Bernardino-Ontario, CA","06","California","065","Riverside","33.747236000872","-115.820124"
"02/18/2025","AirNow","060650010","1","0.047","ppm","44","Joshua Tree NP - Cottonwood Visitor Center","24","100.0000","44201","Ozone","","40140","Riverside-San Bernardino-Ontario, CA","06","California","065","Riverside","33.747236000872","-115.820124"
"02/19/2025","AirNow","060650010","1","0.045","ppm","42","Joshua Tree NP - Cottonwood Visitor Center","24","100.0000","44201","Ozone","","40140","Riverside-San Bernardino-Ontario, CA","06","California","065","Riverside","33.747236000872","-115.820124"
"02/20/2025","AirNow","060650010","1","0.047","ppm","44","Joshua Tree NP - Cottonwood Visitor Center","24","100.0000","44201","Ozone","","40140","Riverside-San Bernardino-Ontario, CA","06","California","065","Riverside","33.747236000872","-115.820124"
"02/21/2025","AirNow","060650010","1","0.046","ppm","43","Joshua Tree NP - Cottonwood Visitor Center","24","100.0000","44201","Ozone","","40140","Riverside-San Bernardino-Ontario, CA","06","California","065","Riverside","33.747236000872","-115.820124"
"02/22/2025","AirNow","060650010","1","0.044","ppm","41","Joshua Tree NP - Cottonwood Visitor Center","24","100.0000","44201","Ozone","","40140","Riverside-San Bernardino-Ontario, CA","06","California","065","Riverside","33.747236000872","-115.820124"
"02/23/2025","AirNow","060650010","1","0.049","ppm","45","Joshua Tree NP - Cottonwood Visitor Center","24","100.0000","44201","Ozone","","40140","Riverside-San Bernardino-Ontario, CA","06","California","065","Riverside","33.747236000872","-115.820124"
"02/24/2025","AirNow","060650010","1","0.052","ppm","48","Joshua Tree NP - Cottonwood Visitor Center","24","100.0000","44201","Ozone","","40140","Riverside-San Bernardino-Ontario, CA","06","California","065","Riverside","33.747236000872","-115.820124"
"02/25/2025","AirNow","060650010","1","0.049","ppm","45","Joshua Tree NP - Cottonwood Visitor Center","24","100.0000","44201","Ozone","","40140","Riverside-San Bernardino-Ontario, CA","06","California","065","Riverside","33.747236000872","-115.820124"
"02/26/2025","AirNow","060650010","1","0.046","ppm","43","Joshua Tree NP - Cottonwood Visitor Center","24","100.0000","44201","Ozone","","40140","Riverside-San Bernardino-Ontario, CA","06","California","065","Riverside","33.747236000872","-115.820124"
"02/27/2025","AirNow","060650010","1","0.05","ppm","46","Joshua Tree NP - Cottonwood Visitor Center","24","100.0000","44201","Ozone","","40140","Riverside-San Bernardino-Ontario, CA","06","California","065","Riverside","33.747236000872","-115.820124"
"02/28/2025","AirNow","060650010","1","0.048","ppm","44","Joshua Tree NP - Cottonwood Visitor Center","24","100.0000","44201","Ozone","","40140","Riverside-San Bernardino-Ontario, CA","06","California","065","Riverside","33.747236000872","-115.820124"
"03/01/2025","AirNow","060650010","1","0.052","ppm","48","Joshua Tree NP - Cottonwood Visitor Center","21","88.0000","44201","Ozone","","40140","Riverside-San Bernardino-Ontario, CA","06","California","065","Riverside","33.747236000872","-115.820124"
"01/01/2025","AirNow","060650012","1","0.047","ppm","44","Banning Airport","24","100.0000","44201","Ozone","","40140","Riverside-San Bernardino-Ontario, CA","06","California","065","Riverside","33.92086","-116.85841"
"01/02/2025","AirNow","060650012","1","0.047","ppm","44","Banning Airport","24","100.0000","44201","Ozone","","40140","Riverside-San Bernardino-Ontario, CA","06","California","065","Riverside","33.92086","-116.85841"
"01/03/2025","AirNow","060650012","1","0.049","ppm","45","Banning Airport","24","100.0000","44201","Ozone","","40140","Riverside-San Bernardino-Ontario, CA","06","California","065","Riverside","33.92086","-116.85841"
"01/04/2025","AirNow","060650012","1","0.045","ppm","42","Banning Airport","24","100.0000","44201","Ozone","","40140","Riverside-San Bernardino-Ontario, CA","06","California","065","Riverside","33.92086","-116.85841"
"01/05/2025","AirNow","060650012","1","0.046","ppm","43","Banning Airport","24","100.0000","44201","Ozone","","40140","Riverside-San Bernardino-Ontario, CA","06","California","065","Riverside","33.92086","-116.85841"
"01/06/2025","AirNow","060650012","1","0.047","ppm","44","Banning Airport","24","100.0000","44201","Ozone","","40140","Riverside-San Bernardino-Ontario, CA","06","California","065","Riverside","33.92086","-116.85841"
"01/07/2025","AirNow","060650012","1","0.043","ppm","40","Banning Airport","24","100.0000","44201","Ozone","","40140","Riverside-San Bernardino-Ontario, CA","06","California","065","Riverside","33.92086","-116.85841"
"01/08/2025","AirNow","060650012","1","0.044","ppm","41","Banning Airport","24","100.0000","44201","Ozone","","40140","Riverside-San Bernardino-Ontario, CA","06","California","065","Riverside","33.92086","-116.85841"
"01/09/2025","AirNow","060650012","1","0.047","ppm","44","Banning Airport","24","100.0000","44201","Ozone","","40140","Riverside-San Bernardino-Ontario, CA","06","California","065","Riverside","33.92086","-116.85841"
"01/10/2025","AirNow","060650012","1","0.045","ppm","42","Banning Airport","24","100.0000","44201","Ozone","","40140","Riverside-San Bernardino-Ontario, CA","06","California","065","Riverside","33.92086","-116.85841"
"01/11/2025","AirNow","060650012","1","0.045","ppm","42","Banning Airport","24","100.0000","44201","Ozone","","40140","Riverside-San Bernardino-Ontario, CA","06","California","065","Riverside","33.92086","-116.85841"
"01/12/2025","AirNow","060650012","1","0.044","ppm","41","Banning Airport","24","100.0000","44201","Ozone","","40140","Riverside-San Bernardino-Ontario, CA","06","California","065","Riverside","33.92086","-116.85841"
"01/13/2025","AirNow","060650012","1","0.041","ppm","38","Banning Airport","24","100.0000","44201","Ozone","","40140","Riverside-San Bernardino-Ontario, CA","06","California","065","Riverside","33.92086","-116.85841"
"01/14/2025","AirNow","060650012","1","0.042","ppm","39","Banning Airport","24","100.0000","44201","Ozone","","40140","Riverside-San Bernardino-Ontario, CA","06","California","065","Riverside","33.92086","-116.85841"
"01/15/2025","AirNow","060650012","1","0.045","ppm","42","Banning Airport","24","100.0000","44201","Ozone","","40140","Riverside-San Bernardino-Ontario, CA","06","California","065","Riverside","33.92086","-116.85841"
"01/16/2025","AirNow","060650012","1","0.046","ppm","43","Banning Airport","24","100.0000","44201","Ozone","","40140","Riverside-San Bernardino-Ontario, CA","06","California","065","Riverside","33.92086","-116.85841"
"01/17/2025","AirNow","060650012","1","0.049","ppm","45","Banning Airport","24","100.0000","44201","Ozone","","40140","Riverside-San Bernardino-Ontario, CA","06","California","065","Riverside","33.92086","-116.85841"
"01/18/2025","AirNow","060650012","1","0.046","ppm","43","Banning Airport","24","100.0000","44201","Ozone","","40140","Riverside-San Bernardino-Ontario, CA","06","California","065","Riverside","33.92086","-116.85841"
"01/19/2025","AirNow","060650012","1","0.05","ppm","46","Banning Airport","24","100.0000","44201","Ozone","","40140","Riverside-San Bernardino-Ontario, CA","06","California","065","Riverside","33.92086","-116.85841"
"01/20/2025","AirNow","060650012","1","0.048","ppm","44","Banning Airport","24","100.0000","44201","Ozone","","40140","Riverside-San Bernardino-Ontario, CA","06","California","065","Riverside","33.92086","-116.85841"
"01/21/2025","AirNow","060650012","1","0.045","ppm","42","Banning Airport","24","100.0000","44201","Ozone","","40140","Riverside-San Bernardino-Ontario, CA","06","California","065","Riverside","33.92086","-116.85841"
"01/22/2025","AirNow","060650012","1","0.045","ppm","42","Banning Airport","24","100.0000","44201","Ozone","","40140","Riverside-San Bernardino-Ontario, CA","06","California","065","Riverside","33.92086","-116.85841"
"01/23/2025","AirNow","060650012","1","0.046","ppm","43","Banning Airport","24","100.0000","44201","Ozone","","40140","Riverside-San Bernardino-Ontario, CA","06","California","065","Riverside","33.92086","-116.85841"
"01/24/2025","AirNow","060650012","1","0.046","ppm","43","Banning Airport","24","100.0000","44201","Ozone","","40140","Riverside-San Bernardino-Ontario, CA","06","California","065","Riverside","33.92086","-116.85841"
"01/25/2025","AirNow","060650012","1","0.053","ppm","49","Banning Airport","24","100.0000","44201","Ozone","","40140","Riverside-San Bernardino-Ontario, CA","06","California","065","Riverside","33.92086","-116.85841"
"01/26/2025","AirNow","060650012","1","0.04","ppm","37","Banning Airport","24","100.0000","44201","Ozone","","40140","Riverside-San Bernardino-Ontario, CA","06","California","065","Riverside","33.92086","-116.85841"
"01/27/2025","AirNow","060650012","1","0.041","ppm","38","Banning Airport","24","100.0000","44201","Ozone","","40140","Riverside-San Bernardino-Ontario, CA","06","California","065","Riverside","33.92086","-116.85841"
"01/28/2025","AirNow","060650012","1","0.037","ppm","34","Banning Airport","24","100.0000","44201","Ozone","","40140","Riverside-San Bernardino-Ontario, CA","06","California","065","Riverside","33.92086","-116.85841"
"01/29/2025","AirNow","060650012","1","0.04","ppm","37","Banning Airport","24","100.0000","44201","Ozone","","40140","Riverside-San Bernardino-Ontario, CA","06","California","065","Riverside","33.92086","-116.85841"
"01/30/2025","AirNow","060650012","1","0.04","ppm","37","Banning Airport","24","100.0000","44201","Ozone","","40140","Riverside-San Bernardino-Ontario, CA","06","California","065","Riverside","33.92086","-116.85841"
"01/31/2025","AirNow","060650012","1","0.049","ppm","45","Banning Airport","24","100.0000","44201","Ozone","","40140","Riverside-San Bernardino-Ontario, CA","06","California","065","Riverside","33.92086","-116.85841"
"02/01/2025","AirNow","060650012","1","0.048","ppm","44","Banning Airport","24","100.0000","44201","Ozone","","40140","Riverside-San Bernardino-Ontario, CA","06","California","065","Riverside","33.92086","-116.85841"
"02/02/2025","AirNow","060650012","1","0.041","ppm","38","Banning Airport","24","100.0000","44201","Ozone","","40140","Riverside-San Bernardino-Ontario, CA","06","California","065","Riverside","33.92086","-116.85841"
"02/03/2025","AirNow","060650012","1","0.042","ppm","39","Banning Airport","24","100.0000","44201","Ozone","","40140","Riverside-San Bernardino-Ontario, CA","06","California","065","Riverside","33.92086","-116.85841"
"02/04/2025","AirNow","060650012","1","0.041","ppm","38","Banning Airport","24","100.0000","44201","Ozone","","40140","Riverside-San Bernardino-Ontario, CA","06","California","065","Riverside","33.92086","-116.85841"
"02/05/2025","AirNow","060650012","1","0.034","ppm","31","Banning Airport","24","100.0000","44201","Ozone","","40140","Riverside-San Bernardino-Ontario, CA","06","California","065","Riverside","33.92086","-116.85841"
"02/06/2025","AirNow","060650012","1","0.034","ppm","31","Banning Airport","24","100.0000","44201","Ozone","","40140","Riverside-San Bernardino-Ontario, CA","06","California","065","Riverside","33.92086","-116.85841"
"02/07/2025","AirNow","060650012","1","0.032","ppm","30","Banning Airport","24","100.0000","44201","Ozone","","40140","Riverside-San Bernardino-Ontario, CA","06","California","065","Riverside","33.92086","-116.85841"
"02/08/2025","AirNow","060650012","1","0.041","ppm","38","Banning Airport","24","100.0000","44201","Ozone","","40140","Riverside-San Bernardino-Ontario, CA","06","California","065","Riverside","33.92086","-116.85841"
"02/09/2025","AirNow","060650012","1","0.049","ppm","45","Banning Airport","24","100.0000","44201","Ozone","","40140","Riverside-San Bernardino-Ontario, CA","06","California","065","Riverside","33.92086","-116.85841"
"02/10/2025","AirNow","060650012","1","0.049","ppm","45","Banning Airport","24","100.0000","44201","Ozone","","40140","Riverside-San Bernardino-Ontario, CA","06","California","065","Riverside","33.92086","-116.85841"
"02/11/2025","AirNow","060650012","1","0.044","ppm","41","Banning Airport","24","100.0000","44201","Ozone","","40140","Riverside-San Bernardino-Ontario, CA","06","California","065","Riverside","33.92086","-116.85841"
"02/12/2025","AirNow","060650012","1","0.038","ppm","35","Banning Airport","24","100.0000","44201","Ozone","","40140","Riverside-San Bernardino-Ontario, CA","06","California","065","Riverside","33.92086","-116.85841"
"02/13/2025","AirNow","060650012","1","0.043","ppm","40","Banning Airport","24","100.0000","44201","Ozone","","40140","Riverside-San Bernardino-Ontario, CA","06","California","065","Riverside","33.92086","-116.85841"
"02/14/2025","AirNow","060650012","1","0.044","ppm","41","Banning Airport","24","100.0000","44201","Ozone","","40140","Riverside-San Bernardino-Ontario, CA","06","California","065","Riverside","33.92086","-116.85841"
"02/15/2025","AirNow","060650012","1","0.047","ppm","44","Banning Airport","24","100.0000","44201","Ozone","","40140","Riverside-San Bernardino-Ontario, CA","06","California","065","Riverside","33.92086","-116.85841"
"02/16/2025","AirNow","060650012","1","0.048","ppm","44","Banning Airport","24","100.0000","44201","Ozone","","40140","Riverside-San Bernardino-Ontario, CA","06","California","065","Riverside","33.92086","-116.85841"
"02/17/2025","AirNow","060650012","1","0.053","ppm","49","Banning Airport","24","100.0000","44201","Ozone","","40140","Riverside-San Bernardino-Ontario, CA","06","California","065","Riverside","33.92086","-116.85841"
"02/18/2025","AirNow","060650012","1","0.048","ppm","44","Banning Airport","24","100.0000","44201","Ozone","","40140","Riverside-San Bernardino-Ontario, CA","06","California","065","Riverside","33.92086","-116.85841"
"02/19/2025","AirNow","060650012","1","0.05","ppm","46","Banning Airport","24","100.0000","44201","Ozone","","40140","Riverside-San Bernardino-Ontario, CA","06","California","065","Riverside","33.92086","-116.85841"
"02/20/2025","AirNow","060650012","1","0.049","ppm","45","Banning Airport","24","100.0000","44201","Ozone","","40140","Riverside-San Bernardino-Ontario, CA","06","California","065","Riverside","33.92086","-116.85841"
"02/21/2025","AirNow","060650012","1","0.047","ppm","44","Banning Airport","24","100.0000","44201","Ozone","","40140","Riverside-San Bernardino-Ontario, CA","06","California","065","Riverside","33.92086","-116.85841"
"02/22/2025","AirNow","060650012","1","0.05","ppm","46","Banning Airport","24","100.0000","44201","Ozone","","40140","Riverside-San Bernardino-Ontario, CA","06","California","065","Riverside","33.92086","-116.85841"
"02/23/2025","AirNow","060650012","1","0.054","ppm","50","Banning Airport","24","100.0000","44201","Ozone","","40140","Riverside-San Bernardino-Ontario, CA","06","California","065","Riverside","33.92086","-116.85841"
"02/24/2025","AirNow","060650012","1","0.068","ppm","93","Banning Airport","24","100.0000","44201","Ozone","","40140","Riverside-San Bernardino-Ontario, CA","06","California","065","Riverside","33.92086","-116.85841"
"02/25/2025","AirNow","060650012","1","0.063","ppm","77","Banning Airport","24","100.0000","44201","Ozone","","40140","Riverside-San Bernardino-Ontario, CA","06","California","065","Riverside","33.92086","-116.85841"
"02/26/2025","AirNow","060650012","1","0.049","ppm","45","Banning Airport","18","75.0000","44201","Ozone","","40140","Riverside-San Bernardino-Ontario, CA","06","California","065","Riverside","33.92086","-116.85841"
"02/27/2025","AirNow","060650012","1","0.053","ppm","49","Banning Airport","24","100.0000","44201","Ozone","","40140","Riverside-San Bernardino-Ontario, CA","06","California","065","Riverside","33.92086","-116.85841"
"02/28/2025","AirNow","060650012","1","0.05","ppm","46","Banning Airport","24","100.0000","44201","Ozone","","40140","Riverside-San Bernardino-Ontario, CA","06","California","065","Riverside","33.92086","-116.85841"
"03/01/2025","AirNow","060650012","1","0.042","ppm","39","Banning Airport","21","88.0000","44201","Ozone","","40140","Riverside-San Bernardino-Ontario, CA","06","California","065","Riverside","33.92086","-116.85841"
"01/01/2025","AirNow","060650016","1","0.043","ppm","40","Temecula","24","100.0000","44201","Ozone","","40140","Riverside-San Bernardino-Ontario, CA","06","California","065","Riverside","33.5830180008699","-117.072202"
"01/02/2025","AirNow","060650016","1","0.042","ppm","39","Temecula","24","100.0000","44201","Ozone","","40140","Riverside-San Bernardino-Ontario, CA","06","California","065","Riverside","33.5830180008699","-117.072202"
"01/03/2025","AirNow","060650016","1","0.044","ppm","41","Temecula","24","100.0000","44201","Ozone","","40140","Riverside-San Bernardino-Ontario, CA","06","California","065","Riverside","33.5830180008699","-117.072202"
"01/04/2025","AirNow","060650016","1","0.043","ppm","40","Temecula","24","100.0000","44201","Ozone","","40140","Riverside-San Bernardino-Ontario, CA","06","California","065","Riverside","33.5830180008699","-117.072202"
"01/05/2025","AirNow","060650016","1","0.044","ppm","41","Temecula","24","100.0000","44201","Ozone","","40140","Riverside-San Bernardino-Ontario, CA","06","California","065","Riverside","33.5830180008699","-117.072202"
"01/06/2025","AirNow","060650016","1","0.044","ppm","41","Temecula","24","100.0000","44201","Ozone","","40140","Riverside-San Bernardino-Ontario, CA","06","California","065","Riverside","33.5830180008699","-117.072202"
"01/07/2025","AirNow","060650016","1","0.039","ppm","36","Temecula","24","100.0000","44201","Ozone","","40140","Riverside-San Bernardino-Ontario, CA","06","California","065","Riverside","33.5830180008699","-117.072202"
"01/08/2025","AirNow","060650016","1","0.04","ppm","37","Temecula","24","100.0000","44201","Ozone","","40140","Riverside-San Bernardino-Ontario, CA","06","California","065","Riverside","33.5830180008699","-117.072202"
"01/09/2025","AirNow","060650016","1","0.042","ppm","39","Temecula","24","100.0000","44201","Ozone","","40140","Riverside-San Bernardino-Ontario, CA","06","California","065","Riverside","33.5830180008699","-117.072202"
"01/10/2025","AirNow","060650016","1","0.042","ppm","39","Temecula","24","100.0000","44201","Ozone","","40140","Riverside-San Bernardino-Ontario, CA","06","California","065","Riverside","33.5830180008699","-117.072202"
"01/11/2025","AirNow","060650016","1","0.044","ppm","41","Temecula","24","100.0000","44201","Ozone","","40140","Riverside-San Bernardino-Ontario, CA","06","California","065","Riverside","33.5830180008699","-117.072202"
"01/12/2025","AirNow","060650016","1","0.041","ppm","38","Temecula","24","100.0000","44201","Ozone","","40140","Riverside-San Bernardino-Ontario, CA","06","California","065","Riverside","33.5830180008699","-117.072202"
"01/13/2025","AirNow","060650016","1","0.038","ppm","35","Temecula","24","100.0000","44201","Ozone","","40140","Riverside-San Bernardino-Ontario, CA","06","California","065","Riverside","33.5830180008699","-117.072202"
"01/14/2025","AirNow","060650016","1","0.039","ppm","36","Temecula","24","100.0000","44201","Ozone","","40140","Riverside-San Bernardino-Ontario, CA","06","California","065","Riverside","33.5830180008699","-117.072202"
"01/15/2025","AirNow","060650016","1","0.043","ppm","40","Temecula","24","100.0000","44201","Ozone","","40140","Riverside-San Bernardino-Ontario, CA","06","California","065","Riverside","33.5830180008699","-117.072202"
"01/16/2025","AirNow","060650016","1","0.038","ppm","35","Temecula","24","100.0000","44201","Ozone","","40140","Riverside-San Bernardino-Ontario, CA","06","California","065","Riverside","33.5830180008699","-117.072202"
"01/17/2025","AirNow","060650016","1","0.043","ppm","40","Temecula","24","100.0000","44201","Ozone","","40140","Riverside-San Bernardino-Ontario, CA","06","California","065","Riverside","33.5830180008699","-117.072202"
"01/18/2025","AirNow","060650016","1","0.043","ppm","40","Temecula","24","100.0000","44201","Ozone","","40140","Riverside-San Bernardino-Ontario, CA","06","California","065","Riverside","33.5830180008699","-117.072202"
"01/19/2025","AirNow","060650016","1","0.045","ppm","42","Temecula","24","100.0000","44201","Ozone","","40140","Riverside-San Bernardino-Ontario, CA","06","California","065","Riverside","33.5830180008699","-117.072202"
"01/20/2025","AirNow","060650016","1","0.045","ppm","42","Temecula","24","100.0000","44201","Ozone","","40140","Riverside-San Bernardino-Ontario, CA","06","California","065","Riverside","33.5830180008699","-117.072202"
"01/21/2025","AirNow","060650016","1","0.044","ppm","41","Temecula","24","100.0000","44201","Ozone","","40140","Riverside-San Bernardino-Ontario, CA","06","California","065","Riverside","33.5830180008699","-117.072202"
"01/22/2025","AirNow","060650016","1","0.04","ppm","37","Temecula","24","100.0000","44201","Ozone","","40140","Riverside-San Bernardino-Ontario, CA","06","California","065","Riverside","33.5830180008699","-117.072202"
"01/23/2025","AirNow","060650016","1","0.043","ppm","40","Temecula","24","100.0000","44201","Ozone","","40140","Riverside-San Bernardino-Ontario, CA","06","California","065","Riverside","33.5830180008699","-117.072202"
"01/24/2025","AirNow","060650016","1","0.043","ppm","40","Temecula","24","100.0000","44201","Ozone","","40140","Riverside-San Bernardino-Ontario, CA","06","California","065","Riverside","33.5830180008699","-117.072202"
"01/25/2025","AirNow","060650016","1","0.044","ppm","41","Temecula","24","100.0000","44201","Ozone","","40140","Riverside-San Bernardino-Ontario, CA","06","California","065","Riverside","33.5830180008699","-117.072202"
"01/26/2025","AirNow","060650016","1","0.035","ppm","32","Temecula","24","100.0000","44201","Ozone","","40140","Riverside-San Bernardino-Ontario, CA","06","California","065","Riverside","33.5830180008699","-117.072202"
"01/27/2025","AirNow","060650016","1","0.034","ppm","31","Temecula","24","100.0000","44201","Ozone","","40140","Riverside-San Bernardino-Ontario, CA","06","California","065","Riverside","33.5830180008699","-117.072202"
"01/28/2025","AirNow","060650016","1","0.036","ppm","33","Temecula","24","100.0000","44201","Ozone","","40140","Riverside-San Bernardino-Ontario, CA","06","California","065","Riverside","33.5830180008699","-117.072202"
"01/29/2025","AirNow","060650016","1","0.038","ppm","35","Temecula","24","100.0000","44201","Ozone","","40140","Riverside-San Bernardino-Ontario, CA","06","California","065","Riverside","33.5830180008699","-117.072202"
"01/30/2025","AirNow","060650016","1","0.038","ppm","35","Temecula","24","100.0000","44201","Ozone","","40140","Riverside-San Bernardino-Ontario, CA","06","California","065","Riverside","33.5830180008699","-117.072202"
"01/31/2025","AirNow","060650016","1","0.04","ppm","37","Temecula","24","100.0000","44201","Ozone","","40140","Riverside-San Bernardino-Ontario, CA","06","California","065","Riverside","33.5830180008699","-117.072202"
"02/01/2025","AirNow","060650016","1","0.045","ppm","42","Temecula","24","100.0000","44201","Ozone","","40140","Riverside-San Bernardino-Ontario, CA","06","California","065","Riverside","33.5830180008699","-117.072202"
"02/02/2025","AirNow","060650016","1","0.041","ppm","38","Temecula","24","100.0000","44201","Ozone","","40140","Riverside-San Bernardino-Ontario, CA","06","California","065","Riverside","33.5830180008699","-117.072202"
"02/03/2025","AirNow","060650016","1","0.037","ppm","34","Temecula","24","100.0000","44201","Ozone","","40140","Riverside-San Bernardino-Ontario, CA","06","California","065","Riverside","33.5830180008699","-117.072202"
"02/04/2025","AirNow","060650016","1","0.032","ppm","30","Temecula","24","100.0000","44201","Ozone","","40140","Riverside-San Bernardino-Ontario, CA","06","California","065","Riverside","33.5830180008699","-117.072202"
"02/05/2025","AirNow","060650016","1","0.032","ppm","30","Temecula","24","100.0000","44201","Ozone","","40140","Riverside-San Bernardino-Ontario, CA","06","California","065","Riverside","33.5830180008699","-117.072202"
"02/06/2025","AirNow","060650016","1","0.028","ppm","26","Temecula","24","100.0000","44201","Ozone","","40140","Riverside-San Bernardino-Ontario, CA","06","California","065","Riverside","33.5830180008699","-117.072202"
"02/07/2025","AirNow","060650016","1","0.029","ppm","27","Temecula","24","100.0000","44201","Ozone","","40140","Riverside-San Bernardino-Ontario, CA","06","California","065","Riverside","33.5830180008699","-117.072202"
"02/09/2025","AirNow","060650016","1","0.046","ppm","43","Temecula","24","100.0000","44201","Ozone","","40140","Riverside-San Bernardino-Ontario, CA","06","California","065","Riverside","33.5830180008699","-117.072202"
"02/10/2025","AirNow","060650016","1","0.039","ppm","36","Temecula","24","100.0000","44201","Ozone","","40140","Riverside-San Bernardino-Ontario, CA","06","California","065","Riverside","33.5830180008699","-117.072202"
"02/11/2025","AirNow","060650016","1","0.038","ppm","35","Temecula","24","100.0000","44201","Ozone","","40140","Riverside-San Bernardino-Ontario, CA","06","California","065","Riverside","33.5830180008699","-117.072202"
"02/12/2025","AirNow","060650016","1","0.032","ppm","30","Temecula","24","100.0000","44201","Ozone","","40140","Riverside-San Bernardino-Ontario, CA","06","California","065","Riverside","33.5830180008699","-117.072202"
"02/14/2025","AirNow","060650016","1","0.038","ppm","35","Temecula","24","100.0000","44201","Ozone","","40140","Riverside-San Bernardino-Ontario, CA","06","California","065","Riverside","33.5830180008699","-117.072202"
"02/15/2025","AirNow","060650016","1","0.043","ppm","40","Temecula","24","100.0000","44201","Ozone","","40140","Riverside-San Bernardino-Ontario, CA","06","California","065","Riverside","33.5830180008699","-117.072202"
"02/16/2025","AirNow","060650016","1","0.044","ppm","41","Temecula","24","100.0000","44201","Ozone","","40140","Riverside-San Bernardino-Ontario, CA","06","California","065","Riverside","33.5830180008699","-117.072202"
"02/17/2025","AirNow","060650016","1","0.048","ppm","44","Temecula","24","100.0000","44201","Ozone","","40140","Riverside-San Bernardino-Ontario, CA","06","California","065","Riverside","33.5830180008699","-117.072202"
"02/18/2025","AirNow","060650016","1","0.041","ppm","38","Temecula","24","100.0000","44201","Ozone","","40140","Riverside-San Bernardino-Ontario, CA","06","California","065","Riverside","33.5830180008699","-117.072202"
"02/19/2025","AirNow","060650016","1","0.048","ppm","44","Temecula","24","100.0000","44201","Ozone","","40140","Riverside-San Bernardino-Ontario, CA","06","California","065","Riverside","33.5830180008699","-117.072202"
"02/20/2025","AirNow","060650016","1","0.051","ppm","47","Temecula","24","100.0000","44201","Ozone","","40140","Riverside-San Bernardino-Ontario, CA","06","California","065","Riverside","33.5830180008699","-117.072202"
"02/21/2025","AirNow","060650016","1","0.048","ppm","44","Temecula","24","100.0000","44201","Ozone","","40140","Riverside-San Bernardino-Ontario, CA","06","California","065","Riverside","33.5830180008699","-117.072202"
"02/22/2025","AirNow","060650016","1","0.052","ppm","48","Temecula","24","100.0000","44201","Ozone","","40140","Riverside-San Bernardino-Ontario, CA","06","California","065","Riverside","33.5830180008699","-117.072202"
"02/23/2025","AirNow","060650016","1","0.054","ppm","50","Temecula","24","100.0000","44201","Ozone","","40140","Riverside-San Bernardino-Ontario, CA","06","California","065","Riverside","33.5830180008699","-117.072202"
"02/24/2025","AirNow","060650016","1","0.057","ppm","58","Temecula","24","100.0000","44201","Ozone","","40140","Riverside-San Bernardino-Ontario, CA","06","California","065","Riverside","33.5830180008699","-117.072202"
"02/25/2025","AirNow","060650016","1","0.059","ppm","64","Temecula","24","100.0000","44201","Ozone","","40140","Riverside-San Bernardino-Ontario, CA","06","California","065","Riverside","33.5830180008699","-117.072202"
"02/26/2025","AirNow","060650016","1","0.054","ppm","50","Temecula","24","100.0000","44201","Ozone","","40140","Riverside-San Bernardino-Ontario, CA","06","California","065","Riverside","33.5830180008699","-117.072202"
"02/27/2025","AirNow","060650016","1","0.052","ppm","48","Temecula","24","100.0000","44201","Ozone","","40140","Riverside-San Bernardino-Ontario, CA","06","California","065","Riverside","33.5830180008699","-117.072202"
"02/28/2025","AirNow","060650016","1","0.046","ppm","43","Temecula","24","100.0000","44201","Ozone","","40140","Riverside-San Bernardino-Ontario, CA","06","California","065","Riverside","33.5830180008699","-117.072202"
"03/01/2025","AirNow","060650016","1","0.039","ppm","36","Temecula","21","88.0000","44201","Ozone","","40140","Riverside-San Bernardino-Ontario, CA","06","California","065","Riverside","33.5830180008699","-117.072202"
"01/01/2025","AirNow","060652007","1","0.042","ppm","39","","24","100.0000","44201","Ozone","","40140","Riverside-San Bernardino-Ontario, CA","06","California","065","Riverside","33.72537","-116.206842"
"01/02/2025","AirNow","060652007","1","0.036","ppm","33","","24","100.0000","44201","Ozone","","40140","Riverside-San Bernardino-Ontario, CA","06","California","065","Riverside","33.72537","-116.206842"
"01/03/2025","AirNow","060652007","1","0.031","ppm","29","","24","100.0000","44201","Ozone","","40140","Riverside-San Bernardino-Ontario, CA","06","California","065","Riverside","33.72537","-116.206842"
"01/04/2025","AirNow","060652007","1","0.044","ppm","41","","24","100.0000","44201","Ozone","","40140","Riverside-San Bernardino-Ontario, CA","06","California","065","Riverside","33.72537","-116.206842"
"01/05/2025","AirNow","060652007","1","0.041","ppm","38","","24","100.0000","44201","Ozone","","40140","Riverside-San Bernardino-Ontario, CA","06","California","065","Riverside","33.72537","-116.206842"
"01/06/2025","AirNow","060652007","1","0.034","ppm","31","","24","100.0000","44201","Ozone","","40140","Riverside-San Bernardino-Ontario, CA","06","California","065","Riverside","33.72537","-116.206842"
"01/07/2025","AirNow","060652007","1","0.04","ppm","37","","24","100.0000","44201","Ozone","","40140","Riverside-San Bernardino-Ontario, CA","06","California","065","Riverside","33.72537","-116.206842"
"01/08/2025","AirNow","060652007","1","0.042","ppm","39","","24","100.0000","44201","Ozone","","40140","Riverside-San Bernardino-Ontario, CA","06","California","065","Riverside","33.72537","-116.206842"
"01/09/2025","AirNow","060652007","1","0.045","ppm","42","","24","100.0000","44201","Ozone","","40140","Riverside-San Bernardino-Ontario, CA","06","California","065","Riverside","33.72537","-116.206842"
"01/10/2025","AirNow","060652007","1","0.043","ppm","40","","24","100.0000","44201","Ozone","","40140","Riverside-San Bernardino-Ontario, CA","06","California","065","Riverside","33.72537","-116.206842"
"01/11/2025","AirNow","060652007","1","0.044","ppm","41","","24","100.0000","44201","Ozone","","40140","Riverside-San Bernardino-Ontario, CA","06","California","065","Riverside","33.72537","-116.206842"
"01/12/2025","AirNow","060652007","1","0.042","ppm","39","","24","100.0000","44201","Ozone","","40140","Riverside-San Bernardino-Ontario, CA","06","California","065","Riverside","33.72537","-116.206842"
"01/13/2025","AirNow","060652007","1","0.038","ppm","35","","24","100.0000","44201","Ozone","","40140","Riverside-San Bernardino-Ontario, CA","06","California","065","Riverside","33.72537","-116.206842"
"01/14/2025","AirNow","060652007","1","0.039","ppm","36","","24","100.0000","44201","Ozone","","40140","Riverside-San Bernardino-Ontario, CA","06","California","065","Riverside","33.72537","-116.206842"
"01/15/2025","AirNow","060652007","1","0.043","ppm","40","","24","100.0000","44201","Ozone","","40140","Riverside-San Bernardino-Ontario, CA","06","California","065","Riverside","33.72537","-116.206842"
"01/16/2025","AirNow","060652007","1","0.043","ppm","40","","24","100.0000","44201","Ozone","","40140","Riverside-San Bernardino-Ontario, CA","06","California","065","Riverside","33.72537","-116.206842"
"01/17/2025","AirNow","060652007","1","0.05","ppm","46","","24","100.0000","44201","Ozone","","40140","Riverside-San Bernardino-Ontario, CA","06","California","065","Riverside","33.72537","-116.206842"
"01/18/2025","AirNow","060652007","1","0.047","ppm","44","","24","100.0000","44201","Ozone","","40140","Riverside-San Bernardino-Ontario, CA","06","California","065","Riverside","33.72537","-116.206842"
"01/19/2025","AirNow","060652007","1","0.045","ppm","42","","24","100.0000","44201","Ozone","","40140","Riverside-San Bernardino-Ontario, CA","06","California","065","Riverside","33.72537","-116.206842"
"01/20/2025","AirNow","060652007","1","0.044","ppm","41","","24","100.0000","44201","Ozone","","40140","Riverside-San Bernardino-Ontario, CA","06","California","065","Riverside","33.72537","-116.206842"
"01/21/2025","AirNow","060652007","1","0.039","ppm","36","","24","100.0000","44201","Ozone","","40140","Riverside-San Bernardino-Ontario, CA","06","California","065","Riverside","33.72537","-116.206842"
"01/22/2025","AirNow","060652007","1","0.037","ppm","34","","24","100.0000","44201","Ozone","","40140","Riverside-San Bernardino-Ontario, CA","06","California","065","Riverside","33.72537","-116.206842"
"01/23/2025","AirNow","060652007","1","0.046","ppm","43","","24","100.0000","44201","Ozone","","40140","Riverside-San Bernardino-Ontario, CA","06","California","065","Riverside","33.72537","-116.206842"
"01/24/2025","AirNow","060652007","1","0.039","ppm","36","","24","100.0000","44201","Ozone","","40140","Riverside-San Bernardino-Ontario, CA","06","California","065","Riverside","33.72537","-116.206842"
"01/25/2025","AirNow","060652007","1","0.042","ppm","39","","24","100.0000","44201","Ozone","","40140","Riverside-San Bernardino-Ontario, CA","06","California","065","Riverside","33.72537","-116.206842"
"01/26/2025","AirNow","060652007","1","0.042","ppm","39","","24","100.0000","44201","Ozone","","40140","Riverside-San Bernardino-Ontario, CA","06","California","065","Riverside","33.72537","-116.206842"
"01/27/2025","AirNow","060652007","1","0.037","ppm","34","","24","100.0000","44201","Ozone","","40140","Riverside-San Bernardino-Ontario, CA","06","California","065","Riverside","33.72537","-116.206842"
"01/28/2025","AirNow","060652007","1","0.038","ppm","35","","24","100.0000","44201","Ozone","","40140","Riverside-San Bernardino-Ontario, CA","06","California","065","Riverside","33.72537","-116.206842"
"01/29/2025","AirNow","060652007","1","0.043","ppm","40","","24","100.0000","44201","Ozone","","40140","Riverside-San Bernardino-Ontario, CA","06","California","065","Riverside","33.72537","-116.206842"
"01/30/2025","AirNow","060652007","1","0.046","ppm","43","","24","100.0000","44201","Ozone","","40140","Riverside-San Bernardino-Ontario, CA","06","California","065","Riverside","33.72537","-116.206842"
"01/31/2025","AirNow","060652007","1","0.048","ppm","44","","24","100.0000","44201","Ozone","","40140","Riverside-San Bernardino-Ontario, CA","06","California","065","Riverside","33.72537","-116.206842"
"02/01/2025","AirNow","060652007","1","0.055","ppm","51","","24","100.0000","44201","Ozone","","40140","Riverside-San Bernardino-Ontario, CA","06","California","065","Riverside","33.72537","-116.206842"
"02/02/2025","AirNow","060652007","1","0.059","ppm","64","","24","100.0000","44201","Ozone","","40140","Riverside-San Bernardino-Ontario, CA","06","California","065","Riverside","33.72537","-116.206842"
"02/03/2025","AirNow","060652007","1","0.053","ppm","49","","24","100.0000","44201","Ozone","","40140","Riverside-San Bernardino-Ontario, CA","06","California","065","Riverside","33.72537","-116.206842"
"02/04/2025","AirNow","060652007","1","0.048","ppm","44","","24","100.0000","44201","Ozone","","40140","Riverside-San Bernardino-Ontario, CA","06","California","065","Riverside","33.72537","-116.206842"
"02/05/2025","AirNow","060652007","1","0.038","ppm","35","","24","100.0000","44201","Ozone","","40140","Riverside-San Bernardino-Ontario, CA","06","California","065","Riverside","33.72537","-116.206842"
"02/06/2025","AirNow","060652007","1","0.041","ppm","38","","24","100.0000","44201","Ozone","","40140","Riverside-San Bernardino-Ontario, CA","06","California","065","Riverside","33.72537","-116.206842"
"02/07/2025","AirNow","060652007","1","0.04","ppm","37","","24","100.0000","44201","Ozone","","40140","Riverside-San Bernardino-Ontario, CA","06","California","065","Riverside","33.72537","-116.206842"
"02/08/2025","AirNow","060652007","1","0.046","ppm","43","","24","100.0000","44201","Ozone","","40140","Riverside-San Bernardino-Ontario, CA","06","California","065","Riverside","33.72537","-116.206842"
"02/09/2025","AirNow","060652007","1","0.046","ppm","43","","24","100.0000","44201","Ozone","","40140","Riverside-San Bernardino-Ontario, CA","06","California","065","Riverside","33.72537","-116.206842"
"02/10/2025","AirNow","060652007","1","0.049","ppm","45","","24","100.0000","44201","Ozone","","40140","Riverside-San Bernardino-Ontario, CA","06","California","065","Riverside","33.72537","-116.206842"
"02/11/2025","AirNow","060652007","1","0.046","ppm","43","","24","100.0000","44201","Ozone","","40140","Riverside-San Bernardino-Ontario, CA","06","California","065","Riverside","33.72537","-116.206842"
"02/12/2025","AirNow","060652007","1","0.041","ppm","38","","24","100.0000","44201","Ozone","","40140","Riverside-San Bernardino-Ontario, CA","06","California","065","Riverside","33.72537","-116.206842"
"02/13/2025","AirNow","060652007","1","0.03","ppm","28","","24","100.0000","44201","Ozone","","40140","Riverside-San Bernardino-Ontario, CA","06","California","065","Riverside","33.72537","-116.206842"
"02/14/2025","AirNow","060652007","1","0.046","ppm","43","","24","100.0000","44201","Ozone","","40140","Riverside-San Bernardino-Ontario, CA","06","California","065","Riverside","33.72537","-116.206842"
"02/15/2025","AirNow","060652007","1","0.046","ppm","43","","24","100.0000","44201","Ozone","","40140","Riverside-San Bernardino-Ontario, CA","06","California","065","Riverside","33.72537","-116.206842"
"02/16/2025","AirNow","060652007","1","0.045","ppm","42","","24","100.0000","44201","Ozone","","40140","Riverside-San Bernardino-Ontario, CA","06","California","065","Riverside","33.72537","-116.206842"
"02/17/2025","AirNow","060652007","1","0.046","ppm","43","","24","100.0000","44201","Ozone","","40140","Riverside-San Bernardino-Ontario, CA","06","California","065","Riverside","33.72537","-116.206842"
"02/18/2025","AirNow","060652007","1","0.048","ppm","44","","24","100.0000","44201","Ozone","","40140","Riverside-San Bernardino-Ontario, CA","06","California","065","Riverside","33.72537","-116.206842"
"02/19/2025","AirNow","060652007","1","0.046","ppm","43","","24","100.0000","44201","Ozone","","40140","Riverside-San Bernardino-Ontario, CA","06","California","065","Riverside","33.72537","-116.206842"
"02/20/2025","AirNow","060652007","1","0.05","ppm","46","","24","100.0000","44201","Ozone","","40140","Riverside-San Bernardino-Ontario, CA","06","California","065","Riverside","33.72537","-116.206842"
"02/21/2025","AirNow","060652007","1","0.047","ppm","44","","24","100.0000","44201","Ozone","","40140","Riverside-San Bernardino-Ontario, CA","06","California","065","Riverside","33.72537","-116.206842"
"02/22/2025","AirNow","060652007","1","0.049","ppm","45","","24","100.0000","44201","Ozone","","40140","Riverside-San Bernardino-Ontario, CA","06","California","065","Riverside","33.72537","-116.206842"
"02/23/2025","AirNow","060652007","1","0.053","ppm","49","","24","100.0000","44201","Ozone","","40140","Riverside-San Bernardino-Ontario, CA","06","California","065","Riverside","33.72537","-116.206842"
"02/24/2025","AirNow","060652007","1","0.056","ppm","54","","24","100.0000","44201","Ozone","","40140","Riverside-San Bernardino-Ontario, CA","06","California","065","Riverside","33.72537","-116.206842"
"02/25/2025","AirNow","060652007","1","0.058","ppm","61","","24","100.0000","44201","Ozone","","40140","Riverside-San Bernardino-Ontario, CA","06","California","065","Riverside","33.72537","-116.206842"
"02/26/2025","AirNow","060652007","1","0.048","ppm","44","","24","100.0000","44201","Ozone","","40140","Riverside-San Bernardino-Ontario, CA","06","California","065","Riverside","33.72537","-116.206842"
"02/27/2025","AirNow","060652007","1","0.051","ppm","47","","24","100.0000","44201","Ozone","","40140","Riverside-San Bernardino-Ontario, CA","06","California","065","Riverside","33.72537","-116.206842"
"02/28/2025","AirNow","060652007","1","0.044","ppm","41","","24","100.0000","44201","Ozone","","40140","Riverside-San Bernardino-Ontario, CA","06","California","065","Riverside","33.72537","-116.206842"
"03/01/2025","AirNow","060652007","1","0.046","ppm","43","","21","88.0000","44201","Ozone","","40140","Riverside-San Bernardino-Ontario, CA","06","California","065","Riverside","33.72537","-116.206842"
"01/01/2025","AirNow","060655001","1","0.043","ppm","40","Palm Springs","24","100.0000","44201","Ozone","","40140","Riverside-San Bernardino-Ontario, CA","06","California","065","Riverside","33.85275","-116.54101"
"01/02/2025","AirNow","060655001","1","0.041","ppm","38","Palm Springs","24","100.0000","44201","Ozone","","40140","Riverside-San Bernardino-Ontario, CA","06","California","065","Riverside","33.85275","-116.54101"
"01/03/2025","AirNow","060655001","1","0.038","ppm","35","Palm Springs","24","100.0000","44201","Ozone","","40140","Riverside-San Bernardino-Ontario, CA","06","California","065","Riverside","33.85275","-116.54101"
"01/04/2025","AirNow","060655001","1","0.045","ppm","42","Palm Springs","24","100.0000","44201","Ozone","","40140","Riverside-San Bernardino-Ontario, CA","06","California","065","Riverside","33.85275","-116.54101"
"01/05/2025","AirNow","060655001","1","0.041","ppm","38","Palm Springs","24","100.0000","44201","Ozone","","40140","Riverside-San Bernardino-Ontario, CA","06","California","065","Riverside","33.85275","-116.54101"
"01/06/2025","AirNow","060655001","1","0.036","ppm","33","Palm Springs","24","100.0000","44201","Ozone","","40140","Riverside-San Bernardino-Ontario, CA","06","California","065","Riverside","33.85275","-116.54101"
"01/07/2025","AirNow","060655001","1","0.041","ppm","38","Palm Springs","24","100.0000","44201","Ozone","","40140","Riverside-San Bernardino-Ontario, CA","06","California","065","Riverside","33.85275","-116.54101"
"01/08/2025","AirNow","060655001","1","0.042","ppm","39","Palm Springs","24","100.0000","44201","Ozone","","40140","Riverside-San Bernardino-Ontario, CA","06","California","065","Riverside","33.85275","-116.54101"
"01/09/2025","AirNow","060655001","1","0.047","ppm","44","Palm Springs","24","100.0000","44201","Ozone","","40140","Riverside-San Bernardino-Ontario, CA","06","California","065","Riverside","33.85275","-116.54101"
"01/11/2025","AirNow","060655001","1","0.046","ppm","43","Palm Springs","24","100.0000","44201","Ozone","","40140","Riverside-San Bernardino-Ontario, CA","06","California","065","Riverside","33.85275","-116.54101"
"01/12/2025","AirNow","060655001","1","0.043","ppm","40","Palm Springs","24","100.0000","44201","Ozone","","40140","Riverside-San Bernardino-Ontario, CA","06","California","065","Riverside","33.85275","-116.54101"
"01/13/2025","AirNow","060655001","1","0.04","ppm","37","Palm Springs","24","100.0000","44201","Ozone","","40140","Riverside-San Bernardino-Ontario, CA","06","California","065","Riverside","33.85275","-116.54101"
"01/15/2025","AirNow","060655001","1","0.044","ppm","41","Palm Springs","24","100.0000","44201","Ozone","","40140","Riverside-San Bernardino-Ontario, CA","06","California","065","Riverside","33.85275","-116.54101"
"01/16/2025","AirNow","060655001","1","0.042","ppm","39","Palm Springs","24","100.0000","44201","Ozone","","40140","Riverside-San Bernardino-Ontario, CA","06","California","065","Riverside","33.85275","-116.54101"
"01/17/2025","AirNow","060655001","1","0.05","ppm","46","Palm Springs","24","100.0000","44201","Ozone","","40140","Riverside-San Bernardino-Ontario, CA","06","California","065","Riverside","33.85275","-116.54101"
"01/18/2025","AirNow","060655001","1","0.046","ppm","43","Palm Springs","24","100.0000","44201","Ozone","","40140","Riverside-San Bernardino-Ontario, CA","06","California","065","Riverside","33.85275","-116.54101"
"01/19/2025","AirNow","060655001","1","0.048","ppm","44","Palm Springs","24","100.0000","44201","Ozone","","40140","Riverside-San Bernardino-Ontario, CA","06","California","065","Riverside","33.85275","-116.54101"
"01/20/2025","AirNow","060655001","1","0.047","ppm","44","Palm Springs","24","100.0000","44201","Ozone","","40140","Riverside-San Bernardino-Ontario, CA","06","California","065","Riverside","33.85275","-116.54101"
"01/21/2025","AirNow","060655001","1","0.043","ppm","40","Palm Springs","24","100.0000","44201","Ozone","","40140","Riverside-San Bernardino-Ontario, CA","06","California","065","Riverside","33.85275","-116.54101"
"01/22/2025","AirNow","060655001","1","0.039","ppm","36","Palm Springs","24","100.0000","44201","Ozone","","40140","Riverside-San Bernardino-Ontario, CA","06","California","065","Riverside","33.85275","-116.54101"
"01/23/2025","AirNow","060655001","1","0.044","ppm","41","Palm Springs","24","100.0000","44201","Ozone","","40140","Riverside-San Bernardino-Ontario, CA","06","California","065","Riverside","33.85275","-116.54101"
"01/24/2025","AirNow","060655001","1","0.043","ppm","40","Palm Springs","24","100.0000","44201","Ozone","","40140","Riverside-San Bernardino-Ontario, CA","06","California","065","Riverside","33.85275","-116.54101"
"01/25/2025","AirNow","060655001","1","0.041","ppm","38","Palm Springs","24","100.0000","44201","Ozone","","40140","Riverside-San Bernardino-Ontario, CA","06","California","065","Riverside","33.85275","-116.54101"
"01/26/2025","AirNow","060655001","1","0.04","ppm","37","Palm Springs","24","100.0000","44201","Ozone","","40140","Riverside-San Bernardino-Ontario, CA","06","California","065","Riverside","33.85275","-116.54101"
"01/27/2025","AirNow","060655001","1","0.038","ppm","35","Palm Springs","24","100.0000","44201","Ozone","","40140","Riverside-San Bernardino-Ontario, CA","06","California","065","Riverside","33.85275","-116.54101"
"01/28/2025","AirNow","060655001","1","0.038","ppm","35","Palm Springs","24","100.0000","44201","Ozone","","40140","Riverside-San Bernardino-Ontario, CA","06","California","065","Riverside","33.85275","-116.54101"
"01/29/2025","AirNow","060655001","1","0.043","ppm","40","Palm Springs","24","100.0000","44201","Ozone","","40140","Riverside-San Bernardino-Ontario, CA","06","California","065","Riverside","33.85275","-116.54101"
"01/30/2025","AirNow","060655001","1","0.044","ppm","41","Palm Springs","24","100.0000","44201","Ozone","","40140","Riverside-San Bernardino-Ontario, CA","06","California","065","Riverside","33.85275","-116.54101"
"01/31/2025","AirNow","060655001","1","0.048","ppm","44","Palm Springs","24","100.0000","44201","Ozone","","40140","Riverside-San Bernardino-Ontario, CA","06","California","065","Riverside","33.85275","-116.54101"
"02/01/2025","AirNow","060655001","1","0.057","ppm","58","Palm Springs","24","100.0000","44201","Ozone","","40140","Riverside-San Bernardino-Ontario, CA","06","California","065","Riverside","33.85275","-116.54101"
"02/02/2025","AirNow","060655001","1","0.056","ppm","54","Palm Springs","24","100.0000","44201","Ozone","","40140","Riverside-San Bernardino-Ontario, CA","06","California","065","Riverside","33.85275","-116.54101"
"02/03/2025","AirNow","060655001","1","0.053","ppm","49","Palm Springs","24","100.0000","44201","Ozone","","40140","Riverside-San Bernardino-Ontario, CA","06","California","065","Riverside","33.85275","-116.54101"
"02/04/2025","AirNow","060655001","1","0.048","ppm","44","Palm Springs","24","100.0000","44201","Ozone","","40140","Riverside-San Bernardino-Ontario, CA","06","California","065","Riverside","33.85275","-116.54101"
"02/05/2025","AirNow","060655001","1","0.038","ppm","35","Palm Springs","24","100.0000","44201","Ozone","","40140","Riverside-San Bernardino-Ontario, CA","06","California","065","Riverside","33.85275","-116.54101"
"02/06/2025","AirNow","060655001","1","0.043","ppm","40","Palm Springs","24","100.0000","44201","Ozone","","40140","Riverside-San Bernardino-Ontario, CA","06","California","065","Riverside","33.85275","-116.54101"
"02/07/2025","AirNow","060655001","1","0.042","ppm","39","Palm Springs","24","100.0000","44201","Ozone","","40140","Riverside-San Bernardino-Ontario, CA","06","California","065","Riverside","33.85275","-116.54101"
"02/08/2025","AirNow","060655001","1","0.047","ppm","44","Palm Springs","24","100.0000","44201","Ozone","","40140","Riverside-San Bernardino-Ontario, CA","06","California","065","Riverside","33.85275","-116.54101"
"02/09/2025","AirNow","060655001","1","0.049","ppm","45","Palm Springs","24","100.0000","44201","Ozone","","40140","Riverside-San Bernardino-Ontario, CA","06","California","065","Riverside","33.85275","-116.54101"
"02/10/2025","AirNow","060655001","1","0.052","ppm","48","Palm Springs","24","100.0000","44201","Ozone","","40140","Riverside-San Bernardino-Ontario, CA","06","California","065","Riverside","33.85275","-116.54101"
"02/11/2025","AirNow","060655001","1","0.048","ppm","44","Palm Springs","24","100.0000","44201","Ozone","","40140","Riverside-San Bernardino-Ontario, CA","06","California","065","Riverside","33.85275","-116.54101"
"02/12/2025","AirNow","060655001","1","0.04","ppm","37","Palm Springs","24","100.0000","44201","Ozone","","40140","Riverside-San Bernardino-Ontario, CA","06","California","065","Riverside","33.85275","-116.54101"
"02/13/2025","AirNow","060655001","1","0.03","ppm","28","Palm Springs","24","100.0000","44201","Ozone","","40140","Riverside-San Bernardino-Ontario, CA","06","California","065","Riverside","33.85275","-116.54101"
"02/14/2025","AirNow","060655001","1","0.049","ppm","45","Palm Springs","24","100.0000","44201","Ozone","","40140","Riverside-San Bernardino-Ontario, CA","06","California","065","Riverside","33.85275","-116.54101"
"02/15/2025","AirNow","060655001","1","0.046","ppm","43","Palm Springs","24","100.0000","44201","Ozone","","40140","Riverside-San Bernardino-Ontario, CA","06","California","065","Riverside","33.85275","-116.54101"
"02/16/2025","AirNow","060655001","1","0.046","ppm","43","Palm Springs","24","100.0000","44201","Ozone","","40140","Riverside-San Bernardino-Ontario, CA","06","California","065","Riverside","33.85275","-116.54101"
"02/17/2025","AirNow","060655001","1","0.051","ppm","47","Palm Springs","24","100.0000","44201","Ozone","","40140","Riverside-San Bernardino-Ontario, CA","06","California","065","Riverside","33.85275","-116.54101"
"02/18/2025","AirNow","060655001","1","0.048","ppm","44","Palm Springs","24","100.0000","44201","Ozone","","40140","Riverside-San Bernardino-Ontario, CA","06","California","065","Riverside","33.85275","-116.54101"
"02/19/2025","AirNow","060655001","1","0.045","ppm","42","Palm Springs","24","100.0000","44201","Ozone","","40140","Riverside-San Bernardino-Ontario, CA","06","California","065","Riverside","33.85275","-116.54101"
"02/20/2025","AirNow","060655001","1","0.048","ppm","44","Palm Springs","24","100.0000","44201","Ozone","","40140","Riverside-San Bernardino-Ontario, CA","06","California","065","Riverside","33.85275","-116.54101"
"02/21/2025","AirNow","060655001","1","0.047","ppm","44","Palm Springs","24","100.0000","44201","Ozone","","40140","Riverside-San Bernardino-Ontario, CA","06","California","065","Riverside","33.85275","-116.54101"
"02/22/2025","AirNow","060655001","1","0.049","ppm","45","Palm Springs","24","100.0000","44201","Ozone","","40140","Riverside-San Bernardino-Ontario, CA","06","California","065","Riverside","33.85275","-116.54101"
"02/23/2025","AirNow","060655001","1","0.052","ppm","48","Palm Springs","24","100.0000","44201","Ozone","","40140","Riverside-San Bernardino-Ontario, CA","06","California","065","Riverside","33.85275","-116.54101"
"02/24/2025","AirNow","060655001","1","0.058","ppm","61","Palm Springs","24","100.0000","44201","Ozone","","40140","Riverside-San Bernardino-Ontario, CA","06","California","065","Riverside","33.85275","-116.54101"
"02/25/2025","AirNow","060655001","1","0.066","ppm","87","Palm Springs","24","100.0000","44201","Ozone","","40140","Riverside-San Bernardino-Ontario, CA","06","California","065","Riverside","33.85275","-116.54101"
"02/26/2025","AirNow","060655001","1","0.048","ppm","44","Palm Springs","24","100.0000","44201","Ozone","","40140","Riverside-San Bernardino-Ontario, CA","06","California","065","Riverside","33.85275","-116.54101"
"02/27/2025","AirNow","060655001","1","0.051","ppm","47","Palm Springs","24","100.0000","44201","Ozone","","40140","Riverside-San Bernardino-Ontario, CA","06","California","065","Riverside","33.85275","-116.54101"
"02/28/2025","AirNow","060655001","1","0.044","ppm","41","Palm Springs","24","100.0000","44201","Ozone","","40140","Riverside-San Bernardino-Ontario, CA","06","California","065","Riverside","33.85275","-116.54101"
"03/01/2025","AirNow","060655001","1","0.048","ppm","44","Palm Springs","21","88.0000","44201","Ozone","","40140","Riverside-San Bernardino-Ontario, CA","06","California","065","Riverside","33.85275","-116.54101"
"01/01/2025","AirNow","060658001","1","0.039","ppm","36","Rubidoux","24","100.0000","44201","Ozone","","40140","Riverside-San Bernardino-Ontario, CA","06","California","065","Riverside","33.9995800008751","-117.41601"
"01/02/2025","AirNow","060658001","1","0.036","ppm","33","Rubidoux","24","100.0000","44201","Ozone","","40140","Riverside-San Bernardino-Ontario, CA","06","California","065","Riverside","33.9995800008751","-117.41601"
"01/03/2025","AirNow","060658001","1","0.027","ppm","25","Rubidoux","24","100.0000","44201","Ozone","","40140","Riverside-San Bernardino-Ontario, CA","06","California","065","Riverside","33.9995800008751","-117.41601"
"01/04/2025","AirNow","060658001","1","0.041","ppm","38","Rubidoux","24","100.0000","44201","Ozone","","40140","Riverside-San Bernardino-Ontario, CA","06","California","065","Riverside","33.9995800008751","-117.41601"
"01/05/2025","AirNow","060658001","1","0.042","ppm","39","Rubidoux","24","100.0000","44201","Ozone","","40140","Riverside-San Bernardino-Ontario, CA","06","California","065","Riverside","33.9995800008751","-117.41601"
"01/06/2025","AirNow","060658001","1","0.04","ppm","37","Rubidoux","24","100.0000","44201","Ozone","","40140","Riverside-San Bernardino-Ontario, CA","06","California","065","Riverside","33.9995800008751","-117.41601"
"01/07/2025","AirNow","060658001","1","0.041","ppm","38","Rubidoux","24","100.0000","44201","Ozone","","40140","Riverside-San Bernardino-Ontario, CA","06","California","065","Riverside","33.9995800008751","-117.41601"
"01/08/2025","AirNow","060658001","1","0.042","ppm","39","Rubidoux","24","100.0000","44201","Ozone","","40140","Riverside-San Bernardino-Ontario, CA","06","California","065","Riverside","33.9995800008751","-117.41601"
"01/09/2025","AirNow","060658001","1","0.046","ppm","43","Rubidoux","24","100.0000","44201","Ozone","","40140","Riverside-San Bernardino-Ontario, CA","06","California","065","Riverside","33.9995800008751","-117.41601"
"01/10/2025","AirNow","060658001","1","0.044","ppm","41","Rubidoux","24","100.0000","44201","Ozone","","40140","Riverside-San Bernardino-Ontario, CA","06","California","065","Riverside","33.9995800008751","-117.41601"
"01/11/2025","AirNow","060658001","1","0.044","ppm","41","Rubidoux","24","100.0000","44201","Ozone","","40140","Riverside-San Bernardino-Ontario, CA","06","California","065","Riverside","33.9995800008751","-117.41601"
"01/12/2025","AirNow","060658001","1","0.044","ppm","41","Rubidoux","24","100.0000","44201","Ozone","","40140","Riverside-San Bernardino-Ontario, CA","06","California","065","Riverside","33.9995800008751","-117.41601"
"01/13/2025","AirNow","060658001","1","0.04","ppm","37","Rubidoux","24","100.0000","44201","Ozone","","40140","Riverside-San Bernardino-Ontario, CA","06","California","065","Riverside","33.9995800008751","-117.41601"
"01/14/2025","AirNow","060658001","1","0.041","ppm","38","Rubidoux","24","100.0000","44201","Ozone","","40140","Riverside-San Bernardino-Ontario, CA","06","California","065","Riverside","33.9995800008751","-117.41601"
"01/15/2025","AirNow","060658001","1","0.044","ppm","41","Rubidoux","24","100.0000","44201","Ozone","","40140","Riverside-San Bernardino-Ontario, CA","06","California","065","Riverside","33.9995800008751","-117.41601"
"01/16/2025","AirNow","060658001","1","0.04","ppm","37","Rubidoux","24","100.0000","44201","Ozone","","40140","Riverside-San Bernardino-Ontario, CA","06","California","065","Riverside","33.9995800008751","-117.41601"
"01/17/2025","AirNow","060658001","1","0.045","ppm","42","Rubidoux","24","100.0000","44201","Ozone","","40140","Riverside-San Bernardino-Ontario, CA","06","California","065","Riverside","33.9995800008751","-117.41601"
"01/18/2025","AirNow","060658001","1","0.044","ppm","41","Rubidoux","24","100.0000","44201","Ozone","","40140","Riverside-San Bernardino-Ontario, CA","06","California","065","Riverside","33.9995800008751","-117.41601"
"01/19/2025","AirNow","060658001","1","0.047","ppm","44","Rubidoux","24","100.0000","44201","Ozone","","40140","Riverside-San Bernardino-Ontario, CA","06","California","065","Riverside","33.9995800008751","-117.41601"
"01/20/2025","AirNow","060658001","1","0.047","ppm","44","Rubidoux","24","100.0000","44201","Ozone","","40140","Riverside-San Bernardino-Ontario, CA","06","California","065","Riverside","33.9995800008751","-117.41601"
"01/21/2025","AirNow","060658001","1","0.04","ppm","37","Rubidoux","24","100.0000","44201","Ozone","","40140","Riverside-San Bernardino-Ontario, CA","06","California","065","Riverside","33.9995800008751","-117.41601"
"01/22/2025","AirNow","060658001","1","0.044","ppm","41","Rubidoux","24","100.0000","44201","Ozone","","40140","Riverside-San Bernardino-Ontario, CA","06","California","065","Riverside","33.9995800008751","-117.41601"
"01/23/2025","AirNow","060658001","1","0.046","ppm","43","Rubidoux","24","100.0000","44201","Ozone","","40140","Riverside-San Bernardino-Ontario, CA","06","California","065","Riverside","33.9995800008751","-117.41601"
"01/24/2025","AirNow","060658001","1","0.044","ppm","41","Rubidoux","24","100.0000","44201","Ozone","","40140","Riverside-San Bernardino-Ontario, CA","06","California","065","Riverside","33.9995800008751","-117.41601"
"01/25/2025","AirNow","060658001","1","0.05","ppm","46","Rubidoux","24","100.0000","44201","Ozone","","40140","Riverside-San Bernardino-Ontario, CA","06","California","065","Riverside","33.9995800008751","-117.41601"
"01/26/2025","AirNow","060658001","1","0.039","ppm","36","Rubidoux","24","100.0000","44201","Ozone","","40140","Riverside-San Bernardino-Ontario, CA","06","California","065","Riverside","33.9995800008751","-117.41601"
"01/27/2025","AirNow","060658001","1","0.035","ppm","32","Rubidoux","24","100.0000","44201","Ozone","","40140","Riverside-San Bernardino-Ontario, CA","06","California","065","Riverside","33.9995800008751","-117.41601"
"01/29/2025","AirNow","060658001","1","0.04","ppm","37","Rubidoux","24","100.0000","44201","Ozone","","40140","Riverside-San Bernardino-Ontario, CA","06","California","065","Riverside","33.9995800008751","-117.41601"
"01/30/2025","AirNow","060658001","1","0.039","ppm","36","Rubidoux","24","100.0000","44201","Ozone","","40140","Riverside-San Bernardino-Ontario, CA","06","California","065","Riverside","33.9995800008751","-117.41601"
"01/31/2025","AirNow","060658001","1","0.033","ppm","31","Rubidoux","24","100.0000","44201","Ozone","","40140","Riverside-San Bernardino-Ontario, CA","06","California","065","Riverside","33.9995800008751","-117.41601"
"02/01/2025","AirNow","060658001","1","0.048","ppm","44","Rubidoux","24","100.0000","44201","Ozone","","40140","Riverside-San Bernardino-Ontario, CA","06","California","065","Riverside","33.9995800008751","-117.41601"
"02/02/2025","AirNow","060658001","1","0.053","ppm","49","Rubidoux","24","100.0000","44201","Ozone","","40140","Riverside-San Bernardino-Ontario, CA","06","California","065","Riverside","33.9995800008751","-117.41601"
"02/03/2025","AirNow","060658001","1","0.038","ppm","35","Rubidoux","24","100.0000","44201","Ozone","","40140","Riverside-San Bernardino-Ontario, CA","06","California","065","Riverside","33.9995800008751","-117.41601"
"02/05/2025","AirNow","060658001","1","0.026","ppm","24","Rubidoux","24","100.0000","44201","Ozone","","40140","Riverside-San Bernardino-Ontario, CA","06","California","065","Riverside","33.9995800008751","-117.41601"
"02/06/2025","AirNow","060658001","1","0.03","ppm","28","Rubidoux","24","100.0000","44201","Ozone","","40140","Riverside-San Bernardino-Ontario, CA","06","California","065","Riverside","33.9995800008751","-117.41601"
"02/07/2025","AirNow","060658001","1","0.032","ppm","30","Rubidoux","24","100.0000","44201","Ozone","","40140","Riverside-San Bernardino-Ontario, CA","06","California","065","Riverside","33.9995800008751","-117.41601"
"02/08/2025","AirNow","060658001","1","0.041","ppm","38","Rubidoux","24","100.0000","44201","Ozone","","40140","Riverside-San Bernardino-Ontario, CA","06","California","065","Riverside","33.9995800008751","-117.41601"
"02/09/2025","AirNow","060658001","1","0.047","ppm","44","Rubidoux","24","100.0000","44201","Ozone","","40140","Riverside-San Bernardino-Ontario, CA","06","California","065","Riverside","33.9995800008751","-117.41601"
"02/10/2025","AirNow","060658001","1","0.048","ppm","44","Rubidoux","24","100.0000","44201","Ozone","","40140","Riverside-San Bernardino-Ontario, CA","06","California","065","Riverside","33.9995800008751","-117.41601"
"02/11/2025","AirNow","060658001","1","0.042","ppm","39","Rubidoux","24","100.0000","44201","Ozone","","40140","Riverside-San Bernardino-Ontario, CA","06","California","065","Riverside","33.9995800008751","-117.41601"
"02/12/2025","AirNow","060658001","1","0.03","ppm","28","Rubidoux","24","100.0000","44201","Ozone","","40140","Riverside-San Bernardino-Ontario, CA","06","California","065","Riverside","33.9995800008751","-117.41601"
"02/13/2025","AirNow","060658001","1","0.037","ppm","34","Rubidoux","24","100.0000","44201","Ozone","","40140","Riverside-San Bernardino-Ontario, CA","06","California","065","Riverside","33.9995800008751","-117.41601"
"02/14/2025","AirNow","060658001","1","0.042","ppm","39","Rubidoux","24","100.0000","44201","Ozone","","40140","Riverside-San Bernardino-Ontario, CA","06","California","065","Riverside","33.9995800008751","-117.41601"
"02/15/2025","AirNow","060658001","1","0.044","ppm","41","Rubidoux","24","100.0000","44201","Ozone","","40140","Riverside-San Bernardino-Ontario, CA","06","California","065","Riverside","33.9995800008751","-117.41601"
"02/16/2025","AirNow","060658001","1","0.049","ppm","45","Rubidoux","24","100.0000","44201","Ozone","","40140","Riverside-San Bernardino-Ontario, CA","06","California","065","Riverside","33.9995800008751","-117.41601"
"02/17/2025","AirNow","060658001","1","0.05","ppm","46","Rubidoux","24","100.0000","44201","Ozone","","40140","Riverside-San Bernardino-Ontario, CA","06","California","065","Riverside","33.9995800008751","-117.41601"
"02/18/2025","AirNow","060658001","1","0.038","ppm","35","Rubidoux","18","75.0000","44201","Ozone","","40140","Riverside-San Bernardino-Ontario, CA","06","California","065","Riverside","33.9995800008751","-117.41601"
"02/19/2025","AirNow","060658001","1","0.049","ppm","45","Rubidoux","24","100.0000","44201","Ozone","","40140","Riverside-San Bernardino-Ontario, CA","06","California","065","Riverside","33.9995800008751","-117.41601"
"02/20/2025","AirNow","060658001","1","0.046","ppm","43","Rubidoux","24","100.0000","44201","Ozone","","40140","Riverside-San Bernardino-Ontario, CA","06","California","065","Riverside","33.9995800008751","-117.41601"
"02/21/2025","AirNow","060658001","1","0.046","ppm","43","Rubidoux","24","100.0000","44201","Ozone","","40140","Riverside-San Bernardino-Ontario, CA","06","California","065","Riverside","33.9995800008751","-117.41601"
"02/22/2025","AirNow","060658001","1","0.053","ppm","49","Rubidoux","24","100.0000","44201","Ozone","","40140","Riverside-San Bernardino-Ontario, CA","06","California","065","Riverside","33.9995800008751","-117.41601"
"02/23/2025","AirNow","060658001","1","0.06","ppm","67","Rubidoux","24","100.0000","44201","Ozone","","40140","Riverside-San Bernardino-Ontario, CA","06","California","065","Riverside","33.9995800008751","-117.41601"
"02/24/2025","AirNow","060658001","1","0.065","ppm","84","Rubidoux","24","100.0000","44201","Ozone","","40140","Riverside-San Bernardino-Ontario, CA","06","California","065","Riverside","33.9995800008751","-117.41601"
"02/25/2025","AirNow","060658001","1","0.063","ppm","77","Rubidoux","24","100.0000","44201","Ozone","","40140","Riverside-San Bernardino-Ontario, CA","06","California","065","Riverside","33.9995800008751","-117.41601"
"02/26/2025","AirNow","060658001","1","0.045","ppm","42","Rubidoux","24","100.0000","44201","Ozone","","40140","Riverside-San Bernardino-Ontario, CA","06","California","065","Riverside","33.9995800008751","-117.41601"
"02/27/2025","AirNow","060658001","1","0.049","ppm","45","Rubidoux","24","100.0000","44201","Ozone","","40140","Riverside-San Bernardino-Ontario, CA","06","California","065","Riverside","33.9995800008751","-117.41601"
"02/28/2025","AirNow","060658001","1","0.05","ppm","46","Rubidoux","24","100.0000","44201","Ozone","","40140","Riverside-San Bernardino-Ontario, CA","06","California","065","Riverside","33.9995800008751","-117.41601"
"03/01/2025","AirNow","060658001","1","0.043","ppm","40","Rubidoux","21","88.0000","44201","Ozone","","40140","Riverside-San Bernardino-Ontario, CA","06","California","065","Riverside","33.9995800008751","-117.41601"
"01/01/2025","AirNow","060658005","1","0.035","ppm","32","Mira Loma (Van Buren)","24","100.0000","44201","Ozone","","40140","Riverside-San Bernardino-Ontario, CA","06","California","065","Riverside","33.996360000875","-117.4924"
"01/02/2025","AirNow","060658005","1","0.034","ppm","31","Mira Loma (Van Buren)","24","100.0000","44201","Ozone","","40140","Riverside-San Bernardino-Ontario, CA","06","California","065","Riverside","33.996360000875","-117.4924"
"01/03/2025","AirNow","060658005","1","0.024","ppm","22","Mira Loma (Van Buren)","24","100.0000","44201","Ozone","","40140","Riverside-San Bernardino-Ontario, CA","06","California","065","Riverside","33.996360000875","-117.4924"
"01/04/2025","AirNow","060658005","1","0.041","ppm","38","Mira Loma (Van Buren)","24","100.0000","44201","Ozone","","40140","Riverside-San Bernardino-Ontario, CA","06","California","065","Riverside","33.996360000875","-117.4924"
"01/05/2025","AirNow","060658005","1","0.039","ppm","36","Mira Loma (Van Buren)","24","100.0000","44201","Ozone","","40140","Riverside-San Bernardino-Ontario, CA","06","California","065","Riverside","33.996360000875","-117.4924"
"01/06/2025","AirNow","060658005","1","0.035","ppm","32","Mira Loma (Van Buren)","24","100.0000","44201","Ozone","","40140","Riverside-San Bernardino-Ontario, CA","06","California","065","Riverside","33.996360000875","-117.4924"
"01/07/2025","AirNow","060658005","1","0.039","ppm","36","Mira Loma (Van Buren)","24","100.0000","44201","Ozone","","40140","Riverside-San Bernardino-Ontario, CA","06","California","065","Riverside","33.996360000875","-117.4924"
"01/08/2025","AirNow","060658005","1","0.041","ppm","38","Mira Loma (Van Buren)","24","100.0000","44201","Ozone","","40140","Riverside-San Bernardino-Ontario, CA","06","California","065","Riverside","33.996360000875","-117.4924"
"01/09/2025","AirNow","060658005","1","0.044","ppm","41","Mira Loma (Van Buren)","24","100.0000","44201","Ozone","","40140","Riverside-San Bernardino-Ontario, CA","06","California","065","Riverside","33.996360000875","-117.4924"
"01/10/2025","AirNow","060658005","1","0.044","ppm","41","Mira Loma (Van Buren)","24","100.0000","44201","Ozone","","40140","Riverside-San Bernardino-Ontario, CA","06","California","065","Riverside","33.996360000875","-117.4924"
"01/11/2025","AirNow","060658005","1","0.044","ppm","41","Mira Loma (Van Buren)","24","100.0000","44201","Ozone","","40140","Riverside-San Bernardino-Ontario, CA","06","California","065","Riverside","33.996360000875","-117.4924"
"01/12/2025","AirNow","060658005","1","0.042","ppm","39","Mira Loma (Van Buren)","24","100.0000","44201","Ozone","","40140","Riverside-San Bernardino-Ontario, CA","06","California","065","Riverside","33.996360000875","-117.4924"
"01/13/2025","AirNow","060658005","1","0.039","ppm","36","Mira Loma (Van Buren)","24","100.0000","44201","Ozone","","40140","Riverside-San Bernardino-Ontario, CA","06","California","065","Riverside","33.996360000875","-117.4924"
"01/14/2025","AirNow","060658005","1","0.041","ppm","38","Mira Loma (Van Buren)","24","100.0000","44201","Ozone","","40140","Riverside-San Bernardino-Ontario, CA","06","California","065","Riverside","33.996360000875","-117.4924"
"01/15/2025","AirNow","060658005","1","0.043","ppm","40","Mira Loma (Van Buren)","24","100.0000","44201","Ozone","","40140","Riverside-San Bernardino-Ontario, CA","06","California","065","Riverside","33.996360000875","-117.4924"
"01/16/2025","AirNow","060658005","1","0.039","ppm","36","Mira Loma (Van Buren)","24","100.0000","44201","Ozone","","40140","Riverside-San Bernardino-Ontario, CA","06","California","065","Riverside","33.996360000875","-117.4924"
"01/17/2025","AirNow","060658005","1","0.042","ppm","39","Mira Loma (Van Buren)","24","100.0000","44201","Ozone","","40140","Riverside-San Bernardino-Ontario, CA","06","California","065","Riverside","33.996360000875","-117.4924"
"01/18/2025","AirNow","060658005","1","0.042","ppm","39","Mira Loma (Van Buren)","24","100.0000","44201","Ozone","","40140","Riverside-San Bernardino-Ontario, CA","06","California","065","Riverside","33.996360000875","-117.4924"
"01/19/2025","AirNow","060658005","1","0.044","ppm","41","Mira Loma (Van Buren)","24","100.0000","44201","Ozone","","40140","Riverside-San Bernardino-Ontario, CA","06","California","065","Riverside","33.996360000875","-117.4924"
"01/20/2025","AirNow","060658005","1","0.044","ppm","41","Mira Loma (Van Buren)","24","100.0000","44201","Ozone","","40140","Riverside-San Bernardino-Ontario, CA","06","California","065","Riverside","33.996360000875","-117.4924"
"01/21/2025","AirNow","060658005","1","0.038","ppm","35","Mira Loma (Van Buren)","18","75.0000","44201","Ozone","","40140","Riverside-San Bernardino-Ontario, CA","06","California","065","Riverside","33.996360000875","-117.4924"
"01/22/2025","AirNow","060658005","1","0.044","ppm","41","Mira Loma (Van Buren)","24","100.0000","44201","Ozone","","40140","Riverside-San Bernardino-Ontario, CA","06","California","065","Riverside","33.996360000875","-117.4924"
"01/23/2025","AirNow","060658005","1","0.045","ppm","42","Mira Loma (Van Buren)","24","100.0000","44201","Ozone","","40140","Riverside-San Bernardino-Ontario, CA","06","California","065","Riverside","33.996360000875","-117.4924"
"01/24/2025","AirNow","060658005","1","0.042","ppm","39","Mira Loma (Van Buren)","24","100.0000","44201","Ozone","","40140","Riverside-San Bernardino-Ontario, CA","06","California","065","Riverside","33.996360000875","-117.4924"
"01/25/2025","AirNow","060658005","1","0.046","ppm","43","Mira Loma (Van Buren)","24","100.0000","44201","Ozone","","40140","Riverside-San Bernardino-Ontario, CA","06","California","065","Riverside","33.996360000875","-117.4924"
"01/26/2025","AirNow","060658005","1","0.039","ppm","36","Mira Loma (Van Buren)","24","100.0000","44201","Ozone","","40140","Riverside-San Bernardino-Ontario, CA","06","California","065","Riverside","33.996360000875","-117.4924"
"01/27/2025","AirNow","060658005","1","0.034","ppm","31","Mira Loma (Van Buren)","24","100.0000","44201","Ozone","","40140","Riverside-San Bernardino-Ontario, CA","06","California","065","Riverside","33.996360000875","-117.4924"
"01/28/2025","AirNow","060658005","1","0.037","ppm","34","Mira Loma (Van Buren)","24","100.0000","44201","Ozone","","40140","Riverside-San Bernardino-Ontario, CA","06","California","065","Riverside","33.996360000875","-117.4924"
"01/31/2025","AirNow","060658005","1","0.033","ppm","31","Mira Loma (Van Buren)","24","100.0000","44201","Ozone","","40140","Riverside-San Bernardino-Ontario, CA","06","California","065","Riverside","33.996360000875","-117.4924"
"02/01/2025","AirNow","060658005","1","0.045","ppm","42","Mira Loma (Van Buren)","24","100.0000","44201","Ozone","","40140","Riverside-San Bernardino-Ontario, CA","06","California","065","Riverside","33.996360000875","-117.4924"
"02/02/2025","AirNow","060658005","1","0.048","ppm","44","Mira Loma (Van Buren)","24","100.0000","44201","Ozone","","40140","Riverside-San Bernardino-Ontario, CA","06","California","065","Riverside","33.996360000875","-117.4924"
"02/03/2025","AirNow","060658005","1","0.037","ppm","34","Mira Loma (Van Buren)","24","100.0000","44201","Ozone","","40140","Riverside-San Bernardino-Ontario, CA","06","California","065","Riverside","33.996360000875","-117.4924"
"02/04/2025","AirNow","060658005","1","0.033","ppm","31","Mira Loma (Van Buren)","24","100.0000","44201","Ozone","","40140","Riverside-San Bernardino-Ontario, CA","06","California","065","Riverside","33.996360000875","-117.4924"
"02/05/2025","AirNow","060658005","1","0.025","ppm","23","Mira Loma (Van Buren)","24","100.0000","44201","Ozone","","40140","Riverside-San Bernardino-Ontario, CA","06","California","065","Riverside","33.996360000875","-117.4924"
"02/06/2025","AirNow","060658005","1","0.03","ppm","28","Mira Loma (Van Buren)","24","100.0000","44201","Ozone","","40140","Riverside-San Bernardino-Ontario, CA","06","California","065","Riverside","33.996360000875","-117.4924"
"02/07/2025","AirNow","060658005","1","0.032","ppm","30","Mira Loma (Van Buren)","24","100.0000","44201","Ozone","","40140","Riverside-San Bernardino-Ontario, CA","06","California","065","Riverside","33.996360000875","-117.4924"
"02/08/2025","AirNow","060658005","1","0.04","ppm","37","Mira Loma (Van Buren)","24","100.0000","44201","Ozone","","40140","Riverside-San Bernardino-Ontario, CA","06","California","065","Riverside","33.996360000875","-117.4924"
"02/09/2025","AirNow","060658005","1","0.045","ppm","42","Mira Loma (Van Buren)","24","100.0000","44201","Ozone","","40140","Riverside-San Bernardino-Ontario, CA","06","California","065","Riverside","33.996360000875","-117.4924"
"02/10/2025","AirNow","060658005","1","0.044","ppm","41","Mira Loma (Van Buren)","24","100.0000","44201","Ozone","","40140","Riverside-San Bernardino-Ontario, CA","06","California","065","Riverside","33.996360000875","-117.4924"
"02/11/2025","AirNow","060658005","1","0.041","ppm","38","Mira Loma (Van Buren)","24","100.0000","44201","Ozone","","40140","Riverside-San Bernardino-Ontario, CA","06","California","065","Riverside","33.996360000875","-117.4924"
"02/12/2025","AirNow","060658005","1","0.031","ppm","29","Mira Loma (Van Buren)","24","100.0000","44201","Ozone","","40140","Riverside-San Bernardino-Ontario, CA","06","California","065","Riverside","33.996360000875","-117.4924"
"02/13/2025","AirNow","060658005","1","0.036","ppm","33","Mira Loma (Van Buren)","24","100.0000","44201","Ozone","","40140","Riverside-San Bernardino-Ontario, CA","06","California","065","Riverside","33.996360000875","-117.4924"
"02/14/2025","AirNow","060658005","1","0.041","ppm","38","Mira Loma (Van Buren)","24","100.0000","44201","Ozone","","40140","Riverside-San Bernardino-Ontario, CA","06","California","065","Riverside","33.996360000875","-117.4924"
"02/15/2025","AirNow","060658005","1","0.043","ppm","40","Mira Loma (Van Buren)","24","100.0000","44201","Ozone","","40140","Riverside-San Bernardino-Ontario, CA","06","California","065","Riverside","33.996360000875","-117.4924"
"02/16/2025","AirNow","060658005","1","0.045","ppm","42","Mira Loma (Van Buren)","24","100.0000","44201","Ozone","","40140","Riverside-San Bernardino-Ontario, CA","06","California","065","Riverside","33.996360000875","-117.4924"
"02/17/2025","AirNow","060658005","1","0.049","ppm","45","Mira Loma (Van Buren)","24","100.0000","44201","Ozone","","40140","Riverside-San Bernardino-Ontario, CA","06","California","065","Riverside","33.996360000875","-117.4924"
"02/18/2025","AirNow","060658005","1","0.039","ppm","36","Mira Loma (Van Buren)","24","100.0000","44201","Ozone","","40140","Riverside-San Bernardino-Ontario, CA","06","California","065","Riverside","33.996360000875","-117.4924"
"02/20/2025","AirNow","060658005","1","0.046","ppm","43","Mira Loma (Van Buren)","24","100.0000","44201","Ozone","","40140","Riverside-San Bernardino-Ontario, CA","06","California","065","Riverside","33.996360000875","-117.4924"
"02/21/2025","AirNow","060658005","1","0.048","ppm","44","Mira Loma (Van Buren)","24","100.0000","44201","Ozone","","40140","Riverside-San Bernardino-Ontario, CA","06","California","065","Riverside","33.996360000875","-117.4924"
"02/22/2025","AirNow","060658005","1","0.053","ppm","49","Mira Loma (Van Buren)","24","100.0000","44201","Ozone","","40140","Riverside-San Bernardino-Ontario, CA","06","California","065","Riverside","33.996360000875","-117.4924"
"02/23/2025","AirNow","060658005","1","0.059","ppm","64","Mira Loma (Van Buren)","24","100.0000","44201","Ozone","","40140","Riverside-San Bernardino-Ontario, CA","06","California","065","Riverside","33.996360000875","-117.4924"
"02/24/2025","AirNow","060658005","1","0.063","ppm","77","Mira Loma (Van Buren)","24","100.0000","44201","Ozone","","40140","Riverside-San Bernardino-Ontario, CA","06","California","065","Riverside","33.996360000875","-117.4924"
"02/25/2025","AirNow","060658005","1","0.061","ppm","71","Mira Loma (Van Buren)","24","100.0000","44201","Ozone","","40140","Riverside-San Bernardino-Ontario, CA","06","California","065","Riverside","33.996360000875","-117.4924"
"02/26/2025","AirNow","060658005","1","0.046","ppm","43","Mira Loma (Van Buren)","24","100.0000","44201","Ozone","","40140","Riverside-San Bernardino-Ontario, CA","06","California","065","Riverside","33.996360000875","-117.4924"
"02/27/2025","AirNow","060658005","1","0.05","ppm","46","Mira Loma (Van Buren)","24","100.0000","44201","Ozone","","40140","Riverside-San Bernardino-Ontario, CA","06","California","065","Riverside","33.996360000875","-117.4924"
"02/28/2025","AirNow","060658005","1","0.049","ppm","45","Mira Loma (Van Buren)","24","100.0000","44201","Ozone","","40140","Riverside-San Bernardino-Ontario, CA","06","California","065","Riverside","33.996360000875","-117.4924"
"03/01/2025","AirNow","060658005","1","0.043","ppm","40","Mira Loma (Van Buren)","21","88.0000","44201","Ozone","","40140","Riverside-San Bernardino-Ontario, CA","06","California","065","Riverside","33.996360000875","-117.4924"
"01/01/2025","AirNow","060659001","1","0.046","ppm","43","Lake Elsinore","24","100.0000","44201","Ozone","","40140","Riverside-San Bernardino-Ontario, CA","06","California","065","Riverside","33.67649","-117.33098"
"01/02/2025","AirNow","060659001","1","0.046","ppm","43","Lake Elsinore","18","75.0000","44201","Ozone","","40140","Riverside-San Bernardino-Ontario, CA","06","California","065","Riverside","33.67649","-117.33098"
"01/03/2025","AirNow","060659001","1","0.038","ppm","35","Lake Elsinore","24","100.0000","44201","Ozone","","40140","Riverside-San Bernardino-Ontario, CA","06","California","065","Riverside","33.67649","-117.33098"
"01/04/2025","AirNow","060659001","1","0.041","ppm","38","Lake Elsinore","24","100.0000","44201","Ozone","","40140","Riverside-San Bernardino-Ontario, CA","06","California","065","Riverside","33.67649","-117.33098"
"01/05/2025","AirNow","060659001","1","0.045","ppm","42","Lake Elsinore","24","100.0000","44201","Ozone","","40140","Riverside-San Bernardino-Ontario, CA","06","California","065","Riverside","33.67649","-117.33098"
"01/06/2025","AirNow","060659001","1","0.042","ppm","39","Lake Elsinore","24","100.0000","44201","Ozone","","40140","Riverside-San Bernardino-Ontario, CA","06","California","065","Riverside","33.67649","-117.33098"
"01/07/2025","AirNow","060659001","1","0.04","ppm","37","Lake Elsinore","24","100.0000","44201","Ozone","","40140","Riverside-San Bernardino-Ontario, CA","06","California","065","Riverside","33.67649","-117.33098"
"01/08/2025","AirNow","060659001","1","0.041","ppm","38","Lake Elsinore","24","100.0000","44201","Ozone","","40140","Riverside-San Bernardino-Ontario, CA","06","California","065","Riverside","33.67649","-117.33098"
"01/10/2025","AirNow","060659001","1","0.044","ppm","41","Lake Elsinore","24","100.0000","44201","Ozone","","40140","Riverside-San Bernardino-Ontario, CA","06","California","065","Riverside","33.67649","-117.33098"
"01/11/2025","AirNow","060659001","1","0.044","ppm","41","Lake Elsinore","24","100.0000","44201","Ozone","","40140","Riverside-San Bernardino-Ontario, CA","06","California","065","Riverside","33.67649","-117.33098"
"01/12/2025","AirNow","060659001","1","0.043","ppm","40","Lake Elsinore","24","100.0000","44201","Ozone","","40140","Riverside-San Bernardino-Ontario, CA","06","California","065","Riverside","33.67649","-117.33098"
"01/13/2025","AirNow","060659001","1","0.039","ppm","36","Lake Elsinore","24","100.0000","44201","Ozone","","40140","Riverside-San Bernardino-Ontario, CA","06","California","065","Riverside","33.67649","-117.33098"
"01/14/2025","AirNow","060659001","1","0.04","ppm","37","Lake Elsinore","24","100.0000","44201","Ozone","","40140","Riverside-San Bernardino-Ontario, CA","06","California","065","Riverside","33.67649","-117.33098"
"01/15/2025","AirNow","060659001","1","0.044","ppm","41","Lake Elsinore","24","100.0000","44201","Ozone","","40140","Riverside-San Bernardino-Ontario, CA","06","California","065","Riverside","33.67649","-117.33098"
"01/17/2025","AirNow","060659001","1","0.045","ppm","42","Lake Elsinore","24","100.0000","44201","Ozone","","40140","Riverside-San Bernardino-Ontario, CA","06","California","065","Riverside","33.67649","-117.33098"
"01/18/2025","AirNow","060659001","1","0.047","ppm","44","Lake Elsinore","24","100.0000","44201","Ozone","","40140","Riverside-San Bernardino-Ontario, CA","06","California","065","Riverside","33.67649","-117.33098"
"01/19/2025","AirNow","060659001","1","0.048","ppm","44","Lake Elsinore","24","100.0000","44201","Ozone","","40140","Riverside-San Bernardino-Ontario, CA","06","California","065","Riverside","33.67649","-117.33098"
"01/20/2025","AirNow","060659001","1","0.045","ppm","42","Lake Elsinore","24","100.0000","44201","Ozone","","40140","Riverside-San Bernardino-Ontario, CA","06","California","065","Riverside","33.67649","-117.33098"
"01/21/2025","AirNow","060659001","1","0.045","ppm","42","Lake Elsinore","24","100.0000","44201","Ozone","","40140","Riverside-San Bernardino-Ontario, CA","06","California","065","Riverside","33.67649","-117.33098"
"01/22/2025","AirNow","060659001","1","0.041","ppm","38","Lake Elsinore","24","100.0000","44201","Ozone","","40140","Riverside-San Bernardino-Ontario, CA","06","California","065","Riverside","33.67649","-117.33098"
"01/24/2025","AirNow","060659001","1","0.044","ppm","41","Lake Elsinore","24","100.0000","44201","Ozone","","40140","Riverside-San Bernardino-Ontario, CA","06","California","065","Riverside","33.67649","-117.33098"
"01/25/2025","AirNow","060659001","1","0.049","ppm","45","Lake Elsinore","24","100.0000","44201","Ozone","","40140","Riverside-San Bernardino-Ontario, CA","06","California","065","Riverside","33.67649","-117.33098"
"01/26/2025","AirNow","060659001","1","0.039","ppm","36","Lake Elsinore","24","100.0000","44201","Ozone","","40140","Riverside-San Bernardino-Ontario, CA","06","California","065","Riverside","33.67649","-117.33098"
"01/27/2025","AirNow","060659001","1","0.037","ppm","34","Lake Elsinore","24","100.0000","44201","Ozone","","40140","Riverside-San Bernardino-Ontario, CA","06","California","065","Riverside","33.67649","-117.33098"
"01/28/2025","AirNow","060659001","1","0.038","ppm","35","Lake Elsinore","24","100.0000","44201","Ozone","","40140","Riverside-San Bernardino-Ontario, CA","06","California","065","Riverside","33.67649","-117.33098"
"01/29/2025","AirNow","060659001","1","0.041","ppm","38","Lake Elsinore","24","100.0000","44201","Ozone","","40140","Riverside-San Bernardino-Ontario, CA","06","California","065","Riverside","33.67649","-117.33098"
"01/30/2025","AirNow","060659001","1","0.04","ppm","37","Lake Elsinore","24","100.0000","44201","Ozone","","40140","Riverside-San Bernardino-Ontario, CA","06","California","065","Riverside","33.67649","-117.33098"
"01/31/2025","AirNow","060659001","1","0.042","ppm","39","Lake Elsinore","24","100.0000","44201","Ozone","","40140","Riverside-San Bernardino-Ontario, CA","06","California","065","Riverside","33.67649","-117.33098"
"02/01/2025","AirNow","060659001","1","0.05","ppm","46","Lake Elsinore","24","100.0000","44201","Ozone","","40140","Riverside-San Bernardino-Ontario, CA","06","California","065","Riverside","33.67649","-117.33098"
"02/02/2025","AirNow","060659001","1","0.048","ppm","44","Lake Elsinore","24","100.0000","44201","Ozone","","40140","Riverside-San Bernardino-Ontario, CA","06","California","065","Riverside","33.67649","-117.33098"
"02/03/2025","AirNow","060659001","1","0.042","ppm","39","Lake Elsinore","24","100.0000","44201","Ozone","","40140","Riverside-San Bernardino-Ontario, CA","06","California","065","Riverside","33.67649","-117.33098"
"02/04/2025","AirNow","060659001","1","0.034","ppm","31","Lake Elsinore","24","100.0000","44201","Ozone","","40140","Riverside-San Bernardino-Ontario, CA","06","California","065","Riverside","33.67649","-117.33098"
"02/05/2025","AirNow","060659001","1","0.029","ppm","27","Lake Elsinore","24","100.0000","44201","Ozone","","40140","Riverside-San Bernardino-Ontario, CA","06","California","065","Riverside","33.67649","-117.33098"
"02/06/2025","AirNow","060659001","1","0.032","ppm","30","Lake Elsinore","24","100.0000","44201","Ozone","","40140","Riverside-San Bernardino-Ontario, CA","06","California","065","Riverside","33.67649","-117.33098"
"02/07/2025","AirNow","060659001","1","0.031","ppm","29","Lake Elsinore","24","100.0000","44201","Ozone","","40140","Riverside-San Bernardino-Ontario, CA","06","California","065","Riverside","33.67649","-117.33098"
"02/09/2025","AirNow","060659001","1","0.046","ppm","43","Lake Elsinore","24","100.0000","44201","Ozone","","40140","Riverside-San Bernardino-Ontario, CA","06","California","065","Riverside","33.67649","-117.33098"
"02/10/2025","AirNow","060659001","1","0.041","ppm","38","Lake Elsinore","24","100.0000","44201","Ozone","","40140","Riverside-San Bernardino-Ontario, CA","06","California","065","Riverside","33.67649","-117.33098"
"02/11/2025","AirNow","060659001","1","0.043","ppm","40","Lake Elsinore","24","100.0000","44201","Ozone","","40140","Riverside-San Bernardino-Ontario, CA","06","California","065","Riverside","33.67649","-117.33098"
"02/12/2025","AirNow","060659001","1","0.037","ppm","34","Lake Elsinore","24","100.0000","44201","Ozone","","40140","Riverside-San Bernardino-Ontario, CA","06","California","065","Riverside","33.67649","-117.33098"
"02/13/2025","AirNow","060659001","1","0.042","ppm","39","Lake Elsinore","24","100.0000","44201","Ozone","","40140","Riverside-San Bernardino-Ontario, CA","06","California","065","Riverside","33.67649","-117.33098"
"02/14/2025","AirNow","060659001","1","0.044","ppm","41","Lake Elsinore","24","100.0000","44201","Ozone","","40140","Riverside-San Bernardino-Ontario, CA","06","California","065","Riverside","33.67649","-117.33098"
"02/15/2025","AirNow","060659001","1","0.044","ppm","41","Lake Elsinore","24","100.0000","44201","Ozone","","40140","Riverside-San Bernardino-Ontario, CA","06","California","065","Riverside","33.67649","-117.33098"
"02/16/2025","AirNow","060659001","1","0.047","ppm","44","Lake Elsinore","24","100.0000","44201","Ozone","","40140","Riverside-San Bernardino-Ontario, CA","06","California","065","Riverside","33.67649","-117.33098"
"02/17/2025","AirNow","060659001","1","0.048","ppm","44","Lake Elsinore","24","100.0000","44201","Ozone","","40140","Riverside-San Bernardino-Ontario, CA","06","California","065","Riverside","33.67649","-117.33098"
"02/18/2025","AirNow","060659001","1","0.043","ppm","40","Lake Elsinore","24","100.0000","44201","Ozone","","40140","Riverside-San Bernardino-Ontario, CA","06","California","065","Riverside","33.67649","-117.33098"
"02/19/2025","AirNow","060659001","1","0.051","ppm","47","Lake Elsinore","24","100.0000","44201","Ozone","","40140","Riverside-San Bernardino-Ontario, CA","06","California","065","Riverside","33.67649","-117.33098"
"02/20/2025","AirNow","060659001","1","0.049","ppm","45","Lake Elsinore","24","100.0000","44201","Ozone","","40140","Riverside-San Bernardino-Ontario, CA","06","California","065","Riverside","33.67649","-117.33098"
"02/21/2025","AirNow","060659001","1","0.049","ppm","45","Lake Elsinore","24","100.0000","44201","Ozone","","40140","Riverside-San Bernardino-Ontario, CA","06","California","065","Riverside","33.67649","-117.33098"
"02/22/2025","AirNow","060659001","1","0.057","ppm","58","Lake Elsinore","24","100.0000","44201","Ozone","","40140","Riverside-San Bernardino-Ontario, CA","06","California","065","Riverside","33.67649","-117.33098"
"02/23/2025","AirNow","060659001","1","0.058","ppm","61","Lake Elsinore","24","100.0000","44201","Ozone","","40140","Riverside-San Bernardino-Ontario, CA","06","California","065","Riverside","33.67649","-117.33098"
"02/24/2025","AirNow","060659001","1","0.067","ppm","90","Lake Elsinore","24","100.0000","44201","Ozone","","40140","Riverside-San Bernardino-Ontario, CA","06","California","065","Riverside","33.67649","-117.33098"
"02/25/2025","AirNow","060659001","1","0.064","ppm","80","Lake Elsinore","24","100.0000","44201","Ozone","","40140","Riverside-San Bernardino-Ontario, CA","06","California","065","Riverside","33.67649","-117.33098"
"02/26/2025","AirNow","060659001","1","0.052","ppm","48","Lake Elsinore","24","100.0000","44201","Ozone","","40140","Riverside-San Bernardino-Ontario, CA","06","California","065","Riverside","33.67649","-117.33098"
"02/27/2025","AirNow","060659001","1","0.054","ppm","50","Lake Elsinore","24","100.0000","44201","Ozone","","40140","Riverside-San Bernardino-Ontario, CA","06","California","065","Riverside","33.67649","-117.33098"
"02/28/2025","AirNow","060659001","1","0.05","ppm","46","Lake Elsinore","24","100.0000","44201","Ozone","","40140","Riverside-San Bernardino-Ontario, CA","06","California","065","Riverside","33.67649","-117.33098"
"03/01/2025","AirNow","060659001","1","0.042","ppm","39","Lake Elsinore","21","88.0000","44201","Ozone","","40140","Riverside-San Bernardino-Ontario, CA","06","California","065","Riverside","33.67649","-117.33098"
"01/01/2025","AirNow","060659003","1","0.032","ppm","30","Blythe-445 W Murphy Street","24","100.0000","44201","Ozone","","40140","Riverside-San Bernardino-Ontario, CA","06","California","065","Riverside","33.61235","-114.60209"
"01/02/2025","AirNow","060659003","1","0.03","ppm","28","Blythe-445 W Murphy Street","24","100.0000","44201","Ozone","","40140","Riverside-San Bernardino-Ontario, CA","06","California","065","Riverside","33.61235","-114.60209"
"01/03/2025","AirNow","060659003","1","0.026","ppm","24","Blythe-445 W Murphy Street","24","100.0000","44201","Ozone","","40140","Riverside-San Bernardino-Ontario, CA","06","California","065","Riverside","33.61235","-114.60209"
"01/04/2025","AirNow","060659003","1","0.037","ppm","34","Blythe-445 W Murphy Street","24","100.0000","44201","Ozone","","40140","Riverside-San Bernardino-Ontario, CA","06","California","065","Riverside","33.61235","-114.60209"
"01/05/2025","AirNow","060659003","1","0.034","ppm","31","Blythe-445 W Murphy Street","24","100.0000","44201","Ozone","","40140","Riverside-San Bernardino-Ontario, CA","06","California","065","Riverside","33.61235","-114.60209"
"01/06/2025","AirNow","060659003","1","0.031","ppm","29","Blythe-445 W Murphy Street","24","100.0000","44201","Ozone","","40140","Riverside-San Bernardino-Ontario, CA","06","California","065","Riverside","33.61235","-114.60209"
"01/07/2025","AirNow","060659003","1","0.035","ppm","32","Blythe-445 W Murphy Street","24","100.0000","44201","Ozone","","40140","Riverside-San Bernardino-Ontario, CA","06","California","065","Riverside","33.61235","-114.60209"
"01/08/2025","AirNow","060659003","1","0.033","ppm","31","Blythe-445 W Murphy Street","24","100.0000","44201","Ozone","","40140","Riverside-San Bernardino-Ontario, CA","06","California","065","Riverside","33.61235","-114.60209"
"01/09/2025","AirNow","060659003","1","0.036","ppm","33","Blythe-445 W Murphy Street","24","100.0000","44201","Ozone","","40140","Riverside-San Bernardino-Ontario, CA","06","California","065","Riverside","33.61235","-114.60209"
"01/10/2025","AirNow","060659003","1","0.033","ppm","31","Blythe-445 W Murphy Street","24","100.0000","44201","Ozone","","40140","Riverside-San Bernardino-Ontario, CA","06","California","065","Riverside","33.61235","-114.60209"
"01/11/2025","AirNow","060659003","1","0.036","ppm","33","Blythe-445 W Murphy Street","24","100.0000","44201","Ozone","","40140","Riverside-San Bernardino-Ontario, CA","06","California","065","Riverside","33.61235","-114.60209"
"01/12/2025","AirNow","060659003","1","0.033","ppm","31","Blythe-445 W Murphy Street","24","100.0000","44201","Ozone","","40140","Riverside-San Bernardino-Ontario, CA","06","California","065","Riverside","33.61235","-114.60209"
"01/13/2025","AirNow","060659003","1","0.031","ppm","29","Blythe-445 W Murphy Street","24","100.0000","44201","Ozone","","40140","Riverside-San Bernardino-Ontario, CA","06","California","065","Riverside","33.61235","-114.60209"
"01/14/2025","AirNow","060659003","1","0.031","ppm","29","Blythe-445 W Murphy Street","24","100.0000","44201","Ozone","","40140","Riverside-San Bernardino-Ontario, CA","06","California","065","Riverside","33.61235","-114.60209"
"01/18/2025","AirNow","060659003","1","0.035","ppm","32","Blythe-445 W Murphy Street","24","100.0000","44201","Ozone","","40140","Riverside-San Bernardino-Ontario, CA","06","California","065","Riverside","33.61235","-114.60209"
"01/19/2025","AirNow","060659003","1","0.033","ppm","31","Blythe-445 W Murphy Street","24","100.0000","44201","Ozone","","40140","Riverside-San Bernardino-Ontario, CA","06","California","065","Riverside","33.61235","-114.60209"
"01/20/2025","AirNow","060659003","1","0.036","ppm","33","Blythe-445 W Murphy Street","24","100.0000","44201","Ozone","","40140","Riverside-San Bernardino-Ontario, CA","06","California","065","Riverside","33.61235","-114.60209"
"01/21/2025","AirNow","060659003","1","0.034","ppm","31","Blythe-445 W Murphy Street","24","100.0000","44201","Ozone","","40140","Riverside-San Bernardino-Ontario, CA","06","California","065","Riverside","33.61235","-114.60209"
"01/22/2025","AirNow","060659003","1","0.03","ppm","28","Blythe-445 W Murphy Street","24","100.0000","44201","Ozone","","40140","Riverside-San Bernardino-Ontario, CA","06","California","065","Riverside","33.61235","-114.60209"
"01/23/2025","AirNow","060659003","1","0.035","ppm","32","Blythe-445 W Murphy Street","24","100.0000","44201","Ozone","","40140","Riverside-San Bernardino-Ontario, CA","06","California","065","Riverside","33.61235","-114.60209"
"01/24/2025","AirNow","060659003","1","0.032","ppm","30","Blythe-445 W Murphy Street","24","100.0000","44201","Ozone","","40140","Riverside-San Bernardino-Ontario, CA","06","California","065","Riverside","33.61235","-114.60209"
"01/25/2025","AirNow","060659003","1","0.025","ppm","23","Blythe-445 W Murphy Street","24","100.0000","44201","Ozone","","40140","Riverside-San Bernardino-Ontario, CA","06","California","065","Riverside","33.61235","-114.60209"
"01/26/2025","AirNow","060659003","1","0.034","ppm","31","Blythe-445 W Murphy Street","24","100.0000","44201","Ozone","","40140","Riverside-San Bernardino-Ontario, CA","06","California","065","Riverside","33.61235","-114.60209"
"01/27/2025","AirNow","060659003","1","0.033","ppm","31","Blythe-445 W Murphy Street","24","100.0000","44201","Ozone","","40140","Riverside-San Bernardino-Ontario, CA","06","California","065","Riverside","33.61235","-114.60209"
"01/28/2025","AirNow","060659003","1","0.03","ppm","28","Blythe-445 W Murphy Street","24","100.0000","44201","Ozone","","40140","Riverside-San Bernardino-Ontario, CA","06","California","065","Riverside","33.61235","-114.60209"
"01/29/2025","AirNow","060659003","1","0.034","ppm","31","Blythe-445 W Murphy Street","24","100.0000","44201","Ozone","","40140","Riverside-San Bernardino-Ontario, CA","06","California","065","Riverside","33.61235","-114.60209"
"01/30/2025","AirNow","060659003","1","0.037","ppm","34","Blythe-445 W Murphy Street","24","100.0000","44201","Ozone","","40140","Riverside-San Bernardino-Ontario, CA","06","California","065","Riverside","33.61235","-114.60209"
"02/08/2025","AirNow","060659003","1","0.046","ppm","43","Blythe-445 W Murphy Street","24","100.0000","44201","Ozone","","40140","Riverside-San Bernardino-Ontario, CA","06","California","065","Riverside","33.61235","-114.60209"
"02/09/2025","AirNow","060659003","1","0.04","ppm","37","Blythe-445 W Murphy Street","24","100.0000","44201","Ozone","","40140","Riverside-San Bernardino-Ontario, CA","06","California","065","Riverside","33.61235","-114.60209"
"02/10/2025","AirNow","060659003","1","0.043","ppm","40","Blythe-445 W Murphy Street","24","100.0000","44201","Ozone","","40140","Riverside-San Bernardino-Ontario, CA","06","California","065","Riverside","33.61235","-114.60209"
"02/11/2025","AirNow","060659003","1","0.046","ppm","43","Blythe-445 W Murphy Street","24","100.0000","44201","Ozone","","40140","Riverside-San Bernardino-Ontario, CA","06","California","065","Riverside","33.61235","-114.60209"
"02/12/2025","AirNow","060659003","1","0.045","ppm","42","Blythe-445 W Murphy Street","24","100.0000","44201","Ozone","","40140","Riverside-San Bernardino-Ontario, CA","06","California","065","Riverside","33.61235","-114.60209"
"02/13/2025","AirNow","060659003","1","0.031","ppm","29","Blythe-445 W Murphy Street","24","100.0000","44201","Ozone","","40140","Riverside-San Bernardino-Ontario, CA","06","California","065","Riverside","33.61235","-114.60209"
"02/14/2025","AirNow","060659003","1","0.045","ppm","42","Blythe-445 W Murphy Street","24","100.0000","44201","Ozone","","40140","Riverside-San Bernardino-Ontario, CA","06","California","065","Riverside","33.61235","-114.60209"
"02/15/2025","AirNow","060659003","1","0.042","ppm","39","Blythe-445 W Murphy Street","24","100.0000","44201","Ozone","","40140","Riverside-San Bernardino-Ontario, CA","06","California","065","Riverside","33.61235","-114.60209"
"02/16/2025","AirNow","060659003","1","0.042","ppm","39","Blythe-445 W Murphy Street","24","100.0000","44201","Ozone","","40140","Riverside-San Bernardino-Ontario, CA","06","California","065","Riverside","33.61235","-114.60209"
"02/17/2025","AirNow","060659003","1","0.043","ppm","40","Blythe-445 W Murphy Street","24","100.0000","44201","Ozone","","40140","Riverside-San Bernardino-Ontario, CA","06","California","065","Riverside","33.61235","-114.60209"
"02/18/2025","AirNow","060659003","1","0.046","ppm","43","Blythe-445 W Murphy Street","24","100.0000","44201","Ozone","","40140","Riverside-San Bernardino-Ontario, CA","06","California","065","Riverside","33.61235","-114.60209"
"02/19/2025","AirNow","060659003","1","0.043","ppm","40","Blythe-445 W Murphy Street","24","100.0000","44201","Ozone","","40140","Riverside-San Bernardino-Ontario, CA","06","California","065","Riverside","33.61235","-114.60209"
"02/20/2025","AirNow","060659003","1","0.046","ppm","43","Blythe-445 W Murphy Street","24","100.0000","44201","Ozone","","40140","Riverside-San Bernardino-Ontario, CA","06","California","065","Riverside","33.61235","-114.60209"
"02/21/2025","AirNow","060659003","1","0.043","ppm","40","Blythe-445 W Murphy Street","24","100.0000","44201","Ozone","","40140","Riverside-San Bernardino-Ontario, CA","06","California","065","Riverside","33.61235","-114.60209"
"02/22/2025","AirNow","060659003","1","0.041","ppm","38","Blythe-445 W Murphy Street","24","100.0000","44201","Ozone","","40140","Riverside-San Bernardino-Ontario, CA","06","California","065","Riverside","33.61235","-114.60209"
"02/23/2025","AirNow","060659003","1","0.043","ppm","40","Blythe-445 W Murphy Street","24","100.0000","44201","Ozone","","40140","Riverside-San Bernardino-Ontario, CA","06","California","065","Riverside","33.61235","-114.60209"
"02/24/2025","AirNow","060659003","1","0.047","ppm","44","Blythe-445 W Murphy Street","24","100.0000","44201","Ozone","","40140","Riverside-San Bernardino-Ontario, CA","06","California","065","Riverside","33.61235","-114.60209"
"02/25/2025","AirNow","060659003","1","0.044","ppm","41","Blythe-445 W Murphy Street","24","100.0000","44201","Ozone","","40140","Riverside-San Bernardino-Ontario, CA","06","California","065","Riverside","33.61235","-114.60209"
"02/26/2025","AirNow","060659003","1","0.044","ppm","41","Blythe-445 W Murphy Street","24","100.0000","44201","Ozone","","40140","Riverside-San Bernardino-Ontario, CA","06","California","065","Riverside","33.61235","-114.60209"
"02/27/2025","AirNow","060659003","1","0.047","ppm","44","Blythe-445 W Murphy Street","24","100.0000","44201","Ozone","","40140","Riverside-San Bernardino-Ontario, CA","06","California","065","Riverside","33.61235","-114.60209"
"02/28/2025","AirNow","060659003","1","0.039","ppm","36","Blythe-445 W Murphy Street","24","100.0000","44201","Ozone","","40140","Riverside-San Bernardino-Ontario, CA","06","California","065","Riverside","33.61235","-114.60209"
"03/01/2025","AirNow","060659003","1","0.05","ppm","46","Blythe-445 W Murphy Street","21","88.0000","44201","Ozone","","40140","Riverside-San Bernardino-Ontario, CA","06","California","065","Riverside","33.61235","-114.60209"
