"Date","Source","Site ID","POC","Daily Max 8-hour Ozone Concentration","Units","Daily AQI Value","Local Site Name","Daily Obs Count","Percent Complete","AQS Parameter Code","AQS Parameter Description","Method Code","CBSA Code","CBSA Name","State FIPS Code","State","County FIPS Code","County","Site Latitude","Site Longitude"
"01/02/2024","AirNow","060650009","1","0.061","ppm","71","Pechanga","19","79.0000","44201","Ozone","","40140","Riverside-San Bernardino-Ontario, CA","06","California","065","Riverside","33.4478670008682","-117.088649"
"01/03/2024","AirNow","060650009","1","0.059","ppm","64","Pechanga","24","100.0000","44201","Ozone","","40140","Riverside-San Bernardino-Ontario, CA","06","California","065","Riverside","33.4478670008682","-117.088649"
"01/05/2024","AirNow","060650009","1","0.029","ppm","27","Pechanga","24","100.0000","44201","Ozone","","40140","Riverside-San Bernardino-Ontario, CA","06","California","065","Riverside","33.4478670008682","-117.088649"
"01/06/2024","AirNow","060650009","1","0.045","ppm","42","Pechanga","24","100.0000","44201","Ozone","","40140","Riverside-San Bernardino-Ontario, CA","06","California","065","Riverside","33.4478670008682","-117.088649"
"01/07/2024","AirNow","060650009","1","0.042","ppm","39","Pechanga","24","100.0000","44201","Ozone","","40140","Riverside-San Bernardino-Ontario, CA","06","California","065","Riverside","33.4478670008682","-117.088649"
"01/08/2024","AirNow","060650009","1","0.035","ppm","32","Pechanga","24","100.0000","44201","Ozone","","40140","Riverside-San Bernardino-Ontario, CA","06","California","065","Riverside","33.4478670008682","-117.088649"
"01/10/2024","AirNow","060650009","1","0.038","ppm","35","Pechanga","24","100.0000","44201","Ozone","","40140","Riverside-San Bernardino-Ontario, CA","06","California","065","Riverside","33.4478670008682","-117.088649"
"01/11/2024","AirNow","060650009","1","0.044","ppm","41","Pechanga","24","100.0000","44201","Ozone","","40140","Riverside-San Bernardino-Ontario, CA","06","California","065","Riverside","33.4478670008682","-117.088649"
"01/12/2024","AirNow","060650009","1","0.044","ppm","41","Pechanga","24","100.0000","44201","Ozone","","40140","Riverside-San Bernardino-Ontario, CA","06","California","065","Riverside","33.4478670008682","-117.088649"
"01/13/2024","AirNow","060650009","1","0.048","ppm","44","Pechanga","24","100.0000","44201","Ozone","","40140","Riverside-San Bernardino-Ontario, CA","06","California","065","Riverside","33.4478670008682","-117.088649"
"01/14/2024","AirNow","060650009","1","0.045","ppm","42","Pechanga","24","100.0000","44201","Ozone","","40140","Riverside-San Bernardino-Ontario, CA","06","California","065","Riverside","33.4478670008682","-117.088649"
"01/15/2024","AirNow","060650009","1","0.041","ppm","38","Pechanga","24","100.0000","44201","Ozone","","40140","Riverside-San Bernardino-Ontario, CA","06","California","065","Riverside","33.4478670008682","-117.088649"
"01/16/2024","AirNow","060650009","1","0.051","ppm","47","Pechanga","24","100.0000","44201","Ozone","","40140","Riverside-San Bernardino-Ontario, CA","06","California","065","Riverside","33.4478670008682","-117.088649"
"01/17/2024","AirNow","060650009","1","0.048","ppm","44","Pechanga","24","100.0000","44201","Ozone","","40140","Riverside-San Bernardino-Ontario, CA","06","California","065","Riverside","33.4478670008682","-117.088649"
"01/18/2024","AirNow","060650009","1","0.038","ppm","35","Pechanga","24","100.0000","44201","Ozone","","40140","Riverside-San Bernardino-Ontario, CA","06","California","065","Riverside","33.4478670008682","-117.088649"
"01/19/2024","AirNow","060650009","1","0.039","ppm","36","Pechanga","24","100.0000","44201","Ozone","","40140","Riverside-San Bernardino-Ontario, CA","06","California","065","Riverside","33.4478670008682","-117.088649"
"01/20/2024","AirNow","060650009","1","0.03","ppm","28","Pechanga","24","100.0000","44201","Ozone","","40140","Riverside-San Bernardino-Ontario, CA","06","California","065","Riverside","33.4478670008682","-117.088649"
"01/21/2024","AirNow","060650009","1","0.037","ppm","34","Pechanga","24","100.0000","44201","Ozone","","40140","Riverside-San Bernardino-Ontario, CA","06","California","065","Riverside","33.4478670008682","-117.088649"
"01/22/2024","AirNow","060650009","1","0.001","ppm","1","Pechanga","24","100.0000","44201","Ozone","","40140","Riverside-San Bernardino-Ontario, CA","06","California","065","Riverside","33.4478670008682","-117.088649"
"01/23/2024","AirNow","060650009","1","0.039","ppm","36","Pechanga","24","100.0000","44201","Ozone","","40140","Riverside-San Bernardino-Ontario, CA","06","California","065","Riverside","33.4478670008682","-117.088649"
"01/24/2024","AirNow","060650009","1","0.034","ppm","31","Pechanga","24","100.0000","44201","Ozone","","40140","Riverside-San Bernardino-Ontario, CA","06","California","065","Riverside","33.4478670008682","-117.088649"
"01/25/2024","AirNow","060650009","1","0.037","ppm","34","Pechanga","24","100.0000","44201","Ozone","","40140","Riverside-San Bernardino-Ontario, CA","06","California","065","Riverside","33.4478670008682","-117.088649"
"01/26/2024","AirNow","060650009","1","0.04","ppm","37","Pechanga","24","100.0000","44201","Ozone","","40140","Riverside-San Bernardino-Ontario, CA","06","California","065","Riverside","33.4478670008682","-117.088649"
"01/27/2024","AirNow","060650009","1","0.05","ppm","46","Pechanga","24","100.0000","44201","Ozone","","40140","Riverside-San Bernardino-Ontario, CA","06","California","065","Riverside","33.4478670008682","-117.088649"
"01/28/2024","AirNow","060650009","1","0.043","ppm","40","Pechanga","24","100.0000","44201","Ozone","","40140","Riverside-San Bernardino-Ontario, CA","06","California","065","Riverside","33.4478670008682","-117.088649"
"01/29/2024","AirNow","060650009","1","0.042","ppm","39","Pechanga","24","100.0000","44201","Ozone","","40140","Riverside-San Bernardino-Ontario, CA","06","California","065","Riverside","33.4478670008682","-117.088649"
"01/30/2024","AirNow","060650009","1","0.046","ppm","43","Pechanga","24","100.0000","44201","Ozone","","40140","Riverside-San Bernardino-Ontario, CA","06","California","065","Riverside","33.4478670008682","-117.088649"
"01/31/2024","AirNow","060650009","1","0.051","ppm","47","Pechanga","24","100.0000","44201","Ozone","","40140","Riverside-San Bernardino-Ontario, CA","06","California","065","Riverside","33.4478670008682","-117.088649"
"02/01/2024","AirNow","060650009","1","0.039","ppm","36","Pechanga","24","100.0000","44201","Ozone","","40140","Riverside-San Bernardino-Ontario, CA","06","California","065","Riverside","33.4478670008682","-117.088649"
"02/02/2024","AirNow","060650009","1","0.043","ppm","40","Pechanga","24","100.0000","44201","Ozone","","40140","Riverside-San Bernardino-Ontario, CA","06","California","065","Riverside","33.4478670008682","-117.088649"
"02/03/2024","AirNow","060650009","1","0.047","ppm","44","Pechanga","24","100.0000","44201","Ozone","","40140","Riverside-San Bernardino-Ontario, CA","06","California","065","Riverside","33.4478670008682","-117.088649"
"02/04/2024","AirNow","060650009","1","0.045","ppm","42","Pechanga","24","100.0000","44201","Ozone","","40140","Riverside-San Bernardino-Ontario, CA","06","California","065","Riverside","33.4478670008682","-117.088649"
"02/05/2024","AirNow","060650009","1","0.04","ppm","37","Pechanga","24","100.0000","44201","Ozone","","40140","Riverside-San Bernardino-Ontario, CA","06","California","065","Riverside","33.4478670008682","-117.088649"
"02/06/2024","AirNow","060650009","1","0.043","ppm","40","Pechanga","24","100.0000","44201","Ozone","","40140","Riverside-San Bernardino-Ontario, CA","06","California","065","Riverside","33.4478670008682","-117.088649"
"02/07/2024","AirNow","060650009","1","0.044","ppm","41","Pechanga","24","100.0000","44201","Ozone","","40140","Riverside-San Bernardino-Ontario, CA","06","California","065","Riverside","33.4478670008682","-117.088649"
"02/08/2024","AirNow","060650009","1","0.044","ppm","41","Pechanga","18","75.0000","44201","Ozone","","40140","Riverside-San Bernardino-Ontario, CA","06","California","065","Riverside","33.4478670008682","-117.088649"
"02/09/2024","AirNow","060650009","1","0.043","ppm","40","Pechanga","24","100.0000","44201","Ozone","","40140","Riverside-San Bernardino-Ontario, CA","06","California","065","Riverside","33.4478670008682","-117.088649"
"02/10/2024","AirNow","060650009","1","0.043","ppm","40","Pechanga","24","100.0000","44201","Ozone","","40140","Riverside-San Bernardino-Ontario, CA","06","California","065","Riverside","33.4478670008682","-117.088649"
"02/11/2024","AirNow","060650009","1","0.044","ppm","41","Pechanga","24","100.0000","44201","Ozone","","40140","Riverside-San Bernardino-Ontario, CA","06","California","065","Riverside","33.4478670008682","-117.088649"
"02/12/2024","AirNow","060650009","1","0.046","ppm","43","Pechanga","24","100.0000","44201","Ozone","","40140","Riverside-San Bernardino-Ontario, CA","06","California","065","Riverside","33.4478670008682","-117.088649"
"02/13/2024","AirNow","060650009","1","0.05","ppm","46","Pechanga","24","100.0000","44201","Ozone","","40140","Riverside-San Bernardino-Ontario, CA","06","California","065","Riverside","33.4478670008682","-117.088649"
"02/14/2024","AirNow","060650009","1","0.05","ppm","46","Pechanga","24","100.0000","44201","Ozone","","40140","Riverside-San Bernardino-Ontario, CA","06","California","065","Riverside","33.4478670008682","-117.088649"
"02/15/2024","AirNow","060650009","1","0.046","ppm","43","Pechanga","24","100.0000","44201","Ozone","","40140","Riverside-San Bernardino-Ontario, CA","06","California","065","Riverside","33.4478670008682","-117.088649"
"02/16/2024","AirNow","060650009","1","0.045","ppm","42","Pechanga","24","100.0000","44201","Ozone","","40140","Riverside-San Bernardino-Ontario, CA","06","California","065","Riverside","33.4478670008682","-117.088649"
"02/17/2024","AirNow","060650009","1","0.042","ppm","39","Pechanga","24","100.0000","44201","Ozone","","40140","Riverside-San Bernardino-Ontario, CA","06","California","065","Riverside","33.4478670008682","-117.088649"
"02/18/2024","AirNow","060650009","1","0.042","ppm","39","Pechanga","24","100.0000","44201","Ozone","","40140","Riverside-San Bernardino-Ontario, CA","06","California","065","Riverside","33.4478670008682","-117.088649"
"02/19/2024","AirNow","060650009","1","0.035","ppm","32","Pechanga","24","100.0000","44201","Ozone","","40140","Riverside-San Bernardino-Ontario, CA","06","California","065","Riverside","33.4478670008682","-117.088649"
"02/20/2024","AirNow","060650009","1","0.036","ppm","33","Pechanga","24","100.0000","44201","Ozone","","40140","Riverside-San Bernardino-Ontario, CA","06","California","065","Riverside","33.4478670008682","-117.088649"
"02/21/2024","AirNow","060650009","1","0.042","ppm","39","Pechanga","24","100.0000","44201","Ozone","","40140","Riverside-San Bernardino-Ontario, CA","06","California","065","Riverside","33.4478670008682","-117.088649"
"02/22/2024","AirNow","060650009","1","0.045","ppm","42","Pechanga","24","100.0000","44201","Ozone","","40140","Riverside-San Bernardino-Ontario, CA","06","California","065","Riverside","33.4478670008682","-117.088649"
"02/23/2024","AirNow","060650009","1","0.046","ppm","43","Pechanga","24","100.0000","44201","Ozone","","40140","Riverside-San Bernardino-Ontario, CA","06","California","065","Riverside","33.4478670008682","-117.088649"
"02/24/2024","AirNow","060650009","1","0.045","ppm","42","Pechanga","24","100.0000","44201","Ozone","","40140","Riverside-San Bernardino-Ontario, CA","06","California","065","Riverside","33.4478670008682","-117.088649"
"02/25/2024","AirNow","060650009","1","0.05","ppm","46","Pechanga","24","100.0000","44201","Ozone","","40140","Riverside-San Bernardino-Ontario, CA","06","California","065","Riverside","33.4478670008682","-117.088649"
"02/26/2024","AirNow","060650009","1","0.034","ppm","31","Pechanga","24","100.0000","44201","Ozone","","40140","Riverside-San Bernardino-Ontario, CA","06","California","065","Riverside","33.4478670008682","-117.088649"
"02/27/2024","AirNow","060650009","1","0.04","ppm","37","Pechanga","24","100.0000","44201","Ozone","","40140","Riverside-San Bernardino-Ontario, CA","06","California","065","Riverside","33.4478670008682","-117.088649"
"02/28/2024","AirNow","060650009","1","0.045","ppm","42","Pechanga","24","100.0000","44201","Ozone","","40140","Riverside-San Bernardino-Ontario, CA","06","California","065","Riverside","33.4478670008682","-117.088649"
"02/29/2024","AirNow","060650009","1","0.043","ppm","40","Pechanga","24","100.0000","44201","Ozone","","40140","Riverside-San Bernardino-Ontario, CA","06","California","065","Riverside","33.4478670008682","-117.088649"
"03/01/2024","AirNow","060650009","1","0.044","ppm","41","Pechanga","24","100.0000","44201","Ozone","","40140","Riverside-San Bernardino-Ontario, CA","06","California","065","Riverside","33.4478670008682","-117.088649"
"03/02/2024","AirNow","060650009","1","0.04","ppm","37","Pechanga","24","100.0000","44201","Ozone","","40140","Riverside-San Bernardino-Ontario, CA","06","California","065","Riverside","33.4478670008682","-117.088649"
"03/03/2024","AirNow","060650009","1","0.039","ppm","36","Pechanga","24","100.0000","44201","Ozone","","40140","Riverside-San Bernardino-Ontario, CA","06","California","065","Riverside","33.4478670008682","-117.088649"
"03/04/2024","AirNow","060650009","1","0.043","ppm","40","Pechanga","24","100.0000","44201","Ozone","","40140","Riverside-San Bernardino-Ontario, CA","06","California","065","Riverside","33.4478670008682","-117.088649"
"03/05/2024","AirNow","060650009","1","0.046","ppm","43","Pechanga","24","100.0000","44201","Ozone","","40140","Riverside-San Bernardino-Ontario, CA","06","California","065","Riverside","33.4478670008682","-117.088649"
"03/06/2024","AirNow","060650009","1","0.04","ppm","37","Pechanga","24","100.0000","44201","Ozone","","40140","Riverside-San Bernardino-Ontario, CA","06","California","065","Riverside","33.4478670008682","-117.088649"
"03/07/2024","AirNow","060650009","1","0.039","ppm","36","Pechanga","24","100.0000","44201","Ozone","","40140","Riverside-San Bernardino-Ontario, CA","06","California","065","Riverside","33.4478670008682","-117.088649"
"03/08/2024","AirNow","060650009","1","0.041","ppm","38","Pechanga","24","100.0000","44201","Ozone","","40140","Riverside-San Bernardino-Ontario, CA","06","California","065","Riverside","33.4478670008682","-117.088649"
"03/09/2024","AirNow","060650009","1","0.051","ppm","47","Pechanga","24","100.0000","44201","Ozone","","40140","Riverside-San Bernardino-Ontario, CA","06","California","065","Riverside","33.4478670008682","-117.088649"
"03/10/2024","AirNow","060650009","1","0.049","ppm","45","Pechanga","24","100.0000","44201","Ozone","","40140","Riverside-San Bernardino-Ontario, CA","06","California","065","Riverside","33.4478670008682","-117.088649"
"03/11/2024","AirNow","060650009","1","0.045","ppm","42","Pechanga","24","100.0000","44201","Ozone","","40140","Riverside-San Bernardino-Ontario, CA","06","California","065","Riverside","33.4478670008682","-117.088649"
"03/13/2024","AirNow","060650009","1","0.047","ppm","44","Pechanga","24","100.0000","44201","Ozone","","40140","Riverside-San Bernardino-Ontario, CA","06","California","065","Riverside","33.4478670008682","-117.088649"
"03/14/2024","AirNow","060650009","1","0.047","ppm","44","Pechanga","24","100.0000","44201","Ozone","","40140","Riverside-San Bernardino-Ontario, CA","06","California","065","Riverside","33.4478670008682","-117.088649"
"03/15/2024","AirNow","060650009","1","0.046","ppm","43","Pechanga","24","100.0000","44201","Ozone","","40140","Riverside-San Bernardino-Ontario, CA","06","California","065","Riverside","33.4478670008682","-117.088649"
"03/16/2024","AirNow","060650009","1","0.046","ppm","43","Pechanga","24","100.0000","44201","Ozone","","40140","Riverside-San Bernardino-Ontario, CA","06","California","065","Riverside","33.4478670008682","-117.088649"
"03/17/2024","AirNow","060650009","1","0.045","ppm","42","Pechanga","24","100.0000","44201","Ozone","","40140","Riverside-San Bernardino-Ontario, CA","06","California","065","Riverside","33.4478670008682","-117.088649"
"03/18/2024","AirNow","060650009","1","0.043","ppm","40","Pechanga","24","100.0000","44201","Ozone","","40140","Riverside-San Bernardino-Ontario, CA","06","California","065","Riverside","33.4478670008682","-117.088649"
"03/19/2024","AirNow","060650009","1","0.053","ppm","49","Pechanga","24","100.0000","44201","Ozone","","40140","Riverside-San Bernardino-Ontario, CA","06","California","065","Riverside","33.4478670008682","-117.088649"
"03/20/2024","AirNow","060650009","1","0.057","ppm","58","Pechanga","24","100.0000","44201","Ozone","","40140","Riverside-San Bernardino-Ontario, CA","06","California","065","Riverside","33.4478670008682","-117.088649"
"03/21/2024","AirNow","060650009","1","0.055","ppm","51","Pechanga","24","100.0000","44201","Ozone","","40140","Riverside-San Bernardino-Ontario, CA","06","California","065","Riverside","33.4478670008682","-117.088649"
"03/22/2024","AirNow","060650009","1","0.054","ppm","50","Pechanga","24","100.0000","44201","Ozone","","40140","Riverside-San Bernardino-Ontario, CA","06","California","065","Riverside","33.4478670008682","-117.088649"
"03/23/2024","AirNow","060650009","1","0.041","ppm","38","Pechanga","24","100.0000","44201","Ozone","","40140","Riverside-San Bernardino-Ontario, CA","06","California","065","Riverside","33.4478670008682","-117.088649"
"03/24/2024","AirNow","060650009","1","0.046","ppm","43","Pechanga","24","100.0000","44201","Ozone","","40140","Riverside-San Bernardino-Ontario, CA","06","California","065","Riverside","33.4478670008682","-117.088649"
"03/25/2024","AirNow","060650009","1","0.046","ppm","43","Pechanga","24","100.0000","44201","Ozone","","40140","Riverside-San Bernardino-Ontario, CA","06","California","065","Riverside","33.4478670008682","-117.088649"
"03/26/2024","AirNow","060650009","1","0.047","ppm","44","Pechanga","24","100.0000","44201","Ozone","","40140","Riverside-San Bernardino-Ontario, CA","06","California","065","Riverside","33.4478670008682","-117.088649"
"03/27/2024","AirNow","060650009","1","0.054","ppm","50","Pechanga","24","100.0000","44201","Ozone","","40140","Riverside-San Bernardino-Ontario, CA","06","California","065","Riverside","33.4478670008682","-117.088649"
"03/28/2024","AirNow","060650009","1","0.05","ppm","46","Pechanga","24","100.0000","44201","Ozone","","40140","Riverside-San Bernardino-Ontario, CA","06","California","065","Riverside","33.4478670008682","-117.088649"
"03/30/2024","AirNow","060650009","1","0.047","ppm","44","Pechanga","19","79.0000","44201","Ozone","","40140","Riverside-San Bernardino-Ontario, CA","06","California","065","Riverside","33.4478670008682","-117.088649"
"04/02/2024","AirNow","060650009","1","0.051","ppm","47","Pechanga","24","100.0000","44201","Ozone","","40140","Riverside-San Bernardino-Ontario, CA","06","California","065","Riverside","33.4478670008682","-117.088649"
"04/04/2024","AirNow","060650009","1","0.044","ppm","41","Pechanga","19","79.0000","44201","Ozone","","40140","Riverside-San Bernardino-Ontario, CA","06","California","065","Riverside","33.4478670008682","-117.088649"
"04/06/2024","AirNow","060650009","1","0.047","ppm","44","Pechanga","19","79.0000","44201","Ozone","","40140","Riverside-San Bernardino-Ontario, CA","06","California","065","Riverside","33.4478670008682","-117.088649"
"04/09/2024","AirNow","060650009","1","0.061","ppm","71","Pechanga","24","100.0000","44201","Ozone","","40140","Riverside-San Bernardino-Ontario, CA","06","California","065","Riverside","33.4478670008682","-117.088649"
"04/11/2024","AirNow","060650009","1","0.067","ppm","90","Pechanga","24","100.0000","44201","Ozone","","40140","Riverside-San Bernardino-Ontario, CA","06","California","065","Riverside","33.4478670008682","-117.088649"
"04/12/2024","AirNow","060650009","1","0.052","ppm","48","Pechanga","24","100.0000","44201","Ozone","","40140","Riverside-San Bernardino-Ontario, CA","06","California","065","Riverside","33.4478670008682","-117.088649"
"04/13/2024","AirNow","060650009","1","0.056","ppm","54","Pechanga","24","100.0000","44201","Ozone","","40140","Riverside-San Bernardino-Ontario, CA","06","California","065","Riverside","33.4478670008682","-117.088649"
"04/14/2024","AirNow","060650009","1","0.05","ppm","46","Pechanga","24","100.0000","44201","Ozone","","40140","Riverside-San Bernardino-Ontario, CA","06","California","065","Riverside","33.4478670008682","-117.088649"
"04/15/2024","AirNow","060650009","1","0.06","ppm","67","Pechanga","24","100.0000","44201","Ozone","","40140","Riverside-San Bernardino-Ontario, CA","06","California","065","Riverside","33.4478670008682","-117.088649"
"04/16/2024","AirNow","060650009","1","0.066","ppm","87","Pechanga","24","100.0000","44201","Ozone","","40140","Riverside-San Bernardino-Ontario, CA","06","California","065","Riverside","33.4478670008682","-117.088649"
"04/17/2024","AirNow","060650009","1","0.069","ppm","97","Pechanga","24","100.0000","44201","Ozone","","40140","Riverside-San Bernardino-Ontario, CA","06","California","065","Riverside","33.4478670008682","-117.088649"
"04/18/2024","AirNow","060650009","1","0.055","ppm","51","Pechanga","24","100.0000","44201","Ozone","","40140","Riverside-San Bernardino-Ontario, CA","06","California","065","Riverside","33.4478670008682","-117.088649"
"04/19/2024","AirNow","060650009","1","0.049","ppm","45","Pechanga","24","100.0000","44201","Ozone","","40140","Riverside-San Bernardino-Ontario, CA","06","California","065","Riverside","33.4478670008682","-117.088649"
"04/20/2024","AirNow","060650009","1","0.047","ppm","44","Pechanga","24","100.0000","44201","Ozone","","40140","Riverside-San Bernardino-Ontario, CA","06","California","065","Riverside","33.4478670008682","-117.088649"
"04/21/2024","AirNow","060650009","1","0.049","ppm","45","Pechanga","24","100.0000","44201","Ozone","","40140","Riverside-San Bernardino-Ontario, CA","06","California","065","Riverside","33.4478670008682","-117.088649"
"04/22/2024","AirNow","060650009","1","0.049","ppm","45","Pechanga","24","100.0000","44201","Ozone","","40140","Riverside-San Bernardino-Ontario, CA","06","California","065","Riverside","33.4478670008682","-117.088649"
"04/23/2024","AirNow","060650009","1","0.042","ppm","39","Pechanga","24","100.0000","44201","Ozone","","40140","Riverside-San Bernardino-Ontario, CA","06","California","065","Riverside","33.4478670008682","-117.088649"
"04/24/2024","AirNow","060650009","1","0.045","ppm","42","Pechanga","24","100.0000","44201","Ozone","","40140","Riverside-San Bernardino-Ontario, CA","06","California","065","Riverside","33.4478670008682","-117.088649"
"04/26/2024","AirNow","060650009","1","0.037","ppm","34","Pechanga","24","100.0000","44201","Ozone","","40140","Riverside-San Bernardino-Ontario, CA","06","California","065","Riverside","33.4478670008682","-117.088649"
"04/27/2024","AirNow","060650009","1","0.041","ppm","38","Pechanga","24","100.0000","44201","Ozone","","40140","Riverside-San Bernardino-Ontario, CA","06","California","065","Riverside","33.4478670008682","-117.088649"
"04/28/2024","AirNow","060650009","1","0.046","ppm","43","Pechanga","24","100.0000","44201","Ozone","","40140","Riverside-San Bernardino-Ontario, CA","06","California","065","Riverside","33.4478670008682","-117.088649"
"04/29/2024","AirNow","060650009","1","0.048","ppm","44","Pechanga","24","100.0000","44201","Ozone","","40140","Riverside-San Bernardino-Ontario, CA","06","California","065","Riverside","33.4478670008682","-117.088649"
"04/30/2024","AirNow","060650009","1","0.051","ppm","47","Pechanga","24","100.0000","44201","Ozone","","40140","Riverside-San Bernardino-Ontario, CA","06","California","065","Riverside","33.4478670008682","-117.088649"
"05/01/2024","AirNow","060650009","1","0.05","ppm","46","Pechanga","24","100.0000","44201","Ozone","","40140","Riverside-San Bernardino-Ontario, CA","06","California","065","Riverside","33.4478670008682","-117.088649"
"05/03/2024","AirNow","060650009","1","0.055","ppm","51","Pechanga","24","100.0000","44201","Ozone","","40140","Riverside-San Bernardino-Ontario, CA","06","California","065","Riverside","33.4478670008682","-117.088649"
"05/04/2024","AirNow","060650009","1","0.045","ppm","42","Pechanga","24","100.0000","44201","Ozone","","40140","Riverside-San Bernardino-Ontario, CA","06","California","065","Riverside","33.4478670008682","-117.088649"
"05/05/2024","AirNow","060650009","1","0.048","ppm","44","Pechanga","24","100.0000","44201","Ozone","","40140","Riverside-San Bernardino-Ontario, CA","06","California","065","Riverside","33.4478670008682","-117.088649"
"05/06/2024","AirNow","060650009","1","0.053","ppm","49","Pechanga","24","100.0000","44201","Ozone","","40140","Riverside-San Bernardino-Ontario, CA","06","California","065","Riverside","33.4478670008682","-117.088649"
"05/07/2024","AirNow","060650009","1","0.06","ppm","67","Pechanga","24","100.0000","44201","Ozone","","40140","Riverside-San Bernardino-Ontario, CA","06","California","065","Riverside","33.4478670008682","-117.088649"
"05/08/2024","AirNow","060650009","1","0.053","ppm","49","Pechanga","18","75.0000","44201","Ozone","","40140","Riverside-San Bernardino-Ontario, CA","06","California","065","Riverside","33.4478670008682","-117.088649"
"05/09/2024","AirNow","060650009","1","0.055","ppm","51","Pechanga","23","96.0000","44201","Ozone","","40140","Riverside-San Bernardino-Ontario, CA","06","California","065","Riverside","33.4478670008682","-117.088649"
"05/10/2024","AirNow","060650009","1","0.052","ppm","48","Pechanga","24","100.0000","44201","Ozone","","40140","Riverside-San Bernardino-Ontario, CA","06","California","065","Riverside","33.4478670008682","-117.088649"
"05/11/2024","AirNow","060650009","1","0.05","ppm","46","Pechanga","24","100.0000","44201","Ozone","","40140","Riverside-San Bernardino-Ontario, CA","06","California","065","Riverside","33.4478670008682","-117.088649"
"05/12/2024","AirNow","060650009","1","0.046","ppm","43","Pechanga","24","100.0000","44201","Ozone","","40140","Riverside-San Bernardino-Ontario, CA","06","California","065","Riverside","33.4478670008682","-117.088649"
"05/16/2024","AirNow","060650009","1","0.042","ppm","39","Pechanga","24","100.0000","44201","Ozone","","40140","Riverside-San Bernardino-Ontario, CA","06","California","065","Riverside","33.4478670008682","-117.088649"
"05/17/2024","AirNow","060650009","1","0.042","ppm","39","Pechanga","24","100.0000","44201","Ozone","","40140","Riverside-San Bernardino-Ontario, CA","06","California","065","Riverside","33.4478670008682","-117.088649"
"05/18/2024","AirNow","060650009","1","0.046","ppm","43","Pechanga","24","100.0000","44201","Ozone","","40140","Riverside-San Bernardino-Ontario, CA","06","California","065","Riverside","33.4478670008682","-117.088649"
"05/19/2024","AirNow","060650009","1","0.05","ppm","46","Pechanga","24","100.0000","44201","Ozone","","40140","Riverside-San Bernardino-Ontario, CA","06","California","065","Riverside","33.4478670008682","-117.088649"
"05/20/2024","AirNow","060650009","1","0.05","ppm","46","Pechanga","24","100.0000","44201","Ozone","","40140","Riverside-San Bernardino-Ontario, CA","06","California","065","Riverside","33.4478670008682","-117.088649"
"05/21/2024","AirNow","060650009","1","0.052","ppm","48","Pechanga","24","100.0000","44201","Ozone","","40140","Riverside-San Bernardino-Ontario, CA","06","California","065","Riverside","33.4478670008682","-117.088649"
"05/22/2024","AirNow","060650009","1","0.052","ppm","48","Pechanga","24","100.0000","44201","Ozone","","40140","Riverside-San Bernardino-Ontario, CA","06","California","065","Riverside","33.4478670008682","-117.088649"
"05/23/2024","AirNow","060650009","1","0.049","ppm","45","Pechanga","24","100.0000","44201","Ozone","","40140","Riverside-San Bernardino-Ontario, CA","06","California","065","Riverside","33.4478670008682","-117.088649"
"05/24/2024","AirNow","060650009","1","0.046","ppm","43","Pechanga","24","100.0000","44201","Ozone","","40140","Riverside-San Bernardino-Ontario, CA","06","California","065","Riverside","33.4478670008682","-117.088649"
"05/25/2024","AirNow","060650009","1","0.039","ppm","36","Pechanga","24","100.0000","44201","Ozone","","40140","Riverside-San Bernardino-Ontario, CA","06","California","065","Riverside","33.4478670008682","-117.088649"
"05/26/2024","AirNow","060650009","1","0.037","ppm","34","Pechanga","24","100.0000","44201","Ozone","","40140","Riverside-San Bernardino-Ontario, CA","06","California","065","Riverside","33.4478670008682","-117.088649"
"05/27/2024","AirNow","060650009","1","0.043","ppm","40","Pechanga","24","100.0000","44201","Ozone","","40140","Riverside-San Bernardino-Ontario, CA","06","California","065","Riverside","33.4478670008682","-117.088649"
"05/28/2024","AirNow","060650009","1","0.048","ppm","44","Pechanga","24","100.0000","44201","Ozone","","40140","Riverside-San Bernardino-Ontario, CA","06","California","065","Riverside","33.4478670008682","-117.088649"
"05/29/2024","AirNow","060650009","1","0.051","ppm","47","Pechanga","24","100.0000","44201","Ozone","","40140","Riverside-San Bernardino-Ontario, CA","06","California","065","Riverside","33.4478670008682","-117.088649"
"05/31/2024","AirNow","060650009","1","0.051","ppm","47","Pechanga","24","100.0000","44201","Ozone","","40140","Riverside-San Bernardino-Ontario, CA","06","California","065","Riverside","33.4478670008682","-117.088649"
"06/01/2024","AirNow","060650009","1","0.049","ppm","45","Pechanga","24","100.0000","44201","Ozone","","40140","Riverside-San Bernardino-Ontario, CA","06","California","065","Riverside","33.4478670008682","-117.088649"
"06/02/2024","AirNow","060650009","1","0.043","ppm","40","Pechanga","24","100.0000","44201","Ozone","","40140","Riverside-San Bernardino-Ontario, CA","06","California","065","Riverside","33.4478670008682","-117.088649"
"06/03/2024","AirNow","060650009","1","0.04","ppm","37","Pechanga","24","100.0000","44201","Ozone","","40140","Riverside-San Bernardino-Ontario, CA","06","California","065","Riverside","33.4478670008682","-117.088649"
"06/06/2024","AirNow","060650009","1","0.048","ppm","44","Pechanga","24","100.0000","44201","Ozone","","40140","Riverside-San Bernardino-Ontario, CA","06","California","065","Riverside","33.4478670008682","-117.088649"
"06/07/2024","AirNow","060650009","1","0.048","ppm","44","Pechanga","24","100.0000","44201","Ozone","","40140","Riverside-San Bernardino-Ontario, CA","06","California","065","Riverside","33.4478670008682","-117.088649"
"06/08/2024","AirNow","060650009","1","0.04","ppm","37","Pechanga","24","100.0000","44201","Ozone","","40140","Riverside-San Bernardino-Ontario, CA","06","California","065","Riverside","33.4478670008682","-117.088649"
"06/09/2024","AirNow","060650009","1","0.038","ppm","35","Pechanga","24","100.0000","44201","Ozone","","40140","Riverside-San Bernardino-Ontario, CA","06","California","065","Riverside","33.4478670008682","-117.088649"
"06/10/2024","AirNow","060650009","1","0.044","ppm","41","Pechanga","24","100.0000","44201","Ozone","","40140","Riverside-San Bernardino-Ontario, CA","06","California","065","Riverside","33.4478670008682","-117.088649"
"06/11/2024","AirNow","060650009","1","0.045","ppm","42","Pechanga","24","100.0000","44201","Ozone","","40140","Riverside-San Bernardino-Ontario, CA","06","California","065","Riverside","33.4478670008682","-117.088649"
"06/12/2024","AirNow","060650009","1","0.048","ppm","44","Pechanga","24","100.0000","44201","Ozone","","40140","Riverside-San Bernardino-Ontario, CA","06","California","065","Riverside","33.4478670008682","-117.088649"
"06/13/2024","AirNow","060650009","1","0.047","ppm","44","Pechanga","24","100.0000","44201","Ozone","","40140","Riverside-San Bernardino-Ontario, CA","06","California","065","Riverside","33.4478670008682","-117.088649"
"06/14/2024","AirNow","060650009","1","0.049","ppm","45","Pechanga","24","100.0000","44201","Ozone","","40140","Riverside-San Bernardino-Ontario, CA","06","California","065","Riverside","33.4478670008682","-117.088649"
"06/15/2024","AirNow","060650009","1","0.07","ppm","100","Pechanga","24","100.0000","44201","Ozone","","40140","Riverside-San Bernardino-Ontario, CA","06","California","065","Riverside","33.4478670008682","-117.088649"
"06/16/2024","AirNow","060650009","1","0.047","ppm","44","Pechanga","24","100.0000","44201","Ozone","","40140","Riverside-San Bernardino-Ontario, CA","06","California","065","Riverside","33.4478670008682","-117.088649"
"06/18/2024","AirNow","060650009","1","0.049","ppm","45","Pechanga","19","79.0000","44201","Ozone","","40140","Riverside-San Bernardino-Ontario, CA","06","California","065","Riverside","33.4478670008682","-117.088649"
"06/19/2024","AirNow","060650009","1","0.052","ppm","48","Pechanga","24","100.0000","44201","Ozone","","40140","Riverside-San Bernardino-Ontario, CA","06","California","065","Riverside","33.4478670008682","-117.088649"
"06/20/2024","AirNow","060650009","1","0.054","ppm","50","Pechanga","24","100.0000","44201","Ozone","","40140","Riverside-San Bernardino-Ontario, CA","06","California","065","Riverside","33.4478670008682","-117.088649"
"06/21/2024","AirNow","060650009","1","0.055","ppm","51","Pechanga","24","100.0000","44201","Ozone","","40140","Riverside-San Bernardino-Ontario, CA","06","California","065","Riverside","33.4478670008682","-117.088649"
"06/22/2024","AirNow","060650009","1","0.057","ppm","58","Pechanga","24","100.0000","44201","Ozone","","40140","Riverside-San Bernardino-Ontario, CA","06","California","065","Riverside","33.4478670008682","-117.088649"
"06/23/2024","AirNow","060650009","1","0.066","ppm","87","Pechanga","24","100.0000","44201","Ozone","","40140","Riverside-San Bernardino-Ontario, CA","06","California","065","Riverside","33.4478670008682","-117.088649"
"06/24/2024","AirNow","060650009","1","0.059","ppm","64","Pechanga","24","100.0000","44201","Ozone","","40140","Riverside-San Bernardino-Ontario, CA","06","California","065","Riverside","33.4478670008682","-117.088649"
"06/26/2024","AirNow","060650009","1","0.04","ppm","37","Pechanga","24","100.0000","44201","Ozone","","40140","Riverside-San Bernardino-Ontario, CA","06","California","065","Riverside","33.4478670008682","-117.088649"
"06/27/2024","AirNow","060650009","1","0.048","ppm","44","Pechanga","24","100.0000","44201","Ozone","","40140","Riverside-San Bernardino-Ontario, CA","06","California","065","Riverside","33.4478670008682","-117.088649"
"06/28/2024","AirNow","060650009","1","0.047","ppm","44","Pechanga","24","100.0000","44201","Ozone","","40140","Riverside-San Bernardino-Ontario, CA","06","California","065","Riverside","33.4478670008682","-117.088649"
"06/29/2024","AirNow","060650009","1","0.054","ppm","50","Pechanga","24","100.0000","44201","Ozone","","40140","Riverside-San Bernardino-Ontario, CA","06","California","065","Riverside","33.4478670008682","-117.088649"
"06/30/2024","AirNow","060650009","1","0.055","ppm","51","Pechanga","24","100.0000","44201","Ozone","","40140","Riverside-San Bernardino-Ontario, CA","06","California","065","Riverside","33.4478670008682","-117.088649"
"07/01/2024","AirNow","060650009","1","0.056","ppm","54","Pechanga","23","96.0000","44201","Ozone","","40140","Riverside-San Bernardino-Ontario, CA","06","California","065","Riverside","33.4478670008682","-117.088649"
"07/02/2024","AirNow","060650009","1","0.053","ppm","49","Pechanga","24","100.0000","44201","Ozone","","40140","Riverside-San Bernardino-Ontario, CA","06","California","065","Riverside","33.4478670008682","-117.088649"
"07/03/2024","AirNow","060650009","1","0.059","ppm","64","Pechanga","24","100.0000","44201","Ozone","","40140","Riverside-San Bernardino-Ontario, CA","06","California","065","Riverside","33.4478670008682","-117.088649"
"07/04/2024","AirNow","060650009","1","0.053","ppm","49","Pechanga","24","100.0000","44201","Ozone","","40140","Riverside-San Bernardino-Ontario, CA","06","California","065","Riverside","33.4478670008682","-117.088649"
"07/05/2024","AirNow","060650009","1","0.053","ppm","49","Pechanga","24","100.0000","44201","Ozone","","40140","Riverside-San Bernardino-Ontario, CA","06","California","065","Riverside","33.4478670008682","-117.088649"
"07/06/2024","AirNow","060650009","1","0.052","ppm","48","Pechanga","24","100.0000","44201","Ozone","","40140","Riverside-San Bernardino-Ontario, CA","06","California","065","Riverside","33.4478670008682","-117.088649"
"07/07/2024","AirNow","060650009","1","0.044","ppm","41","Pechanga","24","100.0000","44201","Ozone","","40140","Riverside-San Bernardino-Ontario, CA","06","California","065","Riverside","33.4478670008682","-117.088649"
"07/08/2024","AirNow","060650009","1","0.048","ppm","44","Pechanga","23","96.0000","44201","Ozone","","40140","Riverside-San Bernardino-Ontario, CA","06","California","065","Riverside","33.4478670008682","-117.088649"
"07/09/2024","AirNow","060650009","1","0.058","ppm","61","Pechanga","24","100.0000","44201","Ozone","","40140","Riverside-San Bernardino-Ontario, CA","06","California","065","Riverside","33.4478670008682","-117.088649"
"07/10/2024","AirNow","060650009","1","0.061","ppm","71","Pechanga","24","100.0000","44201","Ozone","","40140","Riverside-San Bernardino-Ontario, CA","06","California","065","Riverside","33.4478670008682","-117.088649"
"07/11/2024","AirNow","060650009","1","0.066","ppm","87","Pechanga","24","100.0000","44201","Ozone","","40140","Riverside-San Bernardino-Ontario, CA","06","California","065","Riverside","33.4478670008682","-117.088649"
"07/12/2024","AirNow","060650009","1","0.057","ppm","58","Pechanga","24","100.0000","44201","Ozone","","40140","Riverside-San Bernardino-Ontario, CA","06","California","065","Riverside","33.4478670008682","-117.088649"
"07/13/2024","AirNow","060650009","1","0.048","ppm","44","Pechanga","24","100.0000","44201","Ozone","","40140","Riverside-San Bernardino-Ontario, CA","06","California","065","Riverside","33.4478670008682","-117.088649"
"07/14/2024","AirNow","060650009","1","0.044","ppm","41","Pechanga","24","100.0000","44201","Ozone","","40140","Riverside-San Bernardino-Ontario, CA","06","California","065","Riverside","33.4478670008682","-117.088649"
"07/16/2024","AirNow","060650009","1","0.047","ppm","44","Pechanga","24","100.0000","44201","Ozone","","40140","Riverside-San Bernardino-Ontario, CA","06","California","065","Riverside","33.4478670008682","-117.088649"
"07/17/2024","AirNow","060650009","1","0.045","ppm","42","Pechanga","24","100.0000","44201","Ozone","","40140","Riverside-San Bernardino-Ontario, CA","06","California","065","Riverside","33.4478670008682","-117.088649"
"07/18/2024","AirNow","060650009","1","0.05","ppm","46","Pechanga","23","96.0000","44201","Ozone","","40140","Riverside-San Bernardino-Ontario, CA","06","California","065","Riverside","33.4478670008682","-117.088649"
"07/19/2024","AirNow","060650009","1","0.061","ppm","71","Pechanga","24","100.0000","44201","Ozone","","40140","Riverside-San Bernardino-Ontario, CA","06","California","065","Riverside","33.4478670008682","-117.088649"
"07/20/2024","AirNow","060650009","1","0.06","ppm","67","Pechanga","24","100.0000","44201","Ozone","","40140","Riverside-San Bernardino-Ontario, CA","06","California","065","Riverside","33.4478670008682","-117.088649"
"07/21/2024","AirNow","060650009","1","0.049","ppm","45","Pechanga","24","100.0000","44201","Ozone","","40140","Riverside-San Bernardino-Ontario, CA","06","California","065","Riverside","33.4478670008682","-117.088649"
"07/22/2024","AirNow","060650009","1","0.051","ppm","47","Pechanga","22","92.0000","44201","Ozone","","40140","Riverside-San Bernardino-Ontario, CA","06","California","065","Riverside","33.4478670008682","-117.088649"
"07/23/2024","AirNow","060650009","1","0.053","ppm","49","Pechanga","24","100.0000","44201","Ozone","","40140","Riverside-San Bernardino-Ontario, CA","06","California","065","Riverside","33.4478670008682","-117.088649"
"07/24/2024","AirNow","060650009","1","0.061","ppm","71","Pechanga","24","100.0000","44201","Ozone","","40140","Riverside-San Bernardino-Ontario, CA","06","California","065","Riverside","33.4478670008682","-117.088649"
"07/26/2024","AirNow","060650009","1","0.046","ppm","43","Pechanga","24","100.0000","44201","Ozone","","40140","Riverside-San Bernardino-Ontario, CA","06","California","065","Riverside","33.4478670008682","-117.088649"
"07/27/2024","AirNow","060650009","1","0.044","ppm","41","Pechanga","24","100.0000","44201","Ozone","","40140","Riverside-San Bernardino-Ontario, CA","06","California","065","Riverside","33.4478670008682","-117.088649"
"07/28/2024","AirNow","060650009","1","0.042","ppm","39","Pechanga","24","100.0000","44201","Ozone","","40140","Riverside-San Bernardino-Ontario, CA","06","California","065","Riverside","33.4478670008682","-117.088649"
"07/29/2024","AirNow","060650009","1","0.048","ppm","44","Pechanga","24","100.0000","44201","Ozone","","40140","Riverside-San Bernardino-Ontario, CA","06","California","065","Riverside","33.4478670008682","-117.088649"
"07/30/2024","AirNow","060650009","1","0.055","ppm","51","Pechanga","24","100.0000","44201","Ozone","","40140","Riverside-San Bernardino-Ontario, CA","06","California","065","Riverside","33.4478670008682","-117.088649"
"07/31/2024","AirNow","060650009","1","0.061","ppm","71","Pechanga","24","100.0000","44201","Ozone","","40140","Riverside-San Bernardino-Ontario, CA","06","California","065","Riverside","33.4478670008682","-117.088649"
"08/01/2024","AirNow","060650009","1","0.055","ppm","51","Pechanga","24","100.0000","44201","Ozone","","40140","Riverside-San Bernardino-Ontario, CA","06","California","065","Riverside","33.4478670008682","-117.088649"
"08/02/2024","AirNow","060650009","1","0.067","ppm","90","Pechanga","24","100.0000","44201","Ozone","","40140","Riverside-San Bernardino-Ontario, CA","06","California","065","Riverside","33.4478670008682","-117.088649"
"08/03/2024","AirNow","060650009","1","0.072","ppm","105","Pechanga","24","100.0000","44201","Ozone","","40140","Riverside-San Bernardino-Ontario, CA","06","California","065","Riverside","33.4478670008682","-117.088649"
"08/04/2024","AirNow","060650009","1","0.059","ppm","64","Pechanga","24","100.0000","44201","Ozone","","40140","Riverside-San Bernardino-Ontario, CA","06","California","065","Riverside","33.4478670008682","-117.088649"
"08/06/2024","AirNow","060650009","1","0.067","ppm","90","Pechanga","24","100.0000","44201","Ozone","","40140","Riverside-San Bernardino-Ontario, CA","06","California","065","Riverside","33.4478670008682","-117.088649"
"08/07/2024","AirNow","060650009","1","0.049","ppm","45","Pechanga","24","100.0000","44201","Ozone","","40140","Riverside-San Bernardino-Ontario, CA","06","California","065","Riverside","33.4478670008682","-117.088649"
"08/08/2024","AirNow","060650009","1","0.052","ppm","48","Pechanga","24","100.0000","44201","Ozone","","40140","Riverside-San Bernardino-Ontario, CA","06","California","065","Riverside","33.4478670008682","-117.088649"
"08/13/2024","AirNow","060650009","1","0.049","ppm","45","Pechanga","24","100.0000","44201","Ozone","","40140","Riverside-San Bernardino-Ontario, CA","06","California","065","Riverside","33.4478670008682","-117.088649"
"08/14/2024","AirNow","060650009","1","0.051","ppm","47","Pechanga","24","100.0000","44201","Ozone","","40140","Riverside-San Bernardino-Ontario, CA","06","California","065","Riverside","33.4478670008682","-117.088649"
"08/15/2024","AirNow","060650009","1","0.053","ppm","49","Pechanga","24","100.0000","44201","Ozone","","40140","Riverside-San Bernardino-Ontario, CA","06","California","065","Riverside","33.4478670008682","-117.088649"
"08/16/2024","AirNow","060650009","1","0.056","ppm","54","Pechanga","24","100.0000","44201","Ozone","","40140","Riverside-San Bernardino-Ontario, CA","06","California","065","Riverside","33.4478670008682","-117.088649"
"08/17/2024","AirNow","060650009","1","0.04","ppm","37","Pechanga","24","100.0000","44201","Ozone","","40140","Riverside-San Bernardino-Ontario, CA","06","California","065","Riverside","33.4478670008682","-117.088649"
"08/18/2024","AirNow","060650009","1","0.044","ppm","41","Pechanga","24","100.0000","44201","Ozone","","40140","Riverside-San Bernardino-Ontario, CA","06","California","065","Riverside","33.4478670008682","-117.088649"
"08/19/2024","AirNow","060650009","1","0.055","ppm","51","Pechanga","24","100.0000","44201","Ozone","","40140","Riverside-San Bernardino-Ontario, CA","06","California","065","Riverside","33.4478670008682","-117.088649"
"08/20/2024","AirNow","060650009","1","0.066","ppm","87","Pechanga","24","100.0000","44201","Ozone","","40140","Riverside-San Bernardino-Ontario, CA","06","California","065","Riverside","33.4478670008682","-117.088649"
"08/21/2024","AirNow","060650009","1","0.063","ppm","77","Pechanga","24","100.0000","44201","Ozone","","40140","Riverside-San Bernardino-Ontario, CA","06","California","065","Riverside","33.4478670008682","-117.088649"
"08/22/2024","AirNow","060650009","1","0.053","ppm","49","Pechanga","24","100.0000","44201","Ozone","","40140","Riverside-San Bernardino-Ontario, CA","06","California","065","Riverside","33.4478670008682","-117.088649"
"08/23/2024","AirNow","060650009","1","0.045","ppm","42","Pechanga","24","100.0000","44201","Ozone","","40140","Riverside-San Bernardino-Ontario, CA","06","California","065","Riverside","33.4478670008682","-117.088649"
"08/24/2024","AirNow","060650009","1","0.044","ppm","41","Pechanga","24","100.0000","44201","Ozone","","40140","Riverside-San Bernardino-Ontario, CA","06","California","065","Riverside","33.4478670008682","-117.088649"
"08/25/2024","AirNow","060650009","1","0.051","ppm","47","Pechanga","24","100.0000","44201","Ozone","","40140","Riverside-San Bernardino-Ontario, CA","06","California","065","Riverside","33.4478670008682","-117.088649"
"08/26/2024","AirNow","060650009","1","0.053","ppm","49","Pechanga","24","100.0000","44201","Ozone","","40140","Riverside-San Bernardino-Ontario, CA","06","California","065","Riverside","33.4478670008682","-117.088649"
"08/27/2024","AirNow","060650009","1","0.054","ppm","50","Pechanga","24","100.0000","44201","Ozone","","40140","Riverside-San Bernardino-Ontario, CA","06","California","065","Riverside","33.4478670008682","-117.088649"
"08/28/2024","AirNow","060650009","1","0.055","ppm","51","Pechanga","24","100.0000","44201","Ozone","","40140","Riverside-San Bernardino-Ontario, CA","06","California","065","Riverside","33.4478670008682","-117.088649"
"08/29/2024","AirNow","060650009","1","0.05","ppm","46","Pechanga","24","100.0000","44201","Ozone","","40140","Riverside-San Bernardino-Ontario, CA","06","California","065","Riverside","33.4478670008682","-117.088649"
"08/30/2024","AirNow","060650009","1","0.054","ppm","50","Pechanga","24","100.0000","44201","Ozone","","40140","Riverside-San Bernardino-Ontario, CA","06","California","065","Riverside","33.4478670008682","-117.088649"
"08/31/2024","AirNow","060650009","1","0.058","ppm","61","Pechanga","24","100.0000","44201","Ozone","","40140","Riverside-San Bernardino-Ontario, CA","06","California","065","Riverside","33.4478670008682","-117.088649"
"09/01/2024","AirNow","060650009","1","0.056","ppm","54","Pechanga","24","100.0000","44201","Ozone","","40140","Riverside-San Bernardino-Ontario, CA","06","California","065","Riverside","33.4478670008682","-117.088649"
"09/02/2024","AirNow","060650009","1","0.057","ppm","58","Pechanga","24","100.0000","44201","Ozone","","40140","Riverside-San Bernardino-Ontario, CA","06","California","065","Riverside","33.4478670008682","-117.088649"
"09/03/2024","AirNow","060650009","1","0.059","ppm","64","Pechanga","22","92.0000","44201","Ozone","","40140","Riverside-San Bernardino-Ontario, CA","06","California","065","Riverside","33.4478670008682","-117.088649"
"09/04/2024","AirNow","060650009","1","0.075","ppm","115","Pechanga","24","100.0000","44201","Ozone","","40140","Riverside-San Bernardino-Ontario, CA","06","California","065","Riverside","33.4478670008682","-117.088649"
"09/05/2024","AirNow","060650009","1","0.075","ppm","115","Pechanga","24","100.0000","44201","Ozone","","40140","Riverside-San Bernardino-Ontario, CA","06","California","065","Riverside","33.4478670008682","-117.088649"
"09/06/2024","AirNow","060650009","1","0.074","ppm","112","Pechanga","24","100.0000","44201","Ozone","","40140","Riverside-San Bernardino-Ontario, CA","06","California","065","Riverside","33.4478670008682","-117.088649"
"09/07/2024","AirNow","060650009","1","0.067","ppm","90","Pechanga","24","100.0000","44201","Ozone","","40140","Riverside-San Bernardino-Ontario, CA","06","California","065","Riverside","33.4478670008682","-117.088649"
"09/10/2024","AirNow","060650009","1","0.054","ppm","50","Pechanga","24","100.0000","44201","Ozone","","40140","Riverside-San Bernardino-Ontario, CA","06","California","065","Riverside","33.4478670008682","-117.088649"
"09/11/2024","AirNow","060650009","1","0.046","ppm","43","Pechanga","18","75.0000","44201","Ozone","","40140","Riverside-San Bernardino-Ontario, CA","06","California","065","Riverside","33.4478670008682","-117.088649"
"09/14/2024","AirNow","060650009","1","0.045","ppm","42","Pechanga","24","100.0000","44201","Ozone","","40140","Riverside-San Bernardino-Ontario, CA","06","California","065","Riverside","33.4478670008682","-117.088649"
"09/15/2024","AirNow","060650009","1","0.048","ppm","44","Pechanga","24","100.0000","44201","Ozone","","40140","Riverside-San Bernardino-Ontario, CA","06","California","065","Riverside","33.4478670008682","-117.088649"
"09/16/2024","AirNow","060650009","1","0.043","ppm","40","Pechanga","24","100.0000","44201","Ozone","","40140","Riverside-San Bernardino-Ontario, CA","06","California","065","Riverside","33.4478670008682","-117.088649"
"09/17/2024","AirNow","060650009","1","0.041","ppm","38","Pechanga","24","100.0000","44201","Ozone","","40140","Riverside-San Bernardino-Ontario, CA","06","California","065","Riverside","33.4478670008682","-117.088649"
"09/18/2024","AirNow","060650009","1","0.048","ppm","44","Pechanga","24","100.0000","44201","Ozone","","40140","Riverside-San Bernardino-Ontario, CA","06","California","065","Riverside","33.4478670008682","-117.088649"
"09/19/2024","AirNow","060650009","1","0.046","ppm","43","Pechanga","24","100.0000","44201","Ozone","","40140","Riverside-San Bernardino-Ontario, CA","06","California","065","Riverside","33.4478670008682","-117.088649"
"09/20/2024","AirNow","060650009","1","0.042","ppm","39","Pechanga","24","100.0000","44201","Ozone","","40140","Riverside-San Bernardino-Ontario, CA","06","California","065","Riverside","33.4478670008682","-117.088649"
"09/21/2024","AirNow","060650009","1","0.046","ppm","43","Pechanga","24","100.0000","44201","Ozone","","40140","Riverside-San Bernardino-Ontario, CA","06","California","065","Riverside","33.4478670008682","-117.088649"
"09/22/2024","AirNow","060650009","1","0.056","ppm","54","Pechanga","24","100.0000","44201","Ozone","","40140","Riverside-San Bernardino-Ontario, CA","06","California","065","Riverside","33.4478670008682","-117.088649"
"09/23/2024","AirNow","060650009","1","0.063","ppm","77","Pechanga","24","100.0000","44201","Ozone","","40140","Riverside-San Bernardino-Ontario, CA","06","California","065","Riverside","33.4478670008682","-117.088649"
"09/24/2024","AirNow","060650009","1","0.058","ppm","61","Pechanga","24","100.0000","44201","Ozone","","40140","Riverside-San Bernardino-Ontario, CA","06","California","065","Riverside","33.4478670008682","-117.088649"
"09/25/2024","AirNow","060650009","1","0.05","ppm","46","Pechanga","24","100.0000","44201","Ozone","","40140","Riverside-San Bernardino-Ontario, CA","06","California","065","Riverside","33.4478670008682","-117.088649"
"09/26/2024","AirNow","060650009","1","0.049","ppm","45","Pechanga","20","83.0000","44201","Ozone","","40140","Riverside-San Bernardino-Ontario, CA","06","California","065","Riverside","33.4478670008682","-117.088649"
"09/28/2024","AirNow","060650009","1","0.058","ppm","61","Pechanga","24","100.0000","44201","Ozone","","40140","Riverside-San Bernardino-Ontario, CA","06","California","065","Riverside","33.4478670008682","-117.088649"
"09/29/2024","AirNow","060650009","1","0.069","ppm","97","Pechanga","24","100.0000","44201","Ozone","","40140","Riverside-San Bernardino-Ontario, CA","06","California","065","Riverside","33.4478670008682","-117.088649"
"09/30/2024","AirNow","060650009","1","0.061","ppm","71","Pechanga","22","92.0000","44201","Ozone","","40140","Riverside-San Bernardino-Ontario, CA","06","California","065","Riverside","33.4478670008682","-117.088649"
"10/01/2024","AirNow","060650009","1","0.082","ppm","140","Pechanga","24","100.0000","44201","Ozone","","40140","Riverside-San Bernardino-Ontario, CA","06","California","065","Riverside","33.4478670008682","-117.088649"
"10/02/2024","AirNow","060650009","1","0.076","ppm","119","Pechanga","24","100.0000","44201","Ozone","","40140","Riverside-San Bernardino-Ontario, CA","06","California","065","Riverside","33.4478670008682","-117.088649"
"10/03/2024","AirNow","060650009","1","0.071","ppm","101","Pechanga","24","100.0000","44201","Ozone","","40140","Riverside-San Bernardino-Ontario, CA","06","California","065","Riverside","33.4478670008682","-117.088649"
"10/04/2024","AirNow","060650009","1","0.063","ppm","77","Pechanga","24","100.0000","44201","Ozone","","40140","Riverside-San Bernardino-Ontario, CA","06","California","065","Riverside","33.4478670008682","-117.088649"
"10/05/2024","AirNow","060650009","1","0.072","ppm","105","Pechanga","24","100.0000","44201","Ozone","","40140","Riverside-San Bernardino-Ontario, CA","06","California","065","Riverside","33.4478670008682","-117.088649"
"10/06/2024","AirNow","060650009","1","0.067","ppm","90","Pechanga","24","100.0000","44201","Ozone","","40140","Riverside-San Bernardino-Ontario, CA","06","California","065","Riverside","33.4478670008682","-117.088649"
"10/07/2024","AirNow","060650009","1","0.066","ppm","87","Pechanga","24","100.0000","44201","Ozone","","40140","Riverside-San Bernardino-Ontario, CA","06","California","065","Riverside","33.4478670008682","-117.088649"
"10/08/2024","AirNow","060650009","1","0.057","ppm","58","Pechanga","24","100.0000","44201","Ozone","","40140","Riverside-San Bernardino-Ontario, CA","06","California","065","Riverside","33.4478670008682","-117.088649"
"10/09/2024","AirNow","060650009","1","0.05","ppm","46","Pechanga","24","100.0000","44201","Ozone","","40140","Riverside-San Bernardino-Ontario, CA","06","California","065","Riverside","33.4478670008682","-117.088649"
"10/10/2024","AirNow","060650009","1","0.053","ppm","49","Pechanga","24","100.0000","44201","Ozone","","40140","Riverside-San Bernardino-Ontario, CA","06","California","065","Riverside","33.4478670008682","-117.088649"
"10/11/2024","AirNow","060650009","1","0.062","ppm","74","Pechanga","24","100.0000","44201","Ozone","","40140","Riverside-San Bernardino-Ontario, CA","06","California","065","Riverside","33.4478670008682","-117.088649"
"10/12/2024","AirNow","060650009","1","0.05","ppm","46","Pechanga","24","100.0000","44201","Ozone","","40140","Riverside-San Bernardino-Ontario, CA","06","California","065","Riverside","33.4478670008682","-117.088649"
"10/13/2024","AirNow","060650009","1","0.043","ppm","40","Pechanga","24","100.0000","44201","Ozone","","40140","Riverside-San Bernardino-Ontario, CA","06","California","065","Riverside","33.4478670008682","-117.088649"
"10/14/2024","AirNow","060650009","1","0.04","ppm","37","Pechanga","24","100.0000","44201","Ozone","","40140","Riverside-San Bernardino-Ontario, CA","06","California","065","Riverside","33.4478670008682","-117.088649"
"10/15/2024","AirNow","060650009","1","0.042","ppm","39","Pechanga","24","100.0000","44201","Ozone","","40140","Riverside-San Bernardino-Ontario, CA","06","California","065","Riverside","33.4478670008682","-117.088649"
"10/16/2024","AirNow","060650009","1","0.042","ppm","39","Pechanga","24","100.0000","44201","Ozone","","40140","Riverside-San Bernardino-Ontario, CA","06","California","065","Riverside","33.4478670008682","-117.088649"
"10/17/2024","AirNow","060650009","1","0.045","ppm","42","Pechanga","24","100.0000","44201","Ozone","","40140","Riverside-San Bernardino-Ontario, CA","06","California","065","Riverside","33.4478670008682","-117.088649"
"10/18/2024","AirNow","060650009","1","0.045","ppm","42","Pechanga","24","100.0000","44201","Ozone","","40140","Riverside-San Bernardino-Ontario, CA","06","California","065","Riverside","33.4478670008682","-117.088649"
"10/19/2024","AirNow","060650009","1","0.049","ppm","45","Pechanga","24","100.0000","44201","Ozone","","40140","Riverside-San Bernardino-Ontario, CA","06","California","065","Riverside","33.4478670008682","-117.088649"
"10/20/2024","AirNow","060650009","1","0.015","ppm","14","Pechanga","24","100.0000","44201","Ozone","","40140","Riverside-San Bernardino-Ontario, CA","06","California","065","Riverside","33.4478670008682","-117.088649"
"10/21/2024","AirNow","060650009","1","0.06","ppm","67","Pechanga","24","100.0000","44201","Ozone","","40140","Riverside-San Bernardino-Ontario, CA","06","California","065","Riverside","33.4478670008682","-117.088649"
"10/22/2024","AirNow","060650009","1","0.066","ppm","87","Pechanga","24","100.0000","44201","Ozone","","40140","Riverside-San Bernardino-Ontario, CA","06","California","065","Riverside","33.4478670008682","-117.088649"
"10/23/2024","AirNow","060650009","1","0.068","ppm","93","Pechanga","24","100.0000","44201","Ozone","","40140","Riverside-San Bernardino-Ontario, CA","06","California","065","Riverside","33.4478670008682","-117.088649"
"10/24/2024","AirNow","060650009","1","0.072","ppm","105","Pechanga","24","100.0000","44201","Ozone","","40140","Riverside-San Bernardino-Ontario, CA","06","California","065","Riverside","33.4478670008682","-117.088649"
"10/25/2024","AirNow","060650009","1","0.058","ppm","61","Pechanga","24","100.0000","44201","Ozone","","40140","Riverside-San Bernardino-Ontario, CA","06","California","065","Riverside","33.4478670008682","-117.088649"
"10/26/2024","AirNow","060650009","1","0.073","ppm","108","Pechanga","24","100.0000","44201","Ozone","","40140","Riverside-San Bernardino-Ontario, CA","06","California","065","Riverside","33.4478670008682","-117.088649"
"10/27/2024","AirNow","060650009","1","0.068","ppm","93","Pechanga","24","100.0000","44201","Ozone","","40140","Riverside-San Bernardino-Ontario, CA","06","California","065","Riverside","33.4478670008682","-117.088649"
"10/28/2024","AirNow","060650009","1","0.04","ppm","37","Pechanga","24","100.0000","44201","Ozone","","40140","Riverside-San Bernardino-Ontario, CA","06","California","065","Riverside","33.4478670008682","-117.088649"
"10/29/2024","AirNow","060650009","1","0.046","ppm","43","Pechanga","24","100.0000","44201","Ozone","","40140","Riverside-San Bernardino-Ontario, CA","06","California","065","Riverside","33.4478670008682","-117.088649"
"10/30/2024","AirNow","060650009","1","0.046","ppm","43","Pechanga","24","100.0000","44201","Ozone","","40140","Riverside-San Bernardino-Ontario, CA","06","California","065","Riverside","33.4478670008682","-117.088649"
"10/31/2024","AirNow","060650009","1","0.055","ppm","51","Pechanga","24","100.0000","44201","Ozone","","40140","Riverside-San Bernardino-Ontario, CA","06","California","065","Riverside","33.4478670008682","-117.088649"
"11/01/2024","AirNow","060650009","1","0.053","ppm","49","Pechanga","24","100.0000","44201","Ozone","","40140","Riverside-San Bernardino-Ontario, CA","06","California","065","Riverside","33.4478670008682","-117.088649"
"11/02/2024","AirNow","060650009","1","0.049","ppm","45","Pechanga","24","100.0000","44201","Ozone","","40140","Riverside-San Bernardino-Ontario, CA","06","California","065","Riverside","33.4478670008682","-117.088649"
"11/03/2024","AirNow","060650009","1","0.049","ppm","45","Pechanga","24","100.0000","44201","Ozone","","40140","Riverside-San Bernardino-Ontario, CA","06","California","065","Riverside","33.4478670008682","-117.088649"
"11/04/2024","AirNow","060650009","1","0.041","ppm","38","Pechanga","24","100.0000","44201","Ozone","","40140","Riverside-San Bernardino-Ontario, CA","06","California","065","Riverside","33.4478670008682","-117.088649"
"11/05/2024","AirNow","060650009","1","0.048","ppm","44","Pechanga","24","100.0000","44201","Ozone","","40140","Riverside-San Bernardino-Ontario, CA","06","California","065","Riverside","33.4478670008682","-117.088649"
"11/06/2024","AirNow","060650009","1","0.044","ppm","41","Pechanga","24","100.0000","44201","Ozone","","40140","Riverside-San Bernardino-Ontario, CA","06","California","065","Riverside","33.4478670008682","-117.088649"
"11/07/2024","AirNow","060650009","1","0.039","ppm","36","Pechanga","24","100.0000","44201","Ozone","","40140","Riverside-San Bernardino-Ontario, CA","06","California","065","Riverside","33.4478670008682","-117.088649"
"11/08/2024","AirNow","060650009","1","0.044","ppm","41","Pechanga","24","100.0000","44201","Ozone","","40140","Riverside-San Bernardino-Ontario, CA","06","California","065","Riverside","33.4478670008682","-117.088649"
"11/09/2024","AirNow","060650009","1","0.052","ppm","48","Pechanga","24","100.0000","44201","Ozone","","40140","Riverside-San Bernardino-Ontario, CA","06","California","065","Riverside","33.4478670008682","-117.088649"
"11/10/2024","AirNow","060650009","1","0.06","ppm","67","Pechanga","24","100.0000","44201","Ozone","","40140","Riverside-San Bernardino-Ontario, CA","06","California","065","Riverside","33.4478670008682","-117.088649"
"11/11/2024","AirNow","060650009","1","0.061","ppm","71","Pechanga","24","100.0000","44201","Ozone","","40140","Riverside-San Bernardino-Ontario, CA","06","California","065","Riverside","33.4478670008682","-117.088649"
"11/12/2024","AirNow","060650009","1","0.047","ppm","44","Pechanga","24","100.0000","44201","Ozone","","40140","Riverside-San Bernardino-Ontario, CA","06","California","065","Riverside","33.4478670008682","-117.088649"
"11/13/2024","AirNow","060650009","1","0.047","ppm","44","Pechanga","24","100.0000","44201","Ozone","","40140","Riverside-San Bernardino-Ontario, CA","06","California","065","Riverside","33.4478670008682","-117.088649"
"11/14/2024","AirNow","060650009","1","0.056","ppm","54","Pechanga","24","100.0000","44201","Ozone","","40140","Riverside-San Bernardino-Ontario, CA","06","California","065","Riverside","33.4478670008682","-117.088649"
"11/15/2024","AirNow","060650009","1","0.042","ppm","39","Pechanga","24","100.0000","44201","Ozone","","40140","Riverside-San Bernardino-Ontario, CA","06","California","065","Riverside","33.4478670008682","-117.088649"
"11/16/2024","AirNow","060650009","1","0.042","ppm","39","Pechanga","24","100.0000","44201","Ozone","","40140","Riverside-San Bernardino-Ontario, CA","06","California","065","Riverside","33.4478670008682","-117.088649"
"11/17/2024","AirNow","060650009","1","0.043","ppm","40","Pechanga","24","100.0000","44201","Ozone","","40140","Riverside-San Bernardino-Ontario, CA","06","California","065","Riverside","33.4478670008682","-117.088649"
"11/18/2024","AirNow","060650009","1","0.045","ppm","42","Pechanga","24","100.0000","44201","Ozone","","40140","Riverside-San Bernardino-Ontario, CA","06","California","065","Riverside","33.4478670008682","-117.088649"
"11/19/2024","AirNow","060650009","1","0.043","ppm","40","Pechanga","24","100.0000","44201","Ozone","","40140","Riverside-San Bernardino-Ontario, CA","06","California","065","Riverside","33.4478670008682","-117.088649"
"11/20/2024","AirNow","060650009","1","0.047","ppm","44","Pechanga","24","100.0000","44201","Ozone","","40140","Riverside-San Bernardino-Ontario, CA","06","California","065","Riverside","33.4478670008682","-117.088649"
"11/21/2024","AirNow","060650009","1","0.047","ppm","44","Pechanga","24","100.0000","44201","Ozone","","40140","Riverside-San Bernardino-Ontario, CA","06","California","065","Riverside","33.4478670008682","-117.088649"
"11/22/2024","AirNow","060650009","1","0.053","ppm","49","Pechanga","24","100.0000","44201","Ozone","","40140","Riverside-San Bernardino-Ontario, CA","06","California","065","Riverside","33.4478670008682","-117.088649"
"11/23/2024","AirNow","060650009","1","0.045","ppm","42","Pechanga","24","100.0000","44201","Ozone","","40140","Riverside-San Bernardino-Ontario, CA","06","California","065","Riverside","33.4478670008682","-117.088649"
"11/24/2024","AirNow","060650009","1","0.035","ppm","32","Pechanga","24","100.0000","44201","Ozone","","40140","Riverside-San Bernardino-Ontario, CA","06","California","065","Riverside","33.4478670008682","-117.088649"
"11/25/2024","AirNow","060650009","1","0.04","ppm","37","Pechanga","24","100.0000","44201","Ozone","","40140","Riverside-San Bernardino-Ontario, CA","06","California","065","Riverside","33.4478670008682","-117.088649"
"11/26/2024","AirNow","060650009","1","0.037","ppm","34","Pechanga","24","100.0000","44201","Ozone","","40140","Riverside-San Bernardino-Ontario, CA","06","California","065","Riverside","33.4478670008682","-117.088649"
"11/27/2024","AirNow","060650009","1","0.031","ppm","29","Pechanga","24","100.0000","44201","Ozone","","40140","Riverside-San Bernardino-Ontario, CA","06","California","065","Riverside","33.4478670008682","-117.088649"
"11/28/2024","AirNow","060650009","1","0.038","ppm","35","Pechanga","24","100.0000","44201","Ozone","","40140","Riverside-San Bernardino-Ontario, CA","06","California","065","Riverside","33.4478670008682","-117.088649"
"11/29/2024","AirNow","060650009","1","0.035","ppm","32","Pechanga","24","100.0000","44201","Ozone","","40140","Riverside-San Bernardino-Ontario, CA","06","California","065","Riverside","33.4478670008682","-117.088649"
"11/30/2024","AirNow","060650009","1","0.046","ppm","43","Pechanga","24","100.0000","44201","Ozone","","40140","Riverside-San Bernardino-Ontario, CA","06","California","065","Riverside","33.4478670008682","-117.088649"
"12/01/2024","AirNow","060650009","1","0.048","ppm","44","Pechanga","24","100.0000","44201","Ozone","","40140","Riverside-San Bernardino-Ontario, CA","06","California","065","Riverside","33.4478670008682","-117.088649"
"12/02/2024","AirNow","060650009","1","0.051","ppm","47","Pechanga","24","100.0000","44201","Ozone","","40140","Riverside-San Bernardino-Ontario, CA","06","California","065","Riverside","33.4478670008682","-117.088649"
"12/03/2024","AirNow","060650009","1","0.05","ppm","46","Pechanga","24","100.0000","44201","Ozone","","40140","Riverside-San Bernardino-Ontario, CA","06","California","065","Riverside","33.4478670008682","-117.088649"
"12/04/2024","AirNow","060650009","1","0.047","ppm","44","Pechanga","24","100.0000","44201","Ozone","","40140","Riverside-San Bernardino-Ontario, CA","06","California","065","Riverside","33.4478670008682","-117.088649"
"12/05/2024","AirNow","060650009","1","0.046","ppm","43","Pechanga","24","100.0000","44201","Ozone","","40140","Riverside-San Bernardino-Ontario, CA","06","California","065","Riverside","33.4478670008682","-117.088649"
"12/06/2024","AirNow","060650009","1","0.037","ppm","34","Pechanga","24","100.0000","44201","Ozone","","40140","Riverside-San Bernardino-Ontario, CA","06","California","065","Riverside","33.4478670008682","-117.088649"
"12/07/2024","AirNow","060650009","1","0.044","ppm","41","Pechanga","24","100.0000","44201","Ozone","","40140","Riverside-San Bernardino-Ontario, CA","06","California","065","Riverside","33.4478670008682","-117.088649"
"12/08/2024","AirNow","060650009","1","0.051","ppm","47","Pechanga","24","100.0000","44201","Ozone","","40140","Riverside-San Bernardino-Ontario, CA","06","California","065","Riverside","33.4478670008682","-117.088649"
"12/09/2024","AirNow","060650009","1","0.047","ppm","44","Pechanga","24","100.0000","44201","Ozone","","40140","Riverside-San Bernardino-Ontario, CA","06","California","065","Riverside","33.4478670008682","-117.088649"
"12/10/2024","AirNow","060650009","1","0.049","ppm","45","Pechanga","24","100.0000","44201","Ozone","","40140","Riverside-San Bernardino-Ontario, CA","06","California","065","Riverside","33.4478670008682","-117.088649"
"12/11/2024","AirNow","060650009","1","0.028","ppm","26","Pechanga","24","100.0000","44201","Ozone","","40140","Riverside-San Bernardino-Ontario, CA","06","California","065","Riverside","33.4478670008682","-117.088649"
"12/12/2024","AirNow","060650009","1","0.044","ppm","41","Pechanga","24","100.0000","44201","Ozone","","40140","Riverside-San Bernardino-Ontario, CA","06","California","065","Riverside","33.4478670008682","-117.088649"
"12/13/2024","AirNow","060650009","1","0.039","ppm","36","Pechanga","24","100.0000","44201","Ozone","","40140","Riverside-San Bernardino-Ontario, CA","06","California","065","Riverside","33.4478670008682","-117.088649"
"12/14/2024","AirNow","060650009","1","0.045","ppm","42","Pechanga","24","100.0000","44201","Ozone","","40140","Riverside-San Bernardino-Ontario, CA","06","California","065","Riverside","33.4478670008682","-117.088649"
"12/15/2024","AirNow","060650009","1","0.041","ppm","38","Pechanga","24","100.0000","44201","Ozone","","40140","Riverside-San Bernardino-Ontario, CA","06","California","065","Riverside","33.4478670008682","-117.088649"
"12/17/2024","AirNow","060650009","1","0.041","ppm","38","Pechanga","24","100.0000","44201","Ozone","","40140","Riverside-San Bernardino-Ontario, CA","06","California","065","Riverside","33.4478670008682","-117.088649"
"12/18/2024","AirNow","060650009","1","0.042","ppm","39","Pechanga","24","100.0000","44201","Ozone","","40140","Riverside-San Bernardino-Ontario, CA","06","California","065","Riverside","33.4478670008682","-117.088649"
"12/19/2024","AirNow","060650009","1","0.041","ppm","38","Pechanga","24","100.0000","44201","Ozone","","40140","Riverside-San Bernardino-Ontario, CA","06","California","065","Riverside","33.4478670008682","-117.088649"
"12/20/2024","AirNow","060650009","1","0.049","ppm","45","Pechanga","24","100.0000","44201","Ozone","","40140","Riverside-San Bernardino-Ontario, CA","06","California","065","Riverside","33.4478670008682","-117.088649"
"12/21/2024","AirNow","060650009","1","0.05","ppm","46","Pechanga","24","100.0000","44201","Ozone","","40140","Riverside-San Bernardino-Ontario, CA","06","California","065","Riverside","33.4478670008682","-117.088649"
"12/22/2024","AirNow","060650009","1","0.048","ppm","44","Pechanga","24","100.0000","44201","Ozone","","40140","Riverside-San Bernardino-Ontario, CA","06","California","065","Riverside","33.4478670008682","-117.088649"
"12/23/2024","AirNow","060650009","1","0.039","ppm","36","Pechanga","24","100.0000","44201","Ozone","","40140","Riverside-San Bernardino-Ontario, CA","06","California","065","Riverside","33.4478670008682","-117.088649"
"12/24/2024","AirNow","060650009","1","0.036","ppm","33","Pechanga","24","100.0000","44201","Ozone","","40140","Riverside-San Bernardino-Ontario, CA","06","California","065","Riverside","33.4478670008682","-117.088649"
"12/25/2024","AirNow","060650009","1","0.045","ppm","42","Pechanga","24","100.0000","44201","Ozone","","40140","Riverside-San Bernardino-Ontario, CA","06","California","065","Riverside","33.4478670008682","-117.088649"
"12/26/2024","AirNow","060650009","1","0.041","ppm","38","Pechanga","24","100.0000","44201","Ozone","","40140","Riverside-San Bernardino-Ontario, CA","06","California","065","Riverside","33.4478670008682","-117.088649"
"12/27/2024","AirNow","060650009","1","0.038","ppm","35","Pechanga","24","100.0000","44201","Ozone","","40140","Riverside-San Bernardino-Ontario, CA","06","California","065","Riverside","33.4478670008682","-117.088649"
"12/28/2024","AirNow","060650009","1","0.036","ppm","33","Pechanga","24","100.0000","44201","Ozone","","40140","Riverside-San Bernardino-Ontario, CA","06","California","065","Riverside","33.4478670008682","-117.088649"
"12/29/2024","AirNow","060650009","1","0.04","ppm","37","Pechanga","24","100.0000","44201","Ozone","","40140","Riverside-San Bernardino-Ontario, CA","06","California","065","Riverside","33.4478670008682","-117.088649"
"12/30/2024","AirNow","060650009","1","0.037","ppm","34","Pechanga","24","100.0000","44201","Ozone","","40140","Riverside-San Bernardino-Ontario, CA","06","California","065","Riverside","33.4478670008682","-117.088649"
"12/31/2024","AirNow","060650009","1","0.035","ppm","32","Pechanga","19","79.0000","44201","Ozone","","40140","Riverside-San Bernardino-Ontario, CA","06","California","065","Riverside","33.4478670008682","-117.088649"
"01/01/2024","AQS","060650010","1","0.042","ppm","39","Joshua Tree NP - Cottonwood Visitor Center","17","100.0000","44201","Ozone","047","40140","Riverside-San Bernardino-Ontario, CA","06","California","065","Riverside","33.747236000872","-115.820124"
"01/02/2024","AQS","060650010","1","0.045","ppm","42","Joshua Tree NP - Cottonwood Visitor Center","17","100.0000","44201","Ozone","047","40140","Riverside-San Bernardino-Ontario, CA","06","California","065","Riverside","33.747236000872","-115.820124"
"01/03/2024","AQS","060650010","1","0.04","ppm","37","Joshua Tree NP - Cottonwood Visitor Center","17","100.0000","44201","Ozone","047","40140","Riverside-San Bernardino-Ontario, CA","06","California","065","Riverside","33.747236000872","-115.820124"
"01/04/2024","AQS","060650010","1","0.041","ppm","38","Joshua Tree NP - Cottonwood Visitor Center","17","100.0000","44201","Ozone","047","40140","Riverside-San Bernardino-Ontario, CA","06","California","065","Riverside","33.747236000872","-115.820124"
"01/05/2024","AQS","060650010","1","0.041","ppm","38","Joshua Tree NP - Cottonwood Visitor Center","17","100.0000","44201","Ozone","047","40140","Riverside-San Bernardino-Ontario, CA","06","California","065","Riverside","33.747236000872","-115.820124"
"01/06/2024","AQS","060650010","1","0.043","ppm","40","Joshua Tree NP - Cottonwood Visitor Center","17","100.0000","44201","Ozone","047","40140","Riverside-San Bernardino-Ontario, CA","06","California","065","Riverside","33.747236000872","-115.820124"
"01/07/2024","AQS","060650010","1","0.04","ppm","37","Joshua Tree NP - Cottonwood Visitor Center","16","94.0000","44201","Ozone","047","40140","Riverside-San Bernardino-Ontario, CA","06","California","065","Riverside","33.747236000872","-115.820124"
"01/08/2024","AQS","060650010","1","0.038","ppm","35","Joshua Tree NP - Cottonwood Visitor Center","16","94.0000","44201","Ozone","047","40140","Riverside-San Bernardino-Ontario, CA","06","California","065","Riverside","33.747236000872","-115.820124"
"01/09/2024","AQS","060650010","1","0.038","ppm","35","Joshua Tree NP - Cottonwood Visitor Center","16","94.0000","44201","Ozone","047","40140","Riverside-San Bernardino-Ontario, CA","06","California","065","Riverside","33.747236000872","-115.820124"
"01/10/2024","AQS","060650010","1","0.039","ppm","36","Joshua Tree NP - Cottonwood Visitor Center","17","100.0000","44201","Ozone","047","40140","Riverside-San Bernardino-Ontario, CA","06","California","065","Riverside","33.747236000872","-115.820124"
"01/11/2024","AQS","060650010","1","0.042","ppm","39","Joshua Tree NP - Cottonwood Visitor Center","16","94.0000","44201","Ozone","047","40140","Riverside-San Bernardino-Ontario, CA","06","California","065","Riverside","33.747236000872","-115.820124"
"01/12/2024","AQS","060650010","1","0.042","ppm","39","Joshua Tree NP - Cottonwood Visitor Center","17","100.0000","44201","Ozone","047","40140","Riverside-San Bernardino-Ontario, CA","06","California","065","Riverside","33.747236000872","-115.820124"
"01/13/2024","AQS","060650010","1","0.048","ppm","44","Joshua Tree NP - Cottonwood Visitor Center","17","100.0000","44201","Ozone","047","40140","Riverside-San Bernardino-Ontario, CA","06","California","065","Riverside","33.747236000872","-115.820124"
"01/14/2024","AQS","060650010","1","0.045","ppm","42","Joshua Tree NP - Cottonwood Visitor Center","17","100.0000","44201","Ozone","047","40140","Riverside-San Bernardino-Ontario, CA","06","California","065","Riverside","33.747236000872","-115.820124"
"01/15/2024","AQS","060650010","1","0.04","ppm","37","Joshua Tree NP - Cottonwood Visitor Center","17","100.0000","44201","Ozone","047","40140","Riverside-San Bernardino-Ontario, CA","06","California","065","Riverside","33.747236000872","-115.820124"
"01/16/2024","AQS","060650010","1","0.04","ppm","37","Joshua Tree NP - Cottonwood Visitor Center","17","100.0000","44201","Ozone","047","40140","Riverside-San Bernardino-Ontario, CA","06","California","065","Riverside","33.747236000872","-115.820124"
"01/17/2024","AQS","060650010","1","0.038","ppm","35","Joshua Tree NP - Cottonwood Visitor Center","17","100.0000","44201","Ozone","047","40140","Riverside-San Bernardino-Ontario, CA","06","California","065","Riverside","33.747236000872","-115.820124"
"01/18/2024","AQS","060650010","1","0.044","ppm","41","Joshua Tree NP - Cottonwood Visitor Center","17","100.0000","44201","Ozone","047","40140","Riverside-San Bernardino-Ontario, CA","06","California","065","Riverside","33.747236000872","-115.820124"
"01/19/2024","AQS","060650010","1","0.046","ppm","43","Joshua Tree NP - Cottonwood Visitor Center","17","100.0000","44201","Ozone","047","40140","Riverside-San Bernardino-Ontario, CA","06","California","065","Riverside","33.747236000872","-115.820124"
"01/20/2024","AQS","060650010","1","0.042","ppm","39","Joshua Tree NP - Cottonwood Visitor Center","17","100.0000","44201","Ozone","047","40140","Riverside-San Bernardino-Ontario, CA","06","California","065","Riverside","33.747236000872","-115.820124"
"01/21/2024","AQS","060650010","1","0.038","ppm","35","Joshua Tree NP - Cottonwood Visitor Center","17","100.0000","44201","Ozone","047","40140","Riverside-San Bernardino-Ontario, CA","06","California","065","Riverside","33.747236000872","-115.820124"
"01/22/2024","AQS","060650010","1","0.036","ppm","33","Joshua Tree NP - Cottonwood Visitor Center","17","100.0000","44201","Ozone","047","40140","Riverside-San Bernardino-Ontario, CA","06","California","065","Riverside","33.747236000872","-115.820124"
"01/23/2024","AQS","060650010","1","0.036","ppm","33","Joshua Tree NP - Cottonwood Visitor Center","17","100.0000","44201","Ozone","047","40140","Riverside-San Bernardino-Ontario, CA","06","California","065","Riverside","33.747236000872","-115.820124"
"01/24/2024","AQS","060650010","1","0.036","ppm","33","Joshua Tree NP - Cottonwood Visitor Center","17","100.0000","44201","Ozone","047","40140","Riverside-San Bernardino-Ontario, CA","06","California","065","Riverside","33.747236000872","-115.820124"
"01/25/2024","AQS","060650010","1","0.039","ppm","36","Joshua Tree NP - Cottonwood Visitor Center","17","100.0000","44201","Ozone","047","40140","Riverside-San Bernardino-Ontario, CA","06","California","065","Riverside","33.747236000872","-115.820124"
"01/26/2024","AQS","060650010","1","0.042","ppm","39","Joshua Tree NP - Cottonwood Visitor Center","17","100.0000","44201","Ozone","047","40140","Riverside-San Bernardino-Ontario, CA","06","California","065","Riverside","33.747236000872","-115.820124"
"01/27/2024","AQS","060650010","1","0.043","ppm","40","Joshua Tree NP - Cottonwood Visitor Center","17","100.0000","44201","Ozone","047","40140","Riverside-San Bernardino-Ontario, CA","06","California","065","Riverside","33.747236000872","-115.820124"
"01/28/2024","AQS","060650010","1","0.038","ppm","35","Joshua Tree NP - Cottonwood Visitor Center","17","100.0000","44201","Ozone","047","40140","Riverside-San Bernardino-Ontario, CA","06","California","065","Riverside","33.747236000872","-115.820124"
"01/29/2024","AQS","060650010","1","0.041","ppm","38","Joshua Tree NP - Cottonwood Visitor Center","17","100.0000","44201","Ozone","047","40140","Riverside-San Bernardino-Ontario, CA","06","California","065","Riverside","33.747236000872","-115.820124"
"01/30/2024","AQS","060650010","1","0.043","ppm","40","Joshua Tree NP - Cottonwood Visitor Center","17","100.0000","44201","Ozone","047","40140","Riverside-San Bernardino-Ontario, CA","06","California","065","Riverside","33.747236000872","-115.820124"
"01/31/2024","AQS","060650010","1","0.05","ppm","46","Joshua Tree NP - Cottonwood Visitor Center","17","100.0000","44201","Ozone","047","40140","Riverside-San Bernardino-Ontario, CA","06","California","065","Riverside","33.747236000872","-115.820124"
"02/01/2024","AQS","060650010","1","0.043","ppm","40","Joshua Tree NP - Cottonwood Visitor Center","17","100.0000","44201","Ozone","047","40140","Riverside-San Bernardino-Ontario, CA","06","California","065","Riverside","33.747236000872","-115.820124"
"02/02/2024","AQS","060650010","1","0.045","ppm","42","Joshua Tree NP - Cottonwood Visitor Center","17","100.0000","44201","Ozone","047","40140","Riverside-San Bernardino-Ontario, CA","06","California","065","Riverside","33.747236000872","-115.820124"
"02/03/2024","AQS","060650010","1","0.045","ppm","42","Joshua Tree NP - Cottonwood Visitor Center","17","100.0000","44201","Ozone","047","40140","Riverside-San Bernardino-Ontario, CA","06","California","065","Riverside","33.747236000872","-115.820124"
"02/04/2024","AQS","060650010","1","0.042","ppm","39","Joshua Tree NP - Cottonwood Visitor Center","17","100.0000","44201","Ozone","047","40140","Riverside-San Bernardino-Ontario, CA","06","California","065","Riverside","33.747236000872","-115.820124"
"02/05/2024","AQS","060650010","1","0.038","ppm","35","Joshua Tree NP - Cottonwood Visitor Center","17","100.0000","44201","Ozone","047","40140","Riverside-San Bernardino-Ontario, CA","06","California","065","Riverside","33.747236000872","-115.820124"
"02/06/2024","AQS","060650010","1","0.042","ppm","39","Joshua Tree NP - Cottonwood Visitor Center","17","100.0000","44201","Ozone","047","40140","Riverside-San Bernardino-Ontario, CA","06","California","065","Riverside","33.747236000872","-115.820124"
"02/07/2024","AQS","060650010","1","0.041","ppm","38","Joshua Tree NP - Cottonwood Visitor Center","17","100.0000","44201","Ozone","047","40140","Riverside-San Bernardino-Ontario, CA","06","California","065","Riverside","33.747236000872","-115.820124"
"02/08/2024","AQS","060650010","1","0.045","ppm","42","Joshua Tree NP - Cottonwood Visitor Center","17","100.0000","44201","Ozone","047","40140","Riverside-San Bernardino-Ontario, CA","06","California","065","Riverside","33.747236000872","-115.820124"
"02/09/2024","AQS","060650010","1","0.043","ppm","40","Joshua Tree NP - Cottonwood Visitor Center","16","94.0000","44201","Ozone","047","40140","Riverside-San Bernardino-Ontario, CA","06","California","065","Riverside","33.747236000872","-115.820124"
"02/10/2024","AQS","060650010","1","0.04","ppm","37","Joshua Tree NP - Cottonwood Visitor Center","17","100.0000","44201","Ozone","047","40140","Riverside-San Bernardino-Ontario, CA","06","California","065","Riverside","33.747236000872","-115.820124"
"02/11/2024","AQS","060650010","1","0.039","ppm","36","Joshua Tree NP - Cottonwood Visitor Center","17","100.0000","44201","Ozone","047","40140","Riverside-San Bernardino-Ontario, CA","06","California","065","Riverside","33.747236000872","-115.820124"
"02/12/2024","AQS","060650010","1","0.041","ppm","38","Joshua Tree NP - Cottonwood Visitor Center","13","76.0000","44201","Ozone","047","40140","Riverside-San Bernardino-Ontario, CA","06","California","065","Riverside","33.747236000872","-115.820124"
"02/13/2024","AQS","060650010","1","0.046","ppm","43","Joshua Tree NP - Cottonwood Visitor Center","17","100.0000","44201","Ozone","047","40140","Riverside-San Bernardino-Ontario, CA","06","California","065","Riverside","33.747236000872","-115.820124"
"02/14/2024","AQS","060650010","1","0.054","ppm","50","Joshua Tree NP - Cottonwood Visitor Center","17","100.0000","44201","Ozone","047","40140","Riverside-San Bernardino-Ontario, CA","06","California","065","Riverside","33.747236000872","-115.820124"
"02/15/2024","AQS","060650010","1","0.051","ppm","47","Joshua Tree NP - Cottonwood Visitor Center","17","100.0000","44201","Ozone","047","40140","Riverside-San Bernardino-Ontario, CA","06","California","065","Riverside","33.747236000872","-115.820124"
"02/16/2024","AQS","060650010","1","0.047","ppm","44","Joshua Tree NP - Cottonwood Visitor Center","17","100.0000","44201","Ozone","047","40140","Riverside-San Bernardino-Ontario, CA","06","California","065","Riverside","33.747236000872","-115.820124"
"02/17/2024","AQS","060650010","1","0.052","ppm","48","Joshua Tree NP - Cottonwood Visitor Center","17","100.0000","44201","Ozone","047","40140","Riverside-San Bernardino-Ontario, CA","06","California","065","Riverside","33.747236000872","-115.820124"
"02/18/2024","AQS","060650010","1","0.048","ppm","44","Joshua Tree NP - Cottonwood Visitor Center","17","100.0000","44201","Ozone","047","40140","Riverside-San Bernardino-Ontario, CA","06","California","065","Riverside","33.747236000872","-115.820124"
"02/19/2024","AQS","060650010","1","0.04","ppm","37","Joshua Tree NP - Cottonwood Visitor Center","17","100.0000","44201","Ozone","047","40140","Riverside-San Bernardino-Ontario, CA","06","California","065","Riverside","33.747236000872","-115.820124"
"02/20/2024","AQS","060650010","1","0.033","ppm","31","Joshua Tree NP - Cottonwood Visitor Center","17","100.0000","44201","Ozone","047","40140","Riverside-San Bernardino-Ontario, CA","06","California","065","Riverside","33.747236000872","-115.820124"
"02/21/2024","AQS","060650010","1","0.042","ppm","39","Joshua Tree NP - Cottonwood Visitor Center","17","100.0000","44201","Ozone","047","40140","Riverside-San Bernardino-Ontario, CA","06","California","065","Riverside","33.747236000872","-115.820124"
"02/22/2024","AQS","060650010","1","0.046","ppm","43","Joshua Tree NP - Cottonwood Visitor Center","17","100.0000","44201","Ozone","047","40140","Riverside-San Bernardino-Ontario, CA","06","California","065","Riverside","33.747236000872","-115.820124"
"02/23/2024","AQS","060650010","1","0.044","ppm","41","Joshua Tree NP - Cottonwood Visitor Center","17","100.0000","44201","Ozone","047","40140","Riverside-San Bernardino-Ontario, CA","06","California","065","Riverside","33.747236000872","-115.820124"
"02/24/2024","AQS","060650010","1","0.045","ppm","42","Joshua Tree NP - Cottonwood Visitor Center","17","100.0000","44201","Ozone","047","40140","Riverside-San Bernardino-Ontario, CA","06","California","065","Riverside","33.747236000872","-115.820124"
"02/25/2024","AQS","060650010","1","0.049","ppm","45","Joshua Tree NP - Cottonwood Visitor Center","17","100.0000","44201","Ozone","047","40140","Riverside-San Bernardino-Ontario, CA","06","California","065","Riverside","33.747236000872","-115.820124"
"02/26/2024","AQS","060650010","1","0.045","ppm","42","Joshua Tree NP - Cottonwood Visitor Center","17","100.0000","44201","Ozone","047","40140","Riverside-San Bernardino-Ontario, CA","06","California","065","Riverside","33.747236000872","-115.820124"
"02/27/2024","AQS","060650010","1","0.042","ppm","39","Joshua Tree NP - Cottonwood Visitor Center","17","100.0000","44201","Ozone","047","40140","Riverside-San Bernardino-Ontario, CA","06","California","065","Riverside","33.747236000872","-115.820124"
"02/28/2024","AQS","060650010","1","0.046","ppm","43","Joshua Tree NP - Cottonwood Visitor Center","17","100.0000","44201","Ozone","047","40140","Riverside-San Bernardino-Ontario, CA","06","California","065","Riverside","33.747236000872","-115.820124"
"02/29/2024","AQS","060650010","1","0.051","ppm","47","Joshua Tree NP - Cottonwood Visitor Center","17","100.0000","44201","Ozone","047","40140","Riverside-San Bernardino-Ontario, CA","06","California","065","Riverside","33.747236000872","-115.820124"
"03/01/2024","AQS","060650010","1","0.046","ppm","43","Joshua Tree NP - Cottonwood Visitor Center","17","100.0000","44201","Ozone","047","40140","Riverside-San Bernardino-Ontario, CA","06","California","065","Riverside","33.747236000872","-115.820124"
"03/02/2024","AQS","060650010","1","0.04","ppm","37","Joshua Tree NP - Cottonwood Visitor Center","17","100.0000","44201","Ozone","047","40140","Riverside-San Bernardino-Ontario, CA","06","California","065","Riverside","33.747236000872","-115.820124"
"03/03/2024","AQS","060650010","1","0.044","ppm","41","Joshua Tree NP - Cottonwood Visitor Center","17","100.0000","44201","Ozone","047","40140","Riverside-San Bernardino-Ontario, CA","06","California","065","Riverside","33.747236000872","-115.820124"
"03/04/2024","AQS","060650010","1","0.045","ppm","42","Joshua Tree NP - Cottonwood Visitor Center","17","100.0000","44201","Ozone","047","40140","Riverside-San Bernardino-Ontario, CA","06","California","065","Riverside","33.747236000872","-115.820124"
"03/05/2024","AQS","060650010","1","0.049","ppm","45","Joshua Tree NP - Cottonwood Visitor Center","17","100.0000","44201","Ozone","047","40140","Riverside-San Bernardino-Ontario, CA","06","California","065","Riverside","33.747236000872","-115.820124"
"03/06/2024","AQS","060650010","1","0.045","ppm","42","Joshua Tree NP - Cottonwood Visitor Center","17","100.0000","44201","Ozone","047","40140","Riverside-San Bernardino-Ontario, CA","06","California","065","Riverside","33.747236000872","-115.820124"
"03/07/2024","AQS","060650010","1","0.041","ppm","38","Joshua Tree NP - Cottonwood Visitor Center","17","100.0000","44201","Ozone","047","40140","Riverside-San Bernardino-Ontario, CA","06","California","065","Riverside","33.747236000872","-115.820124"
"03/08/2024","AQS","060650010","1","0.042","ppm","39","Joshua Tree NP - Cottonwood Visitor Center","17","100.0000","44201","Ozone","047","40140","Riverside-San Bernardino-Ontario, CA","06","California","065","Riverside","33.747236000872","-115.820124"
"03/09/2024","AQS","060650010","1","0.047","ppm","44","Joshua Tree NP - Cottonwood Visitor Center","17","100.0000","44201","Ozone","047","40140","Riverside-San Bernardino-Ontario, CA","06","California","065","Riverside","33.747236000872","-115.820124"
"03/10/2024","AQS","060650010","1","0.053","ppm","49","Joshua Tree NP - Cottonwood Visitor Center","17","100.0000","44201","Ozone","047","40140","Riverside-San Bernardino-Ontario, CA","06","California","065","Riverside","33.747236000872","-115.820124"
"03/11/2024","AQS","060650010","1","0.052","ppm","48","Joshua Tree NP - Cottonwood Visitor Center","17","100.0000","44201","Ozone","047","40140","Riverside-San Bernardino-Ontario, CA","06","California","065","Riverside","33.747236000872","-115.820124"
"03/12/2024","AQS","060650010","1","0.048","ppm","44","Joshua Tree NP - Cottonwood Visitor Center","17","100.0000","44201","Ozone","047","40140","Riverside-San Bernardino-Ontario, CA","06","California","065","Riverside","33.747236000872","-115.820124"
"03/13/2024","AQS","060650010","1","0.046","ppm","43","Joshua Tree NP - Cottonwood Visitor Center","17","100.0000","44201","Ozone","047","40140","Riverside-San Bernardino-Ontario, CA","06","California","065","Riverside","33.747236000872","-115.820124"
"03/14/2024","AQS","060650010","1","0.045","ppm","42","Joshua Tree NP - Cottonwood Visitor Center","17","100.0000","44201","Ozone","047","40140","Riverside-San Bernardino-Ontario, CA","06","California","065","Riverside","33.747236000872","-115.820124"
"03/15/2024","AQS","060650010","1","0.037","ppm","34","Joshua Tree NP - Cottonwood Visitor Center","17","100.0000","44201","Ozone","047","40140","Riverside-San Bernardino-Ontario, CA","06","California","065","Riverside","33.747236000872","-115.820124"
"03/16/2024","AQS","060650010","1","0.036","ppm","33","Joshua Tree NP - Cottonwood Visitor Center","17","100.0000","44201","Ozone","047","40140","Riverside-San Bernardino-Ontario, CA","06","California","065","Riverside","33.747236000872","-115.820124"
"03/17/2024","AQS","060650010","1","0.047","ppm","44","Joshua Tree NP - Cottonwood Visitor Center","17","100.0000","44201","Ozone","047","40140","Riverside-San Bernardino-Ontario, CA","06","California","065","Riverside","33.747236000872","-115.820124"
"03/18/2024","AQS","060650010","1","0.048","ppm","44","Joshua Tree NP - Cottonwood Visitor Center","17","100.0000","44201","Ozone","047","40140","Riverside-San Bernardino-Ontario, CA","06","California","065","Riverside","33.747236000872","-115.820124"
"03/19/2024","AQS","060650010","1","0.048","ppm","44","Joshua Tree NP - Cottonwood Visitor Center","17","100.0000","44201","Ozone","047","40140","Riverside-San Bernardino-Ontario, CA","06","California","065","Riverside","33.747236000872","-115.820124"
"03/20/2024","AQS","060650010","1","0.055","ppm","51","Joshua Tree NP - Cottonwood Visitor Center","17","100.0000","44201","Ozone","047","40140","Riverside-San Bernardino-Ontario, CA","06","California","065","Riverside","33.747236000872","-115.820124"
"03/21/2024","AQS","060650010","1","0.059","ppm","64","Joshua Tree NP - Cottonwood Visitor Center","17","100.0000","44201","Ozone","047","40140","Riverside-San Bernardino-Ontario, CA","06","California","065","Riverside","33.747236000872","-115.820124"
"03/22/2024","AQS","060650010","1","0.055","ppm","51","Joshua Tree NP - Cottonwood Visitor Center","17","100.0000","44201","Ozone","047","40140","Riverside-San Bernardino-Ontario, CA","06","California","065","Riverside","33.747236000872","-115.820124"
"03/23/2024","AQS","060650010","1","0.047","ppm","44","Joshua Tree NP - Cottonwood Visitor Center","17","100.0000","44201","Ozone","047","40140","Riverside-San Bernardino-Ontario, CA","06","California","065","Riverside","33.747236000872","-115.820124"
"03/24/2024","AQS","060650010","1","0.048","ppm","44","Joshua Tree NP - Cottonwood Visitor Center","17","100.0000","44201","Ozone","047","40140","Riverside-San Bernardino-Ontario, CA","06","California","065","Riverside","33.747236000872","-115.820124"
"03/25/2024","AQS","060650010","1","0.048","ppm","44","Joshua Tree NP - Cottonwood Visitor Center","17","100.0000","44201","Ozone","047","40140","Riverside-San Bernardino-Ontario, CA","06","California","065","Riverside","33.747236000872","-115.820124"
"03/26/2024","AQS","060650010","1","0.049","ppm","45","Joshua Tree NP - Cottonwood Visitor Center","17","100.0000","44201","Ozone","047","40140","Riverside-San Bernardino-Ontario, CA","06","California","065","Riverside","33.747236000872","-115.820124"
"03/27/2024","AQS","060650010","1","0.056","ppm","54","Joshua Tree NP - Cottonwood Visitor Center","17","100.0000","44201","Ozone","047","40140","Riverside-San Bernardino-Ontario, CA","06","California","065","Riverside","33.747236000872","-115.820124"
"03/28/2024","AQS","060650010","1","0.053","ppm","49","Joshua Tree NP - Cottonwood Visitor Center","17","100.0000","44201","Ozone","047","40140","Riverside-San Bernardino-Ontario, CA","06","California","065","Riverside","33.747236000872","-115.820124"
"03/29/2024","AQS","060650010","1","0.053","ppm","49","Joshua Tree NP - Cottonwood Visitor Center","17","100.0000","44201","Ozone","047","40140","Riverside-San Bernardino-Ontario, CA","06","California","065","Riverside","33.747236000872","-115.820124"
"03/30/2024","AQS","060650010","1","0.047","ppm","44","Joshua Tree NP - Cottonwood Visitor Center","17","100.0000","44201","Ozone","047","40140","Riverside-San Bernardino-Ontario, CA","06","California","065","Riverside","33.747236000872","-115.820124"
"03/31/2024","AQS","060650010","1","0.045","ppm","42","Joshua Tree NP - Cottonwood Visitor Center","17","100.0000","44201","Ozone","047","40140","Riverside-San Bernardino-Ontario, CA","06","California","065","Riverside","33.747236000872","-115.820124"
"04/01/2024","AQS","060650010","1","0.047","ppm","44","Joshua Tree NP - Cottonwood Visitor Center","17","100.0000","44201","Ozone","047","40140","Riverside-San Bernardino-Ontario, CA","06","California","065","Riverside","33.747236000872","-115.820124"
"04/02/2024","AQS","060650010","1","0.048","ppm","44","Joshua Tree NP - Cottonwood Visitor Center","17","100.0000","44201","Ozone","047","40140","Riverside-San Bernardino-Ontario, CA","06","California","065","Riverside","33.747236000872","-115.820124"
"04/03/2024","AQS","060650010","1","0.053","ppm","49","Joshua Tree NP - Cottonwood Visitor Center","17","100.0000","44201","Ozone","047","40140","Riverside-San Bernardino-Ontario, CA","06","California","065","Riverside","33.747236000872","-115.820124"
"04/04/2024","AQS","060650010","1","0.054","ppm","50","Joshua Tree NP - Cottonwood Visitor Center","17","100.0000","44201","Ozone","047","40140","Riverside-San Bernardino-Ontario, CA","06","California","065","Riverside","33.747236000872","-115.820124"
"04/05/2024","AQS","060650010","1","0.049","ppm","45","Joshua Tree NP - Cottonwood Visitor Center","17","100.0000","44201","Ozone","047","40140","Riverside-San Bernardino-Ontario, CA","06","California","065","Riverside","33.747236000872","-115.820124"
"04/06/2024","AQS","060650010","1","0.05","ppm","46","Joshua Tree NP - Cottonwood Visitor Center","17","100.0000","44201","Ozone","047","40140","Riverside-San Bernardino-Ontario, CA","06","California","065","Riverside","33.747236000872","-115.820124"
"04/07/2024","AQS","060650010","1","0.052","ppm","48","Joshua Tree NP - Cottonwood Visitor Center","17","100.0000","44201","Ozone","047","40140","Riverside-San Bernardino-Ontario, CA","06","California","065","Riverside","33.747236000872","-115.820124"
"04/08/2024","AQS","060650010","1","0.052","ppm","48","Joshua Tree NP - Cottonwood Visitor Center","17","100.0000","44201","Ozone","047","40140","Riverside-San Bernardino-Ontario, CA","06","California","065","Riverside","33.747236000872","-115.820124"
"04/09/2024","AQS","060650010","1","0.054","ppm","50","Joshua Tree NP - Cottonwood Visitor Center","17","100.0000","44201","Ozone","047","40140","Riverside-San Bernardino-Ontario, CA","06","California","065","Riverside","33.747236000872","-115.820124"
"04/10/2024","AQS","060650010","1","0.05","ppm","46","Joshua Tree NP - Cottonwood Visitor Center","17","100.0000","44201","Ozone","047","40140","Riverside-San Bernardino-Ontario, CA","06","California","065","Riverside","33.747236000872","-115.820124"
"04/11/2024","AQS","060650010","1","0.053","ppm","49","Joshua Tree NP - Cottonwood Visitor Center","17","100.0000","44201","Ozone","047","40140","Riverside-San Bernardino-Ontario, CA","06","California","065","Riverside","33.747236000872","-115.820124"
"04/12/2024","AQS","060650010","1","0.061","ppm","71","Joshua Tree NP - Cottonwood Visitor Center","17","100.0000","44201","Ozone","047","40140","Riverside-San Bernardino-Ontario, CA","06","California","065","Riverside","33.747236000872","-115.820124"
"04/13/2024","AQS","060650010","1","0.057","ppm","58","Joshua Tree NP - Cottonwood Visitor Center","17","100.0000","44201","Ozone","047","40140","Riverside-San Bernardino-Ontario, CA","06","California","065","Riverside","33.747236000872","-115.820124"
"04/14/2024","AQS","060650010","1","0.057","ppm","58","Joshua Tree NP - Cottonwood Visitor Center","17","100.0000","44201","Ozone","047","40140","Riverside-San Bernardino-Ontario, CA","06","California","065","Riverside","33.747236000872","-115.820124"
"04/15/2024","AQS","060650010","1","0.056","ppm","54","Joshua Tree NP - Cottonwood Visitor Center","17","100.0000","44201","Ozone","047","40140","Riverside-San Bernardino-Ontario, CA","06","California","065","Riverside","33.747236000872","-115.820124"
"04/17/2024","AQS","060650010","1","0.067","ppm","90","Joshua Tree NP - Cottonwood Visitor Center","17","100.0000","44201","Ozone","047","40140","Riverside-San Bernardino-Ontario, CA","06","California","065","Riverside","33.747236000872","-115.820124"
"04/18/2024","AQS","060650010","1","0.07","ppm","100","Joshua Tree NP - Cottonwood Visitor Center","17","100.0000","44201","Ozone","047","40140","Riverside-San Bernardino-Ontario, CA","06","California","065","Riverside","33.747236000872","-115.820124"
"04/19/2024","AQS","060650010","1","0.062","ppm","74","Joshua Tree NP - Cottonwood Visitor Center","17","100.0000","44201","Ozone","047","40140","Riverside-San Bernardino-Ontario, CA","06","California","065","Riverside","33.747236000872","-115.820124"
"04/20/2024","AQS","060650010","1","0.058","ppm","61","Joshua Tree NP - Cottonwood Visitor Center","17","100.0000","44201","Ozone","047","40140","Riverside-San Bernardino-Ontario, CA","06","California","065","Riverside","33.747236000872","-115.820124"
"04/21/2024","AQS","060650010","1","0.057","ppm","58","Joshua Tree NP - Cottonwood Visitor Center","17","100.0000","44201","Ozone","047","40140","Riverside-San Bernardino-Ontario, CA","06","California","065","Riverside","33.747236000872","-115.820124"
"04/22/2024","AQS","060650010","1","0.053","ppm","49","Joshua Tree NP - Cottonwood Visitor Center","17","100.0000","44201","Ozone","047","40140","Riverside-San Bernardino-Ontario, CA","06","California","065","Riverside","33.747236000872","-115.820124"
"04/23/2024","AQS","060650010","1","0.054","ppm","50","Joshua Tree NP - Cottonwood Visitor Center","17","100.0000","44201","Ozone","047","40140","Riverside-San Bernardino-Ontario, CA","06","California","065","Riverside","33.747236000872","-115.820124"
"04/24/2024","AQS","060650010","1","0.057","ppm","58","Joshua Tree NP - Cottonwood Visitor Center","17","100.0000","44201","Ozone","047","40140","Riverside-San Bernardino-Ontario, CA","06","California","065","Riverside","33.747236000872","-115.820124"
"04/25/2024","AQS","060650010","1","0.052","ppm","48","Joshua Tree NP - Cottonwood Visitor Center","17","100.0000","44201","Ozone","047","40140","Riverside-San Bernardino-Ontario, CA","06","California","065","Riverside","33.747236000872","-115.820124"
"04/26/2024","AQS","060650010","1","0.051","ppm","47","Joshua Tree NP - Cottonwood Visitor Center","17","100.0000","44201","Ozone","047","40140","Riverside-San Bernardino-Ontario, CA","06","California","065","Riverside","33.747236000872","-115.820124"
"04/27/2024","AQS","060650010","1","0.045","ppm","42","Joshua Tree NP - Cottonwood Visitor Center","17","100.0000","44201","Ozone","047","40140","Riverside-San Bernardino-Ontario, CA","06","California","065","Riverside","33.747236000872","-115.820124"
"04/28/2024","AQS","060650010","1","0.052","ppm","48","Joshua Tree NP - Cottonwood Visitor Center","17","100.0000","44201","Ozone","047","40140","Riverside-San Bernardino-Ontario, CA","06","California","065","Riverside","33.747236000872","-115.820124"
"04/29/2024","AQS","060650010","1","0.058","ppm","61","Joshua Tree NP - Cottonwood Visitor Center","17","100.0000","44201","Ozone","047","40140","Riverside-San Bernardino-Ontario, CA","06","California","065","Riverside","33.747236000872","-115.820124"
"04/30/2024","AQS","060650010","1","0.055","ppm","51","Joshua Tree NP - Cottonwood Visitor Center","17","100.0000","44201","Ozone","047","40140","Riverside-San Bernardino-Ontario, CA","06","California","065","Riverside","33.747236000872","-115.820124"
"05/01/2024","AQS","060650010","1","0.058","ppm","61","Joshua Tree NP - Cottonwood Visitor Center","17","100.0000","44201","Ozone","047","40140","Riverside-San Bernardino-Ontario, CA","06","California","065","Riverside","33.747236000872","-115.820124"
"05/02/2024","AQS","060650010","1","0.058","ppm","61","Joshua Tree NP - Cottonwood Visitor Center","17","100.0000","44201","Ozone","047","40140","Riverside-San Bernardino-Ontario, CA","06","California","065","Riverside","33.747236000872","-115.820124"
"05/03/2024","AQS","060650010","1","0.063","ppm","77","Joshua Tree NP - Cottonwood Visitor Center","17","100.0000","44201","Ozone","047","40140","Riverside-San Bernardino-Ontario, CA","06","California","065","Riverside","33.747236000872","-115.820124"
"05/04/2024","AQS","060650010","1","0.06","ppm","67","Joshua Tree NP - Cottonwood Visitor Center","17","100.0000","44201","Ozone","047","40140","Riverside-San Bernardino-Ontario, CA","06","California","065","Riverside","33.747236000872","-115.820124"
"05/05/2024","AQS","060650010","1","0.058","ppm","61","Joshua Tree NP - Cottonwood Visitor Center","17","100.0000","44201","Ozone","047","40140","Riverside-San Bernardino-Ontario, CA","06","California","065","Riverside","33.747236000872","-115.820124"
"05/06/2024","AQS","060650010","1","0.052","ppm","48","Joshua Tree NP - Cottonwood Visitor Center","17","100.0000","44201","Ozone","047","40140","Riverside-San Bernardino-Ontario, CA","06","California","065","Riverside","33.747236000872","-115.820124"
"05/07/2024","AQS","060650010","1","0.067","ppm","90","Joshua Tree NP - Cottonwood Visitor Center","17","100.0000","44201","Ozone","047","40140","Riverside-San Bernardino-Ontario, CA","06","California","065","Riverside","33.747236000872","-115.820124"
"05/08/2024","AQS","060650010","1","0.053","ppm","49","Joshua Tree NP - Cottonwood Visitor Center","17","100.0000","44201","Ozone","047","40140","Riverside-San Bernardino-Ontario, CA","06","California","065","Riverside","33.747236000872","-115.820124"
"05/09/2024","AQS","060650010","1","0.046","ppm","43","Joshua Tree NP - Cottonwood Visitor Center","17","100.0000","44201","Ozone","047","40140","Riverside-San Bernardino-Ontario, CA","06","California","065","Riverside","33.747236000872","-115.820124"
"05/10/2024","AQS","060650010","1","0.047","ppm","44","Joshua Tree NP - Cottonwood Visitor Center","17","100.0000","44201","Ozone","047","40140","Riverside-San Bernardino-Ontario, CA","06","California","065","Riverside","33.747236000872","-115.820124"
"05/11/2024","AQS","060650010","1","0.051","ppm","47","Joshua Tree NP - Cottonwood Visitor Center","17","100.0000","44201","Ozone","047","40140","Riverside-San Bernardino-Ontario, CA","06","California","065","Riverside","33.747236000872","-115.820124"
"05/12/2024","AQS","060650010","1","0.059","ppm","64","Joshua Tree NP - Cottonwood Visitor Center","17","100.0000","44201","Ozone","047","40140","Riverside-San Bernardino-Ontario, CA","06","California","065","Riverside","33.747236000872","-115.820124"
"05/13/2024","AQS","060650010","1","0.064","ppm","80","Joshua Tree NP - Cottonwood Visitor Center","17","100.0000","44201","Ozone","047","40140","Riverside-San Bernardino-Ontario, CA","06","California","065","Riverside","33.747236000872","-115.820124"
"05/14/2024","AQS","060650010","1","0.065","ppm","84","Joshua Tree NP - Cottonwood Visitor Center","17","100.0000","44201","Ozone","047","40140","Riverside-San Bernardino-Ontario, CA","06","California","065","Riverside","33.747236000872","-115.820124"
"05/15/2024","AQS","060650010","1","0.063","ppm","77","Joshua Tree NP - Cottonwood Visitor Center","17","100.0000","44201","Ozone","047","40140","Riverside-San Bernardino-Ontario, CA","06","California","065","Riverside","33.747236000872","-115.820124"
"05/16/2024","AQS","060650010","1","0.069","ppm","97","Joshua Tree NP - Cottonwood Visitor Center","17","100.0000","44201","Ozone","047","40140","Riverside-San Bernardino-Ontario, CA","06","California","065","Riverside","33.747236000872","-115.820124"
"05/17/2024","AQS","060650010","1","0.063","ppm","77","Joshua Tree NP - Cottonwood Visitor Center","17","100.0000","44201","Ozone","047","40140","Riverside-San Bernardino-Ontario, CA","06","California","065","Riverside","33.747236000872","-115.820124"
"05/18/2024","AQS","060650010","1","0.066","ppm","87","Joshua Tree NP - Cottonwood Visitor Center","17","100.0000","44201","Ozone","047","40140","Riverside-San Bernardino-Ontario, CA","06","California","065","Riverside","33.747236000872","-115.820124"
"05/19/2024","AQS","060650010","1","0.069","ppm","97","Joshua Tree NP - Cottonwood Visitor Center","17","100.0000","44201","Ozone","047","40140","Riverside-San Bernardino-Ontario, CA","06","California","065","Riverside","33.747236000872","-115.820124"
"05/20/2024","AQS","060650010","1","0.061","ppm","71","Joshua Tree NP - Cottonwood Visitor Center","17","100.0000","44201","Ozone","047","40140","Riverside-San Bernardino-Ontario, CA","06","California","065","Riverside","33.747236000872","-115.820124"
"05/21/2024","AQS","060650010","1","0.06","ppm","67","Joshua Tree NP - Cottonwood Visitor Center","17","100.0000","44201","Ozone","047","40140","Riverside-San Bernardino-Ontario, CA","06","California","065","Riverside","33.747236000872","-115.820124"
"05/22/2024","AQS","060650010","1","0.066","ppm","87","Joshua Tree NP - Cottonwood Visitor Center","17","100.0000","44201","Ozone","047","40140","Riverside-San Bernardino-Ontario, CA","06","California","065","Riverside","33.747236000872","-115.820124"
"05/23/2024","AQS","060650010","1","0.065","ppm","84","Joshua Tree NP - Cottonwood Visitor Center","17","100.0000","44201","Ozone","047","40140","Riverside-San Bernardino-Ontario, CA","06","California","065","Riverside","33.747236000872","-115.820124"
"05/24/2024","AQS","060650010","1","0.056","ppm","54","Joshua Tree NP - Cottonwood Visitor Center","17","100.0000","44201","Ozone","047","40140","Riverside-San Bernardino-Ontario, CA","06","California","065","Riverside","33.747236000872","-115.820124"
"05/25/2024","AQS","060650010","1","0.049","ppm","45","Joshua Tree NP - Cottonwood Visitor Center","17","100.0000","44201","Ozone","047","40140","Riverside-San Bernardino-Ontario, CA","06","California","065","Riverside","33.747236000872","-115.820124"
"05/26/2024","AQS","060650010","1","0.053","ppm","49","Joshua Tree NP - Cottonwood Visitor Center","17","100.0000","44201","Ozone","047","40140","Riverside-San Bernardino-Ontario, CA","06","California","065","Riverside","33.747236000872","-115.820124"
"05/27/2024","AQS","060650010","1","0.052","ppm","48","Joshua Tree NP - Cottonwood Visitor Center","17","100.0000","44201","Ozone","047","40140","Riverside-San Bernardino-Ontario, CA","06","California","065","Riverside","33.747236000872","-115.820124"
"05/28/2024","AQS","060650010","1","0.059","ppm","64","Joshua Tree NP - Cottonwood Visitor Center","17","100.0000","44201","Ozone","047","40140","Riverside-San Bernardino-Ontario, CA","06","California","065","Riverside","33.747236000872","-115.820124"
"05/29/2024","AQS","060650010","1","0.065","ppm","84","Joshua Tree NP - Cottonwood Visitor Center","17","100.0000","44201","Ozone","047","40140","Riverside-San Bernardino-Ontario, CA","06","California","065","Riverside","33.747236000872","-115.820124"
"05/30/2024","AQS","060650010","1","0.066","ppm","87","Joshua Tree NP - Cottonwood Visitor Center","17","100.0000","44201","Ozone","047","40140","Riverside-San Bernardino-Ontario, CA","06","California","065","Riverside","33.747236000872","-115.820124"
"05/31/2024","AQS","060650010","1","0.063","ppm","77","Joshua Tree NP - Cottonwood Visitor Center","17","100.0000","44201","Ozone","047","40140","Riverside-San Bernardino-Ontario, CA","06","California","065","Riverside","33.747236000872","-115.820124"
"06/01/2024","AQS","060650010","1","0.072","ppm","105","Joshua Tree NP - Cottonwood Visitor Center","17","100.0000","44201","Ozone","047","40140","Riverside-San Bernardino-Ontario, CA","06","California","065","Riverside","33.747236000872","-115.820124"
"06/02/2024","AQS","060650010","1","0.057","ppm","58","Joshua Tree NP - Cottonwood Visitor Center","17","100.0000","44201","Ozone","047","40140","Riverside-San Bernardino-Ontario, CA","06","California","065","Riverside","33.747236000872","-115.820124"
"06/03/2024","AQS","060650010","1","0.056","ppm","54","Joshua Tree NP - Cottonwood Visitor Center","17","100.0000","44201","Ozone","047","40140","Riverside-San Bernardino-Ontario, CA","06","California","065","Riverside","33.747236000872","-115.820124"
"06/04/2024","AQS","060650010","1","0.054","ppm","50","Joshua Tree NP - Cottonwood Visitor Center","17","100.0000","44201","Ozone","047","40140","Riverside-San Bernardino-Ontario, CA","06","California","065","Riverside","33.747236000872","-115.820124"
"06/05/2024","AQS","060650010","1","0.05","ppm","46","Joshua Tree NP - Cottonwood Visitor Center","17","100.0000","44201","Ozone","047","40140","Riverside-San Bernardino-Ontario, CA","06","California","065","Riverside","33.747236000872","-115.820124"
"06/06/2024","AQS","060650010","1","0.062","ppm","74","Joshua Tree NP - Cottonwood Visitor Center","17","100.0000","44201","Ozone","047","40140","Riverside-San Bernardino-Ontario, CA","06","California","065","Riverside","33.747236000872","-115.820124"
"06/07/2024","AQS","060650010","1","0.061","ppm","71","Joshua Tree NP - Cottonwood Visitor Center","17","100.0000","44201","Ozone","047","40140","Riverside-San Bernardino-Ontario, CA","06","California","065","Riverside","33.747236000872","-115.820124"
"06/08/2024","AQS","060650010","1","0.056","ppm","54","Joshua Tree NP - Cottonwood Visitor Center","17","100.0000","44201","Ozone","047","40140","Riverside-San Bernardino-Ontario, CA","06","California","065","Riverside","33.747236000872","-115.820124"
"06/09/2024","AQS","060650010","1","0.053","ppm","49","Joshua Tree NP - Cottonwood Visitor Center","17","100.0000","44201","Ozone","047","40140","Riverside-San Bernardino-Ontario, CA","06","California","065","Riverside","33.747236000872","-115.820124"
"06/10/2024","AQS","060650010","1","0.044","ppm","41","Joshua Tree NP - Cottonwood Visitor Center","17","100.0000","44201","Ozone","047","40140","Riverside-San Bernardino-Ontario, CA","06","California","065","Riverside","33.747236000872","-115.820124"
"06/11/2024","AQS","060650010","1","0.048","ppm","44","Joshua Tree NP - Cottonwood Visitor Center","17","100.0000","44201","Ozone","047","40140","Riverside-San Bernardino-Ontario, CA","06","California","065","Riverside","33.747236000872","-115.820124"
"06/12/2024","AQS","060650010","1","0.056","ppm","54","Joshua Tree NP - Cottonwood Visitor Center","17","100.0000","44201","Ozone","047","40140","Riverside-San Bernardino-Ontario, CA","06","California","065","Riverside","33.747236000872","-115.820124"
"06/13/2024","AQS","060650010","1","0.057","ppm","58","Joshua Tree NP - Cottonwood Visitor Center","17","100.0000","44201","Ozone","047","40140","Riverside-San Bernardino-Ontario, CA","06","California","065","Riverside","33.747236000872","-115.820124"
"06/14/2024","AQS","060650010","1","0.062","ppm","74","Joshua Tree NP - Cottonwood Visitor Center","17","100.0000","44201","Ozone","047","40140","Riverside-San Bernardino-Ontario, CA","06","California","065","Riverside","33.747236000872","-115.820124"
"06/15/2024","AQS","060650010","1","0.058","ppm","61","Joshua Tree NP - Cottonwood Visitor Center","17","100.0000","44201","Ozone","047","40140","Riverside-San Bernardino-Ontario, CA","06","California","065","Riverside","33.747236000872","-115.820124"
"06/16/2024","AQS","060650010","1","0.074","ppm","112","Joshua Tree NP - Cottonwood Visitor Center","17","100.0000","44201","Ozone","047","40140","Riverside-San Bernardino-Ontario, CA","06","California","065","Riverside","33.747236000872","-115.820124"
"06/17/2024","AQS","060650010","1","0.068","ppm","93","Joshua Tree NP - Cottonwood Visitor Center","17","100.0000","44201","Ozone","047","40140","Riverside-San Bernardino-Ontario, CA","06","California","065","Riverside","33.747236000872","-115.820124"
"06/18/2024","AQS","060650010","1","0.064","ppm","80","Joshua Tree NP - Cottonwood Visitor Center","17","100.0000","44201","Ozone","047","40140","Riverside-San Bernardino-Ontario, CA","06","California","065","Riverside","33.747236000872","-115.820124"
"06/19/2024","AQS","060650010","1","0.07","ppm","100","Joshua Tree NP - Cottonwood Visitor Center","17","100.0000","44201","Ozone","047","40140","Riverside-San Bernardino-Ontario, CA","06","California","065","Riverside","33.747236000872","-115.820124"
"06/20/2024","AQS","060650010","1","0.062","ppm","74","Joshua Tree NP - Cottonwood Visitor Center","17","100.0000","44201","Ozone","047","40140","Riverside-San Bernardino-Ontario, CA","06","California","065","Riverside","33.747236000872","-115.820124"
"06/21/2024","AQS","060650010","1","0.049","ppm","45","Joshua Tree NP - Cottonwood Visitor Center","17","100.0000","44201","Ozone","047","40140","Riverside-San Bernardino-Ontario, CA","06","California","065","Riverside","33.747236000872","-115.820124"
"06/22/2024","AQS","060650010","1","0.052","ppm","48","Joshua Tree NP - Cottonwood Visitor Center","17","100.0000","44201","Ozone","047","40140","Riverside-San Bernardino-Ontario, CA","06","California","065","Riverside","33.747236000872","-115.820124"
"06/23/2024","AQS","060650010","1","0.05","ppm","46","Joshua Tree NP - Cottonwood Visitor Center","17","100.0000","44201","Ozone","047","40140","Riverside-San Bernardino-Ontario, CA","06","California","065","Riverside","33.747236000872","-115.820124"
"06/24/2024","AQS","060650010","1","0.054","ppm","50","Joshua Tree NP - Cottonwood Visitor Center","17","100.0000","44201","Ozone","047","40140","Riverside-San Bernardino-Ontario, CA","06","California","065","Riverside","33.747236000872","-115.820124"
"06/25/2024","AQS","060650010","1","0.058","ppm","61","Joshua Tree NP - Cottonwood Visitor Center","17","100.0000","44201","Ozone","047","40140","Riverside-San Bernardino-Ontario, CA","06","California","065","Riverside","33.747236000872","-115.820124"
"06/26/2024","AQS","060650010","1","0.05","ppm","46","Joshua Tree NP - Cottonwood Visitor Center","17","100.0000","44201","Ozone","047","40140","Riverside-San Bernardino-Ontario, CA","06","California","065","Riverside","33.747236000872","-115.820124"
"06/27/2024","AQS","060650010","1","0.059","ppm","64","Joshua Tree NP - Cottonwood Visitor Center","17","100.0000","44201","Ozone","047","40140","Riverside-San Bernardino-Ontario, CA","06","California","065","Riverside","33.747236000872","-115.820124"
"06/28/2024","AQS","060650010","1","0.054","ppm","50","Joshua Tree NP - Cottonwood Visitor Center","17","100.0000","44201","Ozone","047","40140","Riverside-San Bernardino-Ontario, CA","06","California","065","Riverside","33.747236000872","-115.820124"
"06/29/2024","AQS","060650010","1","0.061","ppm","71","Joshua Tree NP - Cottonwood Visitor Center","17","100.0000","44201","Ozone","047","40140","Riverside-San Bernardino-Ontario, CA","06","California","065","Riverside","33.747236000872","-115.820124"
"06/30/2024","AQS","060650010","1","0.048","ppm","44","Joshua Tree NP - Cottonwood Visitor Center","17","100.0000","44201","Ozone","047","40140","Riverside-San Bernardino-Ontario, CA","06","California","065","Riverside","33.747236000872","-115.820124"
"07/01/2024","AQS","060650010","1","0.047","ppm","44","Joshua Tree NP - Cottonwood Visitor Center","17","100.0000","44201","Ozone","047","40140","Riverside-San Bernardino-Ontario, CA","06","California","065","Riverside","33.747236000872","-115.820124"
"07/02/2024","AQS","060650010","1","0.057","ppm","58","Joshua Tree NP - Cottonwood Visitor Center","17","100.0000","44201","Ozone","047","40140","Riverside-San Bernardino-Ontario, CA","06","California","065","Riverside","33.747236000872","-115.820124"
"07/03/2024","AQS","060650010","1","0.052","ppm","48","Joshua Tree NP - Cottonwood Visitor Center","17","100.0000","44201","Ozone","047","40140","Riverside-San Bernardino-Ontario, CA","06","California","065","Riverside","33.747236000872","-115.820124"
"07/04/2024","AQS","060650010","1","0.054","ppm","50","Joshua Tree NP - Cottonwood Visitor Center","17","100.0000","44201","Ozone","047","40140","Riverside-San Bernardino-Ontario, CA","06","California","065","Riverside","33.747236000872","-115.820124"
"07/05/2024","AQS","060650010","1","0.057","ppm","58","Joshua Tree NP - Cottonwood Visitor Center","17","100.0000","44201","Ozone","047","40140","Riverside-San Bernardino-Ontario, CA","06","California","065","Riverside","33.747236000872","-115.820124"
"07/06/2024","AQS","060650010","1","0.059","ppm","64","Joshua Tree NP - Cottonwood Visitor Center","17","100.0000","44201","Ozone","047","40140","Riverside-San Bernardino-Ontario, CA","06","California","065","Riverside","33.747236000872","-115.820124"
"07/07/2024","AQS","060650010","1","0.066","ppm","87","Joshua Tree NP - Cottonwood Visitor Center","17","100.0000","44201","Ozone","047","40140","Riverside-San Bernardino-Ontario, CA","06","California","065","Riverside","33.747236000872","-115.820124"
"07/08/2024","AQS","060650010","1","0.067","ppm","90","Joshua Tree NP - Cottonwood Visitor Center","17","100.0000","44201","Ozone","047","40140","Riverside-San Bernardino-Ontario, CA","06","California","065","Riverside","33.747236000872","-115.820124"
"07/09/2024","AQS","060650010","1","0.069","ppm","97","Joshua Tree NP - Cottonwood Visitor Center","17","100.0000","44201","Ozone","047","40140","Riverside-San Bernardino-Ontario, CA","06","California","065","Riverside","33.747236000872","-115.820124"
"07/10/2024","AQS","060650010","1","0.057","ppm","58","Joshua Tree NP - Cottonwood Visitor Center","17","100.0000","44201","Ozone","047","40140","Riverside-San Bernardino-Ontario, CA","06","California","065","Riverside","33.747236000872","-115.820124"
"07/11/2024","AQS","060650010","1","0.061","ppm","71","Joshua Tree NP - Cottonwood Visitor Center","17","100.0000","44201","Ozone","047","40140","Riverside-San Bernardino-Ontario, CA","06","California","065","Riverside","33.747236000872","-115.820124"
"07/12/2024","AQS","060650010","1","0.053","ppm","49","Joshua Tree NP - Cottonwood Visitor Center","17","100.0000","44201","Ozone","047","40140","Riverside-San Bernardino-Ontario, CA","06","California","065","Riverside","33.747236000872","-115.820124"
"07/13/2024","AQS","060650010","1","0.052","ppm","48","Joshua Tree NP - Cottonwood Visitor Center","17","100.0000","44201","Ozone","047","40140","Riverside-San Bernardino-Ontario, CA","06","California","065","Riverside","33.747236000872","-115.820124"
"07/14/2024","AQS","060650010","1","0.052","ppm","48","Joshua Tree NP - Cottonwood Visitor Center","17","100.0000","44201","Ozone","047","40140","Riverside-San Bernardino-Ontario, CA","06","California","065","Riverside","33.747236000872","-115.820124"
"07/15/2024","AQS","060650010","1","0.058","ppm","61","Joshua Tree NP - Cottonwood Visitor Center","17","100.0000","44201","Ozone","047","40140","Riverside-San Bernardino-Ontario, CA","06","California","065","Riverside","33.747236000872","-115.820124"
"07/16/2024","AQS","060650010","1","0.061","ppm","71","Joshua Tree NP - Cottonwood Visitor Center","17","100.0000","44201","Ozone","047","40140","Riverside-San Bernardino-Ontario, CA","06","California","065","Riverside","33.747236000872","-115.820124"
"07/17/2024","AQS","060650010","1","0.054","ppm","50","Joshua Tree NP - Cottonwood Visitor Center","17","100.0000","44201","Ozone","047","40140","Riverside-San Bernardino-Ontario, CA","06","California","065","Riverside","33.747236000872","-115.820124"
"07/18/2024","AQS","060650010","1","0.056","ppm","54","Joshua Tree NP - Cottonwood Visitor Center","17","100.0000","44201","Ozone","047","40140","Riverside-San Bernardino-Ontario, CA","06","California","065","Riverside","33.747236000872","-115.820124"
"07/19/2024","AQS","060650010","1","0.061","ppm","71","Joshua Tree NP - Cottonwood Visitor Center","17","100.0000","44201","Ozone","047","40140","Riverside-San Bernardino-Ontario, CA","06","California","065","Riverside","33.747236000872","-115.820124"
"07/20/2024","AQS","060650010","1","0.054","ppm","50","Joshua Tree NP - Cottonwood Visitor Center","17","100.0000","44201","Ozone","047","40140","Riverside-San Bernardino-Ontario, CA","06","California","065","Riverside","33.747236000872","-115.820124"
"07/21/2024","AQS","060650010","1","0.05","ppm","46","Joshua Tree NP - Cottonwood Visitor Center","17","100.0000","44201","Ozone","047","40140","Riverside-San Bernardino-Ontario, CA","06","California","065","Riverside","33.747236000872","-115.820124"
"07/22/2024","AQS","060650010","1","0.047","ppm","44","Joshua Tree NP - Cottonwood Visitor Center","17","100.0000","44201","Ozone","047","40140","Riverside-San Bernardino-Ontario, CA","06","California","065","Riverside","33.747236000872","-115.820124"
"07/23/2024","AQS","060650010","1","0.053","ppm","49","Joshua Tree NP - Cottonwood Visitor Center","17","100.0000","44201","Ozone","047","40140","Riverside-San Bernardino-Ontario, CA","06","California","065","Riverside","33.747236000872","-115.820124"
"07/24/2024","AQS","060650010","1","0.062","ppm","74","Joshua Tree NP - Cottonwood Visitor Center","17","100.0000","44201","Ozone","047","40140","Riverside-San Bernardino-Ontario, CA","06","California","065","Riverside","33.747236000872","-115.820124"
"07/25/2024","AQS","060650010","1","0.064","ppm","80","Joshua Tree NP - Cottonwood Visitor Center","17","100.0000","44201","Ozone","047","40140","Riverside-San Bernardino-Ontario, CA","06","California","065","Riverside","33.747236000872","-115.820124"
"07/26/2024","AQS","060650010","1","0.062","ppm","74","Joshua Tree NP - Cottonwood Visitor Center","17","100.0000","44201","Ozone","047","40140","Riverside-San Bernardino-Ontario, CA","06","California","065","Riverside","33.747236000872","-115.820124"
"07/27/2024","AQS","060650010","1","0.052","ppm","48","Joshua Tree NP - Cottonwood Visitor Center","17","100.0000","44201","Ozone","047","40140","Riverside-San Bernardino-Ontario, CA","06","California","065","Riverside","33.747236000872","-115.820124"
"07/28/2024","AQS","060650010","1","0.053","ppm","49","Joshua Tree NP - Cottonwood Visitor Center","17","100.0000","44201","Ozone","047","40140","Riverside-San Bernardino-Ontario, CA","06","California","065","Riverside","33.747236000872","-115.820124"
"07/29/2024","AQS","060650010","1","0.048","ppm","44","Joshua Tree NP - Cottonwood Visitor Center","17","100.0000","44201","Ozone","047","40140","Riverside-San Bernardino-Ontario, CA","06","California","065","Riverside","33.747236000872","-115.820124"
"07/30/2024","AQS","060650010","1","0.053","ppm","49","Joshua Tree NP - Cottonwood Visitor Center","17","100.0000","44201","Ozone","047","40140","Riverside-San Bernardino-Ontario, CA","06","California","065","Riverside","33.747236000872","-115.820124"
"07/31/2024","AQS","060650010","1","0.054","ppm","50","Joshua Tree NP - Cottonwood Visitor Center","17","100.0000","44201","Ozone","047","40140","Riverside-San Bernardino-Ontario, CA","06","California","065","Riverside","33.747236000872","-115.820124"
"08/01/2024","AQS","060650010","1","0.051","ppm","47","Joshua Tree NP - Cottonwood Visitor Center","17","100.0000","44201","Ozone","047","40140","Riverside-San Bernardino-Ontario, CA","06","California","065","Riverside","33.747236000872","-115.820124"
"08/02/2024","AQS","060650010","1","0.053","ppm","49","Joshua Tree NP - Cottonwood Visitor Center","17","100.0000","44201","Ozone","047","40140","Riverside-San Bernardino-Ontario, CA","06","California","065","Riverside","33.747236000872","-115.820124"
"08/03/2024","AirNow","060650010","1","0.06","ppm","67","Joshua Tree NP - Cottonwood Visitor Center","24","100.0000","44201","Ozone","","40140","Riverside-San Bernardino-Ontario, CA","06","California","065","Riverside","33.747236000872","-115.820124"
"08/04/2024","AirNow","060650010","1","0.048","ppm","44","Joshua Tree NP - Cottonwood Visitor Center","24","100.0000","44201","Ozone","","40140","Riverside-San Bernardino-Ontario, CA","06","California","065","Riverside","33.747236000872","-115.820124"
"08/05/2024","AirNow","060650010","1","0.053","ppm","49","Joshua Tree NP - Cottonwood Visitor Center","24","100.0000","44201","Ozone","","40140","Riverside-San Bernardino-Ontario, CA","06","California","065","Riverside","33.747236000872","-115.820124"
"08/06/2024","AQS","060650010","1","0.051","ppm","47","Joshua Tree NP - Cottonwood Visitor Center","17","100.0000","44201","Ozone","047","40140","Riverside-San Bernardino-Ontario, CA","06","California","065","Riverside","33.747236000872","-115.820124"
"08/07/2024","AQS","060650010","1","0.054","ppm","50","Joshua Tree NP - Cottonwood Visitor Center","17","100.0000","44201","Ozone","047","40140","Riverside-San Bernardino-Ontario, CA","06","California","065","Riverside","33.747236000872","-115.820124"
"08/08/2024","AQS","060650010","1","0.054","ppm","50","Joshua Tree NP - Cottonwood Visitor Center","17","100.0000","44201","Ozone","047","40140","Riverside-San Bernardino-Ontario, CA","06","California","065","Riverside","33.747236000872","-115.820124"
"08/09/2024","AQS","060650010","1","0.05","ppm","46","Joshua Tree NP - Cottonwood Visitor Center","17","100.0000","44201","Ozone","047","40140","Riverside-San Bernardino-Ontario, CA","06","California","065","Riverside","33.747236000872","-115.820124"
"08/10/2024","AQS","060650010","1","0.054","ppm","50","Joshua Tree NP - Cottonwood Visitor Center","17","100.0000","44201","Ozone","047","40140","Riverside-San Bernardino-Ontario, CA","06","California","065","Riverside","33.747236000872","-115.820124"
"08/11/2024","AQS","060650010","1","0.042","ppm","39","Joshua Tree NP - Cottonwood Visitor Center","17","100.0000","44201","Ozone","047","40140","Riverside-San Bernardino-Ontario, CA","06","California","065","Riverside","33.747236000872","-115.820124"
"08/12/2024","AQS","060650010","1","0.052","ppm","48","Joshua Tree NP - Cottonwood Visitor Center","17","100.0000","44201","Ozone","047","40140","Riverside-San Bernardino-Ontario, CA","06","California","065","Riverside","33.747236000872","-115.820124"
"08/13/2024","AQS","060650010","1","0.04","ppm","37","Joshua Tree NP - Cottonwood Visitor Center","17","100.0000","44201","Ozone","047","40140","Riverside-San Bernardino-Ontario, CA","06","California","065","Riverside","33.747236000872","-115.820124"
"08/14/2024","AQS","060650010","1","0.047","ppm","44","Joshua Tree NP - Cottonwood Visitor Center","17","100.0000","44201","Ozone","047","40140","Riverside-San Bernardino-Ontario, CA","06","California","065","Riverside","33.747236000872","-115.820124"
"08/15/2024","AQS","060650010","1","0.05","ppm","46","Joshua Tree NP - Cottonwood Visitor Center","17","100.0000","44201","Ozone","047","40140","Riverside-San Bernardino-Ontario, CA","06","California","065","Riverside","33.747236000872","-115.820124"
"08/16/2024","AQS","060650010","1","0.046","ppm","43","Joshua Tree NP - Cottonwood Visitor Center","17","100.0000","44201","Ozone","047","40140","Riverside-San Bernardino-Ontario, CA","06","California","065","Riverside","33.747236000872","-115.820124"
"08/17/2024","AQS","060650010","1","0.045","ppm","42","Joshua Tree NP - Cottonwood Visitor Center","17","100.0000","44201","Ozone","047","40140","Riverside-San Bernardino-Ontario, CA","06","California","065","Riverside","33.747236000872","-115.820124"
"08/18/2024","AQS","060650010","1","0.044","ppm","41","Joshua Tree NP - Cottonwood Visitor Center","17","100.0000","44201","Ozone","047","40140","Riverside-San Bernardino-Ontario, CA","06","California","065","Riverside","33.747236000872","-115.820124"
"08/19/2024","AQS","060650010","1","0.042","ppm","39","Joshua Tree NP - Cottonwood Visitor Center","17","100.0000","44201","Ozone","047","40140","Riverside-San Bernardino-Ontario, CA","06","California","065","Riverside","33.747236000872","-115.820124"
"08/20/2024","AQS","060650010","1","0.047","ppm","44","Joshua Tree NP - Cottonwood Visitor Center","17","100.0000","44201","Ozone","047","40140","Riverside-San Bernardino-Ontario, CA","06","California","065","Riverside","33.747236000872","-115.820124"
"08/21/2024","AQS","060650010","1","0.048","ppm","44","Joshua Tree NP - Cottonwood Visitor Center","17","100.0000","44201","Ozone","047","40140","Riverside-San Bernardino-Ontario, CA","06","California","065","Riverside","33.747236000872","-115.820124"
"08/22/2024","AQS","060650010","1","0.05","ppm","46","Joshua Tree NP - Cottonwood Visitor Center","17","100.0000","44201","Ozone","047","40140","Riverside-San Bernardino-Ontario, CA","06","California","065","Riverside","33.747236000872","-115.820124"
"08/23/2024","AQS","060650010","1","0.065","ppm","84","Joshua Tree NP - Cottonwood Visitor Center","17","100.0000","44201","Ozone","047","40140","Riverside-San Bernardino-Ontario, CA","06","California","065","Riverside","33.747236000872","-115.820124"
"08/24/2024","AQS","060650010","1","0.056","ppm","54","Joshua Tree NP - Cottonwood Visitor Center","17","100.0000","44201","Ozone","047","40140","Riverside-San Bernardino-Ontario, CA","06","California","065","Riverside","33.747236000872","-115.820124"
"08/25/2024","AQS","060650010","1","0.049","ppm","45","Joshua Tree NP - Cottonwood Visitor Center","17","100.0000","44201","Ozone","047","40140","Riverside-San Bernardino-Ontario, CA","06","California","065","Riverside","33.747236000872","-115.820124"
"08/26/2024","AQS","060650010","1","0.047","ppm","44","Joshua Tree NP - Cottonwood Visitor Center","17","100.0000","44201","Ozone","047","40140","Riverside-San Bernardino-Ontario, CA","06","California","065","Riverside","33.747236000872","-115.820124"
"08/27/2024","AQS","060650010","1","0.046","ppm","43","Joshua Tree NP - Cottonwood Visitor Center","17","100.0000","44201","Ozone","047","40140","Riverside-San Bernardino-Ontario, CA","06","California","065","Riverside","33.747236000872","-115.820124"
"08/28/2024","AQS","060650010","1","0.053","ppm","49","Joshua Tree NP - Cottonwood Visitor Center","17","100.0000","44201","Ozone","047","40140","Riverside-San Bernardino-Ontario, CA","06","California","065","Riverside","33.747236000872","-115.820124"
"08/29/2024","AQS","060650010","1","0.048","ppm","44","Joshua Tree NP - Cottonwood Visitor Center","17","100.0000","44201","Ozone","047","40140","Riverside-San Bernardino-Ontario, CA","06","California","065","Riverside","33.747236000872","-115.820124"
"08/30/2024","AQS","060650010","1","0.044","ppm","41","Joshua Tree NP - Cottonwood Visitor Center","17","100.0000","44201","Ozone","047","40140","Riverside-San Bernardino-Ontario, CA","06","California","065","Riverside","33.747236000872","-115.820124"
"08/31/2024","AQS","060650010","1","0.046","ppm","43","Joshua Tree NP - Cottonwood Visitor Center","17","100.0000","44201","Ozone","047","40140","Riverside-San Bernardino-Ontario, CA","06","California","065","Riverside","33.747236000872","-115.820124"
"09/01/2024","AQS","060650010","1","0.049","ppm","45","Joshua Tree NP - Cottonwood Visitor Center","17","100.0000","44201","Ozone","047","40140","Riverside-San Bernardino-Ontario, CA","06","California","065","Riverside","33.747236000872","-115.820124"
"09/02/2024","AQS","060650010","1","0.055","ppm","51","Joshua Tree NP - Cottonwood Visitor Center","17","100.0000","44201","Ozone","047","40140","Riverside-San Bernardino-Ontario, CA","06","California","065","Riverside","33.747236000872","-115.820124"
"09/03/2024","AQS","060650010","1","0.06","ppm","67","Joshua Tree NP - Cottonwood Visitor Center","17","100.0000","44201","Ozone","047","40140","Riverside-San Bernardino-Ontario, CA","06","California","065","Riverside","33.747236000872","-115.820124"
"09/04/2024","AQS","060650010","1","0.057","ppm","58","Joshua Tree NP - Cottonwood Visitor Center","17","100.0000","44201","Ozone","047","40140","Riverside-San Bernardino-Ontario, CA","06","California","065","Riverside","33.747236000872","-115.820124"
"09/05/2024","AQS","060650010","1","0.056","ppm","54","Joshua Tree NP - Cottonwood Visitor Center","17","100.0000","44201","Ozone","047","40140","Riverside-San Bernardino-Ontario, CA","06","California","065","Riverside","33.747236000872","-115.820124"
"09/06/2024","AQS","060650010","1","0.053","ppm","49","Joshua Tree NP - Cottonwood Visitor Center","17","100.0000","44201","Ozone","047","40140","Riverside-San Bernardino-Ontario, CA","06","California","065","Riverside","33.747236000872","-115.820124"
"09/07/2024","AQS","060650010","1","0.05","ppm","46","Joshua Tree NP - Cottonwood Visitor Center","17","100.0000","44201","Ozone","047","40140","Riverside-San Bernardino-Ontario, CA","06","California","065","Riverside","33.747236000872","-115.820124"
"09/08/2024","AQS","060650010","1","0.055","ppm","51","Joshua Tree NP - Cottonwood Visitor Center","17","100.0000","44201","Ozone","047","40140","Riverside-San Bernardino-Ontario, CA","06","California","065","Riverside","33.747236000872","-115.820124"
"09/09/2024","AQS","060650010","1","0.059","ppm","64","Joshua Tree NP - Cottonwood Visitor Center","17","100.0000","44201","Ozone","047","40140","Riverside-San Bernardino-Ontario, CA","06","California","065","Riverside","33.747236000872","-115.820124"
"09/10/2024","AQS","060650010","1","0.064","ppm","80","Joshua Tree NP - Cottonwood Visitor Center","17","100.0000","44201","Ozone","047","40140","Riverside-San Bernardino-Ontario, CA","06","California","065","Riverside","33.747236000872","-115.820124"
"09/11/2024","AQS","060650010","1","0.054","ppm","50","Joshua Tree NP - Cottonwood Visitor Center","17","100.0000","44201","Ozone","047","40140","Riverside-San Bernardino-Ontario, CA","06","California","065","Riverside","33.747236000872","-115.820124"
"09/12/2024","AQS","060650010","1","0.069","ppm","97","Joshua Tree NP - Cottonwood Visitor Center","17","100.0000","44201","Ozone","047","40140","Riverside-San Bernardino-Ontario, CA","06","California","065","Riverside","33.747236000872","-115.820124"
"09/13/2024","AQS","060650010","1","0.061","ppm","71","Joshua Tree NP - Cottonwood Visitor Center","17","100.0000","44201","Ozone","047","40140","Riverside-San Bernardino-Ontario, CA","06","California","065","Riverside","33.747236000872","-115.820124"
"09/14/2024","AQS","060650010","1","0.05","ppm","46","Joshua Tree NP - Cottonwood Visitor Center","17","100.0000","44201","Ozone","047","40140","Riverside-San Bernardino-Ontario, CA","06","California","065","Riverside","33.747236000872","-115.820124"
"09/15/2024","AQS","060650010","1","0.059","ppm","64","Joshua Tree NP - Cottonwood Visitor Center","17","100.0000","44201","Ozone","047","40140","Riverside-San Bernardino-Ontario, CA","06","California","065","Riverside","33.747236000872","-115.820124"
"09/16/2024","AQS","060650010","1","0.05","ppm","46","Joshua Tree NP - Cottonwood Visitor Center","17","100.0000","44201","Ozone","047","40140","Riverside-San Bernardino-Ontario, CA","06","California","065","Riverside","33.747236000872","-115.820124"
"09/17/2024","AQS","060650010","1","0.05","ppm","46","Joshua Tree NP - Cottonwood Visitor Center","17","100.0000","44201","Ozone","047","40140","Riverside-San Bernardino-Ontario, CA","06","California","065","Riverside","33.747236000872","-115.820124"
"09/18/2024","AQS","060650010","1","0.056","ppm","54","Joshua Tree NP - Cottonwood Visitor Center","17","100.0000","44201","Ozone","047","40140","Riverside-San Bernardino-Ontario, CA","06","California","065","Riverside","33.747236000872","-115.820124"
"09/19/2024","AQS","060650010","1","0.05","ppm","46","Joshua Tree NP - Cottonwood Visitor Center","17","100.0000","44201","Ozone","047","40140","Riverside-San Bernardino-Ontario, CA","06","California","065","Riverside","33.747236000872","-115.820124"
"09/20/2024","AQS","060650010","1","0.053","ppm","49","Joshua Tree NP - Cottonwood Visitor Center","17","100.0000","44201","Ozone","047","40140","Riverside-San Bernardino-Ontario, CA","06","California","065","Riverside","33.747236000872","-115.820124"
"09/21/2024","AQS","060650010","1","0.063","ppm","77","Joshua Tree NP - Cottonwood Visitor Center","17","100.0000","44201","Ozone","047","40140","Riverside-San Bernardino-Ontario, CA","06","California","065","Riverside","33.747236000872","-115.820124"
"09/22/2024","AQS","060650010","1","0.061","ppm","71","Joshua Tree NP - Cottonwood Visitor Center","17","100.0000","44201","Ozone","047","40140","Riverside-San Bernardino-Ontario, CA","06","California","065","Riverside","33.747236000872","-115.820124"
"09/23/2024","AQS","060650010","1","0.057","ppm","58","Joshua Tree NP - Cottonwood Visitor Center","17","100.0000","44201","Ozone","047","40140","Riverside-San Bernardino-Ontario, CA","06","California","065","Riverside","33.747236000872","-115.820124"
"09/24/2024","AQS","060650010","1","0.05","ppm","46","Joshua Tree NP - Cottonwood Visitor Center","13","76.0000","44201","Ozone","047","40140","Riverside-San Bernardino-Ontario, CA","06","California","065","Riverside","33.747236000872","-115.820124"
"09/25/2024","AQS","060650010","1","0.053","ppm","49","Joshua Tree NP - Cottonwood Visitor Center","17","100.0000","44201","Ozone","047","40140","Riverside-San Bernardino-Ontario, CA","06","California","065","Riverside","33.747236000872","-115.820124"
"09/26/2024","AQS","060650010","1","0.057","ppm","58","Joshua Tree NP - Cottonwood Visitor Center","17","100.0000","44201","Ozone","047","40140","Riverside-San Bernardino-Ontario, CA","06","California","065","Riverside","33.747236000872","-115.820124"
"09/27/2024","AQS","060650010","1","0.055","ppm","51","Joshua Tree NP - Cottonwood Visitor Center","17","100.0000","44201","Ozone","047","40140","Riverside-San Bernardino-Ontario, CA","06","California","065","Riverside","33.747236000872","-115.820124"
"09/28/2024","AQS","060650010","1","0.055","ppm","51","Joshua Tree NP - Cottonwood Visitor Center","17","100.0000","44201","Ozone","047","40140","Riverside-San Bernardino-Ontario, CA","06","California","065","Riverside","33.747236000872","-115.820124"
"09/29/2024","AQS","060650010","1","0.047","ppm","44","Joshua Tree NP - Cottonwood Visitor Center","17","100.0000","44201","Ozone","047","40140","Riverside-San Bernardino-Ontario, CA","06","California","065","Riverside","33.747236000872","-115.820124"
"09/30/2024","AQS","060650010","1","0.053","ppm","49","Joshua Tree NP - Cottonwood Visitor Center","17","100.0000","44201","Ozone","047","40140","Riverside-San Bernardino-Ontario, CA","06","California","065","Riverside","33.747236000872","-115.820124"
"10/01/2024","AQS","060650010","1","0.049","ppm","45","Joshua Tree NP - Cottonwood Visitor Center","17","100.0000","44201","Ozone","047","40140","Riverside-San Bernardino-Ontario, CA","06","California","065","Riverside","33.747236000872","-115.820124"
"10/02/2024","AQS","060650010","1","0.05","ppm","46","Joshua Tree NP - Cottonwood Visitor Center","17","100.0000","44201","Ozone","047","40140","Riverside-San Bernardino-Ontario, CA","06","California","065","Riverside","33.747236000872","-115.820124"
"10/03/2024","AQS","060650010","1","0.058","ppm","61","Joshua Tree NP - Cottonwood Visitor Center","17","100.0000","44201","Ozone","047","40140","Riverside-San Bernardino-Ontario, CA","06","California","065","Riverside","33.747236000872","-115.820124"
"10/04/2024","AQS","060650010","1","0.059","ppm","64","Joshua Tree NP - Cottonwood Visitor Center","17","100.0000","44201","Ozone","047","40140","Riverside-San Bernardino-Ontario, CA","06","California","065","Riverside","33.747236000872","-115.820124"
"10/05/2024","AQS","060650010","1","0.057","ppm","58","Joshua Tree NP - Cottonwood Visitor Center","17","100.0000","44201","Ozone","047","40140","Riverside-San Bernardino-Ontario, CA","06","California","065","Riverside","33.747236000872","-115.820124"
"10/06/2024","AQS","060650010","1","0.053","ppm","49","Joshua Tree NP - Cottonwood Visitor Center","17","100.0000","44201","Ozone","047","40140","Riverside-San Bernardino-Ontario, CA","06","California","065","Riverside","33.747236000872","-115.820124"
"10/07/2024","AQS","060650010","1","0.053","ppm","49","Joshua Tree NP - Cottonwood Visitor Center","17","100.0000","44201","Ozone","047","40140","Riverside-San Bernardino-Ontario, CA","06","California","065","Riverside","33.747236000872","-115.820124"
"10/08/2024","AQS","060650010","1","0.053","ppm","49","Joshua Tree NP - Cottonwood Visitor Center","17","100.0000","44201","Ozone","047","40140","Riverside-San Bernardino-Ontario, CA","06","California","065","Riverside","33.747236000872","-115.820124"
"10/09/2024","AQS","060650010","1","0.049","ppm","45","Joshua Tree NP - Cottonwood Visitor Center","17","100.0000","44201","Ozone","047","40140","Riverside-San Bernardino-Ontario, CA","06","California","065","Riverside","33.747236000872","-115.820124"
"10/10/2024","AQS","060650010","1","0.052","ppm","48","Joshua Tree NP - Cottonwood Visitor Center","17","100.0000","44201","Ozone","047","40140","Riverside-San Bernardino-Ontario, CA","06","California","065","Riverside","33.747236000872","-115.820124"
"10/11/2024","AQS","060650010","1","0.051","ppm","47","Joshua Tree NP - Cottonwood Visitor Center","17","100.0000","44201","Ozone","047","40140","Riverside-San Bernardino-Ontario, CA","06","California","065","Riverside","33.747236000872","-115.820124"
"10/12/2024","AQS","060650010","1","0.053","ppm","49","Joshua Tree NP - Cottonwood Visitor Center","17","100.0000","44201","Ozone","047","40140","Riverside-San Bernardino-Ontario, CA","06","California","065","Riverside","33.747236000872","-115.820124"
"10/13/2024","AQS","060650010","1","0.051","ppm","47","Joshua Tree NP - Cottonwood Visitor Center","17","100.0000","44201","Ozone","047","40140","Riverside-San Bernardino-Ontario, CA","06","California","065","Riverside","33.747236000872","-115.820124"
"10/14/2024","AQS","060650010","1","0.056","ppm","54","Joshua Tree NP - Cottonwood Visitor Center","17","100.0000","44201","Ozone","047","40140","Riverside-San Bernardino-Ontario, CA","06","California","065","Riverside","33.747236000872","-115.820124"
"10/15/2024","AQS","060650010","1","0.054","ppm","50","Joshua Tree NP - Cottonwood Visitor Center","17","100.0000","44201","Ozone","047","40140","Riverside-San Bernardino-Ontario, CA","06","California","065","Riverside","33.747236000872","-115.820124"
"10/16/2024","AQS","060650010","1","0.057","ppm","58","Joshua Tree NP - Cottonwood Visitor Center","17","100.0000","44201","Ozone","047","40140","Riverside-San Bernardino-Ontario, CA","06","California","065","Riverside","33.747236000872","-115.820124"
"10/17/2024","AQS","060650010","1","0.055","ppm","51","Joshua Tree NP - Cottonwood Visitor Center","17","100.0000","44201","Ozone","047","40140","Riverside-San Bernardino-Ontario, CA","06","California","065","Riverside","33.747236000872","-115.820124"
"10/18/2024","AQS","060650010","1","0.039","ppm","36","Joshua Tree NP - Cottonwood Visitor Center","17","100.0000","44201","Ozone","047","40140","Riverside-San Bernardino-Ontario, CA","06","California","065","Riverside","33.747236000872","-115.820124"
"10/19/2024","AQS","060650010","1","0.041","ppm","38","Joshua Tree NP - Cottonwood Visitor Center","17","100.0000","44201","Ozone","047","40140","Riverside-San Bernardino-Ontario, CA","06","California","065","Riverside","33.747236000872","-115.820124"
"10/20/2024","AQS","060650010","1","0.046","ppm","43","Joshua Tree NP - Cottonwood Visitor Center","17","100.0000","44201","Ozone","047","40140","Riverside-San Bernardino-Ontario, CA","06","California","065","Riverside","33.747236000872","-115.820124"
"10/21/2024","AQS","060650010","1","0.048","ppm","44","Joshua Tree NP - Cottonwood Visitor Center","17","100.0000","44201","Ozone","047","40140","Riverside-San Bernardino-Ontario, CA","06","California","065","Riverside","33.747236000872","-115.820124"
"10/22/2024","AQS","060650010","1","0.047","ppm","44","Joshua Tree NP - Cottonwood Visitor Center","17","100.0000","44201","Ozone","047","40140","Riverside-San Bernardino-Ontario, CA","06","California","065","Riverside","33.747236000872","-115.820124"
"10/23/2024","AQS","060650010","1","0.049","ppm","45","Joshua Tree NP - Cottonwood Visitor Center","17","100.0000","44201","Ozone","047","40140","Riverside-San Bernardino-Ontario, CA","06","California","065","Riverside","33.747236000872","-115.820124"
"10/24/2024","AQS","060650010","1","0.063","ppm","77","Joshua Tree NP - Cottonwood Visitor Center","17","100.0000","44201","Ozone","047","40140","Riverside-San Bernardino-Ontario, CA","06","California","065","Riverside","33.747236000872","-115.820124"
"10/25/2024","AQS","060650010","1","0.056","ppm","54","Joshua Tree NP - Cottonwood Visitor Center","17","100.0000","44201","Ozone","047","40140","Riverside-San Bernardino-Ontario, CA","06","California","065","Riverside","33.747236000872","-115.820124"
"10/26/2024","AQS","060650010","1","0.048","ppm","44","Joshua Tree NP - Cottonwood Visitor Center","17","100.0000","44201","Ozone","047","40140","Riverside-San Bernardino-Ontario, CA","06","California","065","Riverside","33.747236000872","-115.820124"
"10/27/2024","AQS","060650010","1","0.052","ppm","48","Joshua Tree NP - Cottonwood Visitor Center","17","100.0000","44201","Ozone","047","40140","Riverside-San Bernardino-Ontario, CA","06","California","065","Riverside","33.747236000872","-115.820124"
"10/28/2024","AQS","060650010","1","0.048","ppm","44","Joshua Tree NP - Cottonwood Visitor Center","17","100.0000","44201","Ozone","047","40140","Riverside-San Bernardino-Ontario, CA","06","California","065","Riverside","33.747236000872","-115.820124"
"10/29/2024","AQS","060650010","1","0.045","ppm","42","Joshua Tree NP - Cottonwood Visitor Center","17","100.0000","44201","Ozone","047","40140","Riverside-San Bernardino-Ontario, CA","06","California","065","Riverside","33.747236000872","-115.820124"
"10/30/2024","AQS","060650010","1","0.042","ppm","39","Joshua Tree NP - Cottonwood Visitor Center","17","100.0000","44201","Ozone","047","40140","Riverside-San Bernardino-Ontario, CA","06","California","065","Riverside","33.747236000872","-115.820124"
"10/31/2024","AQS","060650010","1","0.05","ppm","46","Joshua Tree NP - Cottonwood Visitor Center","17","100.0000","44201","Ozone","047","40140","Riverside-San Bernardino-Ontario, CA","06","California","065","Riverside","33.747236000872","-115.820124"
"11/01/2024","AQS","060650010","1","0.056","ppm","54","Joshua Tree NP - Cottonwood Visitor Center","17","100.0000","44201","Ozone","047","40140","Riverside-San Bernardino-Ontario, CA","06","California","065","Riverside","33.747236000872","-115.820124"
"11/02/2024","AQS","060650010","1","0.048","ppm","44","Joshua Tree NP - Cottonwood Visitor Center","17","100.0000","44201","Ozone","047","40140","Riverside-San Bernardino-Ontario, CA","06","California","065","Riverside","33.747236000872","-115.820124"
"11/03/2024","AQS","060650010","1","0.043","ppm","40","Joshua Tree NP - Cottonwood Visitor Center","17","100.0000","44201","Ozone","047","40140","Riverside-San Bernardino-Ontario, CA","06","California","065","Riverside","33.747236000872","-115.820124"
"11/04/2024","AQS","060650010","1","0.038","ppm","35","Joshua Tree NP - Cottonwood Visitor Center","17","100.0000","44201","Ozone","047","40140","Riverside-San Bernardino-Ontario, CA","06","California","065","Riverside","33.747236000872","-115.820124"
"11/05/2024","AQS","060650010","1","0.04","ppm","37","Joshua Tree NP - Cottonwood Visitor Center","17","100.0000","44201","Ozone","047","40140","Riverside-San Bernardino-Ontario, CA","06","California","065","Riverside","33.747236000872","-115.820124"
"11/06/2024","AQS","060650010","1","0.04","ppm","37","Joshua Tree NP - Cottonwood Visitor Center","17","100.0000","44201","Ozone","047","40140","Riverside-San Bernardino-Ontario, CA","06","California","065","Riverside","33.747236000872","-115.820124"
"11/07/2024","AQS","060650010","1","0.038","ppm","35","Joshua Tree NP - Cottonwood Visitor Center","17","100.0000","44201","Ozone","047","40140","Riverside-San Bernardino-Ontario, CA","06","California","065","Riverside","33.747236000872","-115.820124"
"11/08/2024","AQS","060650010","1","0.038","ppm","35","Joshua Tree NP - Cottonwood Visitor Center","17","100.0000","44201","Ozone","047","40140","Riverside-San Bernardino-Ontario, CA","06","California","065","Riverside","33.747236000872","-115.820124"
"11/09/2024","AQS","060650010","1","0.04","ppm","37","Joshua Tree NP - Cottonwood Visitor Center","17","100.0000","44201","Ozone","047","40140","Riverside-San Bernardino-Ontario, CA","06","California","065","Riverside","33.747236000872","-115.820124"
"11/10/2024","AQS","060650010","1","0.045","ppm","42","Joshua Tree NP - Cottonwood Visitor Center","17","100.0000","44201","Ozone","047","40140","Riverside-San Bernardino-Ontario, CA","06","California","065","Riverside","33.747236000872","-115.820124"
"11/11/2024","AQS","060650010","1","0.05","ppm","46","Joshua Tree NP - Cottonwood Visitor Center","17","100.0000","44201","Ozone","047","40140","Riverside-San Bernardino-Ontario, CA","06","California","065","Riverside","33.747236000872","-115.820124"
"11/12/2024","AQS","060650010","1","0.044","ppm","41","Joshua Tree NP - Cottonwood Visitor Center","17","100.0000","44201","Ozone","047","40140","Riverside-San Bernardino-Ontario, CA","06","California","065","Riverside","33.747236000872","-115.820124"
"11/13/2024","AQS","060650010","1","0.04","ppm","37","Joshua Tree NP - Cottonwood Visitor Center","14","82.0000","44201","Ozone","047","40140","Riverside-San Bernardino-Ontario, CA","06","California","065","Riverside","33.747236000872","-115.820124"
"11/14/2024","AQS","060650010","1","0.045","ppm","42","Joshua Tree NP - Cottonwood Visitor Center","17","100.0000","44201","Ozone","047","40140","Riverside-San Bernardino-Ontario, CA","06","California","065","Riverside","33.747236000872","-115.820124"
"11/15/2024","AQS","060650010","1","0.045","ppm","42","Joshua Tree NP - Cottonwood Visitor Center","17","100.0000","44201","Ozone","047","40140","Riverside-San Bernardino-Ontario, CA","06","California","065","Riverside","33.747236000872","-115.820124"
"11/16/2024","AQS","060650010","1","0.04","ppm","37","Joshua Tree NP - Cottonwood Visitor Center","17","100.0000","44201","Ozone","047","40140","Riverside-San Bernardino-Ontario, CA","06","California","065","Riverside","33.747236000872","-115.820124"
"11/17/2024","AQS","060650010","1","0.04","ppm","37","Joshua Tree NP - Cottonwood Visitor Center","17","100.0000","44201","Ozone","047","40140","Riverside-San Bernardino-Ontario, CA","06","California","065","Riverside","33.747236000872","-115.820124"
"11/18/2024","AQS","060650010","1","0.046","ppm","43","Joshua Tree NP - Cottonwood Visitor Center","17","100.0000","44201","Ozone","047","40140","Riverside-San Bernardino-Ontario, CA","06","California","065","Riverside","33.747236000872","-115.820124"
"11/19/2024","AQS","060650010","1","0.042","ppm","39","Joshua Tree NP - Cottonwood Visitor Center","17","100.0000","44201","Ozone","047","40140","Riverside-San Bernardino-Ontario, CA","06","California","065","Riverside","33.747236000872","-115.820124"
"11/20/2024","AQS","060650010","1","0.044","ppm","41","Joshua Tree NP - Cottonwood Visitor Center","17","100.0000","44201","Ozone","047","40140","Riverside-San Bernardino-Ontario, CA","06","California","065","Riverside","33.747236000872","-115.820124"
"11/21/2024","AQS","060650010","1","0.048","ppm","44","Joshua Tree NP - Cottonwood Visitor Center","17","100.0000","44201","Ozone","047","40140","Riverside-San Bernardino-Ontario, CA","06","California","065","Riverside","33.747236000872","-115.820124"
"11/22/2024","AQS","060650010","1","0.051","ppm","47","Joshua Tree NP - Cottonwood Visitor Center","17","100.0000","44201","Ozone","047","40140","Riverside-San Bernardino-Ontario, CA","06","California","065","Riverside","33.747236000872","-115.820124"
"11/23/2024","AQS","060650010","1","0.048","ppm","44","Joshua Tree NP - Cottonwood Visitor Center","17","100.0000","44201","Ozone","047","40140","Riverside-San Bernardino-Ontario, CA","06","California","065","Riverside","33.747236000872","-115.820124"
"11/24/2024","AQS","060650010","1","0.042","ppm","39","Joshua Tree NP - Cottonwood Visitor Center","17","100.0000","44201","Ozone","047","40140","Riverside-San Bernardino-Ontario, CA","06","California","065","Riverside","33.747236000872","-115.820124"
"11/25/2024","AQS","060650010","1","0.045","ppm","42","Joshua Tree NP - Cottonwood Visitor Center","17","100.0000","44201","Ozone","047","40140","Riverside-San Bernardino-Ontario, CA","06","California","065","Riverside","33.747236000872","-115.820124"
"11/26/2024","AQS","060650010","1","0.04","ppm","37","Joshua Tree NP - Cottonwood Visitor Center","17","100.0000","44201","Ozone","047","40140","Riverside-San Bernardino-Ontario, CA","06","California","065","Riverside","33.747236000872","-115.820124"
"11/27/2024","AQS","060650010","1","0.038","ppm","35","Joshua Tree NP - Cottonwood Visitor Center","17","100.0000","44201","Ozone","047","40140","Riverside-San Bernardino-Ontario, CA","06","California","065","Riverside","33.747236000872","-115.820124"
"11/28/2024","AQS","060650010","1","0.041","ppm","38","Joshua Tree NP - Cottonwood Visitor Center","17","100.0000","44201","Ozone","047","40140","Riverside-San Bernardino-Ontario, CA","06","California","065","Riverside","33.747236000872","-115.820124"
"11/29/2024","AQS","060650010","1","0.04","ppm","37","Joshua Tree NP - Cottonwood Visitor Center","17","100.0000","44201","Ozone","047","40140","Riverside-San Bernardino-Ontario, CA","06","California","065","Riverside","33.747236000872","-115.820124"
"11/30/2024","AQS","060650010","1","0.042","ppm","39","Joshua Tree NP - Cottonwood Visitor Center","17","100.0000","44201","Ozone","047","40140","Riverside-San Bernardino-Ontario, CA","06","California","065","Riverside","33.747236000872","-115.820124"
"12/01/2024","AQS","060650010","1","0.042","ppm","39","Joshua Tree NP - Cottonwood Visitor Center","17","100.0000","44201","Ozone","047","40140","Riverside-San Bernardino-Ontario, CA","06","California","065","Riverside","33.747236000872","-115.820124"
"12/02/2024","AQS","060650010","1","0.041","ppm","38","Joshua Tree NP - Cottonwood Visitor Center","17","100.0000","44201","Ozone","047","40140","Riverside-San Bernardino-Ontario, CA","06","California","065","Riverside","33.747236000872","-115.820124"
"12/03/2024","AQS","060650010","1","0.041","ppm","38","Joshua Tree NP - Cottonwood Visitor Center","17","100.0000","44201","Ozone","047","40140","Riverside-San Bernardino-Ontario, CA","06","California","065","Riverside","33.747236000872","-115.820124"
"12/04/2024","AQS","060650010","1","0.042","ppm","39","Joshua Tree NP - Cottonwood Visitor Center","17","100.0000","44201","Ozone","047","40140","Riverside-San Bernardino-Ontario, CA","06","California","065","Riverside","33.747236000872","-115.820124"
"12/05/2024","AQS","060650010","1","0.041","ppm","38","Joshua Tree NP - Cottonwood Visitor Center","17","100.0000","44201","Ozone","047","40140","Riverside-San Bernardino-Ontario, CA","06","California","065","Riverside","33.747236000872","-115.820124"
"12/06/2024","AQS","060650010","1","0.041","ppm","38","Joshua Tree NP - Cottonwood Visitor Center","17","100.0000","44201","Ozone","047","40140","Riverside-San Bernardino-Ontario, CA","06","California","065","Riverside","33.747236000872","-115.820124"
"12/07/2024","AQS","060650010","1","0.041","ppm","38","Joshua Tree NP - Cottonwood Visitor Center","17","100.0000","44201","Ozone","047","40140","Riverside-San Bernardino-Ontario, CA","06","California","065","Riverside","33.747236000872","-115.820124"
"12/08/2024","AQS","060650010","1","0.043","ppm","40","Joshua Tree NP - Cottonwood Visitor Center","17","100.0000","44201","Ozone","047","40140","Riverside-San Bernardino-Ontario, CA","06","California","065","Riverside","33.747236000872","-115.820124"
"12/09/2024","AQS","060650010","1","0.042","ppm","39","Joshua Tree NP - Cottonwood Visitor Center","17","100.0000","44201","Ozone","047","40140","Riverside-San Bernardino-Ontario, CA","06","California","065","Riverside","33.747236000872","-115.820124"
"12/10/2024","AQS","060650010","1","0.042","ppm","39","Joshua Tree NP - Cottonwood Visitor Center","17","100.0000","44201","Ozone","047","40140","Riverside-San Bernardino-Ontario, CA","06","California","065","Riverside","33.747236000872","-115.820124"
"12/11/2024","AQS","060650010","1","0.041","ppm","38","Joshua Tree NP - Cottonwood Visitor Center","17","100.0000","44201","Ozone","047","40140","Riverside-San Bernardino-Ontario, CA","06","California","065","Riverside","33.747236000872","-115.820124"
"12/12/2024","AQS","060650010","1","0.045","ppm","42","Joshua Tree NP - Cottonwood Visitor Center","17","100.0000","44201","Ozone","047","40140","Riverside-San Bernardino-Ontario, CA","06","California","065","Riverside","33.747236000872","-115.820124"
"12/13/2024","AQS","060650010","1","0.043","ppm","40","Joshua Tree NP - Cottonwood Visitor Center","17","100.0000","44201","Ozone","047","40140","Riverside-San Bernardino-Ontario, CA","06","California","065","Riverside","33.747236000872","-115.820124"
"12/14/2024","AQS","060650010","1","0.047","ppm","44","Joshua Tree NP - Cottonwood Visitor Center","17","100.0000","44201","Ozone","047","40140","Riverside-San Bernardino-Ontario, CA","06","California","065","Riverside","33.747236000872","-115.820124"
"12/15/2024","AQS","060650010","1","0.049","ppm","45","Joshua Tree NP - Cottonwood Visitor Center","17","100.0000","44201","Ozone","047","40140","Riverside-San Bernardino-Ontario, CA","06","California","065","Riverside","33.747236000872","-115.820124"
"12/16/2024","AQS","060650010","1","0.049","ppm","45","Joshua Tree NP - Cottonwood Visitor Center","17","100.0000","44201","Ozone","047","40140","Riverside-San Bernardino-Ontario, CA","06","California","065","Riverside","33.747236000872","-115.820124"
"12/17/2024","AQS","060650010","1","0.043","ppm","40","Joshua Tree NP - Cottonwood Visitor Center","17","100.0000","44201","Ozone","047","40140","Riverside-San Bernardino-Ontario, CA","06","California","065","Riverside","33.747236000872","-115.820124"
"12/18/2024","AQS","060650010","1","0.043","ppm","40","Joshua Tree NP - Cottonwood Visitor Center","17","100.0000","44201","Ozone","047","40140","Riverside-San Bernardino-Ontario, CA","06","California","065","Riverside","33.747236000872","-115.820124"
"12/19/2024","AQS","060650010","1","0.043","ppm","40","Joshua Tree NP - Cottonwood Visitor Center","17","100.0000","44201","Ozone","047","40140","Riverside-San Bernardino-Ontario, CA","06","California","065","Riverside","33.747236000872","-115.820124"
"12/20/2024","AQS","060650010","1","0.044","ppm","41","Joshua Tree NP - Cottonwood Visitor Center","17","100.0000","44201","Ozone","047","40140","Riverside-San Bernardino-Ontario, CA","06","California","065","Riverside","33.747236000872","-115.820124"
"12/21/2024","AQS","060650010","1","0.048","ppm","44","Joshua Tree NP - Cottonwood Visitor Center","17","100.0000","44201","Ozone","047","40140","Riverside-San Bernardino-Ontario, CA","06","California","065","Riverside","33.747236000872","-115.820124"
"12/22/2024","AQS","060650010","1","0.049","ppm","45","Joshua Tree NP - Cottonwood Visitor Center","17","100.0000","44201","Ozone","047","40140","Riverside-San Bernardino-Ontario, CA","06","California","065","Riverside","33.747236000872","-115.820124"
"12/23/2024","AQS","060650010","1","0.04","ppm","37","Joshua Tree NP - Cottonwood Visitor Center","17","100.0000","44201","Ozone","047","40140","Riverside-San Bernardino-Ontario, CA","06","California","065","Riverside","33.747236000872","-115.820124"
"12/24/2024","AQS","060650010","1","0.043","ppm","40","Joshua Tree NP - Cottonwood Visitor Center","17","100.0000","44201","Ozone","047","40140","Riverside-San Bernardino-Ontario, CA","06","California","065","Riverside","33.747236000872","-115.820124"
"12/25/2024","AQS","060650010","1","0.044","ppm","41","Joshua Tree NP - Cottonwood Visitor Center","17","100.0000","44201","Ozone","047","40140","Riverside-San Bernardino-Ontario, CA","06","California","065","Riverside","33.747236000872","-115.820124"
"12/26/2024","AQS","060650010","1","0.042","ppm","39","Joshua Tree NP - Cottonwood Visitor Center","17","100.0000","44201","Ozone","047","40140","Riverside-San Bernardino-Ontario, CA","06","California","065","Riverside","33.747236000872","-115.820124"
"12/27/2024","AQS","060650010","1","0.039","ppm","36","Joshua Tree NP - Cottonwood Visitor Center","17","100.0000","44201","Ozone","047","40140","Riverside-San Bernardino-Ontario, CA","06","California","065","Riverside","33.747236000872","-115.820124"
"12/28/2024","AQS","060650010","1","0.042","ppm","39","Joshua Tree NP - Cottonwood Visitor Center","17","100.0000","44201","Ozone","047","40140","Riverside-San Bernardino-Ontario, CA","06","California","065","Riverside","33.747236000872","-115.820124"
"12/29/2024","AQS","060650010","1","0.045","ppm","42","Joshua Tree NP - Cottonwood Visitor Center","17","100.0000","44201","Ozone","047","40140","Riverside-San Bernardino-Ontario, CA","06","California","065","Riverside","33.747236000872","-115.820124"
"12/30/2024","AQS","060650010","1","0.043","ppm","40","Joshua Tree NP - Cottonwood Visitor Center","17","100.0000","44201","Ozone","047","40140","Riverside-San Bernardino-Ontario, CA","06","California","065","Riverside","33.747236000872","-115.820124"
"12/31/2024","AirNow","060650010","1","0.042","ppm","39","Joshua Tree NP - Cottonwood Visitor Center","19","79.0000","44201","Ozone","","40140","Riverside-San Bernardino-Ontario, CA","06","California","065","Riverside","33.747236000872","-115.820124"
"01/01/2024","AQS","060650012","1","0.044","ppm","41","Banning Airport","17","100.0000","44201","Ozone","087","40140","Riverside-San Bernardino-Ontario, CA","06","California","065","Riverside","33.92086","-116.85841"
"01/02/2024","AQS","060650012","1","0.043","ppm","40","Banning Airport","17","100.0000","44201","Ozone","087","40140","Riverside-San Bernardino-Ontario, CA","06","California","065","Riverside","33.92086","-116.85841"
"01/03/2024","AQS","060650012","1","0.036","ppm","33","Banning Airport","17","100.0000","44201","Ozone","087","40140","Riverside-San Bernardino-Ontario, CA","06","California","065","Riverside","33.92086","-116.85841"
"01/04/2024","AQS","060650012","1","0.038","ppm","35","Banning Airport","17","100.0000","44201","Ozone","087","40140","Riverside-San Bernardino-Ontario, CA","06","California","065","Riverside","33.92086","-116.85841"
"01/05/2024","AQS","060650012","1","0.036","ppm","33","Banning Airport","17","100.0000","44201","Ozone","087","40140","Riverside-San Bernardino-Ontario, CA","06","California","065","Riverside","33.92086","-116.85841"
"01/06/2024","AQS","060650012","1","0.041","ppm","38","Banning Airport","17","100.0000","44201","Ozone","087","40140","Riverside-San Bernardino-Ontario, CA","06","California","065","Riverside","33.92086","-116.85841"
"01/07/2024","AQS","060650012","1","0.037","ppm","34","Banning Airport","17","100.0000","44201","Ozone","087","40140","Riverside-San Bernardino-Ontario, CA","06","California","065","Riverside","33.92086","-116.85841"
"01/08/2024","AQS","060650012","1","0.036","ppm","33","Banning Airport","17","100.0000","44201","Ozone","087","40140","Riverside-San Bernardino-Ontario, CA","06","California","065","Riverside","33.92086","-116.85841"
"01/09/2024","AQS","060650012","1","0.038","ppm","35","Banning Airport","17","100.0000","44201","Ozone","087","40140","Riverside-San Bernardino-Ontario, CA","06","California","065","Riverside","33.92086","-116.85841"
"01/10/2024","AQS","060650012","1","0.036","ppm","33","Banning Airport","17","100.0000","44201","Ozone","087","40140","Riverside-San Bernardino-Ontario, CA","06","California","065","Riverside","33.92086","-116.85841"
"01/11/2024","AQS","060650012","1","0.04","ppm","37","Banning Airport","17","100.0000","44201","Ozone","087","40140","Riverside-San Bernardino-Ontario, CA","06","California","065","Riverside","33.92086","-116.85841"
"01/12/2024","AQS","060650012","1","0.043","ppm","40","Banning Airport","17","100.0000","44201","Ozone","087","40140","Riverside-San Bernardino-Ontario, CA","06","California","065","Riverside","33.92086","-116.85841"
"01/13/2024","AQS","060650012","1","0.044","ppm","41","Banning Airport","17","100.0000","44201","Ozone","087","40140","Riverside-San Bernardino-Ontario, CA","06","California","065","Riverside","33.92086","-116.85841"
"01/14/2024","AQS","060650012","1","0.046","ppm","43","Banning Airport","17","100.0000","44201","Ozone","087","40140","Riverside-San Bernardino-Ontario, CA","06","California","065","Riverside","33.92086","-116.85841"
"01/15/2024","AQS","060650012","1","0.042","ppm","39","Banning Airport","17","100.0000","44201","Ozone","087","40140","Riverside-San Bernardino-Ontario, CA","06","California","065","Riverside","33.92086","-116.85841"
"01/16/2024","AQS","060650012","1","0.04","ppm","37","Banning Airport","17","100.0000","44201","Ozone","087","40140","Riverside-San Bernardino-Ontario, CA","06","California","065","Riverside","33.92086","-116.85841"
"01/17/2024","AQS","060650012","1","0.045","ppm","42","Banning Airport","17","100.0000","44201","Ozone","087","40140","Riverside-San Bernardino-Ontario, CA","06","California","065","Riverside","33.92086","-116.85841"
"01/18/2024","AQS","060650012","1","0.046","ppm","43","Banning Airport","17","100.0000","44201","Ozone","087","40140","Riverside-San Bernardino-Ontario, CA","06","California","065","Riverside","33.92086","-116.85841"
"01/19/2024","AQS","060650012","1","0.047","ppm","44","Banning Airport","17","100.0000","44201","Ozone","087","40140","Riverside-San Bernardino-Ontario, CA","06","California","065","Riverside","33.92086","-116.85841"
"01/20/2024","AQS","060650012","1","0.031","ppm","29","Banning Airport","17","100.0000","44201","Ozone","087","40140","Riverside-San Bernardino-Ontario, CA","06","California","065","Riverside","33.92086","-116.85841"
"01/21/2024","AQS","060650012","1","0.038","ppm","35","Banning Airport","17","100.0000","44201","Ozone","087","40140","Riverside-San Bernardino-Ontario, CA","06","California","065","Riverside","33.92086","-116.85841"
"01/22/2024","AQS","060650012","1","0.034","ppm","31","Banning Airport","17","100.0000","44201","Ozone","087","40140","Riverside-San Bernardino-Ontario, CA","06","California","065","Riverside","33.92086","-116.85841"
"01/23/2024","AQS","060650012","1","0.034","ppm","31","Banning Airport","17","100.0000","44201","Ozone","087","40140","Riverside-San Bernardino-Ontario, CA","06","California","065","Riverside","33.92086","-116.85841"
"01/24/2024","AQS","060650012","1","0.028","ppm","26","Banning Airport","17","100.0000","44201","Ozone","087","40140","Riverside-San Bernardino-Ontario, CA","06","California","065","Riverside","33.92086","-116.85841"
"01/25/2024","AQS","060650012","1","0.035","ppm","32","Banning Airport","17","100.0000","44201","Ozone","087","40140","Riverside-San Bernardino-Ontario, CA","06","California","065","Riverside","33.92086","-116.85841"
"01/26/2024","AQS","060650012","1","0.044","ppm","41","Banning Airport","17","100.0000","44201","Ozone","087","40140","Riverside-San Bernardino-Ontario, CA","06","California","065","Riverside","33.92086","-116.85841"
"01/27/2024","AQS","060650012","1","0.046","ppm","43","Banning Airport","17","100.0000","44201","Ozone","087","40140","Riverside-San Bernardino-Ontario, CA","06","California","065","Riverside","33.92086","-116.85841"
"01/28/2024","AQS","060650012","1","0.038","ppm","35","Banning Airport","17","100.0000","44201","Ozone","087","40140","Riverside-San Bernardino-Ontario, CA","06","California","065","Riverside","33.92086","-116.85841"
"01/29/2024","AQS","060650012","1","0.046","ppm","43","Banning Airport","17","100.0000","44201","Ozone","087","40140","Riverside-San Bernardino-Ontario, CA","06","California","065","Riverside","33.92086","-116.85841"
"01/30/2024","AQS","060650012","1","0.047","ppm","44","Banning Airport","17","100.0000","44201","Ozone","087","40140","Riverside-San Bernardino-Ontario, CA","06","California","065","Riverside","33.92086","-116.85841"
"01/31/2024","AQS","060650012","1","0.044","ppm","41","Banning Airport","17","100.0000","44201","Ozone","087","40140","Riverside-San Bernardino-Ontario, CA","06","California","065","Riverside","33.92086","-116.85841"
"02/01/2024","AQS","060650012","1","0.039","ppm","36","Banning Airport","17","100.0000","44201","Ozone","087","40140","Riverside-San Bernardino-Ontario, CA","06","California","065","Riverside","33.92086","-116.85841"
"02/02/2024","AQS","060650012","1","0.04","ppm","37","Banning Airport","17","100.0000","44201","Ozone","087","40140","Riverside-San Bernardino-Ontario, CA","06","California","065","Riverside","33.92086","-116.85841"
"02/03/2024","AQS","060650012","1","0.044","ppm","41","Banning Airport","17","100.0000","44201","Ozone","087","40140","Riverside-San Bernardino-Ontario, CA","06","California","065","Riverside","33.92086","-116.85841"
"02/04/2024","AQS","060650012","1","0.04","ppm","37","Banning Airport","17","100.0000","44201","Ozone","087","40140","Riverside-San Bernardino-Ontario, CA","06","California","065","Riverside","33.92086","-116.85841"
"02/05/2024","AQS","060650012","1","0.032","ppm","30","Banning Airport","17","100.0000","44201","Ozone","087","40140","Riverside-San Bernardino-Ontario, CA","06","California","065","Riverside","33.92086","-116.85841"
"02/06/2024","AQS","060650012","1","0.041","ppm","38","Banning Airport","17","100.0000","44201","Ozone","087","40140","Riverside-San Bernardino-Ontario, CA","06","California","065","Riverside","33.92086","-116.85841"
"02/07/2024","AQS","060650012","1","0.043","ppm","40","Banning Airport","17","100.0000","44201","Ozone","087","40140","Riverside-San Bernardino-Ontario, CA","06","California","065","Riverside","33.92086","-116.85841"
"02/08/2024","AQS","060650012","1","0.041","ppm","38","Banning Airport","17","100.0000","44201","Ozone","087","40140","Riverside-San Bernardino-Ontario, CA","06","California","065","Riverside","33.92086","-116.85841"
"02/09/2024","AQS","060650012","1","0.042","ppm","39","Banning Airport","17","100.0000","44201","Ozone","087","40140","Riverside-San Bernardino-Ontario, CA","06","California","065","Riverside","33.92086","-116.85841"
"02/10/2024","AQS","060650012","1","0.041","ppm","38","Banning Airport","17","100.0000","44201","Ozone","087","40140","Riverside-San Bernardino-Ontario, CA","06","California","065","Riverside","33.92086","-116.85841"
"02/11/2024","AQS","060650012","1","0.041","ppm","38","Banning Airport","17","100.0000","44201","Ozone","087","40140","Riverside-San Bernardino-Ontario, CA","06","California","065","Riverside","33.92086","-116.85841"
"02/12/2024","AQS","060650012","1","0.045","ppm","42","Banning Airport","17","100.0000","44201","Ozone","087","40140","Riverside-San Bernardino-Ontario, CA","06","California","065","Riverside","33.92086","-116.85841"
"02/13/2024","AQS","060650012","1","0.046","ppm","43","Banning Airport","17","100.0000","44201","Ozone","087","40140","Riverside-San Bernardino-Ontario, CA","06","California","065","Riverside","33.92086","-116.85841"
"02/14/2024","AQS","060650012","1","0.048","ppm","44","Banning Airport","17","100.0000","44201","Ozone","087","40140","Riverside-San Bernardino-Ontario, CA","06","California","065","Riverside","33.92086","-116.85841"
"02/15/2024","AQS","060650012","1","0.048","ppm","44","Banning Airport","17","100.0000","44201","Ozone","087","40140","Riverside-San Bernardino-Ontario, CA","06","California","065","Riverside","33.92086","-116.85841"
"02/16/2024","AQS","060650012","1","0.052","ppm","48","Banning Airport","17","100.0000","44201","Ozone","087","40140","Riverside-San Bernardino-Ontario, CA","06","California","065","Riverside","33.92086","-116.85841"
"02/17/2024","AQS","060650012","1","0.05","ppm","46","Banning Airport","17","100.0000","44201","Ozone","087","40140","Riverside-San Bernardino-Ontario, CA","06","California","065","Riverside","33.92086","-116.85841"
"02/18/2024","AQS","060650012","1","0.042","ppm","39","Banning Airport","17","100.0000","44201","Ozone","087","40140","Riverside-San Bernardino-Ontario, CA","06","California","065","Riverside","33.92086","-116.85841"
"02/19/2024","AQS","060650012","1","0.033","ppm","31","Banning Airport","17","100.0000","44201","Ozone","087","40140","Riverside-San Bernardino-Ontario, CA","06","California","065","Riverside","33.92086","-116.85841"
"02/20/2024","AQS","060650012","1","0.037","ppm","34","Banning Airport","17","100.0000","44201","Ozone","087","40140","Riverside-San Bernardino-Ontario, CA","06","California","065","Riverside","33.92086","-116.85841"
"02/21/2024","AQS","060650012","1","0.037","ppm","34","Banning Airport","17","100.0000","44201","Ozone","087","40140","Riverside-San Bernardino-Ontario, CA","06","California","065","Riverside","33.92086","-116.85841"
"02/22/2024","AQS","060650012","1","0.047","ppm","44","Banning Airport","17","100.0000","44201","Ozone","087","40140","Riverside-San Bernardino-Ontario, CA","06","California","065","Riverside","33.92086","-116.85841"
"02/23/2024","AQS","060650012","1","0.045","ppm","42","Banning Airport","17","100.0000","44201","Ozone","087","40140","Riverside-San Bernardino-Ontario, CA","06","California","065","Riverside","33.92086","-116.85841"
"02/24/2024","AQS","060650012","1","0.045","ppm","42","Banning Airport","17","100.0000","44201","Ozone","087","40140","Riverside-San Bernardino-Ontario, CA","06","California","065","Riverside","33.92086","-116.85841"
"02/25/2024","AQS","060650012","1","0.046","ppm","43","Banning Airport","17","100.0000","44201","Ozone","087","40140","Riverside-San Bernardino-Ontario, CA","06","California","065","Riverside","33.92086","-116.85841"
"02/26/2024","AQS","060650012","1","0.039","ppm","36","Banning Airport","17","100.0000","44201","Ozone","087","40140","Riverside-San Bernardino-Ontario, CA","06","California","065","Riverside","33.92086","-116.85841"
"02/27/2024","AQS","060650012","1","0.037","ppm","34","Banning Airport","17","100.0000","44201","Ozone","087","40140","Riverside-San Bernardino-Ontario, CA","06","California","065","Riverside","33.92086","-116.85841"
"02/28/2024","AQS","060650012","1","0.044","ppm","41","Banning Airport","17","100.0000","44201","Ozone","087","40140","Riverside-San Bernardino-Ontario, CA","06","California","065","Riverside","33.92086","-116.85841"
"02/29/2024","AQS","060650012","1","0.039","ppm","36","Banning Airport","17","100.0000","44201","Ozone","087","40140","Riverside-San Bernardino-Ontario, CA","06","California","065","Riverside","33.92086","-116.85841"
"03/01/2024","AQS","060650012","1","0.043","ppm","40","Banning Airport","17","100.0000","44201","Ozone","087","40140","Riverside-San Bernardino-Ontario, CA","06","California","065","Riverside","33.92086","-116.85841"
"03/02/2024","AQS","060650012","1","0.037","ppm","34","Banning Airport","17","100.0000","44201","Ozone","087","40140","Riverside-San Bernardino-Ontario, CA","06","California","065","Riverside","33.92086","-116.85841"
"03/03/2024","AQS","060650012","1","0.041","ppm","38","Banning Airport","17","100.0000","44201","Ozone","087","40140","Riverside-San Bernardino-Ontario, CA","06","California","065","Riverside","33.92086","-116.85841"
"03/04/2024","AQS","060650012","1","0.042","ppm","39","Banning Airport","17","100.0000","44201","Ozone","087","40140","Riverside-San Bernardino-Ontario, CA","06","California","065","Riverside","33.92086","-116.85841"
"03/05/2024","AQS","060650012","1","0.044","ppm","41","Banning Airport","17","100.0000","44201","Ozone","087","40140","Riverside-San Bernardino-Ontario, CA","06","California","065","Riverside","33.92086","-116.85841"
"03/06/2024","AQS","060650012","1","0.041","ppm","38","Banning Airport","17","100.0000","44201","Ozone","087","40140","Riverside-San Bernardino-Ontario, CA","06","California","065","Riverside","33.92086","-116.85841"
"03/07/2024","AQS","060650012","1","0.034","ppm","31","Banning Airport","17","100.0000","44201","Ozone","087","40140","Riverside-San Bernardino-Ontario, CA","06","California","065","Riverside","33.92086","-116.85841"
"03/08/2024","AQS","060650012","1","0.04","ppm","37","Banning Airport","17","100.0000","44201","Ozone","087","40140","Riverside-San Bernardino-Ontario, CA","06","California","065","Riverside","33.92086","-116.85841"
"03/09/2024","AQS","060650012","1","0.049","ppm","45","Banning Airport","17","100.0000","44201","Ozone","087","40140","Riverside-San Bernardino-Ontario, CA","06","California","065","Riverside","33.92086","-116.85841"
"03/10/2024","AQS","060650012","1","0.052","ppm","48","Banning Airport","17","100.0000","44201","Ozone","087","40140","Riverside-San Bernardino-Ontario, CA","06","California","065","Riverside","33.92086","-116.85841"
"03/11/2024","AQS","060650012","1","0.046","ppm","43","Banning Airport","17","100.0000","44201","Ozone","087","40140","Riverside-San Bernardino-Ontario, CA","06","California","065","Riverside","33.92086","-116.85841"
"03/12/2024","AQS","060650012","1","0.038","ppm","35","Banning Airport","17","100.0000","44201","Ozone","087","40140","Riverside-San Bernardino-Ontario, CA","06","California","065","Riverside","33.92086","-116.85841"
"03/13/2024","AQS","060650012","1","0.043","ppm","40","Banning Airport","17","100.0000","44201","Ozone","087","40140","Riverside-San Bernardino-Ontario, CA","06","California","065","Riverside","33.92086","-116.85841"
"03/14/2024","AQS","060650012","1","0.046","ppm","43","Banning Airport","17","100.0000","44201","Ozone","087","40140","Riverside-San Bernardino-Ontario, CA","06","California","065","Riverside","33.92086","-116.85841"
"03/15/2024","AQS","060650012","1","0.037","ppm","34","Banning Airport","17","100.0000","44201","Ozone","087","40140","Riverside-San Bernardino-Ontario, CA","06","California","065","Riverside","33.92086","-116.85841"
"03/16/2024","AQS","060650012","1","0.039","ppm","36","Banning Airport","17","100.0000","44201","Ozone","087","40140","Riverside-San Bernardino-Ontario, CA","06","California","065","Riverside","33.92086","-116.85841"
"03/17/2024","AQS","060650012","1","0.047","ppm","44","Banning Airport","17","100.0000","44201","Ozone","087","40140","Riverside-San Bernardino-Ontario, CA","06","California","065","Riverside","33.92086","-116.85841"
"03/18/2024","AQS","060650012","1","0.046","ppm","43","Banning Airport","17","100.0000","44201","Ozone","087","40140","Riverside-San Bernardino-Ontario, CA","06","California","065","Riverside","33.92086","-116.85841"
"03/19/2024","AQS","060650012","1","0.053","ppm","49","Banning Airport","17","100.0000","44201","Ozone","087","40140","Riverside-San Bernardino-Ontario, CA","06","California","065","Riverside","33.92086","-116.85841"
"03/20/2024","AQS","060650012","1","0.06","ppm","67","Banning Airport","17","100.0000","44201","Ozone","087","40140","Riverside-San Bernardino-Ontario, CA","06","California","065","Riverside","33.92086","-116.85841"
"03/21/2024","AQS","060650012","1","0.057","ppm","58","Banning Airport","17","100.0000","44201","Ozone","087","40140","Riverside-San Bernardino-Ontario, CA","06","California","065","Riverside","33.92086","-116.85841"
"03/22/2024","AQS","060650012","1","0.056","ppm","54","Banning Airport","17","100.0000","44201","Ozone","087","40140","Riverside-San Bernardino-Ontario, CA","06","California","065","Riverside","33.92086","-116.85841"
"03/23/2024","AQS","060650012","1","0.04","ppm","37","Banning Airport","17","100.0000","44201","Ozone","087","40140","Riverside-San Bernardino-Ontario, CA","06","California","065","Riverside","33.92086","-116.85841"
"03/24/2024","AQS","060650012","1","0.043","ppm","40","Banning Airport","17","100.0000","44201","Ozone","087","40140","Riverside-San Bernardino-Ontario, CA","06","California","065","Riverside","33.92086","-116.85841"
"03/25/2024","AQS","060650012","1","0.045","ppm","42","Banning Airport","17","100.0000","44201","Ozone","087","40140","Riverside-San Bernardino-Ontario, CA","06","California","065","Riverside","33.92086","-116.85841"
"03/26/2024","AQS","060650012","1","0.048","ppm","44","Banning Airport","17","100.0000","44201","Ozone","087","40140","Riverside-San Bernardino-Ontario, CA","06","California","065","Riverside","33.92086","-116.85841"
"03/27/2024","AQS","060650012","1","0.056","ppm","54","Banning Airport","17","100.0000","44201","Ozone","087","40140","Riverside-San Bernardino-Ontario, CA","06","California","065","Riverside","33.92086","-116.85841"
"03/28/2024","AQS","060650012","1","0.052","ppm","48","Banning Airport","17","100.0000","44201","Ozone","087","40140","Riverside-San Bernardino-Ontario, CA","06","California","065","Riverside","33.92086","-116.85841"
"03/29/2024","AQS","060650012","1","0.049","ppm","45","Banning Airport","17","100.0000","44201","Ozone","087","40140","Riverside-San Bernardino-Ontario, CA","06","California","065","Riverside","33.92086","-116.85841"
"03/30/2024","AQS","060650012","1","0.045","ppm","42","Banning Airport","17","100.0000","44201","Ozone","087","40140","Riverside-San Bernardino-Ontario, CA","06","California","065","Riverside","33.92086","-116.85841"
"03/31/2024","AQS","060650012","1","0.044","ppm","41","Banning Airport","17","100.0000","44201","Ozone","087","40140","Riverside-San Bernardino-Ontario, CA","06","California","065","Riverside","33.92086","-116.85841"
"04/01/2024","AQS","060650012","1","0.048","ppm","44","Banning Airport","51","300.0000","44201","Ozone","047","40140","Riverside-San Bernardino-Ontario, CA","06","California","065","Riverside","33.92086","-116.85841"
"04/02/2024","AQS","060650012","1","0.05","ppm","46","Banning Airport","51","300.0000","44201","Ozone","047","40140","Riverside-San Bernardino-Ontario, CA","06","California","065","Riverside","33.92086","-116.85841"
"04/03/2024","AQS","060650012","1","0.051","ppm","47","Banning Airport","30","176.0000","44201","Ozone","047","40140","Riverside-San Bernardino-Ontario, CA","06","California","065","Riverside","33.92086","-116.85841"
"04/04/2024","AQS","060650012","1","0.042","ppm","39","Banning Airport","39","229.0000","44201","Ozone","047","40140","Riverside-San Bernardino-Ontario, CA","06","California","065","Riverside","33.92086","-116.85841"
"04/05/2024","AQS","060650012","1","0.046","ppm","43","Banning Airport","51","300.0000","44201","Ozone","047","40140","Riverside-San Bernardino-Ontario, CA","06","California","065","Riverside","33.92086","-116.85841"
"04/06/2024","AQS","060650012","1","0.048","ppm","44","Banning Airport","51","300.0000","44201","Ozone","047","40140","Riverside-San Bernardino-Ontario, CA","06","California","065","Riverside","33.92086","-116.85841"
"04/07/2024","AQS","060650012","1","0.055","ppm","51","Banning Airport","51","300.0000","44201","Ozone","047","40140","Riverside-San Bernardino-Ontario, CA","06","California","065","Riverside","33.92086","-116.85841"
"04/08/2024","AQS","060650012","1","0.052","ppm","48","Banning Airport","51","300.0000","44201","Ozone","047","40140","Riverside-San Bernardino-Ontario, CA","06","California","065","Riverside","33.92086","-116.85841"
"04/09/2024","AQS","060650012","1","0.059","ppm","64","Banning Airport","51","300.0000","44201","Ozone","047","40140","Riverside-San Bernardino-Ontario, CA","06","California","065","Riverside","33.92086","-116.85841"
"04/10/2024","AQS","060650012","1","0.066","ppm","87","Banning Airport","51","300.0000","44201","Ozone","047","40140","Riverside-San Bernardino-Ontario, CA","06","California","065","Riverside","33.92086","-116.85841"
"04/11/2024","AQS","060650012","1","0.058","ppm","61","Banning Airport","51","300.0000","44201","Ozone","047","40140","Riverside-San Bernardino-Ontario, CA","06","California","065","Riverside","33.92086","-116.85841"
"04/12/2024","AQS","060650012","1","0.054","ppm","50","Banning Airport","48","282.0000","44201","Ozone","047","40140","Riverside-San Bernardino-Ontario, CA","06","California","065","Riverside","33.92086","-116.85841"
"04/13/2024","AQS","060650012","1","0.053","ppm","49","Banning Airport","51","300.0000","44201","Ozone","047","40140","Riverside-San Bernardino-Ontario, CA","06","California","065","Riverside","33.92086","-116.85841"
"04/14/2024","AQS","060650012","1","0.049","ppm","45","Banning Airport","51","300.0000","44201","Ozone","047","40140","Riverside-San Bernardino-Ontario, CA","06","California","065","Riverside","33.92086","-116.85841"
"04/15/2024","AQS","060650012","1","0.057","ppm","58","Banning Airport","51","300.0000","44201","Ozone","047","40140","Riverside-San Bernardino-Ontario, CA","06","California","065","Riverside","33.92086","-116.85841"
"04/16/2024","AQS","060650012","1","0.068","ppm","93","Banning Airport","51","300.0000","44201","Ozone","047","40140","Riverside-San Bernardino-Ontario, CA","06","California","065","Riverside","33.92086","-116.85841"
"04/17/2024","AQS","060650012","1","0.072","ppm","105","Banning Airport","51","300.0000","44201","Ozone","047","40140","Riverside-San Bernardino-Ontario, CA","06","California","065","Riverside","33.92086","-116.85841"
"04/18/2024","AQS","060650012","1","0.066","ppm","87","Banning Airport","51","300.0000","44201","Ozone","047","40140","Riverside-San Bernardino-Ontario, CA","06","California","065","Riverside","33.92086","-116.85841"
"04/19/2024","AQS","060650012","1","0.061","ppm","71","Banning Airport","51","300.0000","44201","Ozone","047","40140","Riverside-San Bernardino-Ontario, CA","06","California","065","Riverside","33.92086","-116.85841"
"04/20/2024","AQS","060650012","1","0.067","ppm","90","Banning Airport","51","300.0000","44201","Ozone","047","40140","Riverside-San Bernardino-Ontario, CA","06","California","065","Riverside","33.92086","-116.85841"
"04/21/2024","AQS","060650012","1","0.065","ppm","84","Banning Airport","51","300.0000","44201","Ozone","047","40140","Riverside-San Bernardino-Ontario, CA","06","California","065","Riverside","33.92086","-116.85841"
"04/22/2024","AQS","060650012","1","0.067","ppm","90","Banning Airport","51","300.0000","44201","Ozone","047","40140","Riverside-San Bernardino-Ontario, CA","06","California","065","Riverside","33.92086","-116.85841"
"04/23/2024","AQS","060650012","1","0.048","ppm","44","Banning Airport","51","300.0000","44201","Ozone","047","40140","Riverside-San Bernardino-Ontario, CA","06","California","065","Riverside","33.92086","-116.85841"
"04/24/2024","AQS","060650012","1","0.052","ppm","48","Banning Airport","51","300.0000","44201","Ozone","047","40140","Riverside-San Bernardino-Ontario, CA","06","California","065","Riverside","33.92086","-116.85841"
"04/25/2024","AQS","060650012","1","0.041","ppm","38","Banning Airport","51","300.0000","44201","Ozone","047","40140","Riverside-San Bernardino-Ontario, CA","06","California","065","Riverside","33.92086","-116.85841"
"04/26/2024","AQS","060650012","1","0.038","ppm","35","Banning Airport","51","300.0000","44201","Ozone","047","40140","Riverside-San Bernardino-Ontario, CA","06","California","065","Riverside","33.92086","-116.85841"
"04/27/2024","AQS","060650012","1","0.047","ppm","44","Banning Airport","51","300.0000","44201","Ozone","047","40140","Riverside-San Bernardino-Ontario, CA","06","California","065","Riverside","33.92086","-116.85841"
"04/28/2024","AQS","060650012","1","0.053","ppm","49","Banning Airport","51","300.0000","44201","Ozone","047","40140","Riverside-San Bernardino-Ontario, CA","06","California","065","Riverside","33.92086","-116.85841"
"04/29/2024","AQS","060650012","1","0.065","ppm","84","Banning Airport","51","300.0000","44201","Ozone","047","40140","Riverside-San Bernardino-Ontario, CA","06","California","065","Riverside","33.92086","-116.85841"
"04/30/2024","AQS","060650012","1","0.064","ppm","80","Banning Airport","51","300.0000","44201","Ozone","047","40140","Riverside-San Bernardino-Ontario, CA","06","California","065","Riverside","33.92086","-116.85841"
"05/01/2024","AQS","060650012","1","0.07","ppm","100","Banning Airport","51","300.0000","44201","Ozone","047","40140","Riverside-San Bernardino-Ontario, CA","06","California","065","Riverside","33.92086","-116.85841"
"05/02/2024","AQS","060650012","1","0.072","ppm","105","Banning Airport","51","300.0000","44201","Ozone","047","40140","Riverside-San Bernardino-Ontario, CA","06","California","065","Riverside","33.92086","-116.85841"
"05/03/2024","AQS","060650012","1","0.062","ppm","74","Banning Airport","51","300.0000","44201","Ozone","047","40140","Riverside-San Bernardino-Ontario, CA","06","California","065","Riverside","33.92086","-116.85841"
"05/04/2024","AQS","060650012","1","0.047","ppm","44","Banning Airport","51","300.0000","44201","Ozone","047","40140","Riverside-San Bernardino-Ontario, CA","06","California","065","Riverside","33.92086","-116.85841"
"05/05/2024","AQS","060650012","1","0.053","ppm","49","Banning Airport","51","300.0000","44201","Ozone","047","40140","Riverside-San Bernardino-Ontario, CA","06","California","065","Riverside","33.92086","-116.85841"
"05/06/2024","AQS","060650012","1","0.054","ppm","50","Banning Airport","51","300.0000","44201","Ozone","047","40140","Riverside-San Bernardino-Ontario, CA","06","California","065","Riverside","33.92086","-116.85841"
"05/07/2024","AQS","060650012","1","0.066","ppm","87","Banning Airport","51","300.0000","44201","Ozone","047","40140","Riverside-San Bernardino-Ontario, CA","06","California","065","Riverside","33.92086","-116.85841"
"05/08/2024","AQS","060650012","1","0.064","ppm","80","Banning Airport","51","300.0000","44201","Ozone","047","40140","Riverside-San Bernardino-Ontario, CA","06","California","065","Riverside","33.92086","-116.85841"
"05/09/2024","AQS","060650012","1","0.057","ppm","58","Banning Airport","51","300.0000","44201","Ozone","047","40140","Riverside-San Bernardino-Ontario, CA","06","California","065","Riverside","33.92086","-116.85841"
"05/10/2024","AQS","060650012","1","0.063","ppm","77","Banning Airport","51","300.0000","44201","Ozone","047","40140","Riverside-San Bernardino-Ontario, CA","06","California","065","Riverside","33.92086","-116.85841"
"05/11/2024","AQS","060650012","1","0.064","ppm","80","Banning Airport","51","300.0000","44201","Ozone","047","40140","Riverside-San Bernardino-Ontario, CA","06","California","065","Riverside","33.92086","-116.85841"
"05/12/2024","AQS","060650012","1","0.07","ppm","100","Banning Airport","51","300.0000","44201","Ozone","047","40140","Riverside-San Bernardino-Ontario, CA","06","California","065","Riverside","33.92086","-116.85841"
"05/13/2024","AQS","060650012","1","0.064","ppm","80","Banning Airport","51","300.0000","44201","Ozone","047","40140","Riverside-San Bernardino-Ontario, CA","06","California","065","Riverside","33.92086","-116.85841"
"05/14/2024","AQS","060650012","1","0.065","ppm","84","Banning Airport","42","247.0000","44201","Ozone","047","40140","Riverside-San Bernardino-Ontario, CA","06","California","065","Riverside","33.92086","-116.85841"
"05/15/2024","AQS","060650012","1","0.054","ppm","50","Banning Airport","51","300.0000","44201","Ozone","047","40140","Riverside-San Bernardino-Ontario, CA","06","California","065","Riverside","33.92086","-116.85841"
"05/16/2024","AQS","060650012","1","0.06","ppm","67","Banning Airport","51","300.0000","44201","Ozone","047","40140","Riverside-San Bernardino-Ontario, CA","06","California","065","Riverside","33.92086","-116.85841"
"05/17/2024","AQS","060650012","1","0.056","ppm","54","Banning Airport","51","300.0000","44201","Ozone","047","40140","Riverside-San Bernardino-Ontario, CA","06","California","065","Riverside","33.92086","-116.85841"
"05/18/2024","AQS","060650012","1","0.057","ppm","58","Banning Airport","51","300.0000","44201","Ozone","047","40140","Riverside-San Bernardino-Ontario, CA","06","California","065","Riverside","33.92086","-116.85841"
"05/19/2024","AQS","060650012","1","0.057","ppm","58","Banning Airport","51","300.0000","44201","Ozone","047","40140","Riverside-San Bernardino-Ontario, CA","06","California","065","Riverside","33.92086","-116.85841"
"05/20/2024","AQS","060650012","1","0.057","ppm","58","Banning Airport","51","300.0000","44201","Ozone","047","40140","Riverside-San Bernardino-Ontario, CA","06","California","065","Riverside","33.92086","-116.85841"
"05/21/2024","AQS","060650012","1","0.061","ppm","71","Banning Airport","51","300.0000","44201","Ozone","047","40140","Riverside-San Bernardino-Ontario, CA","06","California","065","Riverside","33.92086","-116.85841"
"05/22/2024","AQS","060650012","1","0.07","ppm","100","Banning Airport","51","300.0000","44201","Ozone","047","40140","Riverside-San Bernardino-Ontario, CA","06","California","065","Riverside","33.92086","-116.85841"
"05/23/2024","AQS","060650012","1","0.059","ppm","64","Banning Airport","51","300.0000","44201","Ozone","047","40140","Riverside-San Bernardino-Ontario, CA","06","California","065","Riverside","33.92086","-116.85841"
"05/24/2024","AQS","060650012","1","0.047","ppm","44","Banning Airport","30","176.0000","44201","Ozone","047","40140","Riverside-San Bernardino-Ontario, CA","06","California","065","Riverside","33.92086","-116.85841"
"05/25/2024","AQS","060650012","1","0.048","ppm","44","Banning Airport","51","300.0000","44201","Ozone","047","40140","Riverside-San Bernardino-Ontario, CA","06","California","065","Riverside","33.92086","-116.85841"
"05/26/2024","AQS","060650012","1","0.052","ppm","48","Banning Airport","51","300.0000","44201","Ozone","047","40140","Riverside-San Bernardino-Ontario, CA","06","California","065","Riverside","33.92086","-116.85841"
"05/27/2024","AQS","060650012","1","0.058","ppm","61","Banning Airport","51","300.0000","44201","Ozone","047","40140","Riverside-San Bernardino-Ontario, CA","06","California","065","Riverside","33.92086","-116.85841"
"05/28/2024","AQS","060650012","1","0.067","ppm","90","Banning Airport","42","247.0000","44201","Ozone","047","40140","Riverside-San Bernardino-Ontario, CA","06","California","065","Riverside","33.92086","-116.85841"
"05/29/2024","AQS","060650012","1","0.061","ppm","71","Banning Airport","51","300.0000","44201","Ozone","047","40140","Riverside-San Bernardino-Ontario, CA","06","California","065","Riverside","33.92086","-116.85841"
"05/30/2024","AQS","060650012","1","0.075","ppm","115","Banning Airport","51","300.0000","44201","Ozone","047","40140","Riverside-San Bernardino-Ontario, CA","06","California","065","Riverside","33.92086","-116.85841"
"05/31/2024","AQS","060650012","1","0.079","ppm","129","Banning Airport","51","300.0000","44201","Ozone","047","40140","Riverside-San Bernardino-Ontario, CA","06","California","065","Riverside","33.92086","-116.85841"
"06/01/2024","AQS","060650012","1","0.068","ppm","93","Banning Airport","51","300.0000","44201","Ozone","047","40140","Riverside-San Bernardino-Ontario, CA","06","California","065","Riverside","33.92086","-116.85841"
"06/02/2024","AQS","060650012","1","0.051","ppm","47","Banning Airport","51","300.0000","44201","Ozone","047","40140","Riverside-San Bernardino-Ontario, CA","06","California","065","Riverside","33.92086","-116.85841"
"06/03/2024","AQS","060650012","1","0.064","ppm","80","Banning Airport","51","300.0000","44201","Ozone","047","40140","Riverside-San Bernardino-Ontario, CA","06","California","065","Riverside","33.92086","-116.85841"
"06/04/2024","AQS","060650012","1","0.086","ppm","151","Banning Airport","51","300.0000","44201","Ozone","047","40140","Riverside-San Bernardino-Ontario, CA","06","California","065","Riverside","33.92086","-116.85841"
"06/05/2024","AQS","060650012","1","0.1","ppm","187","Banning Airport","51","300.0000","44201","Ozone","047","40140","Riverside-San Bernardino-Ontario, CA","06","California","065","Riverside","33.92086","-116.85841"
"06/06/2024","AQS","060650012","1","0.093","ppm","169","Banning Airport","51","300.0000","44201","Ozone","047","40140","Riverside-San Bernardino-Ontario, CA","06","California","065","Riverside","33.92086","-116.85841"
"06/07/2024","AQS","060650012","1","0.055","ppm","51","Banning Airport","51","300.0000","44201","Ozone","047","40140","Riverside-San Bernardino-Ontario, CA","06","California","065","Riverside","33.92086","-116.85841"
"06/08/2024","AQS","060650012","1","0.045","ppm","42","Banning Airport","51","300.0000","44201","Ozone","047","40140","Riverside-San Bernardino-Ontario, CA","06","California","065","Riverside","33.92086","-116.85841"
"06/09/2024","AQS","060650012","1","0.04","ppm","37","Banning Airport","51","300.0000","44201","Ozone","047","40140","Riverside-San Bernardino-Ontario, CA","06","California","065","Riverside","33.92086","-116.85841"
"06/10/2024","AQS","060650012","1","0.079","ppm","129","Banning Airport","51","300.0000","44201","Ozone","047","40140","Riverside-San Bernardino-Ontario, CA","06","California","065","Riverside","33.92086","-116.85841"
"06/11/2024","AQS","060650012","1","0.087","ppm","154","Banning Airport","51","300.0000","44201","Ozone","047","40140","Riverside-San Bernardino-Ontario, CA","06","California","065","Riverside","33.92086","-116.85841"
"06/12/2024","AQS","060650012","1","0.054","ppm","50","Banning Airport","51","300.0000","44201","Ozone","047","40140","Riverside-San Bernardino-Ontario, CA","06","California","065","Riverside","33.92086","-116.85841"
"06/13/2024","AQS","060650012","1","0.069","ppm","97","Banning Airport","51","300.0000","44201","Ozone","047","40140","Riverside-San Bernardino-Ontario, CA","06","California","065","Riverside","33.92086","-116.85841"
"06/14/2024","AQS","060650012","1","0.096","ppm","177","Banning Airport","51","300.0000","44201","Ozone","047","40140","Riverside-San Bernardino-Ontario, CA","06","California","065","Riverside","33.92086","-116.85841"
"06/15/2024","AQS","060650012","1","0.072","ppm","105","Banning Airport","51","300.0000","44201","Ozone","047","40140","Riverside-San Bernardino-Ontario, CA","06","California","065","Riverside","33.92086","-116.85841"
"06/16/2024","AQS","060650012","1","0.067","ppm","90","Banning Airport","51","300.0000","44201","Ozone","047","40140","Riverside-San Bernardino-Ontario, CA","06","California","065","Riverside","33.92086","-116.85841"
"06/17/2024","AQS","060650012","1","0.058","ppm","61","Banning Airport","51","300.0000","44201","Ozone","047","40140","Riverside-San Bernardino-Ontario, CA","06","California","065","Riverside","33.92086","-116.85841"
"06/18/2024","AQS","060650012","1","0.073","ppm","108","Banning Airport","51","300.0000","44201","Ozone","047","40140","Riverside-San Bernardino-Ontario, CA","06","California","065","Riverside","33.92086","-116.85841"
"06/19/2024","AQS","060650012","1","0.074","ppm","112","Banning Airport","51","300.0000","44201","Ozone","047","40140","Riverside-San Bernardino-Ontario, CA","06","California","065","Riverside","33.92086","-116.85841"
"06/20/2024","AQS","060650012","1","0.08","ppm","133","Banning Airport","51","300.0000","44201","Ozone","047","40140","Riverside-San Bernardino-Ontario, CA","06","California","065","Riverside","33.92086","-116.85841"
"06/21/2024","AQS","060650012","1","0.093","ppm","169","Banning Airport","51","300.0000","44201","Ozone","047","40140","Riverside-San Bernardino-Ontario, CA","06","California","065","Riverside","33.92086","-116.85841"
"06/22/2024","AQS","060650012","1","0.063","ppm","77","Banning Airport","51","300.0000","44201","Ozone","047","40140","Riverside-San Bernardino-Ontario, CA","06","California","065","Riverside","33.92086","-116.85841"
"06/23/2024","AQS","060650012","1","0.066","ppm","87","Banning Airport","51","300.0000","44201","Ozone","047","40140","Riverside-San Bernardino-Ontario, CA","06","California","065","Riverside","33.92086","-116.85841"
"06/24/2024","AQS","060650012","1","0.082","ppm","140","Banning Airport","51","300.0000","44201","Ozone","047","40140","Riverside-San Bernardino-Ontario, CA","06","California","065","Riverside","33.92086","-116.85841"
"06/25/2024","AQS","060650012","1","0.068","ppm","93","Banning Airport","51","300.0000","44201","Ozone","047","40140","Riverside-San Bernardino-Ontario, CA","06","California","065","Riverside","33.92086","-116.85841"
"06/26/2024","AQS","060650012","1","0.077","ppm","122","Banning Airport","51","300.0000","44201","Ozone","047","40140","Riverside-San Bernardino-Ontario, CA","06","California","065","Riverside","33.92086","-116.85841"
"06/27/2024","AQS","060650012","1","0.071","ppm","101","Banning Airport","51","300.0000","44201","Ozone","047","40140","Riverside-San Bernardino-Ontario, CA","06","California","065","Riverside","33.92086","-116.85841"
"06/28/2024","AQS","060650012","1","0.056","ppm","54","Banning Airport","51","300.0000","44201","Ozone","047","40140","Riverside-San Bernardino-Ontario, CA","06","California","065","Riverside","33.92086","-116.85841"
"06/29/2024","AQS","060650012","1","0.078","ppm","126","Banning Airport","51","300.0000","44201","Ozone","047","40140","Riverside-San Bernardino-Ontario, CA","06","California","065","Riverside","33.92086","-116.85841"
"06/30/2024","AQS","060650012","1","0.074","ppm","112","Banning Airport","51","300.0000","44201","Ozone","047","40140","Riverside-San Bernardino-Ontario, CA","06","California","065","Riverside","33.92086","-116.85841"
"07/01/2024","AQS","060650012","1","0.054","ppm","50","Banning Airport","51","300.0000","44201","Ozone","047","40140","Riverside-San Bernardino-Ontario, CA","06","California","065","Riverside","33.92086","-116.85841"
"07/02/2024","AQS","060650012","1","0.076","ppm","119","Banning Airport","51","300.0000","44201","Ozone","047","40140","Riverside-San Bernardino-Ontario, CA","06","California","065","Riverside","33.92086","-116.85841"
"07/03/2024","AQS","060650012","1","0.099","ppm","185","Banning Airport","51","300.0000","44201","Ozone","047","40140","Riverside-San Bernardino-Ontario, CA","06","California","065","Riverside","33.92086","-116.85841"
"07/04/2024","AQS","060650012","1","0.098","ppm","182","Banning Airport","51","300.0000","44201","Ozone","047","40140","Riverside-San Bernardino-Ontario, CA","06","California","065","Riverside","33.92086","-116.85841"
"07/05/2024","AQS","060650012","1","0.09","ppm","161","Banning Airport","51","300.0000","44201","Ozone","047","40140","Riverside-San Bernardino-Ontario, CA","06","California","065","Riverside","33.92086","-116.85841"
"07/06/2024","AQS","060650012","1","0.089","ppm","159","Banning Airport","51","300.0000","44201","Ozone","047","40140","Riverside-San Bernardino-Ontario, CA","06","California","065","Riverside","33.92086","-116.85841"
"07/07/2024","AQS","060650012","1","0.063","ppm","77","Banning Airport","51","300.0000","44201","Ozone","047","40140","Riverside-San Bernardino-Ontario, CA","06","California","065","Riverside","33.92086","-116.85841"
"07/08/2024","AQS","060650012","1","0.102","ppm","192","Banning Airport","51","300.0000","44201","Ozone","047","40140","Riverside-San Bernardino-Ontario, CA","06","California","065","Riverside","33.92086","-116.85841"
"07/09/2024","AQS","060650012","1","0.111","ppm","206","Banning Airport","51","300.0000","44201","Ozone","047","40140","Riverside-San Bernardino-Ontario, CA","06","California","065","Riverside","33.92086","-116.85841"
"07/10/2024","AQS","060650012","1","0.102","ppm","192","Banning Airport","51","300.0000","44201","Ozone","047","40140","Riverside-San Bernardino-Ontario, CA","06","California","065","Riverside","33.92086","-116.85841"
"07/11/2024","AQS","060650012","1","0.095","ppm","174","Banning Airport","51","300.0000","44201","Ozone","047","40140","Riverside-San Bernardino-Ontario, CA","06","California","065","Riverside","33.92086","-116.85841"
"07/12/2024","AQS","060650012","1","0.095","ppm","174","Banning Airport","51","300.0000","44201","Ozone","047","40140","Riverside-San Bernardino-Ontario, CA","06","California","065","Riverside","33.92086","-116.85841"
"07/13/2024","AQS","060650012","1","0.072","ppm","105","Banning Airport","51","300.0000","44201","Ozone","047","40140","Riverside-San Bernardino-Ontario, CA","06","California","065","Riverside","33.92086","-116.85841"
"07/14/2024","AQS","060650012","1","0.062","ppm","74","Banning Airport","51","300.0000","44201","Ozone","047","40140","Riverside-San Bernardino-Ontario, CA","06","California","065","Riverside","33.92086","-116.85841"
"07/15/2024","AQS","060650012","1","0.082","ppm","140","Banning Airport","51","300.0000","44201","Ozone","047","40140","Riverside-San Bernardino-Ontario, CA","06","California","065","Riverside","33.92086","-116.85841"
"07/16/2024","AQS","060650012","1","0.075","ppm","115","Banning Airport","51","300.0000","44201","Ozone","047","40140","Riverside-San Bernardino-Ontario, CA","06","California","065","Riverside","33.92086","-116.85841"
"07/17/2024","AQS","060650012","1","0.092","ppm","166","Banning Airport","51","300.0000","44201","Ozone","047","40140","Riverside-San Bernardino-Ontario, CA","06","California","065","Riverside","33.92086","-116.85841"
"07/18/2024","AQS","060650012","1","0.086","ppm","151","Banning Airport","51","300.0000","44201","Ozone","047","40140","Riverside-San Bernardino-Ontario, CA","06","California","065","Riverside","33.92086","-116.85841"
"07/19/2024","AQS","060650012","1","0.072","ppm","105","Banning Airport","51","300.0000","44201","Ozone","047","40140","Riverside-San Bernardino-Ontario, CA","06","California","065","Riverside","33.92086","-116.85841"
"07/20/2024","AQS","060650012","1","0.08","ppm","133","Banning Airport","51","300.0000","44201","Ozone","047","40140","Riverside-San Bernardino-Ontario, CA","06","California","065","Riverside","33.92086","-116.85841"
"07/21/2024","AQS","060650012","1","0.081","ppm","136","Banning Airport","51","300.0000","44201","Ozone","047","40140","Riverside-San Bernardino-Ontario, CA","06","California","065","Riverside","33.92086","-116.85841"
"07/22/2024","AQS","060650012","1","0.095","ppm","174","Banning Airport","51","300.0000","44201","Ozone","047","40140","Riverside-San Bernardino-Ontario, CA","06","California","065","Riverside","33.92086","-116.85841"
"07/23/2024","AQS","060650012","1","0.092","ppm","166","Banning Airport","51","300.0000","44201","Ozone","047","40140","Riverside-San Bernardino-Ontario, CA","06","California","065","Riverside","33.92086","-116.85841"
"07/24/2024","AQS","060650012","1","0.103","ppm","195","Banning Airport","51","300.0000","44201","Ozone","047","40140","Riverside-San Bernardino-Ontario, CA","06","California","065","Riverside","33.92086","-116.85841"
"07/25/2024","AQS","060650012","1","0.087","ppm","154","Banning Airport","51","300.0000","44201","Ozone","047","40140","Riverside-San Bernardino-Ontario, CA","06","California","065","Riverside","33.92086","-116.85841"
"07/26/2024","AQS","060650012","1","0.055","ppm","51","Banning Airport","51","300.0000","44201","Ozone","047","40140","Riverside-San Bernardino-Ontario, CA","06","California","065","Riverside","33.92086","-116.85841"
"07/27/2024","AQS","060650012","1","0.056","ppm","54","Banning Airport","51","300.0000","44201","Ozone","047","40140","Riverside-San Bernardino-Ontario, CA","06","California","065","Riverside","33.92086","-116.85841"
"07/28/2024","AQS","060650012","1","0.05","ppm","46","Banning Airport","51","300.0000","44201","Ozone","047","40140","Riverside-San Bernardino-Ontario, CA","06","California","065","Riverside","33.92086","-116.85841"
"07/29/2024","AQS","060650012","1","0.06","ppm","67","Banning Airport","51","300.0000","44201","Ozone","047","40140","Riverside-San Bernardino-Ontario, CA","06","California","065","Riverside","33.92086","-116.85841"
"07/30/2024","AQS","060650012","1","0.075","ppm","115","Banning Airport","51","300.0000","44201","Ozone","047","40140","Riverside-San Bernardino-Ontario, CA","06","California","065","Riverside","33.92086","-116.85841"
"07/31/2024","AQS","060650012","1","0.094","ppm","172","Banning Airport","51","300.0000","44201","Ozone","047","40140","Riverside-San Bernardino-Ontario, CA","06","California","065","Riverside","33.92086","-116.85841"
"08/01/2024","AQS","060650012","1","0.061","ppm","71","Banning Airport","51","300.0000","44201","Ozone","047","40140","Riverside-San Bernardino-Ontario, CA","06","California","065","Riverside","33.92086","-116.85841"
"08/02/2024","AQS","060650012","1","0.081","ppm","136","Banning Airport","51","300.0000","44201","Ozone","047","40140","Riverside-San Bernardino-Ontario, CA","06","California","065","Riverside","33.92086","-116.85841"
"08/03/2024","AQS","060650012","1","0.08","ppm","133","Banning Airport","51","300.0000","44201","Ozone","047","40140","Riverside-San Bernardino-Ontario, CA","06","California","065","Riverside","33.92086","-116.85841"
"08/04/2024","AQS","060650012","1","0.08","ppm","133","Banning Airport","51","300.0000","44201","Ozone","047","40140","Riverside-San Bernardino-Ontario, CA","06","California","065","Riverside","33.92086","-116.85841"
"08/05/2024","AQS","060650012","1","0.081","ppm","136","Banning Airport","51","300.0000","44201","Ozone","047","40140","Riverside-San Bernardino-Ontario, CA","06","California","065","Riverside","33.92086","-116.85841"
"08/06/2024","AQS","060650012","1","0.079","ppm","129","Banning Airport","51","300.0000","44201","Ozone","047","40140","Riverside-San Bernardino-Ontario, CA","06","California","065","Riverside","33.92086","-116.85841"
"08/07/2024","AQS","060650012","1","0.059","ppm","64","Banning Airport","36","212.0000","44201","Ozone","047","40140","Riverside-San Bernardino-Ontario, CA","06","California","065","Riverside","33.92086","-116.85841"
"08/08/2024","AQS","060650012","1","0.064","ppm","80","Banning Airport","51","300.0000","44201","Ozone","047","40140","Riverside-San Bernardino-Ontario, CA","06","California","065","Riverside","33.92086","-116.85841"
"08/09/2024","AQS","060650012","1","0.091","ppm","164","Banning Airport","51","300.0000","44201","Ozone","047","40140","Riverside-San Bernardino-Ontario, CA","06","California","065","Riverside","33.92086","-116.85841"
"08/10/2024","AQS","060650012","1","0.073","ppm","108","Banning Airport","51","300.0000","44201","Ozone","047","40140","Riverside-San Bernardino-Ontario, CA","06","California","065","Riverside","33.92086","-116.85841"
"08/11/2024","AQS","060650012","1","0.05","ppm","46","Banning Airport","51","300.0000","44201","Ozone","047","40140","Riverside-San Bernardino-Ontario, CA","06","California","065","Riverside","33.92086","-116.85841"
"08/12/2024","AQS","060650012","1","0.052","ppm","48","Banning Airport","51","300.0000","44201","Ozone","047","40140","Riverside-San Bernardino-Ontario, CA","06","California","065","Riverside","33.92086","-116.85841"
"08/13/2024","AQS","060650012","1","0.054","ppm","50","Banning Airport","51","300.0000","44201","Ozone","047","40140","Riverside-San Bernardino-Ontario, CA","06","California","065","Riverside","33.92086","-116.85841"
"08/14/2024","AQS","060650012","1","0.067","ppm","90","Banning Airport","51","300.0000","44201","Ozone","047","40140","Riverside-San Bernardino-Ontario, CA","06","California","065","Riverside","33.92086","-116.85841"
"08/15/2024","AQS","060650012","1","0.075","ppm","115","Banning Airport","51","300.0000","44201","Ozone","047","40140","Riverside-San Bernardino-Ontario, CA","06","California","065","Riverside","33.92086","-116.85841"
"08/16/2024","AQS","060650012","1","0.06","ppm","67","Banning Airport","51","300.0000","44201","Ozone","047","40140","Riverside-San Bernardino-Ontario, CA","06","California","065","Riverside","33.92086","-116.85841"
"08/17/2024","AQS","060650012","1","0.053","ppm","49","Banning Airport","51","300.0000","44201","Ozone","047","40140","Riverside-San Bernardino-Ontario, CA","06","California","065","Riverside","33.92086","-116.85841"
"08/18/2024","AQS","060650012","1","0.052","ppm","48","Banning Airport","51","300.0000","44201","Ozone","047","40140","Riverside-San Bernardino-Ontario, CA","06","California","065","Riverside","33.92086","-116.85841"
"08/19/2024","AQS","060650012","1","0.068","ppm","93","Banning Airport","51","300.0000","44201","Ozone","047","40140","Riverside-San Bernardino-Ontario, CA","06","California","065","Riverside","33.92086","-116.85841"
"08/20/2024","AQS","060650012","1","0.068","ppm","93","Banning Airport","51","300.0000","44201","Ozone","047","40140","Riverside-San Bernardino-Ontario, CA","06","California","065","Riverside","33.92086","-116.85841"
"08/21/2024","AQS","060650012","1","0.066","ppm","87","Banning Airport","51","300.0000","44201","Ozone","047","40140","Riverside-San Bernardino-Ontario, CA","06","California","065","Riverside","33.92086","-116.85841"
"08/22/2024","AQS","060650012","1","0.058","ppm","61","Banning Airport","51","300.0000","44201","Ozone","047","40140","Riverside-San Bernardino-Ontario, CA","06","California","065","Riverside","33.92086","-116.85841"
"08/23/2024","AQS","060650012","1","0.054","ppm","50","Banning Airport","51","300.0000","44201","Ozone","047","40140","Riverside-San Bernardino-Ontario, CA","06","California","065","Riverside","33.92086","-116.85841"
"08/24/2024","AQS","060650012","1","0.051","ppm","47","Banning Airport","51","300.0000","44201","Ozone","047","40140","Riverside-San Bernardino-Ontario, CA","06","California","065","Riverside","33.92086","-116.85841"
"08/25/2024","AQS","060650012","1","0.058","ppm","61","Banning Airport","51","300.0000","44201","Ozone","047","40140","Riverside-San Bernardino-Ontario, CA","06","California","065","Riverside","33.92086","-116.85841"
"08/26/2024","AQS","060650012","1","0.057","ppm","58","Banning Airport","51","300.0000","44201","Ozone","047","40140","Riverside-San Bernardino-Ontario, CA","06","California","065","Riverside","33.92086","-116.85841"
"08/27/2024","AQS","060650012","1","0.065","ppm","84","Banning Airport","51","300.0000","44201","Ozone","047","40140","Riverside-San Bernardino-Ontario, CA","06","California","065","Riverside","33.92086","-116.85841"
"08/28/2024","AQS","060650012","1","0.056","ppm","54","Banning Airport","51","300.0000","44201","Ozone","047","40140","Riverside-San Bernardino-Ontario, CA","06","California","065","Riverside","33.92086","-116.85841"
"08/29/2024","AQS","060650012","1","0.079","ppm","129","Banning Airport","51","300.0000","44201","Ozone","047","40140","Riverside-San Bernardino-Ontario, CA","06","California","065","Riverside","33.92086","-116.85841"
"08/30/2024","AQS","060650012","1","0.096","ppm","177","Banning Airport","51","300.0000","44201","Ozone","047","40140","Riverside-San Bernardino-Ontario, CA","06","California","065","Riverside","33.92086","-116.85841"
"08/31/2024","AQS","060650012","1","0.088","ppm","156","Banning Airport","51","300.0000","44201","Ozone","047","40140","Riverside-San Bernardino-Ontario, CA","06","California","065","Riverside","33.92086","-116.85841"
"09/01/2024","AQS","060650012","1","0.08","ppm","133","Banning Airport","51","300.0000","44201","Ozone","047","40140","Riverside-San Bernardino-Ontario, CA","06","California","065","Riverside","33.92086","-116.85841"
"09/02/2024","AQS","060650012","1","0.071","ppm","101","Banning Airport","51","300.0000","44201","Ozone","047","40140","Riverside-San Bernardino-Ontario, CA","06","California","065","Riverside","33.92086","-116.85841"
"09/03/2024","AQS","060650012","1","0.082","ppm","140","Banning Airport","51","300.0000","44201","Ozone","047","40140","Riverside-San Bernardino-Ontario, CA","06","California","065","Riverside","33.92086","-116.85841"
"09/04/2024","AQS","060650012","1","0.083","ppm","143","Banning Airport","51","300.0000","44201","Ozone","047","40140","Riverside-San Bernardino-Ontario, CA","06","California","065","Riverside","33.92086","-116.85841"
"09/05/2024","AQS","060650012","1","0.072","ppm","105","Banning Airport","51","300.0000","44201","Ozone","047","40140","Riverside-San Bernardino-Ontario, CA","06","California","065","Riverside","33.92086","-116.85841"
"09/06/2024","AQS","060650012","1","0.06","ppm","67","Banning Airport","51","300.0000","44201","Ozone","047","40140","Riverside-San Bernardino-Ontario, CA","06","California","065","Riverside","33.92086","-116.85841"
"09/07/2024","AQS","060650012","1","0.053","ppm","49","Banning Airport","51","300.0000","44201","Ozone","047","40140","Riverside-San Bernardino-Ontario, CA","06","California","065","Riverside","33.92086","-116.85841"
"09/08/2024","AQS","060650012","1","0.055","ppm","51","Banning Airport","51","300.0000","44201","Ozone","047","40140","Riverside-San Bernardino-Ontario, CA","06","California","065","Riverside","33.92086","-116.85841"
"09/09/2024","AQS","060650012","1","0.084","ppm","147","Banning Airport","51","300.0000","44201","Ozone","047","40140","Riverside-San Bernardino-Ontario, CA","06","California","065","Riverside","33.92086","-116.85841"
"09/10/2024","AQS","060650012","1","0.063","ppm","77","Banning Airport","51","300.0000","44201","Ozone","047","40140","Riverside-San Bernardino-Ontario, CA","06","California","065","Riverside","33.92086","-116.85841"
"09/11/2024","AQS","060650012","1","0.054","ppm","50","Banning Airport","51","300.0000","44201","Ozone","047","40140","Riverside-San Bernardino-Ontario, CA","06","California","065","Riverside","33.92086","-116.85841"
"09/12/2024","AQS","060650012","1","0.058","ppm","61","Banning Airport","51","300.0000","44201","Ozone","047","40140","Riverside-San Bernardino-Ontario, CA","06","California","065","Riverside","33.92086","-116.85841"
"09/13/2024","AQS","060650012","1","0.075","ppm","115","Banning Airport","51","300.0000","44201","Ozone","047","40140","Riverside-San Bernardino-Ontario, CA","06","California","065","Riverside","33.92086","-116.85841"
"09/14/2024","AQS","060650012","1","0.07","ppm","100","Banning Airport","51","300.0000","44201","Ozone","047","40140","Riverside-San Bernardino-Ontario, CA","06","California","065","Riverside","33.92086","-116.85841"
"09/15/2024","AQS","060650012","1","0.055","ppm","51","Banning Airport","51","300.0000","44201","Ozone","047","40140","Riverside-San Bernardino-Ontario, CA","06","California","065","Riverside","33.92086","-116.85841"
"09/16/2024","AQS","060650012","1","0.048","ppm","44","Banning Airport","51","300.0000","44201","Ozone","047","40140","Riverside-San Bernardino-Ontario, CA","06","California","065","Riverside","33.92086","-116.85841"
"09/17/2024","AQS","060650012","1","0.048","ppm","44","Banning Airport","51","300.0000","44201","Ozone","047","40140","Riverside-San Bernardino-Ontario, CA","06","California","065","Riverside","33.92086","-116.85841"
"09/18/2024","AQS","060650012","1","0.06","ppm","67","Banning Airport","51","300.0000","44201","Ozone","047","40140","Riverside-San Bernardino-Ontario, CA","06","California","065","Riverside","33.92086","-116.85841"
"09/19/2024","AQS","060650012","1","0.058","ppm","61","Banning Airport","51","300.0000","44201","Ozone","047","40140","Riverside-San Bernardino-Ontario, CA","06","California","065","Riverside","33.92086","-116.85841"
"09/20/2024","AQS","060650012","1","0.044","ppm","41","Banning Airport","51","300.0000","44201","Ozone","047","40140","Riverside-San Bernardino-Ontario, CA","06","California","065","Riverside","33.92086","-116.85841"
"09/21/2024","AQS","060650012","1","0.065","ppm","84","Banning Airport","51","300.0000","44201","Ozone","047","40140","Riverside-San Bernardino-Ontario, CA","06","California","065","Riverside","33.92086","-116.85841"
"09/22/2024","AQS","060650012","1","0.078","ppm","126","Banning Airport","51","300.0000","44201","Ozone","047","40140","Riverside-San Bernardino-Ontario, CA","06","California","065","Riverside","33.92086","-116.85841"
"09/23/2024","AQS","060650012","1","0.064","ppm","80","Banning Airport","51","300.0000","44201","Ozone","047","40140","Riverside-San Bernardino-Ontario, CA","06","California","065","Riverside","33.92086","-116.85841"
"09/24/2024","AQS","060650012","1","0.078","ppm","126","Banning Airport","51","300.0000","44201","Ozone","047","40140","Riverside-San Bernardino-Ontario, CA","06","California","065","Riverside","33.92086","-116.85841"
"09/25/2024","AQS","060650012","1","0.092","ppm","166","Banning Airport","51","300.0000","44201","Ozone","047","40140","Riverside-San Bernardino-Ontario, CA","06","California","065","Riverside","33.92086","-116.85841"
"09/26/2024","AQS","060650012","1","0.083","ppm","143","Banning Airport","51","300.0000","44201","Ozone","047","40140","Riverside-San Bernardino-Ontario, CA","06","California","065","Riverside","33.92086","-116.85841"
"09/27/2024","AQS","060650012","1","0.089","ppm","159","Banning Airport","45","265.0000","44201","Ozone","047","40140","Riverside-San Bernardino-Ontario, CA","06","California","065","Riverside","33.92086","-116.85841"
"09/28/2024","AQS","060650012","1","0.069","ppm","97","Banning Airport","51","300.0000","44201","Ozone","047","40140","Riverside-San Bernardino-Ontario, CA","06","California","065","Riverside","33.92086","-116.85841"
"09/29/2024","AQS","060650012","1","0.068","ppm","93","Banning Airport","51","300.0000","44201","Ozone","047","40140","Riverside-San Bernardino-Ontario, CA","06","California","065","Riverside","33.92086","-116.85841"
"09/30/2024","AQS","060650012","1","0.06","ppm","67","Banning Airport","51","300.0000","44201","Ozone","047","40140","Riverside-San Bernardino-Ontario, CA","06","California","065","Riverside","33.92086","-116.85841"
"10/01/2024","AQS","060650012","1","0.072","ppm","105","Banning Airport","51","300.0000","44201","Ozone","047","40140","Riverside-San Bernardino-Ontario, CA","06","California","065","Riverside","33.92086","-116.85841"
"10/02/2024","AQS","060650012","1","0.06","ppm","67","Banning Airport","51","300.0000","44201","Ozone","047","40140","Riverside-San Bernardino-Ontario, CA","06","California","065","Riverside","33.92086","-116.85841"
"10/03/2024","AQS","060650012","1","0.081","ppm","136","Banning Airport","51","300.0000","44201","Ozone","047","40140","Riverside-San Bernardino-Ontario, CA","06","California","065","Riverside","33.92086","-116.85841"
"10/04/2024","AQS","060650012","1","0.093","ppm","169","Banning Airport","42","247.0000","44201","Ozone","047","40140","Riverside-San Bernardino-Ontario, CA","06","California","065","Riverside","33.92086","-116.85841"
"10/05/2024","AQS","060650012","1","0.082","ppm","140","Banning Airport","51","300.0000","44201","Ozone","047","40140","Riverside-San Bernardino-Ontario, CA","06","California","065","Riverside","33.92086","-116.85841"
"10/06/2024","AQS","060650012","1","0.073","ppm","108","Banning Airport","51","300.0000","44201","Ozone","047","40140","Riverside-San Bernardino-Ontario, CA","06","California","065","Riverside","33.92086","-116.85841"
"10/07/2024","AQS","060650012","1","0.068","ppm","93","Banning Airport","51","300.0000","44201","Ozone","047","40140","Riverside-San Bernardino-Ontario, CA","06","California","065","Riverside","33.92086","-116.85841"
"10/08/2024","AQS","060650012","1","0.054","ppm","50","Banning Airport","51","300.0000","44201","Ozone","047","40140","Riverside-San Bernardino-Ontario, CA","06","California","065","Riverside","33.92086","-116.85841"
"10/09/2024","AQS","060650012","1","0.052","ppm","48","Banning Airport","51","300.0000","44201","Ozone","047","40140","Riverside-San Bernardino-Ontario, CA","06","California","065","Riverside","33.92086","-116.85841"
"10/10/2024","AQS","060650012","1","0.059","ppm","64","Banning Airport","51","300.0000","44201","Ozone","047","40140","Riverside-San Bernardino-Ontario, CA","06","California","065","Riverside","33.92086","-116.85841"
"10/11/2024","AQS","060650012","1","0.059","ppm","64","Banning Airport","51","300.0000","44201","Ozone","047","40140","Riverside-San Bernardino-Ontario, CA","06","California","065","Riverside","33.92086","-116.85841"
"10/12/2024","AQS","060650012","1","0.052","ppm","48","Banning Airport","51","300.0000","44201","Ozone","047","40140","Riverside-San Bernardino-Ontario, CA","06","California","065","Riverside","33.92086","-116.85841"
"10/13/2024","AQS","060650012","1","0.061","ppm","71","Banning Airport","51","300.0000","44201","Ozone","047","40140","Riverside-San Bernardino-Ontario, CA","06","California","065","Riverside","33.92086","-116.85841"
"10/14/2024","AQS","060650012","1","0.057","ppm","58","Banning Airport","51","300.0000","44201","Ozone","047","40140","Riverside-San Bernardino-Ontario, CA","06","California","065","Riverside","33.92086","-116.85841"
"10/15/2024","AQS","060650012","1","0.067","ppm","90","Banning Airport","51","300.0000","44201","Ozone","047","40140","Riverside-San Bernardino-Ontario, CA","06","California","065","Riverside","33.92086","-116.85841"
"10/16/2024","AQS","060650012","1","0.057","ppm","58","Banning Airport","51","300.0000","44201","Ozone","047","40140","Riverside-San Bernardino-Ontario, CA","06","California","065","Riverside","33.92086","-116.85841"
"10/17/2024","AQS","060650012","1","0.042","ppm","39","Banning Airport","51","300.0000","44201","Ozone","047","40140","Riverside-San Bernardino-Ontario, CA","06","California","065","Riverside","33.92086","-116.85841"
"10/18/2024","AQS","060650012","1","0.046","ppm","43","Banning Airport","51","300.0000","44201","Ozone","047","40140","Riverside-San Bernardino-Ontario, CA","06","California","065","Riverside","33.92086","-116.85841"
"10/19/2024","AQS","060650012","1","0.042","ppm","39","Banning Airport","51","300.0000","44201","Ozone","047","40140","Riverside-San Bernardino-Ontario, CA","06","California","065","Riverside","33.92086","-116.85841"
"10/20/2024","AQS","060650012","1","0.05","ppm","46","Banning Airport","51","300.0000","44201","Ozone","047","40140","Riverside-San Bernardino-Ontario, CA","06","California","065","Riverside","33.92086","-116.85841"
"10/21/2024","AQS","060650012","1","0.05","ppm","46","Banning Airport","51","300.0000","44201","Ozone","047","40140","Riverside-San Bernardino-Ontario, CA","06","California","065","Riverside","33.92086","-116.85841"
"10/22/2024","AQS","060650012","1","0.048","ppm","44","Banning Airport","51","300.0000","44201","Ozone","047","40140","Riverside-San Bernardino-Ontario, CA","06","California","065","Riverside","33.92086","-116.85841"
"10/23/2024","AQS","060650012","1","0.071","ppm","101","Banning Airport","51","300.0000","44201","Ozone","047","40140","Riverside-San Bernardino-Ontario, CA","06","California","065","Riverside","33.92086","-116.85841"
"10/24/2024","AQS","060650012","1","0.068","ppm","93","Banning Airport","51","300.0000","44201","Ozone","047","40140","Riverside-San Bernardino-Ontario, CA","06","California","065","Riverside","33.92086","-116.85841"
"10/25/2024","AQS","060650012","1","0.069","ppm","97","Banning Airport","51","300.0000","44201","Ozone","047","40140","Riverside-San Bernardino-Ontario, CA","06","California","065","Riverside","33.92086","-116.85841"
"10/26/2024","AQS","060650012","1","0.053","ppm","49","Banning Airport","51","300.0000","44201","Ozone","047","40140","Riverside-San Bernardino-Ontario, CA","06","California","065","Riverside","33.92086","-116.85841"
"10/27/2024","AQS","060650012","1","0.057","ppm","58","Banning Airport","51","300.0000","44201","Ozone","047","40140","Riverside-San Bernardino-Ontario, CA","06","California","065","Riverside","33.92086","-116.85841"
"10/28/2024","AQS","060650012","1","0.042","ppm","39","Banning Airport","51","300.0000","44201","Ozone","047","40140","Riverside-San Bernardino-Ontario, CA","06","California","065","Riverside","33.92086","-116.85841"
"10/29/2024","AQS","060650012","1","0.046","ppm","43","Banning Airport","51","300.0000","44201","Ozone","047","40140","Riverside-San Bernardino-Ontario, CA","06","California","065","Riverside","33.92086","-116.85841"
"10/30/2024","AQS","060650012","1","0.044","ppm","41","Banning Airport","51","300.0000","44201","Ozone","047","40140","Riverside-San Bernardino-Ontario, CA","06","California","065","Riverside","33.92086","-116.85841"
"10/31/2024","AQS","060650012","1","0.054","ppm","50","Banning Airport","36","212.0000","44201","Ozone","047","40140","Riverside-San Bernardino-Ontario, CA","06","California","065","Riverside","33.92086","-116.85841"
"11/01/2024","AirNow","060650012","1","0.057","ppm","58","Banning Airport","24","100.0000","44201","Ozone","","40140","Riverside-San Bernardino-Ontario, CA","06","California","065","Riverside","33.92086","-116.85841"
"11/02/2024","AirNow","060650012","1","0.049","ppm","45","Banning Airport","24","100.0000","44201","Ozone","","40140","Riverside-San Bernardino-Ontario, CA","06","California","065","Riverside","33.92086","-116.85841"
"11/03/2024","AirNow","060650012","1","0.046","ppm","43","Banning Airport","24","100.0000","44201","Ozone","","40140","Riverside-San Bernardino-Ontario, CA","06","California","065","Riverside","33.92086","-116.85841"
"11/04/2024","AirNow","060650012","1","0.043","ppm","40","Banning Airport","24","100.0000","44201","Ozone","","40140","Riverside-San Bernardino-Ontario, CA","06","California","065","Riverside","33.92086","-116.85841"
"11/05/2024","AirNow","060650012","1","0.049","ppm","45","Banning Airport","24","100.0000","44201","Ozone","","40140","Riverside-San Bernardino-Ontario, CA","06","California","065","Riverside","33.92086","-116.85841"
"11/06/2024","AirNow","060650012","1","0.042","ppm","39","Banning Airport","24","100.0000","44201","Ozone","","40140","Riverside-San Bernardino-Ontario, CA","06","California","065","Riverside","33.92086","-116.85841"
"11/07/2024","AirNow","060650012","1","0.038","ppm","35","Banning Airport","24","100.0000","44201","Ozone","","40140","Riverside-San Bernardino-Ontario, CA","06","California","065","Riverside","33.92086","-116.85841"
"11/08/2024","AirNow","060650012","1","0.039","ppm","36","Banning Airport","24","100.0000","44201","Ozone","","40140","Riverside-San Bernardino-Ontario, CA","06","California","065","Riverside","33.92086","-116.85841"
"11/09/2024","AirNow","060650012","1","0.042","ppm","39","Banning Airport","24","100.0000","44201","Ozone","","40140","Riverside-San Bernardino-Ontario, CA","06","California","065","Riverside","33.92086","-116.85841"
"11/10/2024","AirNow","060650012","1","0.046","ppm","43","Banning Airport","24","100.0000","44201","Ozone","","40140","Riverside-San Bernardino-Ontario, CA","06","California","065","Riverside","33.92086","-116.85841"
"11/11/2024","AirNow","060650012","1","0.063","ppm","77","Banning Airport","24","100.0000","44201","Ozone","","40140","Riverside-San Bernardino-Ontario, CA","06","California","065","Riverside","33.92086","-116.85841"
"11/12/2024","AirNow","060650012","1","0.046","ppm","43","Banning Airport","24","100.0000","44201","Ozone","","40140","Riverside-San Bernardino-Ontario, CA","06","California","065","Riverside","33.92086","-116.85841"
"11/13/2024","AirNow","060650012","1","0.042","ppm","39","Banning Airport","24","100.0000","44201","Ozone","","40140","Riverside-San Bernardino-Ontario, CA","06","California","065","Riverside","33.92086","-116.85841"
"11/14/2024","AirNow","060650012","1","0.054","ppm","50","Banning Airport","24","100.0000","44201","Ozone","","40140","Riverside-San Bernardino-Ontario, CA","06","California","065","Riverside","33.92086","-116.85841"
"11/15/2024","AirNow","060650012","1","0.041","ppm","38","Banning Airport","24","100.0000","44201","Ozone","","40140","Riverside-San Bernardino-Ontario, CA","06","California","065","Riverside","33.92086","-116.85841"
"11/16/2024","AirNow","060650012","1","0.04","ppm","37","Banning Airport","24","100.0000","44201","Ozone","","40140","Riverside-San Bernardino-Ontario, CA","06","California","065","Riverside","33.92086","-116.85841"
"11/17/2024","AirNow","060650012","1","0.042","ppm","39","Banning Airport","24","100.0000","44201","Ozone","","40140","Riverside-San Bernardino-Ontario, CA","06","California","065","Riverside","33.92086","-116.85841"
"11/18/2024","AirNow","060650012","1","0.046","ppm","43","Banning Airport","24","100.0000","44201","Ozone","","40140","Riverside-San Bernardino-Ontario, CA","06","California","065","Riverside","33.92086","-116.85841"
"11/20/2024","AirNow","060650012","1","0.045","ppm","42","Banning Airport","24","100.0000","44201","Ozone","","40140","Riverside-San Bernardino-Ontario, CA","06","California","065","Riverside","33.92086","-116.85841"
"11/22/2024","AirNow","060650012","1","0.054","ppm","50","Banning Airport","19","79.0000","44201","Ozone","","40140","Riverside-San Bernardino-Ontario, CA","06","California","065","Riverside","33.92086","-116.85841"
"11/23/2024","AirNow","060650012","1","0.044","ppm","41","Banning Airport","24","100.0000","44201","Ozone","","40140","Riverside-San Bernardino-Ontario, CA","06","California","065","Riverside","33.92086","-116.85841"
"11/24/2024","AirNow","060650012","1","0.042","ppm","39","Banning Airport","24","100.0000","44201","Ozone","","40140","Riverside-San Bernardino-Ontario, CA","06","California","065","Riverside","33.92086","-116.85841"
"11/25/2024","AirNow","060650012","1","0.039","ppm","36","Banning Airport","24","100.0000","44201","Ozone","","40140","Riverside-San Bernardino-Ontario, CA","06","California","065","Riverside","33.92086","-116.85841"
"11/26/2024","AirNow","060650012","1","0.037","ppm","34","Banning Airport","24","100.0000","44201","Ozone","","40140","Riverside-San Bernardino-Ontario, CA","06","California","065","Riverside","33.92086","-116.85841"
"11/27/2024","AirNow","060650012","1","0.032","ppm","30","Banning Airport","24","100.0000","44201","Ozone","","40140","Riverside-San Bernardino-Ontario, CA","06","California","065","Riverside","33.92086","-116.85841"
"11/28/2024","AirNow","060650012","1","0.043","ppm","40","Banning Airport","24","100.0000","44201","Ozone","","40140","Riverside-San Bernardino-Ontario, CA","06","California","065","Riverside","33.92086","-116.85841"
"11/29/2024","AirNow","060650012","1","0.044","ppm","41","Banning Airport","24","100.0000","44201","Ozone","","40140","Riverside-San Bernardino-Ontario, CA","06","California","065","Riverside","33.92086","-116.85841"
"11/30/2024","AirNow","060650012","1","0.045","ppm","42","Banning Airport","24","100.0000","44201","Ozone","","40140","Riverside-San Bernardino-Ontario, CA","06","California","065","Riverside","33.92086","-116.85841"
"12/01/2024","AirNow","060650012","1","0.045","ppm","42","Banning Airport","24","100.0000","44201","Ozone","","40140","Riverside-San Bernardino-Ontario, CA","06","California","065","Riverside","33.92086","-116.85841"
"12/02/2024","AirNow","060650012","1","0.045","ppm","42","Banning Airport","24","100.0000","44201","Ozone","","40140","Riverside-San Bernardino-Ontario, CA","06","California","065","Riverside","33.92086","-116.85841"
"12/03/2024","AirNow","060650012","1","0.043","ppm","40","Banning Airport","24","100.0000","44201","Ozone","","40140","Riverside-San Bernardino-Ontario, CA","06","California","065","Riverside","33.92086","-116.85841"
"12/04/2024","AirNow","060650012","1","0.05","ppm","46","Banning Airport","24","100.0000","44201","Ozone","","40140","Riverside-San Bernardino-Ontario, CA","06","California","065","Riverside","33.92086","-116.85841"
"12/05/2024","AirNow","060650012","1","0.043","ppm","40","Banning Airport","24","100.0000","44201","Ozone","","40140","Riverside-San Bernardino-Ontario, CA","06","California","065","Riverside","33.92086","-116.85841"
"12/06/2024","AirNow","060650012","1","0.044","ppm","41","Banning Airport","24","100.0000","44201","Ozone","","40140","Riverside-San Bernardino-Ontario, CA","06","California","065","Riverside","33.92086","-116.85841"
"12/07/2024","AirNow","060650012","1","0.044","ppm","41","Banning Airport","24","100.0000","44201","Ozone","","40140","Riverside-San Bernardino-Ontario, CA","06","California","065","Riverside","33.92086","-116.85841"
"12/08/2024","AirNow","060650012","1","0.049","ppm","45","Banning Airport","24","100.0000","44201","Ozone","","40140","Riverside-San Bernardino-Ontario, CA","06","California","065","Riverside","33.92086","-116.85841"
"12/09/2024","AirNow","060650012","1","0.045","ppm","42","Banning Airport","24","100.0000","44201","Ozone","","40140","Riverside-San Bernardino-Ontario, CA","06","California","065","Riverside","33.92086","-116.85841"
"12/10/2024","AirNow","060650012","1","0.043","ppm","40","Banning Airport","24","100.0000","44201","Ozone","","40140","Riverside-San Bernardino-Ontario, CA","06","California","065","Riverside","33.92086","-116.85841"
"12/11/2024","AirNow","060650012","1","0.045","ppm","42","Banning Airport","24","100.0000","44201","Ozone","","40140","Riverside-San Bernardino-Ontario, CA","06","California","065","Riverside","33.92086","-116.85841"
"12/12/2024","AirNow","060650012","1","0.043","ppm","40","Banning Airport","24","100.0000","44201","Ozone","","40140","Riverside-San Bernardino-Ontario, CA","06","California","065","Riverside","33.92086","-116.85841"
"12/13/2024","AirNow","060650012","1","0.041","ppm","38","Banning Airport","24","100.0000","44201","Ozone","","40140","Riverside-San Bernardino-Ontario, CA","06","California","065","Riverside","33.92086","-116.85841"
"12/14/2024","AirNow","060650012","1","0.043","ppm","40","Banning Airport","24","100.0000","44201","Ozone","","40140","Riverside-San Bernardino-Ontario, CA","06","California","065","Riverside","33.92086","-116.85841"
"12/15/2024","AirNow","060650012","1","0.05","ppm","46","Banning Airport","24","100.0000","44201","Ozone","","40140","Riverside-San Bernardino-Ontario, CA","06","California","065","Riverside","33.92086","-116.85841"
"12/16/2024","AirNow","060650012","1","0.051","ppm","47","Banning Airport","24","100.0000","44201","Ozone","","40140","Riverside-San Bernardino-Ontario, CA","06","California","065","Riverside","33.92086","-116.85841"
"12/17/2024","AirNow","060650012","1","0.045","ppm","42","Banning Airport","24","100.0000","44201","Ozone","","40140","Riverside-San Bernardino-Ontario, CA","06","California","065","Riverside","33.92086","-116.85841"
"12/18/2024","AirNow","060650012","1","0.046","ppm","43","Banning Airport","24","100.0000","44201","Ozone","","40140","Riverside-San Bernardino-Ontario, CA","06","California","065","Riverside","33.92086","-116.85841"
"12/19/2024","AirNow","060650012","1","0.046","ppm","43","Banning Airport","24","100.0000","44201","Ozone","","40140","Riverside-San Bernardino-Ontario, CA","06","California","065","Riverside","33.92086","-116.85841"
"12/20/2024","AirNow","060650012","1","0.047","ppm","44","Banning Airport","24","100.0000","44201","Ozone","","40140","Riverside-San Bernardino-Ontario, CA","06","California","065","Riverside","33.92086","-116.85841"
"12/21/2024","AirNow","060650012","1","0.051","ppm","47","Banning Airport","24","100.0000","44201","Ozone","","40140","Riverside-San Bernardino-Ontario, CA","06","California","065","Riverside","33.92086","-116.85841"
"12/22/2024","AirNow","060650012","1","0.049","ppm","45","Banning Airport","24","100.0000","44201","Ozone","","40140","Riverside-San Bernardino-Ontario, CA","06","California","065","Riverside","33.92086","-116.85841"
"12/23/2024","AirNow","060650012","1","0.044","ppm","41","Banning Airport","24","100.0000","44201","Ozone","","40140","Riverside-San Bernardino-Ontario, CA","06","California","065","Riverside","33.92086","-116.85841"
"12/24/2024","AirNow","060650012","1","0.041","ppm","38","Banning Airport","24","100.0000","44201","Ozone","","40140","Riverside-San Bernardino-Ontario, CA","06","California","065","Riverside","33.92086","-116.85841"
"12/25/2024","AirNow","060650012","1","0.043","ppm","40","Banning Airport","24","100.0000","44201","Ozone","","40140","Riverside-San Bernardino-Ontario, CA","06","California","065","Riverside","33.92086","-116.85841"
"12/26/2024","AirNow","060650012","1","0.045","ppm","42","Banning Airport","24","100.0000","44201","Ozone","","40140","Riverside-San Bernardino-Ontario, CA","06","California","065","Riverside","33.92086","-116.85841"
"12/27/2024","AirNow","060650012","1","0.039","ppm","36","Banning Airport","24","100.0000","44201","Ozone","","40140","Riverside-San Bernardino-Ontario, CA","06","California","065","Riverside","33.92086","-116.85841"
"12/28/2024","AirNow","060650012","1","0.038","ppm","35","Banning Airport","24","100.0000","44201","Ozone","","40140","Riverside-San Bernardino-Ontario, CA","06","California","065","Riverside","33.92086","-116.85841"
"12/29/2024","AirNow","060650012","1","0.047","ppm","44","Banning Airport","24","100.0000","44201","Ozone","","40140","Riverside-San Bernardino-Ontario, CA","06","California","065","Riverside","33.92086","-116.85841"
"12/30/2024","AirNow","060650012","1","0.046","ppm","43","Banning Airport","24","100.0000","44201","Ozone","","40140","Riverside-San Bernardino-Ontario, CA","06","California","065","Riverside","33.92086","-116.85841"
"12/31/2024","AirNow","060650012","1","0.047","ppm","44","Banning Airport","19","79.0000","44201","Ozone","","40140","Riverside-San Bernardino-Ontario, CA","06","California","065","Riverside","33.92086","-116.85841"
"01/01/2024","AQS","060650016","1","0.04","ppm","37","Temecula","17","100.0000","44201","Ozone","087","40140","Riverside-San Bernardino-Ontario, CA","06","California","065","Riverside","33.5830180008699","-117.072202"
"01/02/2024","AQS","060650016","1","0.041","ppm","38","Temecula","17","100.0000","44201","Ozone","087","40140","Riverside-San Bernardino-Ontario, CA","06","California","065","Riverside","33.5830180008699","-117.072202"
"01/03/2024","AQS","060650016","1","0.036","ppm","33","Temecula","17","100.0000","44201","Ozone","087","40140","Riverside-San Bernardino-Ontario, CA","06","California","065","Riverside","33.5830180008699","-117.072202"
"01/04/2024","AQS","060650016","1","0.036","ppm","33","Temecula","17","100.0000","44201","Ozone","087","40140","Riverside-San Bernardino-Ontario, CA","06","California","065","Riverside","33.5830180008699","-117.072202"
"01/05/2024","AQS","060650016","1","0.035","ppm","32","Temecula","17","100.0000","44201","Ozone","087","40140","Riverside-San Bernardino-Ontario, CA","06","California","065","Riverside","33.5830180008699","-117.072202"
"01/06/2024","AQS","060650016","1","0.04","ppm","37","Temecula","17","100.0000","44201","Ozone","087","40140","Riverside-San Bernardino-Ontario, CA","06","California","065","Riverside","33.5830180008699","-117.072202"
"01/07/2024","AQS","060650016","1","0.038","ppm","35","Temecula","17","100.0000","44201","Ozone","087","40140","Riverside-San Bernardino-Ontario, CA","06","California","065","Riverside","33.5830180008699","-117.072202"
"01/08/2024","AQS","060650016","1","0.036","ppm","33","Temecula","17","100.0000","44201","Ozone","087","40140","Riverside-San Bernardino-Ontario, CA","06","California","065","Riverside","33.5830180008699","-117.072202"
"01/09/2024","AQS","060650016","1","0.036","ppm","33","Temecula","17","100.0000","44201","Ozone","087","40140","Riverside-San Bernardino-Ontario, CA","06","California","065","Riverside","33.5830180008699","-117.072202"
"01/10/2024","AQS","060650016","1","0.035","ppm","32","Temecula","17","100.0000","44201","Ozone","087","40140","Riverside-San Bernardino-Ontario, CA","06","California","065","Riverside","33.5830180008699","-117.072202"
"01/11/2024","AQS","060650016","1","0.042","ppm","39","Temecula","17","100.0000","44201","Ozone","087","40140","Riverside-San Bernardino-Ontario, CA","06","California","065","Riverside","33.5830180008699","-117.072202"
"01/12/2024","AQS","060650016","1","0.041","ppm","38","Temecula","17","100.0000","44201","Ozone","087","40140","Riverside-San Bernardino-Ontario, CA","06","California","065","Riverside","33.5830180008699","-117.072202"
"01/13/2024","AQS","060650016","1","0.045","ppm","42","Temecula","17","100.0000","44201","Ozone","087","40140","Riverside-San Bernardino-Ontario, CA","06","California","065","Riverside","33.5830180008699","-117.072202"
"01/14/2024","AQS","060650016","1","0.041","ppm","38","Temecula","17","100.0000","44201","Ozone","087","40140","Riverside-San Bernardino-Ontario, CA","06","California","065","Riverside","33.5830180008699","-117.072202"
"01/15/2024","AQS","060650016","1","0.04","ppm","37","Temecula","17","100.0000","44201","Ozone","087","40140","Riverside-San Bernardino-Ontario, CA","06","California","065","Riverside","33.5830180008699","-117.072202"
"01/16/2024","AQS","060650016","1","0.046","ppm","43","Temecula","16","94.0000","44201","Ozone","087","40140","Riverside-San Bernardino-Ontario, CA","06","California","065","Riverside","33.5830180008699","-117.072202"
"01/17/2024","AQS","060650016","1","0.043","ppm","40","Temecula","17","100.0000","44201","Ozone","087","40140","Riverside-San Bernardino-Ontario, CA","06","California","065","Riverside","33.5830180008699","-117.072202"
"01/18/2024","AQS","060650016","1","0.037","ppm","34","Temecula","17","100.0000","44201","Ozone","087","40140","Riverside-San Bernardino-Ontario, CA","06","California","065","Riverside","33.5830180008699","-117.072202"
"01/19/2024","AQS","060650016","1","0.036","ppm","33","Temecula","17","100.0000","44201","Ozone","087","40140","Riverside-San Bernardino-Ontario, CA","06","California","065","Riverside","33.5830180008699","-117.072202"
"01/20/2024","AQS","060650016","1","0.028","ppm","26","Temecula","17","100.0000","44201","Ozone","087","40140","Riverside-San Bernardino-Ontario, CA","06","California","065","Riverside","33.5830180008699","-117.072202"
"01/21/2024","AQS","060650016","1","0.033","ppm","31","Temecula","17","100.0000","44201","Ozone","087","40140","Riverside-San Bernardino-Ontario, CA","06","California","065","Riverside","33.5830180008699","-117.072202"
"01/22/2024","AQS","060650016","1","0.033","ppm","31","Temecula","17","100.0000","44201","Ozone","087","40140","Riverside-San Bernardino-Ontario, CA","06","California","065","Riverside","33.5830180008699","-117.072202"
"01/23/2024","AQS","060650016","1","0.035","ppm","32","Temecula","17","100.0000","44201","Ozone","087","40140","Riverside-San Bernardino-Ontario, CA","06","California","065","Riverside","33.5830180008699","-117.072202"
"01/24/2024","AQS","060650016","1","0.027","ppm","25","Temecula","17","100.0000","44201","Ozone","087","40140","Riverside-San Bernardino-Ontario, CA","06","California","065","Riverside","33.5830180008699","-117.072202"
"01/25/2024","AQS","060650016","1","0.032","ppm","30","Temecula","17","100.0000","44201","Ozone","087","40140","Riverside-San Bernardino-Ontario, CA","06","California","065","Riverside","33.5830180008699","-117.072202"
"01/26/2024","AQS","060650016","1","0.041","ppm","38","Temecula","17","100.0000","44201","Ozone","087","40140","Riverside-San Bernardino-Ontario, CA","06","California","065","Riverside","33.5830180008699","-117.072202"
"01/27/2024","AQS","060650016","1","0.045","ppm","42","Temecula","17","100.0000","44201","Ozone","087","40140","Riverside-San Bernardino-Ontario, CA","06","California","065","Riverside","33.5830180008699","-117.072202"
"01/28/2024","AQS","060650016","1","0.038","ppm","35","Temecula","17","100.0000","44201","Ozone","087","40140","Riverside-San Bernardino-Ontario, CA","06","California","065","Riverside","33.5830180008699","-117.072202"
"01/29/2024","AQS","060650016","1","0.042","ppm","39","Temecula","17","100.0000","44201","Ozone","087","40140","Riverside-San Bernardino-Ontario, CA","06","California","065","Riverside","33.5830180008699","-117.072202"
"02/01/2024","AQS","060650016","1","0.035","ppm","32","Temecula","17","100.0000","44201","Ozone","087","40140","Riverside-San Bernardino-Ontario, CA","06","California","065","Riverside","33.5830180008699","-117.072202"
"02/02/2024","AQS","060650016","1","0.038","ppm","35","Temecula","17","100.0000","44201","Ozone","087","40140","Riverside-San Bernardino-Ontario, CA","06","California","065","Riverside","33.5830180008699","-117.072202"
"02/03/2024","AQS","060650016","1","0.041","ppm","38","Temecula","17","100.0000","44201","Ozone","087","40140","Riverside-San Bernardino-Ontario, CA","06","California","065","Riverside","33.5830180008699","-117.072202"
"02/04/2024","AQS","060650016","1","0.04","ppm","37","Temecula","17","100.0000","44201","Ozone","087","40140","Riverside-San Bernardino-Ontario, CA","06","California","065","Riverside","33.5830180008699","-117.072202"
"02/05/2024","AQS","060650016","1","0.037","ppm","34","Temecula","17","100.0000","44201","Ozone","087","40140","Riverside-San Bernardino-Ontario, CA","06","California","065","Riverside","33.5830180008699","-117.072202"
"02/06/2024","AQS","060650016","1","0.039","ppm","36","Temecula","17","100.0000","44201","Ozone","087","40140","Riverside-San Bernardino-Ontario, CA","06","California","065","Riverside","33.5830180008699","-117.072202"
"02/07/2024","AQS","060650016","1","0.04","ppm","37","Temecula","17","100.0000","44201","Ozone","087","40140","Riverside-San Bernardino-Ontario, CA","06","California","065","Riverside","33.5830180008699","-117.072202"
"02/08/2024","AQS","060650016","1","0.04","ppm","37","Temecula","17","100.0000","44201","Ozone","087","40140","Riverside-San Bernardino-Ontario, CA","06","California","065","Riverside","33.5830180008699","-117.072202"
"02/09/2024","AQS","060650016","1","0.039","ppm","36","Temecula","17","100.0000","44201","Ozone","087","40140","Riverside-San Bernardino-Ontario, CA","06","California","065","Riverside","33.5830180008699","-117.072202"
"02/10/2024","AirNow","060650016","1","0.039","ppm","36","Temecula","24","100.0000","44201","Ozone","","40140","Riverside-San Bernardino-Ontario, CA","06","California","065","Riverside","33.5830180008699","-117.072202"
"02/11/2024","AirNow","060650016","1","0.042","ppm","39","Temecula","24","100.0000","44201","Ozone","","40140","Riverside-San Bernardino-Ontario, CA","06","California","065","Riverside","33.5830180008699","-117.072202"
"02/12/2024","AirNow","060650016","1","0.045","ppm","42","Temecula","24","100.0000","44201","Ozone","","40140","Riverside-San Bernardino-Ontario, CA","06","California","065","Riverside","33.5830180008699","-117.072202"
"02/13/2024","AirNow","060650016","1","0.046","ppm","43","Temecula","24","100.0000","44201","Ozone","","40140","Riverside-San Bernardino-Ontario, CA","06","California","065","Riverside","33.5830180008699","-117.072202"
"02/14/2024","AQS","060650016","1","0.049","ppm","45","Temecula","17","100.0000","44201","Ozone","087","40140","Riverside-San Bernardino-Ontario, CA","06","California","065","Riverside","33.5830180008699","-117.072202"
"02/15/2024","AQS","060650016","1","0.045","ppm","42","Temecula","17","100.0000","44201","Ozone","087","40140","Riverside-San Bernardino-Ontario, CA","06","California","065","Riverside","33.5830180008699","-117.072202"
"02/17/2024","AQS","060650016","1","0.038","ppm","35","Temecula","17","100.0000","44201","Ozone","087","40140","Riverside-San Bernardino-Ontario, CA","06","California","065","Riverside","33.5830180008699","-117.072202"
"02/18/2024","AQS","060650016","1","0.038","ppm","35","Temecula","17","100.0000","44201","Ozone","087","40140","Riverside-San Bernardino-Ontario, CA","06","California","065","Riverside","33.5830180008699","-117.072202"
"02/19/2024","AQS","060650016","1","0.032","ppm","30","Temecula","17","100.0000","44201","Ozone","087","40140","Riverside-San Bernardino-Ontario, CA","06","California","065","Riverside","33.5830180008699","-117.072202"
"02/20/2024","AQS","060650016","1","0.033","ppm","31","Temecula","17","100.0000","44201","Ozone","087","40140","Riverside-San Bernardino-Ontario, CA","06","California","065","Riverside","33.5830180008699","-117.072202"
"02/21/2024","AQS","060650016","1","0.039","ppm","36","Temecula","17","100.0000","44201","Ozone","087","40140","Riverside-San Bernardino-Ontario, CA","06","California","065","Riverside","33.5830180008699","-117.072202"
"02/22/2024","AQS","060650016","1","0.046","ppm","43","Temecula","17","100.0000","44201","Ozone","087","40140","Riverside-San Bernardino-Ontario, CA","06","California","065","Riverside","33.5830180008699","-117.072202"
"02/23/2024","AQS","060650016","1","0.044","ppm","41","Temecula","17","100.0000","44201","Ozone","087","40140","Riverside-San Bernardino-Ontario, CA","06","California","065","Riverside","33.5830180008699","-117.072202"
"02/24/2024","AQS","060650016","1","0.043","ppm","40","Temecula","17","100.0000","44201","Ozone","087","40140","Riverside-San Bernardino-Ontario, CA","06","California","065","Riverside","33.5830180008699","-117.072202"
"02/25/2024","AQS","060650016","1","0.045","ppm","42","Temecula","17","100.0000","44201","Ozone","087","40140","Riverside-San Bernardino-Ontario, CA","06","California","065","Riverside","33.5830180008699","-117.072202"
"02/26/2024","AQS","060650016","1","0.036","ppm","33","Temecula","17","100.0000","44201","Ozone","087","40140","Riverside-San Bernardino-Ontario, CA","06","California","065","Riverside","33.5830180008699","-117.072202"
"02/27/2024","AQS","060650016","1","0.037","ppm","34","Temecula","17","100.0000","44201","Ozone","087","40140","Riverside-San Bernardino-Ontario, CA","06","California","065","Riverside","33.5830180008699","-117.072202"
"02/28/2024","AQS","060650016","1","0.042","ppm","39","Temecula","17","100.0000","44201","Ozone","087","40140","Riverside-San Bernardino-Ontario, CA","06","California","065","Riverside","33.5830180008699","-117.072202"
"02/29/2024","AQS","060650016","1","0.039","ppm","36","Temecula","17","100.0000","44201","Ozone","087","40140","Riverside-San Bernardino-Ontario, CA","06","California","065","Riverside","33.5830180008699","-117.072202"
"03/01/2024","AQS","060650016","1","0.039","ppm","36","Temecula","17","100.0000","44201","Ozone","087","40140","Riverside-San Bernardino-Ontario, CA","06","California","065","Riverside","33.5830180008699","-117.072202"
"03/02/2024","AQS","060650016","1","0.035","ppm","32","Temecula","17","100.0000","44201","Ozone","087","40140","Riverside-San Bernardino-Ontario, CA","06","California","065","Riverside","33.5830180008699","-117.072202"
"03/03/2024","AQS","060650016","1","0.036","ppm","33","Temecula","17","100.0000","44201","Ozone","087","40140","Riverside-San Bernardino-Ontario, CA","06","California","065","Riverside","33.5830180008699","-117.072202"
"03/04/2024","AQS","060650016","1","0.04","ppm","37","Temecula","17","100.0000","44201","Ozone","087","40140","Riverside-San Bernardino-Ontario, CA","06","California","065","Riverside","33.5830180008699","-117.072202"
"03/05/2024","AQS","060650016","1","0.041","ppm","38","Temecula","17","100.0000","44201","Ozone","087","40140","Riverside-San Bernardino-Ontario, CA","06","California","065","Riverside","33.5830180008699","-117.072202"
"03/06/2024","AQS","060650016","1","0.037","ppm","34","Temecula","17","100.0000","44201","Ozone","087","40140","Riverside-San Bernardino-Ontario, CA","06","California","065","Riverside","33.5830180008699","-117.072202"
"03/07/2024","AQS","060650016","1","0.035","ppm","32","Temecula","17","100.0000","44201","Ozone","087","40140","Riverside-San Bernardino-Ontario, CA","06","California","065","Riverside","33.5830180008699","-117.072202"
"03/08/2024","AQS","060650016","1","0.039","ppm","36","Temecula","17","100.0000","44201","Ozone","087","40140","Riverside-San Bernardino-Ontario, CA","06","California","065","Riverside","33.5830180008699","-117.072202"
"03/09/2024","AQS","060650016","1","0.047","ppm","44","Temecula","17","100.0000","44201","Ozone","087","40140","Riverside-San Bernardino-Ontario, CA","06","California","065","Riverside","33.5830180008699","-117.072202"
"03/10/2024","AQS","060650016","1","0.048","ppm","44","Temecula","17","100.0000","44201","Ozone","087","40140","Riverside-San Bernardino-Ontario, CA","06","California","065","Riverside","33.5830180008699","-117.072202"
"03/11/2024","AQS","060650016","1","0.041","ppm","38","Temecula","17","100.0000","44201","Ozone","087","40140","Riverside-San Bernardino-Ontario, CA","06","California","065","Riverside","33.5830180008699","-117.072202"
"03/12/2024","AQS","060650016","1","0.039","ppm","36","Temecula","17","100.0000","44201","Ozone","087","40140","Riverside-San Bernardino-Ontario, CA","06","California","065","Riverside","33.5830180008699","-117.072202"
"03/13/2024","AQS","060650016","1","0.041","ppm","38","Temecula","17","100.0000","44201","Ozone","087","40140","Riverside-San Bernardino-Ontario, CA","06","California","065","Riverside","33.5830180008699","-117.072202"
"03/14/2024","AQS","060650016","1","0.044","ppm","41","Temecula","17","100.0000","44201","Ozone","087","40140","Riverside-San Bernardino-Ontario, CA","06","California","065","Riverside","33.5830180008699","-117.072202"
"03/15/2024","AQS","060650016","1","0.04","ppm","37","Temecula","17","100.0000","44201","Ozone","087","40140","Riverside-San Bernardino-Ontario, CA","06","California","065","Riverside","33.5830180008699","-117.072202"
"03/16/2024","AQS","060650016","1","0.041","ppm","38","Temecula","17","100.0000","44201","Ozone","087","40140","Riverside-San Bernardino-Ontario, CA","06","California","065","Riverside","33.5830180008699","-117.072202"
"03/17/2024","AQS","060650016","1","0.043","ppm","40","Temecula","17","100.0000","44201","Ozone","087","40140","Riverside-San Bernardino-Ontario, CA","06","California","065","Riverside","33.5830180008699","-117.072202"
"03/18/2024","AQS","060650016","1","0.039","ppm","36","Temecula","17","100.0000","44201","Ozone","087","40140","Riverside-San Bernardino-Ontario, CA","06","California","065","Riverside","33.5830180008699","-117.072202"
"03/19/2024","AQS","060650016","1","0.048","ppm","44","Temecula","17","100.0000","44201","Ozone","087","40140","Riverside-San Bernardino-Ontario, CA","06","California","065","Riverside","33.5830180008699","-117.072202"
"03/20/2024","AQS","060650016","1","0.052","ppm","48","Temecula","17","100.0000","44201","Ozone","087","40140","Riverside-San Bernardino-Ontario, CA","06","California","065","Riverside","33.5830180008699","-117.072202"
"03/21/2024","AQS","060650016","1","0.048","ppm","44","Temecula","17","100.0000","44201","Ozone","087","40140","Riverside-San Bernardino-Ontario, CA","06","California","065","Riverside","33.5830180008699","-117.072202"
"03/22/2024","AQS","060650016","1","0.05","ppm","46","Temecula","17","100.0000","44201","Ozone","087","40140","Riverside-San Bernardino-Ontario, CA","06","California","065","Riverside","33.5830180008699","-117.072202"
"03/23/2024","AQS","060650016","1","0.037","ppm","34","Temecula","17","100.0000","44201","Ozone","087","40140","Riverside-San Bernardino-Ontario, CA","06","California","065","Riverside","33.5830180008699","-117.072202"
"03/24/2024","AQS","060650016","1","0.041","ppm","38","Temecula","17","100.0000","44201","Ozone","087","40140","Riverside-San Bernardino-Ontario, CA","06","California","065","Riverside","33.5830180008699","-117.072202"
"03/25/2024","AQS","060650016","1","0.041","ppm","38","Temecula","17","100.0000","44201","Ozone","087","40140","Riverside-San Bernardino-Ontario, CA","06","California","065","Riverside","33.5830180008699","-117.072202"
"03/26/2024","AQS","060650016","1","0.043","ppm","40","Temecula","17","100.0000","44201","Ozone","087","40140","Riverside-San Bernardino-Ontario, CA","06","California","065","Riverside","33.5830180008699","-117.072202"
"03/27/2024","AQS","060650016","1","0.049","ppm","45","Temecula","17","100.0000","44201","Ozone","087","40140","Riverside-San Bernardino-Ontario, CA","06","California","065","Riverside","33.5830180008699","-117.072202"
"03/28/2024","AQS","060650016","1","0.045","ppm","42","Temecula","17","100.0000","44201","Ozone","087","40140","Riverside-San Bernardino-Ontario, CA","06","California","065","Riverside","33.5830180008699","-117.072202"
"03/29/2024","AQS","060650016","1","0.046","ppm","43","Temecula","17","100.0000","44201","Ozone","087","40140","Riverside-San Bernardino-Ontario, CA","06","California","065","Riverside","33.5830180008699","-117.072202"
"03/30/2024","AQS","060650016","1","0.045","ppm","42","Temecula","17","100.0000","44201","Ozone","087","40140","Riverside-San Bernardino-Ontario, CA","06","California","065","Riverside","33.5830180008699","-117.072202"
"03/31/2024","AQS","060650016","1","0.041","ppm","38","Temecula","17","100.0000","44201","Ozone","087","40140","Riverside-San Bernardino-Ontario, CA","06","California","065","Riverside","33.5830180008699","-117.072202"
"04/01/2024","AQS","060650016","1","0.047","ppm","44","Temecula","17","100.0000","44201","Ozone","087","40140","Riverside-San Bernardino-Ontario, CA","06","California","065","Riverside","33.5830180008699","-117.072202"
"04/02/2024","AQS","060650016","1","0.048","ppm","44","Temecula","17","100.0000","44201","Ozone","087","40140","Riverside-San Bernardino-Ontario, CA","06","California","065","Riverside","33.5830180008699","-117.072202"
"04/03/2024","AQS","060650016","1","0.053","ppm","49","Temecula","17","100.0000","44201","Ozone","087","40140","Riverside-San Bernardino-Ontario, CA","06","California","065","Riverside","33.5830180008699","-117.072202"
"04/04/2024","AQS","060650016","1","0.04","ppm","37","Temecula","17","100.0000","44201","Ozone","087","40140","Riverside-San Bernardino-Ontario, CA","06","California","065","Riverside","33.5830180008699","-117.072202"
"04/05/2024","AQS","060650016","1","0.043","ppm","40","Temecula","17","100.0000","44201","Ozone","087","40140","Riverside-San Bernardino-Ontario, CA","06","California","065","Riverside","33.5830180008699","-117.072202"
"04/06/2024","AQS","060650016","1","0.045","ppm","42","Temecula","17","100.0000","44201","Ozone","087","40140","Riverside-San Bernardino-Ontario, CA","06","California","065","Riverside","33.5830180008699","-117.072202"
"04/07/2024","AQS","060650016","1","0.049","ppm","45","Temecula","17","100.0000","44201","Ozone","087","40140","Riverside-San Bernardino-Ontario, CA","06","California","065","Riverside","33.5830180008699","-117.072202"
"04/08/2024","AQS","060650016","1","0.049","ppm","45","Temecula","17","100.0000","44201","Ozone","087","40140","Riverside-San Bernardino-Ontario, CA","06","California","065","Riverside","33.5830180008699","-117.072202"
"04/09/2024","AQS","060650016","1","0.059","ppm","64","Temecula","17","100.0000","44201","Ozone","087","40140","Riverside-San Bernardino-Ontario, CA","06","California","065","Riverside","33.5830180008699","-117.072202"
"04/10/2024","AQS","060650016","1","0.057","ppm","58","Temecula","17","100.0000","44201","Ozone","087","40140","Riverside-San Bernardino-Ontario, CA","06","California","065","Riverside","33.5830180008699","-117.072202"
"04/11/2024","AQS","060650016","1","0.057","ppm","58","Temecula","17","100.0000","44201","Ozone","087","40140","Riverside-San Bernardino-Ontario, CA","06","California","065","Riverside","33.5830180008699","-117.072202"
"04/12/2024","AQS","060650016","1","0.047","ppm","44","Temecula","17","100.0000","44201","Ozone","087","40140","Riverside-San Bernardino-Ontario, CA","06","California","065","Riverside","33.5830180008699","-117.072202"
"04/13/2024","AQS","060650016","1","0.051","ppm","47","Temecula","17","100.0000","44201","Ozone","087","40140","Riverside-San Bernardino-Ontario, CA","06","California","065","Riverside","33.5830180008699","-117.072202"
"04/14/2024","AQS","060650016","1","0.046","ppm","43","Temecula","17","100.0000","44201","Ozone","087","40140","Riverside-San Bernardino-Ontario, CA","06","California","065","Riverside","33.5830180008699","-117.072202"
"04/15/2024","AQS","060650016","1","0.058","ppm","61","Temecula","17","100.0000","44201","Ozone","087","40140","Riverside-San Bernardino-Ontario, CA","06","California","065","Riverside","33.5830180008699","-117.072202"
"04/16/2024","AQS","060650016","1","0.06","ppm","67","Temecula","17","100.0000","44201","Ozone","087","40140","Riverside-San Bernardino-Ontario, CA","06","California","065","Riverside","33.5830180008699","-117.072202"
"04/17/2024","AQS","060650016","1","0.061","ppm","71","Temecula","17","100.0000","44201","Ozone","087","40140","Riverside-San Bernardino-Ontario, CA","06","California","065","Riverside","33.5830180008699","-117.072202"
"04/18/2024","AQS","060650016","1","0.055","ppm","51","Temecula","17","100.0000","44201","Ozone","087","40140","Riverside-San Bernardino-Ontario, CA","06","California","065","Riverside","33.5830180008699","-117.072202"
"04/19/2024","AQS","060650016","1","0.046","ppm","43","Temecula","17","100.0000","44201","Ozone","087","40140","Riverside-San Bernardino-Ontario, CA","06","California","065","Riverside","33.5830180008699","-117.072202"
"04/20/2024","AQS","060650016","1","0.049","ppm","45","Temecula","17","100.0000","44201","Ozone","087","40140","Riverside-San Bernardino-Ontario, CA","06","California","065","Riverside","33.5830180008699","-117.072202"
"04/21/2024","AQS","060650016","1","0.051","ppm","47","Temecula","17","100.0000","44201","Ozone","087","40140","Riverside-San Bernardino-Ontario, CA","06","California","065","Riverside","33.5830180008699","-117.072202"
"04/22/2024","AQS","060650016","1","0.049","ppm","45","Temecula","17","100.0000","44201","Ozone","087","40140","Riverside-San Bernardino-Ontario, CA","06","California","065","Riverside","33.5830180008699","-117.072202"
"04/23/2024","AQS","060650016","1","0.041","ppm","38","Temecula","17","100.0000","44201","Ozone","087","40140","Riverside-San Bernardino-Ontario, CA","06","California","065","Riverside","33.5830180008699","-117.072202"
"04/24/2024","AQS","060650016","1","0.043","ppm","40","Temecula","17","100.0000","44201","Ozone","087","40140","Riverside-San Bernardino-Ontario, CA","06","California","065","Riverside","33.5830180008699","-117.072202"
"04/25/2024","AQS","060650016","1","0.039","ppm","36","Temecula","17","100.0000","44201","Ozone","087","40140","Riverside-San Bernardino-Ontario, CA","06","California","065","Riverside","33.5830180008699","-117.072202"
"04/26/2024","AQS","060650016","1","0.037","ppm","34","Temecula","17","100.0000","44201","Ozone","087","40140","Riverside-San Bernardino-Ontario, CA","06","California","065","Riverside","33.5830180008699","-117.072202"
"04/27/2024","AQS","060650016","1","0.039","ppm","36","Temecula","17","100.0000","44201","Ozone","087","40140","Riverside-San Bernardino-Ontario, CA","06","California","065","Riverside","33.5830180008699","-117.072202"
"04/28/2024","AQS","060650016","1","0.045","ppm","42","Temecula","17","100.0000","44201","Ozone","087","40140","Riverside-San Bernardino-Ontario, CA","06","California","065","Riverside","33.5830180008699","-117.072202"
"04/29/2024","AQS","060650016","1","0.05","ppm","46","Temecula","17","100.0000","44201","Ozone","087","40140","Riverside-San Bernardino-Ontario, CA","06","California","065","Riverside","33.5830180008699","-117.072202"
"04/30/2024","AQS","060650016","1","0.05","ppm","46","Temecula","17","100.0000","44201","Ozone","087","40140","Riverside-San Bernardino-Ontario, CA","06","California","065","Riverside","33.5830180008699","-117.072202"
"05/01/2024","AQS","060650016","1","0.045","ppm","42","Temecula","13","76.0000","44201","Ozone","087","40140","Riverside-San Bernardino-Ontario, CA","06","California","065","Riverside","33.5830180008699","-117.072202"
"05/02/2024","AQS","060650016","1","0.045","ppm","42","Temecula","17","100.0000","44201","Ozone","087","40140","Riverside-San Bernardino-Ontario, CA","06","California","065","Riverside","33.5830180008699","-117.072202"
"05/03/2024","AQS","060650016","1","0.049","ppm","45","Temecula","17","100.0000","44201","Ozone","087","40140","Riverside-San Bernardino-Ontario, CA","06","California","065","Riverside","33.5830180008699","-117.072202"
"05/04/2024","AQS","060650016","1","0.042","ppm","39","Temecula","17","100.0000","44201","Ozone","087","40140","Riverside-San Bernardino-Ontario, CA","06","California","065","Riverside","33.5830180008699","-117.072202"
"05/05/2024","AQS","060650016","1","0.045","ppm","42","Temecula","17","100.0000","44201","Ozone","087","40140","Riverside-San Bernardino-Ontario, CA","06","California","065","Riverside","33.5830180008699","-117.072202"
"05/06/2024","AQS","060650016","1","0.05","ppm","46","Temecula","17","100.0000","44201","Ozone","087","40140","Riverside-San Bernardino-Ontario, CA","06","California","065","Riverside","33.5830180008699","-117.072202"
"05/07/2024","AQS","060650016","1","0.055","ppm","51","Temecula","17","100.0000","44201","Ozone","087","40140","Riverside-San Bernardino-Ontario, CA","06","California","065","Riverside","33.5830180008699","-117.072202"
"05/08/2024","AQS","060650016","1","0.053","ppm","49","Temecula","17","100.0000","44201","Ozone","087","40140","Riverside-San Bernardino-Ontario, CA","06","California","065","Riverside","33.5830180008699","-117.072202"
"05/09/2024","AQS","060650016","1","0.051","ppm","47","Temecula","17","100.0000","44201","Ozone","087","40140","Riverside-San Bernardino-Ontario, CA","06","California","065","Riverside","33.5830180008699","-117.072202"
"05/10/2024","AQS","060650016","1","0.047","ppm","44","Temecula","17","100.0000","44201","Ozone","087","40140","Riverside-San Bernardino-Ontario, CA","06","California","065","Riverside","33.5830180008699","-117.072202"
"05/11/2024","AQS","060650016","1","0.047","ppm","44","Temecula","17","100.0000","44201","Ozone","087","40140","Riverside-San Bernardino-Ontario, CA","06","California","065","Riverside","33.5830180008699","-117.072202"
"05/12/2024","AQS","060650016","1","0.046","ppm","43","Temecula","17","100.0000","44201","Ozone","087","40140","Riverside-San Bernardino-Ontario, CA","06","California","065","Riverside","33.5830180008699","-117.072202"
"05/13/2024","AQS","060650016","1","0.046","ppm","43","Temecula","17","100.0000","44201","Ozone","087","40140","Riverside-San Bernardino-Ontario, CA","06","California","065","Riverside","33.5830180008699","-117.072202"
"05/14/2024","AQS","060650016","1","0.048","ppm","44","Temecula","17","100.0000","44201","Ozone","087","40140","Riverside-San Bernardino-Ontario, CA","06","California","065","Riverside","33.5830180008699","-117.072202"
"05/15/2024","AQS","060650016","1","0.04","ppm","37","Temecula","17","100.0000","44201","Ozone","087","40140","Riverside-San Bernardino-Ontario, CA","06","California","065","Riverside","33.5830180008699","-117.072202"
"05/16/2024","AQS","060650016","1","0.042","ppm","39","Temecula","17","100.0000","44201","Ozone","087","40140","Riverside-San Bernardino-Ontario, CA","06","California","065","Riverside","33.5830180008699","-117.072202"
"05/17/2024","AQS","060650016","1","0.041","ppm","38","Temecula","17","100.0000","44201","Ozone","087","40140","Riverside-San Bernardino-Ontario, CA","06","California","065","Riverside","33.5830180008699","-117.072202"
"05/18/2024","AQS","060650016","1","0.043","ppm","40","Temecula","17","100.0000","44201","Ozone","087","40140","Riverside-San Bernardino-Ontario, CA","06","California","065","Riverside","33.5830180008699","-117.072202"
"05/19/2024","AQS","060650016","1","0.047","ppm","44","Temecula","17","100.0000","44201","Ozone","087","40140","Riverside-San Bernardino-Ontario, CA","06","California","065","Riverside","33.5830180008699","-117.072202"
"05/20/2024","AQS","060650016","1","0.046","ppm","43","Temecula","17","100.0000","44201","Ozone","087","40140","Riverside-San Bernardino-Ontario, CA","06","California","065","Riverside","33.5830180008699","-117.072202"
"05/21/2024","AQS","060650016","1","0.048","ppm","44","Temecula","17","100.0000","44201","Ozone","087","40140","Riverside-San Bernardino-Ontario, CA","06","California","065","Riverside","33.5830180008699","-117.072202"
"05/22/2024","AQS","060650016","1","0.048","ppm","44","Temecula","17","100.0000","44201","Ozone","087","40140","Riverside-San Bernardino-Ontario, CA","06","California","065","Riverside","33.5830180008699","-117.072202"
"05/23/2024","AQS","060650016","1","0.046","ppm","43","Temecula","17","100.0000","44201","Ozone","087","40140","Riverside-San Bernardino-Ontario, CA","06","California","065","Riverside","33.5830180008699","-117.072202"
"05/24/2024","AQS","060650016","1","0.041","ppm","38","Temecula","17","100.0000","44201","Ozone","087","40140","Riverside-San Bernardino-Ontario, CA","06","California","065","Riverside","33.5830180008699","-117.072202"
"05/25/2024","AQS","060650016","1","0.036","ppm","33","Temecula","17","100.0000","44201","Ozone","087","40140","Riverside-San Bernardino-Ontario, CA","06","California","065","Riverside","33.5830180008699","-117.072202"
"05/26/2024","AQS","060650016","1","0.034","ppm","31","Temecula","17","100.0000","44201","Ozone","087","40140","Riverside-San Bernardino-Ontario, CA","06","California","065","Riverside","33.5830180008699","-117.072202"
"05/27/2024","AQS","060650016","1","0.04","ppm","37","Temecula","17","100.0000","44201","Ozone","087","40140","Riverside-San Bernardino-Ontario, CA","06","California","065","Riverside","33.5830180008699","-117.072202"
"05/28/2024","AQS","060650016","1","0.046","ppm","43","Temecula","17","100.0000","44201","Ozone","087","40140","Riverside-San Bernardino-Ontario, CA","06","California","065","Riverside","33.5830180008699","-117.072202"
"05/29/2024","AQS","060650016","1","0.047","ppm","44","Temecula","17","100.0000","44201","Ozone","087","40140","Riverside-San Bernardino-Ontario, CA","06","California","065","Riverside","33.5830180008699","-117.072202"
"05/30/2024","AQS","060650016","1","0.051","ppm","47","Temecula","17","100.0000","44201","Ozone","087","40140","Riverside-San Bernardino-Ontario, CA","06","California","065","Riverside","33.5830180008699","-117.072202"
"05/31/2024","AQS","060650016","1","0.048","ppm","44","Temecula","17","100.0000","44201","Ozone","087","40140","Riverside-San Bernardino-Ontario, CA","06","California","065","Riverside","33.5830180008699","-117.072202"
"06/01/2024","AQS","060650016","1","0.049","ppm","45","Temecula","17","100.0000","44201","Ozone","087","40140","Riverside-San Bernardino-Ontario, CA","06","California","065","Riverside","33.5830180008699","-117.072202"
"06/02/2024","AQS","060650016","1","0.04","ppm","37","Temecula","17","100.0000","44201","Ozone","087","40140","Riverside-San Bernardino-Ontario, CA","06","California","065","Riverside","33.5830180008699","-117.072202"
"06/03/2024","AQS","060650016","1","0.041","ppm","38","Temecula","17","100.0000","44201","Ozone","087","40140","Riverside-San Bernardino-Ontario, CA","06","California","065","Riverside","33.5830180008699","-117.072202"
"06/04/2024","AQS","060650016","1","0.048","ppm","44","Temecula","17","100.0000","44201","Ozone","087","40140","Riverside-San Bernardino-Ontario, CA","06","California","065","Riverside","33.5830180008699","-117.072202"
"06/05/2024","AQS","060650016","1","0.048","ppm","44","Temecula","17","100.0000","44201","Ozone","087","40140","Riverside-San Bernardino-Ontario, CA","06","California","065","Riverside","33.5830180008699","-117.072202"
"06/06/2024","AQS","060650016","1","0.053","ppm","49","Temecula","17","100.0000","44201","Ozone","087","40140","Riverside-San Bernardino-Ontario, CA","06","California","065","Riverside","33.5830180008699","-117.072202"
"06/07/2024","AQS","060650016","1","0.051","ppm","47","Temecula","17","100.0000","44201","Ozone","087","40140","Riverside-San Bernardino-Ontario, CA","06","California","065","Riverside","33.5830180008699","-117.072202"
"06/08/2024","AQS","060650016","1","0.038","ppm","35","Temecula","17","100.0000","44201","Ozone","087","40140","Riverside-San Bernardino-Ontario, CA","06","California","065","Riverside","33.5830180008699","-117.072202"
"06/09/2024","AQS","060650016","1","0.035","ppm","32","Temecula","17","100.0000","44201","Ozone","087","40140","Riverside-San Bernardino-Ontario, CA","06","California","065","Riverside","33.5830180008699","-117.072202"
"06/10/2024","AQS","060650016","1","0.045","ppm","42","Temecula","17","100.0000","44201","Ozone","087","40140","Riverside-San Bernardino-Ontario, CA","06","California","065","Riverside","33.5830180008699","-117.072202"
"06/11/2024","AQS","060650016","1","0.045","ppm","42","Temecula","17","100.0000","44201","Ozone","087","40140","Riverside-San Bernardino-Ontario, CA","06","California","065","Riverside","33.5830180008699","-117.072202"
"06/12/2024","AQS","060650016","1","0.048","ppm","44","Temecula","17","100.0000","44201","Ozone","087","40140","Riverside-San Bernardino-Ontario, CA","06","California","065","Riverside","33.5830180008699","-117.072202"
"06/13/2024","AQS","060650016","1","0.044","ppm","41","Temecula","17","100.0000","44201","Ozone","087","40140","Riverside-San Bernardino-Ontario, CA","06","California","065","Riverside","33.5830180008699","-117.072202"
"06/18/2024","AQS","060650016","1","0.047","ppm","44","Temecula","14","82.0000","44201","Ozone","087","40140","Riverside-San Bernardino-Ontario, CA","06","California","065","Riverside","33.5830180008699","-117.072202"
"06/19/2024","AQS","060650016","1","0.054","ppm","50","Temecula","17","100.0000","44201","Ozone","087","40140","Riverside-San Bernardino-Ontario, CA","06","California","065","Riverside","33.5830180008699","-117.072202"
"06/20/2024","AQS","060650016","1","0.056","ppm","54","Temecula","15","88.0000","44201","Ozone","087","40140","Riverside-San Bernardino-Ontario, CA","06","California","065","Riverside","33.5830180008699","-117.072202"
"06/21/2024","AQS","060650016","1","0.058","ppm","61","Temecula","17","100.0000","44201","Ozone","087","40140","Riverside-San Bernardino-Ontario, CA","06","California","065","Riverside","33.5830180008699","-117.072202"
"06/22/2024","AQS","060650016","1","0.059","ppm","64","Temecula","17","100.0000","44201","Ozone","087","40140","Riverside-San Bernardino-Ontario, CA","06","California","065","Riverside","33.5830180008699","-117.072202"
"06/23/2024","AQS","060650016","1","0.064","ppm","80","Temecula","17","100.0000","44201","Ozone","087","40140","Riverside-San Bernardino-Ontario, CA","06","California","065","Riverside","33.5830180008699","-117.072202"
"06/24/2024","AQS","060650016","1","0.058","ppm","61","Temecula","17","100.0000","44201","Ozone","087","40140","Riverside-San Bernardino-Ontario, CA","06","California","065","Riverside","33.5830180008699","-117.072202"
"06/25/2024","AQS","060650016","1","0.046","ppm","43","Temecula","17","100.0000","44201","Ozone","087","40140","Riverside-San Bernardino-Ontario, CA","06","California","065","Riverside","33.5830180008699","-117.072202"
"06/26/2024","AQS","060650016","1","0.042","ppm","39","Temecula","17","100.0000","44201","Ozone","087","40140","Riverside-San Bernardino-Ontario, CA","06","California","065","Riverside","33.5830180008699","-117.072202"
"06/27/2024","AQS","060650016","1","0.049","ppm","45","Temecula","17","100.0000","44201","Ozone","087","40140","Riverside-San Bernardino-Ontario, CA","06","California","065","Riverside","33.5830180008699","-117.072202"
"06/28/2024","AQS","060650016","1","0.047","ppm","44","Temecula","13","76.0000","44201","Ozone","087","40140","Riverside-San Bernardino-Ontario, CA","06","California","065","Riverside","33.5830180008699","-117.072202"
"06/29/2024","AQS","060650016","1","0.062","ppm","74","Temecula","17","100.0000","44201","Ozone","087","40140","Riverside-San Bernardino-Ontario, CA","06","California","065","Riverside","33.5830180008699","-117.072202"
"06/30/2024","AQS","060650016","1","0.052","ppm","48","Temecula","17","100.0000","44201","Ozone","087","40140","Riverside-San Bernardino-Ontario, CA","06","California","065","Riverside","33.5830180008699","-117.072202"
"07/01/2024","AQS","060650016","1","0.054","ppm","50","Temecula","17","100.0000","44201","Ozone","087","40140","Riverside-San Bernardino-Ontario, CA","06","California","065","Riverside","33.5830180008699","-117.072202"
"07/02/2024","AQS","060650016","1","0.06","ppm","67","Temecula","17","100.0000","44201","Ozone","087","40140","Riverside-San Bernardino-Ontario, CA","06","California","065","Riverside","33.5830180008699","-117.072202"
"07/03/2024","AQS","060650016","1","0.069","ppm","97","Temecula","17","100.0000","44201","Ozone","087","40140","Riverside-San Bernardino-Ontario, CA","06","California","065","Riverside","33.5830180008699","-117.072202"
"07/04/2024","AQS","060650016","1","0.059","ppm","64","Temecula","17","100.0000","44201","Ozone","087","40140","Riverside-San Bernardino-Ontario, CA","06","California","065","Riverside","33.5830180008699","-117.072202"
"07/05/2024","AQS","060650016","1","0.065","ppm","84","Temecula","17","100.0000","44201","Ozone","087","40140","Riverside-San Bernardino-Ontario, CA","06","California","065","Riverside","33.5830180008699","-117.072202"
"07/06/2024","AQS","060650016","1","0.052","ppm","48","Temecula","17","100.0000","44201","Ozone","087","40140","Riverside-San Bernardino-Ontario, CA","06","California","065","Riverside","33.5830180008699","-117.072202"
"07/07/2024","AQS","060650016","1","0.047","ppm","44","Temecula","17","100.0000","44201","Ozone","087","40140","Riverside-San Bernardino-Ontario, CA","06","California","065","Riverside","33.5830180008699","-117.072202"
"07/08/2024","AQS","060650016","1","0.052","ppm","48","Temecula","17","100.0000","44201","Ozone","087","40140","Riverside-San Bernardino-Ontario, CA","06","California","065","Riverside","33.5830180008699","-117.072202"
"07/09/2024","AQS","060650016","1","0.068","ppm","93","Temecula","17","100.0000","44201","Ozone","087","40140","Riverside-San Bernardino-Ontario, CA","06","California","065","Riverside","33.5830180008699","-117.072202"
"07/10/2024","AQS","060650016","1","0.067","ppm","90","Temecula","17","100.0000","44201","Ozone","087","40140","Riverside-San Bernardino-Ontario, CA","06","California","065","Riverside","33.5830180008699","-117.072202"
"07/11/2024","AQS","060650016","1","0.071","ppm","101","Temecula","17","100.0000","44201","Ozone","087","40140","Riverside-San Bernardino-Ontario, CA","06","California","065","Riverside","33.5830180008699","-117.072202"
"07/12/2024","AQS","060650016","1","0.061","ppm","71","Temecula","17","100.0000","44201","Ozone","087","40140","Riverside-San Bernardino-Ontario, CA","06","California","065","Riverside","33.5830180008699","-117.072202"
"07/13/2024","AQS","060650016","1","0.05","ppm","46","Temecula","17","100.0000","44201","Ozone","087","40140","Riverside-San Bernardino-Ontario, CA","06","California","065","Riverside","33.5830180008699","-117.072202"
"07/14/2024","AQS","060650016","1","0.049","ppm","45","Temecula","17","100.0000","44201","Ozone","087","40140","Riverside-San Bernardino-Ontario, CA","06","California","065","Riverside","33.5830180008699","-117.072202"
"07/15/2024","AQS","060650016","1","0.05","ppm","46","Temecula","17","100.0000","44201","Ozone","087","40140","Riverside-San Bernardino-Ontario, CA","06","California","065","Riverside","33.5830180008699","-117.072202"
"07/16/2024","AQS","060650016","1","0.052","ppm","48","Temecula","17","100.0000","44201","Ozone","087","40140","Riverside-San Bernardino-Ontario, CA","06","California","065","Riverside","33.5830180008699","-117.072202"
"07/17/2024","AQS","060650016","1","0.048","ppm","44","Temecula","17","100.0000","44201","Ozone","087","40140","Riverside-San Bernardino-Ontario, CA","06","California","065","Riverside","33.5830180008699","-117.072202"
"07/18/2024","AQS","060650016","1","0.054","ppm","50","Temecula","17","100.0000","44201","Ozone","087","40140","Riverside-San Bernardino-Ontario, CA","06","California","065","Riverside","33.5830180008699","-117.072202"
"07/19/2024","AQS","060650016","1","0.061","ppm","71","Temecula","17","100.0000","44201","Ozone","087","40140","Riverside-San Bernardino-Ontario, CA","06","California","065","Riverside","33.5830180008699","-117.072202"
"07/20/2024","AQS","060650016","1","0.059","ppm","64","Temecula","17","100.0000","44201","Ozone","087","40140","Riverside-San Bernardino-Ontario, CA","06","California","065","Riverside","33.5830180008699","-117.072202"
"07/21/2024","AQS","060650016","1","0.053","ppm","49","Temecula","17","100.0000","44201","Ozone","087","40140","Riverside-San Bernardino-Ontario, CA","06","California","065","Riverside","33.5830180008699","-117.072202"
"07/22/2024","AQS","060650016","1","0.057","ppm","58","Temecula","17","100.0000","44201","Ozone","087","40140","Riverside-San Bernardino-Ontario, CA","06","California","065","Riverside","33.5830180008699","-117.072202"
"07/23/2024","AQS","060650016","1","0.054","ppm","50","Temecula","17","100.0000","44201","Ozone","087","40140","Riverside-San Bernardino-Ontario, CA","06","California","065","Riverside","33.5830180008699","-117.072202"
"07/24/2024","AQS","060650016","1","0.067","ppm","90","Temecula","17","100.0000","44201","Ozone","087","40140","Riverside-San Bernardino-Ontario, CA","06","California","065","Riverside","33.5830180008699","-117.072202"
"07/25/2024","AQS","060650016","1","0.06","ppm","67","Temecula","17","100.0000","44201","Ozone","087","40140","Riverside-San Bernardino-Ontario, CA","06","California","065","Riverside","33.5830180008699","-117.072202"
"07/26/2024","AQS","060650016","1","0.045","ppm","42","Temecula","17","100.0000","44201","Ozone","087","40140","Riverside-San Bernardino-Ontario, CA","06","California","065","Riverside","33.5830180008699","-117.072202"
"07/27/2024","AQS","060650016","1","0.045","ppm","42","Temecula","17","100.0000","44201","Ozone","087","40140","Riverside-San Bernardino-Ontario, CA","06","California","065","Riverside","33.5830180008699","-117.072202"
"07/28/2024","AQS","060650016","1","0.041","ppm","38","Temecula","17","100.0000","44201","Ozone","087","40140","Riverside-San Bernardino-Ontario, CA","06","California","065","Riverside","33.5830180008699","-117.072202"
"07/29/2024","AQS","060650016","1","0.048","ppm","44","Temecula","17","100.0000","44201","Ozone","087","40140","Riverside-San Bernardino-Ontario, CA","06","California","065","Riverside","33.5830180008699","-117.072202"
"07/30/2024","AQS","060650016","1","0.058","ppm","61","Temecula","17","100.0000","44201","Ozone","087","40140","Riverside-San Bernardino-Ontario, CA","06","California","065","Riverside","33.5830180008699","-117.072202"
"07/31/2024","AQS","060650016","1","0.064","ppm","80","Temecula","17","100.0000","44201","Ozone","087","40140","Riverside-San Bernardino-Ontario, CA","06","California","065","Riverside","33.5830180008699","-117.072202"
"08/01/2024","AQS","060650016","1","0.058","ppm","61","Temecula","17","100.0000","44201","Ozone","087","40140","Riverside-San Bernardino-Ontario, CA","06","California","065","Riverside","33.5830180008699","-117.072202"
"08/02/2024","AQS","060650016","1","0.064","ppm","80","Temecula","17","100.0000","44201","Ozone","087","40140","Riverside-San Bernardino-Ontario, CA","06","California","065","Riverside","33.5830180008699","-117.072202"
"08/03/2024","AQS","060650016","1","0.067","ppm","90","Temecula","17","100.0000","44201","Ozone","087","40140","Riverside-San Bernardino-Ontario, CA","06","California","065","Riverside","33.5830180008699","-117.072202"
"08/04/2024","AQS","060650016","1","0.06","ppm","67","Temecula","17","100.0000","44201","Ozone","087","40140","Riverside-San Bernardino-Ontario, CA","06","California","065","Riverside","33.5830180008699","-117.072202"
"08/05/2024","AQS","060650016","1","0.061","ppm","71","Temecula","17","100.0000","44201","Ozone","087","40140","Riverside-San Bernardino-Ontario, CA","06","California","065","Riverside","33.5830180008699","-117.072202"
"08/06/2024","AQS","060650016","1","0.062","ppm","74","Temecula","17","100.0000","44201","Ozone","087","40140","Riverside-San Bernardino-Ontario, CA","06","California","065","Riverside","33.5830180008699","-117.072202"
"08/07/2024","AQS","060650016","1","0.048","ppm","44","Temecula","17","100.0000","44201","Ozone","087","40140","Riverside-San Bernardino-Ontario, CA","06","California","065","Riverside","33.5830180008699","-117.072202"
"08/08/2024","AQS","060650016","1","0.051","ppm","47","Temecula","17","100.0000","44201","Ozone","087","40140","Riverside-San Bernardino-Ontario, CA","06","California","065","Riverside","33.5830180008699","-117.072202"
"08/09/2024","AQS","060650016","1","0.055","ppm","51","Temecula","17","100.0000","44201","Ozone","087","40140","Riverside-San Bernardino-Ontario, CA","06","California","065","Riverside","33.5830180008699","-117.072202"
"08/10/2024","AQS","060650016","1","0.056","ppm","54","Temecula","17","100.0000","44201","Ozone","087","40140","Riverside-San Bernardino-Ontario, CA","06","California","065","Riverside","33.5830180008699","-117.072202"
"08/11/2024","AQS","060650016","1","0.05","ppm","46","Temecula","17","100.0000","44201","Ozone","087","40140","Riverside-San Bernardino-Ontario, CA","06","California","065","Riverside","33.5830180008699","-117.072202"
"08/12/2024","AQS","060650016","1","0.043","ppm","40","Temecula","17","100.0000","44201","Ozone","087","40140","Riverside-San Bernardino-Ontario, CA","06","California","065","Riverside","33.5830180008699","-117.072202"
"08/13/2024","AQS","060650016","1","0.047","ppm","44","Temecula","17","100.0000","44201","Ozone","087","40140","Riverside-San Bernardino-Ontario, CA","06","California","065","Riverside","33.5830180008699","-117.072202"
"08/14/2024","AQS","060650016","1","0.054","ppm","50","Temecula","17","100.0000","44201","Ozone","087","40140","Riverside-San Bernardino-Ontario, CA","06","California","065","Riverside","33.5830180008699","-117.072202"
"08/15/2024","AQS","060650016","1","0.051","ppm","47","Temecula","17","100.0000","44201","Ozone","087","40140","Riverside-San Bernardino-Ontario, CA","06","California","065","Riverside","33.5830180008699","-117.072202"
"08/16/2024","AQS","060650016","1","0.056","ppm","54","Temecula","17","100.0000","44201","Ozone","087","40140","Riverside-San Bernardino-Ontario, CA","06","California","065","Riverside","33.5830180008699","-117.072202"
"08/17/2024","AQS","060650016","1","0.041","ppm","38","Temecula","17","100.0000","44201","Ozone","087","40140","Riverside-San Bernardino-Ontario, CA","06","California","065","Riverside","33.5830180008699","-117.072202"
"08/18/2024","AQS","060650016","1","0.046","ppm","43","Temecula","17","100.0000","44201","Ozone","087","40140","Riverside-San Bernardino-Ontario, CA","06","California","065","Riverside","33.5830180008699","-117.072202"
"08/19/2024","AQS","060650016","1","0.057","ppm","58","Temecula","17","100.0000","44201","Ozone","087","40140","Riverside-San Bernardino-Ontario, CA","06","California","065","Riverside","33.5830180008699","-117.072202"
"08/20/2024","AQS","060650016","1","0.062","ppm","74","Temecula","17","100.0000","44201","Ozone","087","40140","Riverside-San Bernardino-Ontario, CA","06","California","065","Riverside","33.5830180008699","-117.072202"
"08/21/2024","AQS","060650016","1","0.06","ppm","67","Temecula","17","100.0000","44201","Ozone","087","40140","Riverside-San Bernardino-Ontario, CA","06","California","065","Riverside","33.5830180008699","-117.072202"
"08/22/2024","AQS","060650016","1","0.052","ppm","48","Temecula","17","100.0000","44201","Ozone","087","40140","Riverside-San Bernardino-Ontario, CA","06","California","065","Riverside","33.5830180008699","-117.072202"
"08/23/2024","AQS","060650016","1","0.045","ppm","42","Temecula","17","100.0000","44201","Ozone","087","40140","Riverside-San Bernardino-Ontario, CA","06","California","065","Riverside","33.5830180008699","-117.072202"
"08/24/2024","AQS","060650016","1","0.043","ppm","40","Temecula","17","100.0000","44201","Ozone","087","40140","Riverside-San Bernardino-Ontario, CA","06","California","065","Riverside","33.5830180008699","-117.072202"
"08/25/2024","AQS","060650016","1","0.049","ppm","45","Temecula","17","100.0000","44201","Ozone","087","40140","Riverside-San Bernardino-Ontario, CA","06","California","065","Riverside","33.5830180008699","-117.072202"
"08/26/2024","AQS","060650016","1","0.056","ppm","54","Temecula","17","100.0000","44201","Ozone","087","40140","Riverside-San Bernardino-Ontario, CA","06","California","065","Riverside","33.5830180008699","-117.072202"
"08/27/2024","AQS","060650016","1","0.053","ppm","49","Temecula","17","100.0000","44201","Ozone","087","40140","Riverside-San Bernardino-Ontario, CA","06","California","065","Riverside","33.5830180008699","-117.072202"
"08/28/2024","AQS","060650016","1","0.054","ppm","50","Temecula","17","100.0000","44201","Ozone","087","40140","Riverside-San Bernardino-Ontario, CA","06","California","065","Riverside","33.5830180008699","-117.072202"
"08/29/2024","AQS","060650016","1","0.048","ppm","44","Temecula","17","100.0000","44201","Ozone","087","40140","Riverside-San Bernardino-Ontario, CA","06","California","065","Riverside","33.5830180008699","-117.072202"
"08/30/2024","AQS","060650016","1","0.055","ppm","51","Temecula","17","100.0000","44201","Ozone","087","40140","Riverside-San Bernardino-Ontario, CA","06","California","065","Riverside","33.5830180008699","-117.072202"
"08/31/2024","AQS","060650016","1","0.057","ppm","58","Temecula","17","100.0000","44201","Ozone","087","40140","Riverside-San Bernardino-Ontario, CA","06","California","065","Riverside","33.5830180008699","-117.072202"
"09/01/2024","AQS","060650016","1","0.054","ppm","50","Temecula","17","100.0000","44201","Ozone","087","40140","Riverside-San Bernardino-Ontario, CA","06","California","065","Riverside","33.5830180008699","-117.072202"
"09/02/2024","AQS","060650016","1","0.056","ppm","54","Temecula","17","100.0000","44201","Ozone","087","40140","Riverside-San Bernardino-Ontario, CA","06","California","065","Riverside","33.5830180008699","-117.072202"
"09/03/2024","AQS","060650016","1","0.058","ppm","61","Temecula","17","100.0000","44201","Ozone","087","40140","Riverside-San Bernardino-Ontario, CA","06","California","065","Riverside","33.5830180008699","-117.072202"
"09/04/2024","AQS","060650016","1","0.069","ppm","97","Temecula","17","100.0000","44201","Ozone","087","40140","Riverside-San Bernardino-Ontario, CA","06","California","065","Riverside","33.5830180008699","-117.072202"
"09/05/2024","AQS","060650016","1","0.067","ppm","90","Temecula","17","100.0000","44201","Ozone","087","40140","Riverside-San Bernardino-Ontario, CA","06","California","065","Riverside","33.5830180008699","-117.072202"
"09/06/2024","AQS","060650016","1","0.064","ppm","80","Temecula","17","100.0000","44201","Ozone","087","40140","Riverside-San Bernardino-Ontario, CA","06","California","065","Riverside","33.5830180008699","-117.072202"
"09/07/2024","AQS","060650016","1","0.062","ppm","74","Temecula","17","100.0000","44201","Ozone","087","40140","Riverside-San Bernardino-Ontario, CA","06","California","065","Riverside","33.5830180008699","-117.072202"
"09/08/2024","AQS","060650016","1","0.052","ppm","48","Temecula","17","100.0000","44201","Ozone","087","40140","Riverside-San Bernardino-Ontario, CA","06","California","065","Riverside","33.5830180008699","-117.072202"
"09/09/2024","AQS","060650016","1","0.076","ppm","119","Temecula","17","100.0000","44201","Ozone","087","40140","Riverside-San Bernardino-Ontario, CA","06","California","065","Riverside","33.5830180008699","-117.072202"
"09/10/2024","AQS","060650016","1","0.06","ppm","67","Temecula","17","100.0000","44201","Ozone","087","40140","Riverside-San Bernardino-Ontario, CA","06","California","065","Riverside","33.5830180008699","-117.072202"
"09/11/2024","AQS","060650016","1","0.043","ppm","40","Temecula","17","100.0000","44201","Ozone","087","40140","Riverside-San Bernardino-Ontario, CA","06","California","065","Riverside","33.5830180008699","-117.072202"
"09/12/2024","AQS","060650016","1","0.045","ppm","42","Temecula","17","100.0000","44201","Ozone","087","40140","Riverside-San Bernardino-Ontario, CA","06","California","065","Riverside","33.5830180008699","-117.072202"
"09/13/2024","AQS","060650016","1","0.048","ppm","44","Temecula","17","100.0000","44201","Ozone","087","40140","Riverside-San Bernardino-Ontario, CA","06","California","065","Riverside","33.5830180008699","-117.072202"
"09/14/2024","AQS","060650016","1","0.048","ppm","44","Temecula","17","100.0000","44201","Ozone","087","40140","Riverside-San Bernardino-Ontario, CA","06","California","065","Riverside","33.5830180008699","-117.072202"
"09/15/2024","AQS","060650016","1","0.048","ppm","44","Temecula","17","100.0000","44201","Ozone","087","40140","Riverside-San Bernardino-Ontario, CA","06","California","065","Riverside","33.5830180008699","-117.072202"
"09/16/2024","AQS","060650016","1","0.044","ppm","41","Temecula","17","100.0000","44201","Ozone","087","40140","Riverside-San Bernardino-Ontario, CA","06","California","065","Riverside","33.5830180008699","-117.072202"
"09/17/2024","AQS","060650016","1","0.041","ppm","38","Temecula","17","100.0000","44201","Ozone","087","40140","Riverside-San Bernardino-Ontario, CA","06","California","065","Riverside","33.5830180008699","-117.072202"
"09/18/2024","AQS","060650016","1","0.048","ppm","44","Temecula","17","100.0000","44201","Ozone","087","40140","Riverside-San Bernardino-Ontario, CA","06","California","065","Riverside","33.5830180008699","-117.072202"
"09/19/2024","AQS","060650016","1","0.043","ppm","40","Temecula","17","100.0000","44201","Ozone","087","40140","Riverside-San Bernardino-Ontario, CA","06","California","065","Riverside","33.5830180008699","-117.072202"
"09/20/2024","AQS","060650016","1","0.042","ppm","39","Temecula","17","100.0000","44201","Ozone","087","40140","Riverside-San Bernardino-Ontario, CA","06","California","065","Riverside","33.5830180008699","-117.072202"
"09/21/2024","AQS","060650016","1","0.048","ppm","44","Temecula","17","100.0000","44201","Ozone","087","40140","Riverside-San Bernardino-Ontario, CA","06","California","065","Riverside","33.5830180008699","-117.072202"
"09/22/2024","AQS","060650016","1","0.059","ppm","64","Temecula","17","100.0000","44201","Ozone","087","40140","Riverside-San Bernardino-Ontario, CA","06","California","065","Riverside","33.5830180008699","-117.072202"
"09/23/2024","AQS","060650016","1","0.065","ppm","84","Temecula","17","100.0000","44201","Ozone","087","40140","Riverside-San Bernardino-Ontario, CA","06","California","065","Riverside","33.5830180008699","-117.072202"
"09/24/2024","AQS","060650016","1","0.06","ppm","67","Temecula","17","100.0000","44201","Ozone","087","40140","Riverside-San Bernardino-Ontario, CA","06","California","065","Riverside","33.5830180008699","-117.072202"
"09/25/2024","AQS","060650016","1","0.055","ppm","51","Temecula","17","100.0000","44201","Ozone","087","40140","Riverside-San Bernardino-Ontario, CA","06","California","065","Riverside","33.5830180008699","-117.072202"
"09/26/2024","AQS","060650016","1","0.055","ppm","51","Temecula","17","100.0000","44201","Ozone","087","40140","Riverside-San Bernardino-Ontario, CA","06","California","065","Riverside","33.5830180008699","-117.072202"
"09/27/2024","AQS","060650016","1","0.06","ppm","67","Temecula","17","100.0000","44201","Ozone","087","40140","Riverside-San Bernardino-Ontario, CA","06","California","065","Riverside","33.5830180008699","-117.072202"
"09/28/2024","AQS","060650016","1","0.057","ppm","58","Temecula","17","100.0000","44201","Ozone","087","40140","Riverside-San Bernardino-Ontario, CA","06","California","065","Riverside","33.5830180008699","-117.072202"
"09/29/2024","AQS","060650016","1","0.046","ppm","43","Temecula","17","100.0000","44201","Ozone","087","40140","Riverside-San Bernardino-Ontario, CA","06","California","065","Riverside","33.5830180008699","-117.072202"
"09/30/2024","AQS","060650016","1","0.058","ppm","61","Temecula","17","100.0000","44201","Ozone","087","40140","Riverside-San Bernardino-Ontario, CA","06","California","065","Riverside","33.5830180008699","-117.072202"
"10/01/2024","AQS","060650016","1","0.077","ppm","122","Temecula","17","100.0000","44201","Ozone","087","40140","Riverside-San Bernardino-Ontario, CA","06","California","065","Riverside","33.5830180008699","-117.072202"
"10/02/2024","AQS","060650016","1","0.072","ppm","105","Temecula","17","100.0000","44201","Ozone","087","40140","Riverside-San Bernardino-Ontario, CA","06","California","065","Riverside","33.5830180008699","-117.072202"
"10/03/2024","AQS","060650016","1","0.07","ppm","100","Temecula","15","88.0000","44201","Ozone","087","40140","Riverside-San Bernardino-Ontario, CA","06","California","065","Riverside","33.5830180008699","-117.072202"
"10/04/2024","AQS","060650016","1","0.065","ppm","84","Temecula","17","100.0000","44201","Ozone","087","40140","Riverside-San Bernardino-Ontario, CA","06","California","065","Riverside","33.5830180008699","-117.072202"
"10/05/2024","AQS","060650016","1","0.071","ppm","101","Temecula","17","100.0000","44201","Ozone","087","40140","Riverside-San Bernardino-Ontario, CA","06","California","065","Riverside","33.5830180008699","-117.072202"
"10/06/2024","AQS","060650016","1","0.065","ppm","84","Temecula","17","100.0000","44201","Ozone","087","40140","Riverside-San Bernardino-Ontario, CA","06","California","065","Riverside","33.5830180008699","-117.072202"
"10/07/2024","AQS","060650016","1","0.062","ppm","74","Temecula","17","100.0000","44201","Ozone","087","40140","Riverside-San Bernardino-Ontario, CA","06","California","065","Riverside","33.5830180008699","-117.072202"
"10/08/2024","AQS","060650016","1","0.055","ppm","51","Temecula","17","100.0000","44201","Ozone","087","40140","Riverside-San Bernardino-Ontario, CA","06","California","065","Riverside","33.5830180008699","-117.072202"
"10/09/2024","AQS","060650016","1","0.05","ppm","46","Temecula","17","100.0000","44201","Ozone","087","40140","Riverside-San Bernardino-Ontario, CA","06","California","065","Riverside","33.5830180008699","-117.072202"
"10/10/2024","AQS","060650016","1","0.05","ppm","46","Temecula","17","100.0000","44201","Ozone","087","40140","Riverside-San Bernardino-Ontario, CA","06","California","065","Riverside","33.5830180008699","-117.072202"
"10/11/2024","AQS","060650016","1","0.057","ppm","58","Temecula","17","100.0000","44201","Ozone","087","40140","Riverside-San Bernardino-Ontario, CA","06","California","065","Riverside","33.5830180008699","-117.072202"
"10/12/2024","AQS","060650016","1","0.049","ppm","45","Temecula","17","100.0000","44201","Ozone","087","40140","Riverside-San Bernardino-Ontario, CA","06","California","065","Riverside","33.5830180008699","-117.072202"
"10/13/2024","AQS","060650016","1","0.043","ppm","40","Temecula","17","100.0000","44201","Ozone","087","40140","Riverside-San Bernardino-Ontario, CA","06","California","065","Riverside","33.5830180008699","-117.072202"
"10/14/2024","AQS","060650016","1","0.039","ppm","36","Temecula","17","100.0000","44201","Ozone","087","40140","Riverside-San Bernardino-Ontario, CA","06","California","065","Riverside","33.5830180008699","-117.072202"
"10/15/2024","AQS","060650016","1","0.046","ppm","43","Temecula","17","100.0000","44201","Ozone","087","40140","Riverside-San Bernardino-Ontario, CA","06","California","065","Riverside","33.5830180008699","-117.072202"
"10/16/2024","AQS","060650016","1","0.04","ppm","37","Temecula","17","100.0000","44201","Ozone","087","40140","Riverside-San Bernardino-Ontario, CA","06","California","065","Riverside","33.5830180008699","-117.072202"
"10/17/2024","AQS","060650016","1","0.041","ppm","38","Temecula","17","100.0000","44201","Ozone","087","40140","Riverside-San Bernardino-Ontario, CA","06","California","065","Riverside","33.5830180008699","-117.072202"
"10/18/2024","AQS","060650016","1","0.045","ppm","42","Temecula","13","76.0000","44201","Ozone","087","40140","Riverside-San Bernardino-Ontario, CA","06","California","065","Riverside","33.5830180008699","-117.072202"
"10/19/2024","AQS","060650016","1","0.047","ppm","44","Temecula","17","100.0000","44201","Ozone","087","40140","Riverside-San Bernardino-Ontario, CA","06","California","065","Riverside","33.5830180008699","-117.072202"
"10/20/2024","AQS","060650016","1","0.051","ppm","47","Temecula","17","100.0000","44201","Ozone","087","40140","Riverside-San Bernardino-Ontario, CA","06","California","065","Riverside","33.5830180008699","-117.072202"
"10/21/2024","AQS","060650016","1","0.053","ppm","49","Temecula","17","100.0000","44201","Ozone","087","40140","Riverside-San Bernardino-Ontario, CA","06","California","065","Riverside","33.5830180008699","-117.072202"
"10/22/2024","AQS","060650016","1","0.058","ppm","61","Temecula","17","100.0000","44201","Ozone","087","40140","Riverside-San Bernardino-Ontario, CA","06","California","065","Riverside","33.5830180008699","-117.072202"
"10/23/2024","AQS","060650016","1","0.06","ppm","67","Temecula","17","100.0000","44201","Ozone","087","40140","Riverside-San Bernardino-Ontario, CA","06","California","065","Riverside","33.5830180008699","-117.072202"
"10/24/2024","AQS","060650016","1","0.066","ppm","87","Temecula","17","100.0000","44201","Ozone","087","40140","Riverside-San Bernardino-Ontario, CA","06","California","065","Riverside","33.5830180008699","-117.072202"
"10/25/2024","AQS","060650016","1","0.069","ppm","97","Temecula","17","100.0000","44201","Ozone","087","40140","Riverside-San Bernardino-Ontario, CA","06","California","065","Riverside","33.5830180008699","-117.072202"
"10/26/2024","AQS","060650016","1","0.067","ppm","90","Temecula","17","100.0000","44201","Ozone","087","40140","Riverside-San Bernardino-Ontario, CA","06","California","065","Riverside","33.5830180008699","-117.072202"
"10/27/2024","AQS","060650016","1","0.059","ppm","64","Temecula","17","100.0000","44201","Ozone","087","40140","Riverside-San Bernardino-Ontario, CA","06","California","065","Riverside","33.5830180008699","-117.072202"
"10/28/2024","AQS","060650016","1","0.036","ppm","33","Temecula","17","100.0000","44201","Ozone","087","40140","Riverside-San Bernardino-Ontario, CA","06","California","065","Riverside","33.5830180008699","-117.072202"
"10/29/2024","AQS","060650016","1","0.042","ppm","39","Temecula","17","100.0000","44201","Ozone","087","40140","Riverside-San Bernardino-Ontario, CA","06","California","065","Riverside","33.5830180008699","-117.072202"
"10/30/2024","AQS","060650016","1","0.046","ppm","43","Temecula","17","100.0000","44201","Ozone","087","40140","Riverside-San Bernardino-Ontario, CA","06","California","065","Riverside","33.5830180008699","-117.072202"
"10/31/2024","AirNow","060650016","1","0.052","ppm","48","Temecula","24","100.0000","44201","Ozone","","40140","Riverside-San Bernardino-Ontario, CA","06","California","065","Riverside","33.5830180008699","-117.072202"
"11/01/2024","AirNow","060650016","1","0.048","ppm","44","Temecula","24","100.0000","44201","Ozone","","40140","Riverside-San Bernardino-Ontario, CA","06","California","065","Riverside","33.5830180008699","-117.072202"
"11/02/2024","AirNow","060650016","1","0.045","ppm","42","Temecula","24","100.0000","44201","Ozone","","40140","Riverside-San Bernardino-Ontario, CA","06","California","065","Riverside","33.5830180008699","-117.072202"
"11/03/2024","AirNow","060650016","1","0.045","ppm","42","Temecula","24","100.0000","44201","Ozone","","40140","Riverside-San Bernardino-Ontario, CA","06","California","065","Riverside","33.5830180008699","-117.072202"
"11/04/2024","AirNow","060650016","1","0.041","ppm","38","Temecula","24","100.0000","44201","Ozone","","40140","Riverside-San Bernardino-Ontario, CA","06","California","065","Riverside","33.5830180008699","-117.072202"
"11/05/2024","AirNow","060650016","1","0.046","ppm","43","Temecula","24","100.0000","44201","Ozone","","40140","Riverside-San Bernardino-Ontario, CA","06","California","065","Riverside","33.5830180008699","-117.072202"
"11/07/2024","AirNow","060650016","1","0.036","ppm","33","Temecula","24","100.0000","44201","Ozone","","40140","Riverside-San Bernardino-Ontario, CA","06","California","065","Riverside","33.5830180008699","-117.072202"
"11/08/2024","AirNow","060650016","1","0.042","ppm","39","Temecula","24","100.0000","44201","Ozone","","40140","Riverside-San Bernardino-Ontario, CA","06","California","065","Riverside","33.5830180008699","-117.072202"
"11/09/2024","AirNow","060650016","1","0.047","ppm","44","Temecula","24","100.0000","44201","Ozone","","40140","Riverside-San Bernardino-Ontario, CA","06","California","065","Riverside","33.5830180008699","-117.072202"
"11/10/2024","AirNow","060650016","1","0.052","ppm","48","Temecula","24","100.0000","44201","Ozone","","40140","Riverside-San Bernardino-Ontario, CA","06","California","065","Riverside","33.5830180008699","-117.072202"
"11/11/2024","AirNow","060650016","1","0.056","ppm","54","Temecula","24","100.0000","44201","Ozone","","40140","Riverside-San Bernardino-Ontario, CA","06","California","065","Riverside","33.5830180008699","-117.072202"
"11/12/2024","AirNow","060650016","1","0.044","ppm","41","Temecula","24","100.0000","44201","Ozone","","40140","Riverside-San Bernardino-Ontario, CA","06","California","065","Riverside","33.5830180008699","-117.072202"
"11/13/2024","AirNow","060650016","1","0.046","ppm","43","Temecula","24","100.0000","44201","Ozone","","40140","Riverside-San Bernardino-Ontario, CA","06","California","065","Riverside","33.5830180008699","-117.072202"
"11/14/2024","AirNow","060650016","1","0.052","ppm","48","Temecula","24","100.0000","44201","Ozone","","40140","Riverside-San Bernardino-Ontario, CA","06","California","065","Riverside","33.5830180008699","-117.072202"
"11/15/2024","AirNow","060650016","1","0.038","ppm","35","Temecula","24","100.0000","44201","Ozone","","40140","Riverside-San Bernardino-Ontario, CA","06","California","065","Riverside","33.5830180008699","-117.072202"
"11/16/2024","AirNow","060650016","1","0.038","ppm","35","Temecula","24","100.0000","44201","Ozone","","40140","Riverside-San Bernardino-Ontario, CA","06","California","065","Riverside","33.5830180008699","-117.072202"
"11/17/2024","AirNow","060650016","1","0.04","ppm","37","Temecula","24","100.0000","44201","Ozone","","40140","Riverside-San Bernardino-Ontario, CA","06","California","065","Riverside","33.5830180008699","-117.072202"
"11/18/2024","AirNow","060650016","1","0.041","ppm","38","Temecula","24","100.0000","44201","Ozone","","40140","Riverside-San Bernardino-Ontario, CA","06","California","065","Riverside","33.5830180008699","-117.072202"
"11/19/2024","AirNow","060650016","1","0.043","ppm","40","Temecula","18","75.0000","44201","Ozone","","40140","Riverside-San Bernardino-Ontario, CA","06","California","065","Riverside","33.5830180008699","-117.072202"
"11/20/2024","AirNow","060650016","1","0.046","ppm","43","Temecula","24","100.0000","44201","Ozone","","40140","Riverside-San Bernardino-Ontario, CA","06","California","065","Riverside","33.5830180008699","-117.072202"
"11/21/2024","AirNow","060650016","1","0.048","ppm","44","Temecula","24","100.0000","44201","Ozone","","40140","Riverside-San Bernardino-Ontario, CA","06","California","065","Riverside","33.5830180008699","-117.072202"
"11/22/2024","AirNow","060650016","1","0.051","ppm","47","Temecula","24","100.0000","44201","Ozone","","40140","Riverside-San Bernardino-Ontario, CA","06","California","065","Riverside","33.5830180008699","-117.072202"
"11/23/2024","AirNow","060650016","1","0.043","ppm","40","Temecula","24","100.0000","44201","Ozone","","40140","Riverside-San Bernardino-Ontario, CA","06","California","065","Riverside","33.5830180008699","-117.072202"
"11/24/2024","AirNow","060650016","1","0.032","ppm","30","Temecula","24","100.0000","44201","Ozone","","40140","Riverside-San Bernardino-Ontario, CA","06","California","065","Riverside","33.5830180008699","-117.072202"
"11/25/2024","AirNow","060650016","1","0.037","ppm","34","Temecula","24","100.0000","44201","Ozone","","40140","Riverside-San Bernardino-Ontario, CA","06","California","065","Riverside","33.5830180008699","-117.072202"
"11/26/2024","AirNow","060650016","1","0.035","ppm","32","Temecula","24","100.0000","44201","Ozone","","40140","Riverside-San Bernardino-Ontario, CA","06","California","065","Riverside","33.5830180008699","-117.072202"
"11/27/2024","AirNow","060650016","1","0.028","ppm","26","Temecula","24","100.0000","44201","Ozone","","40140","Riverside-San Bernardino-Ontario, CA","06","California","065","Riverside","33.5830180008699","-117.072202"
"11/28/2024","AirNow","060650016","1","0.038","ppm","35","Temecula","24","100.0000","44201","Ozone","","40140","Riverside-San Bernardino-Ontario, CA","06","California","065","Riverside","33.5830180008699","-117.072202"
"11/29/2024","AirNow","060650016","1","0.037","ppm","34","Temecula","24","100.0000","44201","Ozone","","40140","Riverside-San Bernardino-Ontario, CA","06","California","065","Riverside","33.5830180008699","-117.072202"
"11/30/2024","AirNow","060650016","1","0.043","ppm","40","Temecula","24","100.0000","44201","Ozone","","40140","Riverside-San Bernardino-Ontario, CA","06","California","065","Riverside","33.5830180008699","-117.072202"
"12/01/2024","AirNow","060650016","1","0.045","ppm","42","Temecula","24","100.0000","44201","Ozone","","40140","Riverside-San Bernardino-Ontario, CA","06","California","065","Riverside","33.5830180008699","-117.072202"
"12/02/2024","AirNow","060650016","1","0.048","ppm","44","Temecula","24","100.0000","44201","Ozone","","40140","Riverside-San Bernardino-Ontario, CA","06","California","065","Riverside","33.5830180008699","-117.072202"
"12/03/2024","AirNow","060650016","1","0.049","ppm","45","Temecula","24","100.0000","44201","Ozone","","40140","Riverside-San Bernardino-Ontario, CA","06","California","065","Riverside","33.5830180008699","-117.072202"
"12/04/2024","AirNow","060650016","1","0.047","ppm","44","Temecula","24","100.0000","44201","Ozone","","40140","Riverside-San Bernardino-Ontario, CA","06","California","065","Riverside","33.5830180008699","-117.072202"
"12/05/2024","AirNow","060650016","1","0.045","ppm","42","Temecula","24","100.0000","44201","Ozone","","40140","Riverside-San Bernardino-Ontario, CA","06","California","065","Riverside","33.5830180008699","-117.072202"
"12/06/2024","AirNow","060650016","1","0.039","ppm","36","Temecula","24","100.0000","44201","Ozone","","40140","Riverside-San Bernardino-Ontario, CA","06","California","065","Riverside","33.5830180008699","-117.072202"
"12/07/2024","AirNow","060650016","1","0.042","ppm","39","Temecula","24","100.0000","44201","Ozone","","40140","Riverside-San Bernardino-Ontario, CA","06","California","065","Riverside","33.5830180008699","-117.072202"
"12/08/2024","AirNow","060650016","1","0.048","ppm","44","Temecula","24","100.0000","44201","Ozone","","40140","Riverside-San Bernardino-Ontario, CA","06","California","065","Riverside","33.5830180008699","-117.072202"
"12/09/2024","AirNow","060650016","1","0.045","ppm","42","Temecula","24","100.0000","44201","Ozone","","40140","Riverside-San Bernardino-Ontario, CA","06","California","065","Riverside","33.5830180008699","-117.072202"
"12/10/2024","AirNow","060650016","1","0.044","ppm","41","Temecula","24","100.0000","44201","Ozone","","40140","Riverside-San Bernardino-Ontario, CA","06","California","065","Riverside","33.5830180008699","-117.072202"
"12/11/2024","AirNow","060650016","1","0.035","ppm","32","Temecula","24","100.0000","44201","Ozone","","40140","Riverside-San Bernardino-Ontario, CA","06","California","065","Riverside","33.5830180008699","-117.072202"
"12/12/2024","AirNow","060650016","1","0.035","ppm","32","Temecula","24","100.0000","44201","Ozone","","40140","Riverside-San Bernardino-Ontario, CA","06","California","065","Riverside","33.5830180008699","-117.072202"
"12/13/2024","AirNow","060650016","1","0.037","ppm","34","Temecula","24","100.0000","44201","Ozone","","40140","Riverside-San Bernardino-Ontario, CA","06","California","065","Riverside","33.5830180008699","-117.072202"
"12/14/2024","AirNow","060650016","1","0.041","ppm","38","Temecula","24","100.0000","44201","Ozone","","40140","Riverside-San Bernardino-Ontario, CA","06","California","065","Riverside","33.5830180008699","-117.072202"
"12/15/2024","AirNow","060650016","1","0.043","ppm","40","Temecula","24","100.0000","44201","Ozone","","40140","Riverside-San Bernardino-Ontario, CA","06","California","065","Riverside","33.5830180008699","-117.072202"
"12/16/2024","AirNow","060650016","1","0.043","ppm","40","Temecula","24","100.0000","44201","Ozone","","40140","Riverside-San Bernardino-Ontario, CA","06","California","065","Riverside","33.5830180008699","-117.072202"
"12/17/2024","AirNow","060650016","1","0.041","ppm","38","Temecula","24","100.0000","44201","Ozone","","40140","Riverside-San Bernardino-Ontario, CA","06","California","065","Riverside","33.5830180008699","-117.072202"
"12/18/2024","AirNow","060650016","1","0.04","ppm","37","Temecula","19","79.0000","44201","Ozone","","40140","Riverside-San Bernardino-Ontario, CA","06","California","065","Riverside","33.5830180008699","-117.072202"
"12/19/2024","AirNow","060650016","1","0.04","ppm","37","Temecula","24","100.0000","44201","Ozone","","40140","Riverside-San Bernardino-Ontario, CA","06","California","065","Riverside","33.5830180008699","-117.072202"
"12/20/2024","AirNow","060650016","1","0.046","ppm","43","Temecula","24","100.0000","44201","Ozone","","40140","Riverside-San Bernardino-Ontario, CA","06","California","065","Riverside","33.5830180008699","-117.072202"
"12/21/2024","AirNow","060650016","1","0.048","ppm","44","Temecula","24","100.0000","44201","Ozone","","40140","Riverside-San Bernardino-Ontario, CA","06","California","065","Riverside","33.5830180008699","-117.072202"
"12/22/2024","AirNow","060650016","1","0.044","ppm","41","Temecula","24","100.0000","44201","Ozone","","40140","Riverside-San Bernardino-Ontario, CA","06","California","065","Riverside","33.5830180008699","-117.072202"
"12/23/2024","AirNow","060650016","1","0.037","ppm","34","Temecula","24","100.0000","44201","Ozone","","40140","Riverside-San Bernardino-Ontario, CA","06","California","065","Riverside","33.5830180008699","-117.072202"
"12/24/2024","AirNow","060650016","1","0.032","ppm","30","Temecula","24","100.0000","44201","Ozone","","40140","Riverside-San Bernardino-Ontario, CA","06","California","065","Riverside","33.5830180008699","-117.072202"
"12/25/2024","AirNow","060650016","1","0.039","ppm","36","Temecula","24","100.0000","44201","Ozone","","40140","Riverside-San Bernardino-Ontario, CA","06","California","065","Riverside","33.5830180008699","-117.072202"
"12/26/2024","AirNow","060650016","1","0.039","ppm","36","Temecula","24","100.0000","44201","Ozone","","40140","Riverside-San Bernardino-Ontario, CA","06","California","065","Riverside","33.5830180008699","-117.072202"
"12/27/2024","AirNow","060650016","1","0.033","ppm","31","Temecula","24","100.0000","44201","Ozone","","40140","Riverside-San Bernardino-Ontario, CA","06","California","065","Riverside","33.5830180008699","-117.072202"
"12/28/2024","AirNow","060650016","1","0.034","ppm","31","Temecula","24","100.0000","44201","Ozone","","40140","Riverside-San Bernardino-Ontario, CA","06","California","065","Riverside","33.5830180008699","-117.072202"
"12/29/2024","AirNow","060650016","1","0.039","ppm","36","Temecula","24","100.0000","44201","Ozone","","40140","Riverside-San Bernardino-Ontario, CA","06","California","065","Riverside","33.5830180008699","-117.072202"
"12/30/2024","AirNow","060650016","1","0.037","ppm","34","Temecula","24","100.0000","44201","Ozone","","40140","Riverside-San Bernardino-Ontario, CA","06","California","065","Riverside","33.5830180008699","-117.072202"
"12/31/2024","AirNow","060650016","1","0.038","ppm","35","Temecula","19","79.0000","44201","Ozone","","40140","Riverside-San Bernardino-Ontario, CA","06","California","065","Riverside","33.5830180008699","-117.072202"
"01/01/2024","AQS","060651016","1","0.042","ppm","39","Morongo Air Monitoring Station","17","100.0000","44201","Ozone","047","40140","Riverside-San Bernardino-Ontario, CA","06","California","065","Riverside","33.9447129","-116.830074"
"01/02/2024","AQS","060651016","1","0.043","ppm","40","Morongo Air Monitoring Station","17","100.0000","44201","Ozone","047","40140","Riverside-San Bernardino-Ontario, CA","06","California","065","Riverside","33.9447129","-116.830074"
"01/03/2024","AQS","060651016","1","0.039","ppm","36","Morongo Air Monitoring Station","17","100.0000","44201","Ozone","047","40140","Riverside-San Bernardino-Ontario, CA","06","California","065","Riverside","33.9447129","-116.830074"
"01/04/2024","AQS","060651016","1","0.038","ppm","35","Morongo Air Monitoring Station","17","100.0000","44201","Ozone","047","40140","Riverside-San Bernardino-Ontario, CA","06","California","065","Riverside","33.9447129","-116.830074"
"01/05/2024","AQS","060651016","1","0.039","ppm","36","Morongo Air Monitoring Station","17","100.0000","44201","Ozone","047","40140","Riverside-San Bernardino-Ontario, CA","06","California","065","Riverside","33.9447129","-116.830074"
"01/06/2024","AQS","060651016","1","0.04","ppm","37","Morongo Air Monitoring Station","17","100.0000","44201","Ozone","047","40140","Riverside-San Bernardino-Ontario, CA","06","California","065","Riverside","33.9447129","-116.830074"
"01/09/2024","AQS","060651016","1","0.037","ppm","34","Morongo Air Monitoring Station","17","100.0000","44201","Ozone","047","40140","Riverside-San Bernardino-Ontario, CA","06","California","065","Riverside","33.9447129","-116.830074"
"01/10/2024","AQS","060651016","1","0.038","ppm","35","Morongo Air Monitoring Station","17","100.0000","44201","Ozone","047","40140","Riverside-San Bernardino-Ontario, CA","06","California","065","Riverside","33.9447129","-116.830074"
"01/11/2024","AQS","060651016","1","0.041","ppm","38","Morongo Air Monitoring Station","17","100.0000","44201","Ozone","047","40140","Riverside-San Bernardino-Ontario, CA","06","California","065","Riverside","33.9447129","-116.830074"
"01/12/2024","AQS","060651016","1","0.041","ppm","38","Morongo Air Monitoring Station","17","100.0000","44201","Ozone","047","40140","Riverside-San Bernardino-Ontario, CA","06","California","065","Riverside","33.9447129","-116.830074"
"01/13/2024","AQS","060651016","1","0.049","ppm","45","Morongo Air Monitoring Station","17","100.0000","44201","Ozone","047","40140","Riverside-San Bernardino-Ontario, CA","06","California","065","Riverside","33.9447129","-116.830074"
"01/14/2024","AQS","060651016","1","0.05","ppm","46","Morongo Air Monitoring Station","17","100.0000","44201","Ozone","047","40140","Riverside-San Bernardino-Ontario, CA","06","California","065","Riverside","33.9447129","-116.830074"
"01/15/2024","AQS","060651016","1","0.042","ppm","39","Morongo Air Monitoring Station","17","100.0000","44201","Ozone","047","40140","Riverside-San Bernardino-Ontario, CA","06","California","065","Riverside","33.9447129","-116.830074"
"01/16/2024","AQS","060651016","1","0.038","ppm","35","Morongo Air Monitoring Station","17","100.0000","44201","Ozone","047","40140","Riverside-San Bernardino-Ontario, CA","06","California","065","Riverside","33.9447129","-116.830074"
"01/17/2024","AQS","060651016","1","0.048","ppm","44","Morongo Air Monitoring Station","17","100.0000","44201","Ozone","047","40140","Riverside-San Bernardino-Ontario, CA","06","California","065","Riverside","33.9447129","-116.830074"
"01/22/2024","AQS","060651016","1","0.034","ppm","31","Morongo Air Monitoring Station","17","100.0000","44201","Ozone","047","40140","Riverside-San Bernardino-Ontario, CA","06","California","065","Riverside","33.9447129","-116.830074"
"01/23/2024","AQS","060651016","1","0.032","ppm","30","Morongo Air Monitoring Station","17","100.0000","44201","Ozone","047","40140","Riverside-San Bernardino-Ontario, CA","06","California","065","Riverside","33.9447129","-116.830074"
"01/24/2024","AQS","060651016","1","0.03","ppm","28","Morongo Air Monitoring Station","17","100.0000","44201","Ozone","047","40140","Riverside-San Bernardino-Ontario, CA","06","California","065","Riverside","33.9447129","-116.830074"
"01/25/2024","AQS","060651016","1","0.034","ppm","31","Morongo Air Monitoring Station","17","100.0000","44201","Ozone","047","40140","Riverside-San Bernardino-Ontario, CA","06","California","065","Riverside","33.9447129","-116.830074"
"01/26/2024","AQS","060651016","1","0.042","ppm","39","Morongo Air Monitoring Station","17","100.0000","44201","Ozone","047","40140","Riverside-San Bernardino-Ontario, CA","06","California","065","Riverside","33.9447129","-116.830074"
"01/27/2024","AQS","060651016","1","0.043","ppm","40","Morongo Air Monitoring Station","17","100.0000","44201","Ozone","047","40140","Riverside-San Bernardino-Ontario, CA","06","California","065","Riverside","33.9447129","-116.830074"
"01/28/2024","AQS","060651016","1","0.036","ppm","33","Morongo Air Monitoring Station","17","100.0000","44201","Ozone","047","40140","Riverside-San Bernardino-Ontario, CA","06","California","065","Riverside","33.9447129","-116.830074"
"01/29/2024","AQS","060651016","1","0.044","ppm","41","Morongo Air Monitoring Station","17","100.0000","44201","Ozone","047","40140","Riverside-San Bernardino-Ontario, CA","06","California","065","Riverside","33.9447129","-116.830074"
"01/30/2024","AQS","060651016","1","0.045","ppm","42","Morongo Air Monitoring Station","17","100.0000","44201","Ozone","047","40140","Riverside-San Bernardino-Ontario, CA","06","California","065","Riverside","33.9447129","-116.830074"
"01/31/2024","AQS","060651016","1","0.05","ppm","46","Morongo Air Monitoring Station","15","88.0000","44201","Ozone","047","40140","Riverside-San Bernardino-Ontario, CA","06","California","065","Riverside","33.9447129","-116.830074"
"02/01/2024","AQS","060651016","1","0.039","ppm","36","Morongo Air Monitoring Station","17","100.0000","44201","Ozone","047","40140","Riverside-San Bernardino-Ontario, CA","06","California","065","Riverside","33.9447129","-116.830074"
"02/02/2024","AQS","060651016","1","0.041","ppm","38","Morongo Air Monitoring Station","17","100.0000","44201","Ozone","047","40140","Riverside-San Bernardino-Ontario, CA","06","California","065","Riverside","33.9447129","-116.830074"
"02/03/2024","AQS","060651016","1","0.044","ppm","41","Morongo Air Monitoring Station","17","100.0000","44201","Ozone","047","40140","Riverside-San Bernardino-Ontario, CA","06","California","065","Riverside","33.9447129","-116.830074"
"02/04/2024","AQS","060651016","1","0.039","ppm","36","Morongo Air Monitoring Station","17","100.0000","44201","Ozone","047","40140","Riverside-San Bernardino-Ontario, CA","06","California","065","Riverside","33.9447129","-116.830074"
"02/05/2024","AQS","060651016","1","0.038","ppm","35","Morongo Air Monitoring Station","17","100.0000","44201","Ozone","047","40140","Riverside-San Bernardino-Ontario, CA","06","California","065","Riverside","33.9447129","-116.830074"
"02/06/2024","AQS","060651016","1","0.044","ppm","41","Morongo Air Monitoring Station","17","100.0000","44201","Ozone","047","40140","Riverside-San Bernardino-Ontario, CA","06","California","065","Riverside","33.9447129","-116.830074"
"02/07/2024","AQS","060651016","1","0.043","ppm","40","Morongo Air Monitoring Station","17","100.0000","44201","Ozone","047","40140","Riverside-San Bernardino-Ontario, CA","06","California","065","Riverside","33.9447129","-116.830074"
"02/08/2024","AQS","060651016","1","0.043","ppm","40","Morongo Air Monitoring Station","17","100.0000","44201","Ozone","047","40140","Riverside-San Bernardino-Ontario, CA","06","California","065","Riverside","33.9447129","-116.830074"
"02/09/2024","AQS","060651016","1","0.044","ppm","41","Morongo Air Monitoring Station","17","100.0000","44201","Ozone","047","40140","Riverside-San Bernardino-Ontario, CA","06","California","065","Riverside","33.9447129","-116.830074"
"02/10/2024","AQS","060651016","1","0.041","ppm","38","Morongo Air Monitoring Station","17","100.0000","44201","Ozone","047","40140","Riverside-San Bernardino-Ontario, CA","06","California","065","Riverside","33.9447129","-116.830074"
"02/11/2024","AQS","060651016","1","0.041","ppm","38","Morongo Air Monitoring Station","17","100.0000","44201","Ozone","047","40140","Riverside-San Bernardino-Ontario, CA","06","California","065","Riverside","33.9447129","-116.830074"
"02/12/2024","AQS","060651016","1","0.043","ppm","40","Morongo Air Monitoring Station","17","100.0000","44201","Ozone","047","40140","Riverside-San Bernardino-Ontario, CA","06","California","065","Riverside","33.9447129","-116.830074"
"02/13/2024","AQS","060651016","1","0.047","ppm","44","Morongo Air Monitoring Station","17","100.0000","44201","Ozone","047","40140","Riverside-San Bernardino-Ontario, CA","06","California","065","Riverside","33.9447129","-116.830074"
"02/14/2024","AQS","060651016","1","0.049","ppm","45","Morongo Air Monitoring Station","17","100.0000","44201","Ozone","047","40140","Riverside-San Bernardino-Ontario, CA","06","California","065","Riverside","33.9447129","-116.830074"
"02/15/2024","AQS","060651016","1","0.049","ppm","45","Morongo Air Monitoring Station","17","100.0000","44201","Ozone","047","40140","Riverside-San Bernardino-Ontario, CA","06","California","065","Riverside","33.9447129","-116.830074"
"02/16/2024","AQS","060651016","1","0.05","ppm","46","Morongo Air Monitoring Station","17","100.0000","44201","Ozone","047","40140","Riverside-San Bernardino-Ontario, CA","06","California","065","Riverside","33.9447129","-116.830074"
"02/17/2024","AQS","060651016","1","0.051","ppm","47","Morongo Air Monitoring Station","17","100.0000","44201","Ozone","047","40140","Riverside-San Bernardino-Ontario, CA","06","California","065","Riverside","33.9447129","-116.830074"
"02/18/2024","AQS","060651016","1","0.043","ppm","40","Morongo Air Monitoring Station","17","100.0000","44201","Ozone","047","40140","Riverside-San Bernardino-Ontario, CA","06","California","065","Riverside","33.9447129","-116.830074"
"02/19/2024","AQS","060651016","1","0.036","ppm","33","Morongo Air Monitoring Station","17","100.0000","44201","Ozone","047","40140","Riverside-San Bernardino-Ontario, CA","06","California","065","Riverside","33.9447129","-116.830074"
"02/20/2024","AQS","060651016","1","0.038","ppm","35","Morongo Air Monitoring Station","17","100.0000","44201","Ozone","047","40140","Riverside-San Bernardino-Ontario, CA","06","California","065","Riverside","33.9447129","-116.830074"
"02/21/2024","AQS","060651016","1","0.039","ppm","36","Morongo Air Monitoring Station","17","100.0000","44201","Ozone","047","40140","Riverside-San Bernardino-Ontario, CA","06","California","065","Riverside","33.9447129","-116.830074"
"02/22/2024","AQS","060651016","1","0.045","ppm","42","Morongo Air Monitoring Station","17","100.0000","44201","Ozone","047","40140","Riverside-San Bernardino-Ontario, CA","06","California","065","Riverside","33.9447129","-116.830074"
"02/23/2024","AQS","060651016","1","0.042","ppm","39","Morongo Air Monitoring Station","17","100.0000","44201","Ozone","047","40140","Riverside-San Bernardino-Ontario, CA","06","California","065","Riverside","33.9447129","-116.830074"
"02/24/2024","AQS","060651016","1","0.041","ppm","38","Morongo Air Monitoring Station","17","100.0000","44201","Ozone","047","40140","Riverside-San Bernardino-Ontario, CA","06","California","065","Riverside","33.9447129","-116.830074"
"02/25/2024","AQS","060651016","1","0.044","ppm","41","Morongo Air Monitoring Station","17","100.0000","44201","Ozone","047","40140","Riverside-San Bernardino-Ontario, CA","06","California","065","Riverside","33.9447129","-116.830074"
"02/26/2024","AQS","060651016","1","0.043","ppm","40","Morongo Air Monitoring Station","17","100.0000","44201","Ozone","047","40140","Riverside-San Bernardino-Ontario, CA","06","California","065","Riverside","33.9447129","-116.830074"
"02/27/2024","AQS","060651016","1","0.035","ppm","32","Morongo Air Monitoring Station","17","100.0000","44201","Ozone","047","40140","Riverside-San Bernardino-Ontario, CA","06","California","065","Riverside","33.9447129","-116.830074"
"02/28/2024","AQS","060651016","1","0.045","ppm","42","Morongo Air Monitoring Station","17","100.0000","44201","Ozone","047","40140","Riverside-San Bernardino-Ontario, CA","06","California","065","Riverside","33.9447129","-116.830074"
"02/29/2024","AQS","060651016","1","0.04","ppm","37","Morongo Air Monitoring Station","17","100.0000","44201","Ozone","047","40140","Riverside-San Bernardino-Ontario, CA","06","California","065","Riverside","33.9447129","-116.830074"
"03/01/2024","AQS","060651016","1","0.041","ppm","38","Morongo Air Monitoring Station","17","100.0000","44201","Ozone","047","40140","Riverside-San Bernardino-Ontario, CA","06","California","065","Riverside","33.9447129","-116.830074"
"03/02/2024","AQS","060651016","1","0.038","ppm","35","Morongo Air Monitoring Station","17","100.0000","44201","Ozone","047","40140","Riverside-San Bernardino-Ontario, CA","06","California","065","Riverside","33.9447129","-116.830074"
"03/03/2024","AQS","060651016","1","0.042","ppm","39","Morongo Air Monitoring Station","17","100.0000","44201","Ozone","047","40140","Riverside-San Bernardino-Ontario, CA","06","California","065","Riverside","33.9447129","-116.830074"
"03/04/2024","AQS","060651016","1","0.042","ppm","39","Morongo Air Monitoring Station","17","100.0000","44201","Ozone","047","40140","Riverside-San Bernardino-Ontario, CA","06","California","065","Riverside","33.9447129","-116.830074"
"03/05/2024","AQS","060651016","1","0.043","ppm","40","Morongo Air Monitoring Station","17","100.0000","44201","Ozone","047","40140","Riverside-San Bernardino-Ontario, CA","06","California","065","Riverside","33.9447129","-116.830074"
"03/06/2024","AQS","060651016","1","0.041","ppm","38","Morongo Air Monitoring Station","17","100.0000","44201","Ozone","047","40140","Riverside-San Bernardino-Ontario, CA","06","California","065","Riverside","33.9447129","-116.830074"
"03/07/2024","AQS","060651016","1","0.037","ppm","34","Morongo Air Monitoring Station","17","100.0000","44201","Ozone","047","40140","Riverside-San Bernardino-Ontario, CA","06","California","065","Riverside","33.9447129","-116.830074"
"03/08/2024","AQS","060651016","1","0.038","ppm","35","Morongo Air Monitoring Station","17","100.0000","44201","Ozone","047","40140","Riverside-San Bernardino-Ontario, CA","06","California","065","Riverside","33.9447129","-116.830074"
"03/09/2024","AQS","060651016","1","0.047","ppm","44","Morongo Air Monitoring Station","17","100.0000","44201","Ozone","047","40140","Riverside-San Bernardino-Ontario, CA","06","California","065","Riverside","33.9447129","-116.830074"
"03/10/2024","AQS","060651016","1","0.05","ppm","46","Morongo Air Monitoring Station","17","100.0000","44201","Ozone","047","40140","Riverside-San Bernardino-Ontario, CA","06","California","065","Riverside","33.9447129","-116.830074"
"03/11/2024","AQS","060651016","1","0.044","ppm","41","Morongo Air Monitoring Station","17","100.0000","44201","Ozone","047","40140","Riverside-San Bernardino-Ontario, CA","06","California","065","Riverside","33.9447129","-116.830074"
"03/13/2024","AQS","060651016","1","0.041","ppm","38","Morongo Air Monitoring Station","17","100.0000","44201","Ozone","047","40140","Riverside-San Bernardino-Ontario, CA","06","California","065","Riverside","33.9447129","-116.830074"
"03/14/2024","AQS","060651016","1","0.042","ppm","39","Morongo Air Monitoring Station","17","100.0000","44201","Ozone","047","40140","Riverside-San Bernardino-Ontario, CA","06","California","065","Riverside","33.9447129","-116.830074"
"03/15/2024","AQS","060651016","1","0.035","ppm","32","Morongo Air Monitoring Station","17","100.0000","44201","Ozone","047","40140","Riverside-San Bernardino-Ontario, CA","06","California","065","Riverside","33.9447129","-116.830074"
"03/16/2024","AQS","060651016","1","0.039","ppm","36","Morongo Air Monitoring Station","17","100.0000","44201","Ozone","047","40140","Riverside-San Bernardino-Ontario, CA","06","California","065","Riverside","33.9447129","-116.830074"
"03/17/2024","AQS","060651016","1","0.044","ppm","41","Morongo Air Monitoring Station","17","100.0000","44201","Ozone","047","40140","Riverside-San Bernardino-Ontario, CA","06","California","065","Riverside","33.9447129","-116.830074"
"03/18/2024","AQS","060651016","1","0.043","ppm","40","Morongo Air Monitoring Station","17","100.0000","44201","Ozone","047","40140","Riverside-San Bernardino-Ontario, CA","06","California","065","Riverside","33.9447129","-116.830074"
"03/19/2024","AQS","060651016","1","0.051","ppm","47","Morongo Air Monitoring Station","17","100.0000","44201","Ozone","047","40140","Riverside-San Bernardino-Ontario, CA","06","California","065","Riverside","33.9447129","-116.830074"
"03/20/2024","AQS","060651016","1","0.057","ppm","58","Morongo Air Monitoring Station","17","100.0000","44201","Ozone","047","40140","Riverside-San Bernardino-Ontario, CA","06","California","065","Riverside","33.9447129","-116.830074"
"03/21/2024","AQS","060651016","1","0.057","ppm","58","Morongo Air Monitoring Station","17","100.0000","44201","Ozone","047","40140","Riverside-San Bernardino-Ontario, CA","06","California","065","Riverside","33.9447129","-116.830074"
"03/22/2024","AQS","060651016","1","0.055","ppm","51","Morongo Air Monitoring Station","17","100.0000","44201","Ozone","047","40140","Riverside-San Bernardino-Ontario, CA","06","California","065","Riverside","33.9447129","-116.830074"
"03/23/2024","AQS","060651016","1","0.039","ppm","36","Morongo Air Monitoring Station","17","100.0000","44201","Ozone","047","40140","Riverside-San Bernardino-Ontario, CA","06","California","065","Riverside","33.9447129","-116.830074"
"03/24/2024","AQS","060651016","1","0.045","ppm","42","Morongo Air Monitoring Station","17","100.0000","44201","Ozone","047","40140","Riverside-San Bernardino-Ontario, CA","06","California","065","Riverside","33.9447129","-116.830074"
"03/25/2024","AQS","060651016","1","0.042","ppm","39","Morongo Air Monitoring Station","15","88.0000","44201","Ozone","047","40140","Riverside-San Bernardino-Ontario, CA","06","California","065","Riverside","33.9447129","-116.830074"
"03/26/2024","AQS","060651016","1","0.046","ppm","43","Morongo Air Monitoring Station","17","100.0000","44201","Ozone","047","40140","Riverside-San Bernardino-Ontario, CA","06","California","065","Riverside","33.9447129","-116.830074"
"03/27/2024","AQS","060651016","1","0.055","ppm","51","Morongo Air Monitoring Station","17","100.0000","44201","Ozone","047","40140","Riverside-San Bernardino-Ontario, CA","06","California","065","Riverside","33.9447129","-116.830074"
"03/28/2024","AQS","060651016","1","0.051","ppm","47","Morongo Air Monitoring Station","17","100.0000","44201","Ozone","047","40140","Riverside-San Bernardino-Ontario, CA","06","California","065","Riverside","33.9447129","-116.830074"
"03/29/2024","AQS","060651016","1","0.048","ppm","44","Morongo Air Monitoring Station","17","100.0000","44201","Ozone","047","40140","Riverside-San Bernardino-Ontario, CA","06","California","065","Riverside","33.9447129","-116.830074"
"03/30/2024","AQS","060651016","1","0.047","ppm","44","Morongo Air Monitoring Station","17","100.0000","44201","Ozone","047","40140","Riverside-San Bernardino-Ontario, CA","06","California","065","Riverside","33.9447129","-116.830074"
"03/31/2024","AQS","060651016","1","0.044","ppm","41","Morongo Air Monitoring Station","17","100.0000","44201","Ozone","047","40140","Riverside-San Bernardino-Ontario, CA","06","California","065","Riverside","33.9447129","-116.830074"
"04/01/2024","AQS","060651016","1","0.047","ppm","44","Morongo Air Monitoring Station","17","100.0000","44201","Ozone","047","40140","Riverside-San Bernardino-Ontario, CA","06","California","065","Riverside","33.9447129","-116.830074"
"04/02/2024","AQS","060651016","1","0.048","ppm","44","Morongo Air Monitoring Station","17","100.0000","44201","Ozone","047","40140","Riverside-San Bernardino-Ontario, CA","06","California","065","Riverside","33.9447129","-116.830074"
"04/03/2024","AQS","060651016","1","0.061","ppm","71","Morongo Air Monitoring Station","14","82.0000","44201","Ozone","047","40140","Riverside-San Bernardino-Ontario, CA","06","California","065","Riverside","33.9447129","-116.830074"
"04/04/2024","AQS","060651016","1","0.044","ppm","41","Morongo Air Monitoring Station","17","100.0000","44201","Ozone","047","40140","Riverside-San Bernardino-Ontario, CA","06","California","065","Riverside","33.9447129","-116.830074"
"04/05/2024","AQS","060651016","1","0.045","ppm","42","Morongo Air Monitoring Station","17","100.0000","44201","Ozone","047","40140","Riverside-San Bernardino-Ontario, CA","06","California","065","Riverside","33.9447129","-116.830074"
"04/06/2024","AQS","060651016","1","0.047","ppm","44","Morongo Air Monitoring Station","17","100.0000","44201","Ozone","047","40140","Riverside-San Bernardino-Ontario, CA","06","California","065","Riverside","33.9447129","-116.830074"
"04/07/2024","AQS","060651016","1","0.054","ppm","50","Morongo Air Monitoring Station","17","100.0000","44201","Ozone","047","40140","Riverside-San Bernardino-Ontario, CA","06","California","065","Riverside","33.9447129","-116.830074"
"04/08/2024","AQS","060651016","1","0.053","ppm","49","Morongo Air Monitoring Station","17","100.0000","44201","Ozone","047","40140","Riverside-San Bernardino-Ontario, CA","06","California","065","Riverside","33.9447129","-116.830074"
"04/09/2024","AQS","060651016","1","0.058","ppm","61","Morongo Air Monitoring Station","17","100.0000","44201","Ozone","047","40140","Riverside-San Bernardino-Ontario, CA","06","California","065","Riverside","33.9447129","-116.830074"
"04/10/2024","AQS","060651016","1","0.063","ppm","77","Morongo Air Monitoring Station","17","100.0000","44201","Ozone","047","40140","Riverside-San Bernardino-Ontario, CA","06","California","065","Riverside","33.9447129","-116.830074"
"04/11/2024","AQS","060651016","1","0.059","ppm","64","Morongo Air Monitoring Station","17","100.0000","44201","Ozone","047","40140","Riverside-San Bernardino-Ontario, CA","06","California","065","Riverside","33.9447129","-116.830074"
"04/12/2024","AQS","060651016","1","0.054","ppm","50","Morongo Air Monitoring Station","17","100.0000","44201","Ozone","047","40140","Riverside-San Bernardino-Ontario, CA","06","California","065","Riverside","33.9447129","-116.830074"
"04/13/2024","AQS","060651016","1","0.053","ppm","49","Morongo Air Monitoring Station","17","100.0000","44201","Ozone","047","40140","Riverside-San Bernardino-Ontario, CA","06","California","065","Riverside","33.9447129","-116.830074"
"04/14/2024","AQS","060651016","1","0.049","ppm","45","Morongo Air Monitoring Station","17","100.0000","44201","Ozone","047","40140","Riverside-San Bernardino-Ontario, CA","06","California","065","Riverside","33.9447129","-116.830074"
"04/15/2024","AQS","060651016","1","0.055","ppm","51","Morongo Air Monitoring Station","17","100.0000","44201","Ozone","047","40140","Riverside-San Bernardino-Ontario, CA","06","California","065","Riverside","33.9447129","-116.830074"
"04/16/2024","AQS","060651016","1","0.066","ppm","87","Morongo Air Monitoring Station","16","94.0000","44201","Ozone","047","40140","Riverside-San Bernardino-Ontario, CA","06","California","065","Riverside","33.9447129","-116.830074"
"04/17/2024","AQS","060651016","1","0.07","ppm","100","Morongo Air Monitoring Station","17","100.0000","44201","Ozone","047","40140","Riverside-San Bernardino-Ontario, CA","06","California","065","Riverside","33.9447129","-116.830074"
"04/18/2024","AQS","060651016","1","0.066","ppm","87","Morongo Air Monitoring Station","17","100.0000","44201","Ozone","047","40140","Riverside-San Bernardino-Ontario, CA","06","California","065","Riverside","33.9447129","-116.830074"
"04/19/2024","AQS","060651016","1","0.061","ppm","71","Morongo Air Monitoring Station","17","100.0000","44201","Ozone","047","40140","Riverside-San Bernardino-Ontario, CA","06","California","065","Riverside","33.9447129","-116.830074"
"04/20/2024","AQS","060651016","1","0.07","ppm","100","Morongo Air Monitoring Station","17","100.0000","44201","Ozone","047","40140","Riverside-San Bernardino-Ontario, CA","06","California","065","Riverside","33.9447129","-116.830074"
"04/21/2024","AQS","060651016","1","0.063","ppm","77","Morongo Air Monitoring Station","17","100.0000","44201","Ozone","047","40140","Riverside-San Bernardino-Ontario, CA","06","California","065","Riverside","33.9447129","-116.830074"
"04/22/2024","AQS","060651016","1","0.068","ppm","93","Morongo Air Monitoring Station","17","100.0000","44201","Ozone","047","40140","Riverside-San Bernardino-Ontario, CA","06","California","065","Riverside","33.9447129","-116.830074"
"04/23/2024","AQS","060651016","1","0.048","ppm","44","Morongo Air Monitoring Station","17","100.0000","44201","Ozone","047","40140","Riverside-San Bernardino-Ontario, CA","06","California","065","Riverside","33.9447129","-116.830074"
"04/24/2024","AQS","060651016","1","0.051","ppm","47","Morongo Air Monitoring Station","17","100.0000","44201","Ozone","047","40140","Riverside-San Bernardino-Ontario, CA","06","California","065","Riverside","33.9447129","-116.830074"
"04/25/2024","AQS","060651016","1","0.04","ppm","37","Morongo Air Monitoring Station","17","100.0000","44201","Ozone","047","40140","Riverside-San Bernardino-Ontario, CA","06","California","065","Riverside","33.9447129","-116.830074"
"04/26/2024","AQS","060651016","1","0.036","ppm","33","Morongo Air Monitoring Station","17","100.0000","44201","Ozone","047","40140","Riverside-San Bernardino-Ontario, CA","06","California","065","Riverside","33.9447129","-116.830074"
"04/27/2024","AQS","060651016","1","0.047","ppm","44","Morongo Air Monitoring Station","17","100.0000","44201","Ozone","047","40140","Riverside-San Bernardino-Ontario, CA","06","California","065","Riverside","33.9447129","-116.830074"
"04/28/2024","AQS","060651016","1","0.053","ppm","49","Morongo Air Monitoring Station","17","100.0000","44201","Ozone","047","40140","Riverside-San Bernardino-Ontario, CA","06","California","065","Riverside","33.9447129","-116.830074"
"04/30/2024","AQS","060651016","1","0.064","ppm","80","Morongo Air Monitoring Station","17","100.0000","44201","Ozone","047","40140","Riverside-San Bernardino-Ontario, CA","06","California","065","Riverside","33.9447129","-116.830074"
"05/01/2024","AQS","060651016","1","0.075","ppm","115","Morongo Air Monitoring Station","14","82.0000","44201","Ozone","047","40140","Riverside-San Bernardino-Ontario, CA","06","California","065","Riverside","33.9447129","-116.830074"
"05/02/2024","AQS","060651016","1","0.071","ppm","101","Morongo Air Monitoring Station","17","100.0000","44201","Ozone","047","40140","Riverside-San Bernardino-Ontario, CA","06","California","065","Riverside","33.9447129","-116.830074"
"05/03/2024","AQS","060651016","1","0.065","ppm","84","Morongo Air Monitoring Station","15","88.0000","44201","Ozone","047","40140","Riverside-San Bernardino-Ontario, CA","06","California","065","Riverside","33.9447129","-116.830074"
"05/04/2024","AQS","060651016","1","0.049","ppm","45","Morongo Air Monitoring Station","17","100.0000","44201","Ozone","047","40140","Riverside-San Bernardino-Ontario, CA","06","California","065","Riverside","33.9447129","-116.830074"
"05/05/2024","AQS","060651016","1","0.055","ppm","51","Morongo Air Monitoring Station","17","100.0000","44201","Ozone","047","40140","Riverside-San Bernardino-Ontario, CA","06","California","065","Riverside","33.9447129","-116.830074"
"05/06/2024","AQS","060651016","1","0.055","ppm","51","Morongo Air Monitoring Station","17","100.0000","44201","Ozone","047","40140","Riverside-San Bernardino-Ontario, CA","06","California","065","Riverside","33.9447129","-116.830074"
"05/07/2024","AQS","060651016","1","0.067","ppm","90","Morongo Air Monitoring Station","17","100.0000","44201","Ozone","047","40140","Riverside-San Bernardino-Ontario, CA","06","California","065","Riverside","33.9447129","-116.830074"
"05/08/2024","AQS","060651016","1","0.066","ppm","87","Morongo Air Monitoring Station","17","100.0000","44201","Ozone","047","40140","Riverside-San Bernardino-Ontario, CA","06","California","065","Riverside","33.9447129","-116.830074"
"05/09/2024","AQS","060651016","1","0.056","ppm","54","Morongo Air Monitoring Station","17","100.0000","44201","Ozone","047","40140","Riverside-San Bernardino-Ontario, CA","06","California","065","Riverside","33.9447129","-116.830074"
"05/10/2024","AQS","060651016","1","0.065","ppm","84","Morongo Air Monitoring Station","17","100.0000","44201","Ozone","047","40140","Riverside-San Bernardino-Ontario, CA","06","California","065","Riverside","33.9447129","-116.830074"
"05/11/2024","AQS","060651016","1","0.066","ppm","87","Morongo Air Monitoring Station","17","100.0000","44201","Ozone","047","40140","Riverside-San Bernardino-Ontario, CA","06","California","065","Riverside","33.9447129","-116.830074"
"05/12/2024","AQS","060651016","1","0.072","ppm","105","Morongo Air Monitoring Station","17","100.0000","44201","Ozone","047","40140","Riverside-San Bernardino-Ontario, CA","06","California","065","Riverside","33.9447129","-116.830074"
"05/13/2024","AQS","060651016","1","0.069","ppm","97","Morongo Air Monitoring Station","17","100.0000","44201","Ozone","047","40140","Riverside-San Bernardino-Ontario, CA","06","California","065","Riverside","33.9447129","-116.830074"
"05/14/2024","AQS","060651016","1","0.067","ppm","90","Morongo Air Monitoring Station","17","100.0000","44201","Ozone","047","40140","Riverside-San Bernardino-Ontario, CA","06","California","065","Riverside","33.9447129","-116.830074"
"05/15/2024","AQS","060651016","1","0.055","ppm","51","Morongo Air Monitoring Station","17","100.0000","44201","Ozone","047","40140","Riverside-San Bernardino-Ontario, CA","06","California","065","Riverside","33.9447129","-116.830074"
"05/16/2024","AQS","060651016","1","0.059","ppm","64","Morongo Air Monitoring Station","17","100.0000","44201","Ozone","047","40140","Riverside-San Bernardino-Ontario, CA","06","California","065","Riverside","33.9447129","-116.830074"
"05/17/2024","AQS","060651016","1","0.059","ppm","64","Morongo Air Monitoring Station","17","100.0000","44201","Ozone","047","40140","Riverside-San Bernardino-Ontario, CA","06","California","065","Riverside","33.9447129","-116.830074"
"05/18/2024","AQS","060651016","1","0.061","ppm","71","Morongo Air Monitoring Station","17","100.0000","44201","Ozone","047","40140","Riverside-San Bernardino-Ontario, CA","06","California","065","Riverside","33.9447129","-116.830074"
"05/19/2024","AQS","060651016","1","0.059","ppm","64","Morongo Air Monitoring Station","17","100.0000","44201","Ozone","047","40140","Riverside-San Bernardino-Ontario, CA","06","California","065","Riverside","33.9447129","-116.830074"
"05/20/2024","AQS","060651016","1","0.059","ppm","64","Morongo Air Monitoring Station","17","100.0000","44201","Ozone","047","40140","Riverside-San Bernardino-Ontario, CA","06","California","065","Riverside","33.9447129","-116.830074"
"05/21/2024","AQS","060651016","1","0.064","ppm","80","Morongo Air Monitoring Station","17","100.0000","44201","Ozone","047","40140","Riverside-San Bernardino-Ontario, CA","06","California","065","Riverside","33.9447129","-116.830074"
"05/22/2024","AQS","060651016","1","0.072","ppm","105","Morongo Air Monitoring Station","17","100.0000","44201","Ozone","047","40140","Riverside-San Bernardino-Ontario, CA","06","California","065","Riverside","33.9447129","-116.830074"
"05/23/2024","AQS","060651016","1","0.06","ppm","67","Morongo Air Monitoring Station","17","100.0000","44201","Ozone","047","40140","Riverside-San Bernardino-Ontario, CA","06","California","065","Riverside","33.9447129","-116.830074"
"05/24/2024","AQS","060651016","1","0.05","ppm","46","Morongo Air Monitoring Station","17","100.0000","44201","Ozone","047","40140","Riverside-San Bernardino-Ontario, CA","06","California","065","Riverside","33.9447129","-116.830074"
"05/25/2024","AQS","060651016","1","0.049","ppm","45","Morongo Air Monitoring Station","17","100.0000","44201","Ozone","047","40140","Riverside-San Bernardino-Ontario, CA","06","California","065","Riverside","33.9447129","-116.830074"
"05/26/2024","AQS","060651016","1","0.055","ppm","51","Morongo Air Monitoring Station","17","100.0000","44201","Ozone","047","40140","Riverside-San Bernardino-Ontario, CA","06","California","065","Riverside","33.9447129","-116.830074"
"05/27/2024","AQS","060651016","1","0.063","ppm","77","Morongo Air Monitoring Station","17","100.0000","44201","Ozone","047","40140","Riverside-San Bernardino-Ontario, CA","06","California","065","Riverside","33.9447129","-116.830074"
"05/28/2024","AQS","060651016","1","0.069","ppm","97","Morongo Air Monitoring Station","17","100.0000","44201","Ozone","047","40140","Riverside-San Bernardino-Ontario, CA","06","California","065","Riverside","33.9447129","-116.830074"
"05/29/2024","AQS","060651016","1","0.063","ppm","77","Morongo Air Monitoring Station","17","100.0000","44201","Ozone","047","40140","Riverside-San Bernardino-Ontario, CA","06","California","065","Riverside","33.9447129","-116.830074"
"05/30/2024","AQS","060651016","1","0.081","ppm","136","Morongo Air Monitoring Station","17","100.0000","44201","Ozone","047","40140","Riverside-San Bernardino-Ontario, CA","06","California","065","Riverside","33.9447129","-116.830074"
"05/31/2024","AQS","060651016","1","0.082","ppm","140","Morongo Air Monitoring Station","17","100.0000","44201","Ozone","047","40140","Riverside-San Bernardino-Ontario, CA","06","California","065","Riverside","33.9447129","-116.830074"
"06/01/2024","AQS","060651016","1","0.073","ppm","108","Morongo Air Monitoring Station","17","100.0000","44201","Ozone","047","40140","Riverside-San Bernardino-Ontario, CA","06","California","065","Riverside","33.9447129","-116.830074"
"06/02/2024","AQS","060651016","1","0.053","ppm","49","Morongo Air Monitoring Station","17","100.0000","44201","Ozone","047","40140","Riverside-San Bernardino-Ontario, CA","06","California","065","Riverside","33.9447129","-116.830074"
"06/03/2024","AQS","060651016","1","0.071","ppm","101","Morongo Air Monitoring Station","17","100.0000","44201","Ozone","047","40140","Riverside-San Bernardino-Ontario, CA","06","California","065","Riverside","33.9447129","-116.830074"
"06/04/2024","AQS","060651016","1","0.087","ppm","154","Morongo Air Monitoring Station","17","100.0000","44201","Ozone","047","40140","Riverside-San Bernardino-Ontario, CA","06","California","065","Riverside","33.9447129","-116.830074"
"06/05/2024","AQS","060651016","1","0.101","ppm","190","Morongo Air Monitoring Station","17","100.0000","44201","Ozone","047","40140","Riverside-San Bernardino-Ontario, CA","06","California","065","Riverside","33.9447129","-116.830074"
"06/06/2024","AQS","060651016","1","0.099","ppm","185","Morongo Air Monitoring Station","17","100.0000","44201","Ozone","047","40140","Riverside-San Bernardino-Ontario, CA","06","California","065","Riverside","33.9447129","-116.830074"
"06/07/2024","AQS","060651016","1","0.056","ppm","54","Morongo Air Monitoring Station","17","100.0000","44201","Ozone","047","40140","Riverside-San Bernardino-Ontario, CA","06","California","065","Riverside","33.9447129","-116.830074"
"06/08/2024","AQS","060651016","1","0.046","ppm","43","Morongo Air Monitoring Station","17","100.0000","44201","Ozone","047","40140","Riverside-San Bernardino-Ontario, CA","06","California","065","Riverside","33.9447129","-116.830074"
"06/09/2024","AQS","060651016","1","0.04","ppm","37","Morongo Air Monitoring Station","17","100.0000","44201","Ozone","047","40140","Riverside-San Bernardino-Ontario, CA","06","California","065","Riverside","33.9447129","-116.830074"
"06/10/2024","AQS","060651016","1","0.084","ppm","147","Morongo Air Monitoring Station","17","100.0000","44201","Ozone","047","40140","Riverside-San Bernardino-Ontario, CA","06","California","065","Riverside","33.9447129","-116.830074"
"06/11/2024","AQS","060651016","1","0.089","ppm","159","Morongo Air Monitoring Station","17","100.0000","44201","Ozone","047","40140","Riverside-San Bernardino-Ontario, CA","06","California","065","Riverside","33.9447129","-116.830074"
"06/12/2024","AQS","060651016","1","0.055","ppm","51","Morongo Air Monitoring Station","17","100.0000","44201","Ozone","047","40140","Riverside-San Bernardino-Ontario, CA","06","California","065","Riverside","33.9447129","-116.830074"
"06/13/2024","AQS","060651016","1","0.071","ppm","101","Morongo Air Monitoring Station","12","71.0000","44201","Ozone","047","40140","Riverside-San Bernardino-Ontario, CA","06","California","065","Riverside","33.9447129","-116.830074"
"06/14/2024","AQS","060651016","1","0.102","ppm","192","Morongo Air Monitoring Station","17","100.0000","44201","Ozone","047","40140","Riverside-San Bernardino-Ontario, CA","06","California","065","Riverside","33.9447129","-116.830074"
"06/15/2024","AQS","060651016","1","0.079","ppm","129","Morongo Air Monitoring Station","17","100.0000","44201","Ozone","047","40140","Riverside-San Bernardino-Ontario, CA","06","California","065","Riverside","33.9447129","-116.830074"
"06/16/2024","AQS","060651016","1","0.069","ppm","97","Morongo Air Monitoring Station","17","100.0000","44201","Ozone","047","40140","Riverside-San Bernardino-Ontario, CA","06","California","065","Riverside","33.9447129","-116.830074"
"06/17/2024","AQS","060651016","1","0.06","ppm","67","Morongo Air Monitoring Station","17","100.0000","44201","Ozone","047","40140","Riverside-San Bernardino-Ontario, CA","06","California","065","Riverside","33.9447129","-116.830074"
"06/18/2024","AQS","060651016","1","0.076","ppm","119","Morongo Air Monitoring Station","17","100.0000","44201","Ozone","047","40140","Riverside-San Bernardino-Ontario, CA","06","California","065","Riverside","33.9447129","-116.830074"
"06/19/2024","AQS","060651016","1","0.077","ppm","122","Morongo Air Monitoring Station","17","100.0000","44201","Ozone","047","40140","Riverside-San Bernardino-Ontario, CA","06","California","065","Riverside","33.9447129","-116.830074"
"06/20/2024","AQS","060651016","1","0.084","ppm","147","Morongo Air Monitoring Station","17","100.0000","44201","Ozone","047","40140","Riverside-San Bernardino-Ontario, CA","06","California","065","Riverside","33.9447129","-116.830074"
"06/21/2024","AQS","060651016","1","0.098","ppm","182","Morongo Air Monitoring Station","17","100.0000","44201","Ozone","047","40140","Riverside-San Bernardino-Ontario, CA","06","California","065","Riverside","33.9447129","-116.830074"
"06/22/2024","AQS","060651016","1","0.064","ppm","80","Morongo Air Monitoring Station","17","100.0000","44201","Ozone","047","40140","Riverside-San Bernardino-Ontario, CA","06","California","065","Riverside","33.9447129","-116.830074"
"06/23/2024","AQS","060651016","1","0.071","ppm","101","Morongo Air Monitoring Station","17","100.0000","44201","Ozone","047","40140","Riverside-San Bernardino-Ontario, CA","06","California","065","Riverside","33.9447129","-116.830074"
"06/24/2024","AQS","060651016","1","0.087","ppm","154","Morongo Air Monitoring Station","17","100.0000","44201","Ozone","047","40140","Riverside-San Bernardino-Ontario, CA","06","California","065","Riverside","33.9447129","-116.830074"
"06/25/2024","AQS","060651016","1","0.075","ppm","115","Morongo Air Monitoring Station","12","71.0000","44201","Ozone","047","40140","Riverside-San Bernardino-Ontario, CA","06","California","065","Riverside","33.9447129","-116.830074"
"06/26/2024","AQS","060651016","1","0.088","ppm","156","Morongo Air Monitoring Station","17","100.0000","44201","Ozone","047","40140","Riverside-San Bernardino-Ontario, CA","06","California","065","Riverside","33.9447129","-116.830074"
"06/27/2024","AQS","060651016","1","0.077","ppm","122","Morongo Air Monitoring Station","17","100.0000","44201","Ozone","047","40140","Riverside-San Bernardino-Ontario, CA","06","California","065","Riverside","33.9447129","-116.830074"
"06/28/2024","AQS","060651016","1","0.057","ppm","58","Morongo Air Monitoring Station","17","100.0000","44201","Ozone","047","40140","Riverside-San Bernardino-Ontario, CA","06","California","065","Riverside","33.9447129","-116.830074"
"06/29/2024","AQS","060651016","1","0.084","ppm","147","Morongo Air Monitoring Station","17","100.0000","44201","Ozone","047","40140","Riverside-San Bernardino-Ontario, CA","06","California","065","Riverside","33.9447129","-116.830074"
"06/30/2024","AQS","060651016","1","0.078","ppm","126","Morongo Air Monitoring Station","17","100.0000","44201","Ozone","047","40140","Riverside-San Bernardino-Ontario, CA","06","California","065","Riverside","33.9447129","-116.830074"
"07/01/2024","AQS","060651016","1","0.056","ppm","54","Morongo Air Monitoring Station","17","100.0000","44201","Ozone","047","40140","Riverside-San Bernardino-Ontario, CA","06","California","065","Riverside","33.9447129","-116.830074"
"07/02/2024","AQS","060651016","1","0.079","ppm","129","Morongo Air Monitoring Station","17","100.0000","44201","Ozone","047","40140","Riverside-San Bernardino-Ontario, CA","06","California","065","Riverside","33.9447129","-116.830074"
"07/03/2024","AQS","060651016","1","0.101","ppm","190","Morongo Air Monitoring Station","17","100.0000","44201","Ozone","047","40140","Riverside-San Bernardino-Ontario, CA","06","California","065","Riverside","33.9447129","-116.830074"
"07/04/2024","AQS","060651016","1","0.108","ppm","203","Morongo Air Monitoring Station","17","100.0000","44201","Ozone","047","40140","Riverside-San Bernardino-Ontario, CA","06","California","065","Riverside","33.9447129","-116.830074"
"07/05/2024","AQS","060651016","1","0.089","ppm","159","Morongo Air Monitoring Station","17","100.0000","44201","Ozone","047","40140","Riverside-San Bernardino-Ontario, CA","06","California","065","Riverside","33.9447129","-116.830074"
"07/06/2024","AQS","060651016","1","0.089","ppm","159","Morongo Air Monitoring Station","17","100.0000","44201","Ozone","047","40140","Riverside-San Bernardino-Ontario, CA","06","California","065","Riverside","33.9447129","-116.830074"
"07/07/2024","AQS","060651016","1","0.067","ppm","90","Morongo Air Monitoring Station","17","100.0000","44201","Ozone","047","40140","Riverside-San Bernardino-Ontario, CA","06","California","065","Riverside","33.9447129","-116.830074"
"07/08/2024","AQS","060651016","1","0.113","ppm","208","Morongo Air Monitoring Station","17","100.0000","44201","Ozone","047","40140","Riverside-San Bernardino-Ontario, CA","06","California","065","Riverside","33.9447129","-116.830074"
"07/09/2024","AQS","060651016","1","0.117","ppm","213","Morongo Air Monitoring Station","17","100.0000","44201","Ozone","047","40140","Riverside-San Bernardino-Ontario, CA","06","California","065","Riverside","33.9447129","-116.830074"
"07/10/2024","AQS","060651016","1","0.106","ppm","201","Morongo Air Monitoring Station","17","100.0000","44201","Ozone","047","40140","Riverside-San Bernardino-Ontario, CA","06","California","065","Riverside","33.9447129","-116.830074"
"07/11/2024","AQS","060651016","1","0.101","ppm","190","Morongo Air Monitoring Station","17","100.0000","44201","Ozone","047","40140","Riverside-San Bernardino-Ontario, CA","06","California","065","Riverside","33.9447129","-116.830074"
"07/12/2024","AQS","060651016","1","0.102","ppm","192","Morongo Air Monitoring Station","17","100.0000","44201","Ozone","047","40140","Riverside-San Bernardino-Ontario, CA","06","California","065","Riverside","33.9447129","-116.830074"
"07/13/2024","AQS","060651016","1","0.071","ppm","101","Morongo Air Monitoring Station","17","100.0000","44201","Ozone","047","40140","Riverside-San Bernardino-Ontario, CA","06","California","065","Riverside","33.9447129","-116.830074"
"07/14/2024","AQS","060651016","1","0.066","ppm","87","Morongo Air Monitoring Station","17","100.0000","44201","Ozone","047","40140","Riverside-San Bernardino-Ontario, CA","06","California","065","Riverside","33.9447129","-116.830074"
"07/15/2024","AQS","060651016","1","0.085","ppm","150","Morongo Air Monitoring Station","17","100.0000","44201","Ozone","047","40140","Riverside-San Bernardino-Ontario, CA","06","California","065","Riverside","33.9447129","-116.830074"
"07/16/2024","AQS","060651016","1","0.081","ppm","136","Morongo Air Monitoring Station","17","100.0000","44201","Ozone","047","40140","Riverside-San Bernardino-Ontario, CA","06","California","065","Riverside","33.9447129","-116.830074"
"07/17/2024","AQS","060651016","1","0.099","ppm","185","Morongo Air Monitoring Station","17","100.0000","44201","Ozone","047","40140","Riverside-San Bernardino-Ontario, CA","06","California","065","Riverside","33.9447129","-116.830074"
"07/18/2024","AQS","060651016","1","0.087","ppm","154","Morongo Air Monitoring Station","17","100.0000","44201","Ozone","047","40140","Riverside-San Bernardino-Ontario, CA","06","California","065","Riverside","33.9447129","-116.830074"
"07/19/2024","AQS","060651016","1","0.077","ppm","122","Morongo Air Monitoring Station","17","100.0000","44201","Ozone","047","40140","Riverside-San Bernardino-Ontario, CA","06","California","065","Riverside","33.9447129","-116.830074"
"07/20/2024","AQS","060651016","1","0.083","ppm","143","Morongo Air Monitoring Station","17","100.0000","44201","Ozone","047","40140","Riverside-San Bernardino-Ontario, CA","06","California","065","Riverside","33.9447129","-116.830074"
"07/21/2024","AQS","060651016","1","0.083","ppm","143","Morongo Air Monitoring Station","17","100.0000","44201","Ozone","047","40140","Riverside-San Bernardino-Ontario, CA","06","California","065","Riverside","33.9447129","-116.830074"
"07/22/2024","AQS","060651016","1","0.1","ppm","187","Morongo Air Monitoring Station","17","100.0000","44201","Ozone","047","40140","Riverside-San Bernardino-Ontario, CA","06","California","065","Riverside","33.9447129","-116.830074"
"07/23/2024","AQS","060651016","1","0.098","ppm","182","Morongo Air Monitoring Station","17","100.0000","44201","Ozone","047","40140","Riverside-San Bernardino-Ontario, CA","06","California","065","Riverside","33.9447129","-116.830074"
"07/24/2024","AQS","060651016","1","0.107","ppm","202","Morongo Air Monitoring Station","17","100.0000","44201","Ozone","047","40140","Riverside-San Bernardino-Ontario, CA","06","California","065","Riverside","33.9447129","-116.830074"
"07/25/2024","AQS","060651016","1","0.094","ppm","172","Morongo Air Monitoring Station","17","100.0000","44201","Ozone","047","40140","Riverside-San Bernardino-Ontario, CA","06","California","065","Riverside","33.9447129","-116.830074"
"07/26/2024","AQS","060651016","1","0.057","ppm","58","Morongo Air Monitoring Station","17","100.0000","44201","Ozone","047","40140","Riverside-San Bernardino-Ontario, CA","06","California","065","Riverside","33.9447129","-116.830074"
"07/27/2024","AQS","060651016","1","0.06","ppm","67","Morongo Air Monitoring Station","17","100.0000","44201","Ozone","047","40140","Riverside-San Bernardino-Ontario, CA","06","California","065","Riverside","33.9447129","-116.830074"
"07/28/2024","AQS","060651016","1","0.051","ppm","47","Morongo Air Monitoring Station","17","100.0000","44201","Ozone","047","40140","Riverside-San Bernardino-Ontario, CA","06","California","065","Riverside","33.9447129","-116.830074"
"07/29/2024","AQS","060651016","1","0.067","ppm","90","Morongo Air Monitoring Station","17","100.0000","44201","Ozone","047","40140","Riverside-San Bernardino-Ontario, CA","06","California","065","Riverside","33.9447129","-116.830074"
"07/30/2024","AQS","060651016","1","0.077","ppm","122","Morongo Air Monitoring Station","17","100.0000","44201","Ozone","047","40140","Riverside-San Bernardino-Ontario, CA","06","California","065","Riverside","33.9447129","-116.830074"
"07/31/2024","AQS","060651016","1","0.099","ppm","185","Morongo Air Monitoring Station","17","100.0000","44201","Ozone","047","40140","Riverside-San Bernardino-Ontario, CA","06","California","065","Riverside","33.9447129","-116.830074"
"08/01/2024","AQS","060651016","1","0.061","ppm","71","Morongo Air Monitoring Station","17","100.0000","44201","Ozone","047","40140","Riverside-San Bernardino-Ontario, CA","06","California","065","Riverside","33.9447129","-116.830074"
"08/02/2024","AQS","060651016","1","0.083","ppm","143","Morongo Air Monitoring Station","17","100.0000","44201","Ozone","047","40140","Riverside-San Bernardino-Ontario, CA","06","California","065","Riverside","33.9447129","-116.830074"
"08/03/2024","AQS","060651016","1","0.081","ppm","136","Morongo Air Monitoring Station","17","100.0000","44201","Ozone","047","40140","Riverside-San Bernardino-Ontario, CA","06","California","065","Riverside","33.9447129","-116.830074"
"08/04/2024","AQS","060651016","1","0.08","ppm","133","Morongo Air Monitoring Station","17","100.0000","44201","Ozone","047","40140","Riverside-San Bernardino-Ontario, CA","06","California","065","Riverside","33.9447129","-116.830074"
"08/05/2024","AQS","060651016","1","0.082","ppm","140","Morongo Air Monitoring Station","17","100.0000","44201","Ozone","047","40140","Riverside-San Bernardino-Ontario, CA","06","California","065","Riverside","33.9447129","-116.830074"
"08/06/2024","AQS","060651016","1","0.086","ppm","151","Morongo Air Monitoring Station","17","100.0000","44201","Ozone","047","40140","Riverside-San Bernardino-Ontario, CA","06","California","065","Riverside","33.9447129","-116.830074"
"08/07/2024","AQS","060651016","1","0.059","ppm","64","Morongo Air Monitoring Station","17","100.0000","44201","Ozone","047","40140","Riverside-San Bernardino-Ontario, CA","06","California","065","Riverside","33.9447129","-116.830074"
"08/08/2024","AQS","060651016","1","0.064","ppm","80","Morongo Air Monitoring Station","17","100.0000","44201","Ozone","047","40140","Riverside-San Bernardino-Ontario, CA","06","California","065","Riverside","33.9447129","-116.830074"
"08/09/2024","AQS","060651016","1","0.094","ppm","172","Morongo Air Monitoring Station","17","100.0000","44201","Ozone","047","40140","Riverside-San Bernardino-Ontario, CA","06","California","065","Riverside","33.9447129","-116.830074"
"08/10/2024","AQS","060651016","1","0.073","ppm","108","Morongo Air Monitoring Station","17","100.0000","44201","Ozone","047","40140","Riverside-San Bernardino-Ontario, CA","06","California","065","Riverside","33.9447129","-116.830074"
"08/11/2024","AQS","060651016","1","0.05","ppm","46","Morongo Air Monitoring Station","17","100.0000","44201","Ozone","047","40140","Riverside-San Bernardino-Ontario, CA","06","California","065","Riverside","33.9447129","-116.830074"
"08/12/2024","AQS","060651016","1","0.055","ppm","51","Morongo Air Monitoring Station","17","100.0000","44201","Ozone","047","40140","Riverside-San Bernardino-Ontario, CA","06","California","065","Riverside","33.9447129","-116.830074"
"08/13/2024","AQS","060651016","1","0.056","ppm","54","Morongo Air Monitoring Station","17","100.0000","44201","Ozone","047","40140","Riverside-San Bernardino-Ontario, CA","06","California","065","Riverside","33.9447129","-116.830074"
"08/14/2024","AQS","060651016","1","0.07","ppm","100","Morongo Air Monitoring Station","17","100.0000","44201","Ozone","047","40140","Riverside-San Bernardino-Ontario, CA","06","California","065","Riverside","33.9447129","-116.830074"
"08/15/2024","AQS","060651016","1","0.077","ppm","122","Morongo Air Monitoring Station","17","100.0000","44201","Ozone","047","40140","Riverside-San Bernardino-Ontario, CA","06","California","065","Riverside","33.9447129","-116.830074"
"08/16/2024","AQS","060651016","1","0.06","ppm","67","Morongo Air Monitoring Station","17","100.0000","44201","Ozone","047","40140","Riverside-San Bernardino-Ontario, CA","06","California","065","Riverside","33.9447129","-116.830074"
"08/17/2024","AQS","060651016","1","0.055","ppm","51","Morongo Air Monitoring Station","17","100.0000","44201","Ozone","047","40140","Riverside-San Bernardino-Ontario, CA","06","California","065","Riverside","33.9447129","-116.830074"
"08/18/2024","AQS","060651016","1","0.053","ppm","49","Morongo Air Monitoring Station","17","100.0000","44201","Ozone","047","40140","Riverside-San Bernardino-Ontario, CA","06","California","065","Riverside","33.9447129","-116.830074"
"08/19/2024","AQS","060651016","1","0.069","ppm","97","Morongo Air Monitoring Station","17","100.0000","44201","Ozone","047","40140","Riverside-San Bernardino-Ontario, CA","06","California","065","Riverside","33.9447129","-116.830074"
"08/20/2024","AQS","060651016","1","0.071","ppm","101","Morongo Air Monitoring Station","17","100.0000","44201","Ozone","047","40140","Riverside-San Bernardino-Ontario, CA","06","California","065","Riverside","33.9447129","-116.830074"
"08/21/2024","AQS","060651016","1","0.067","ppm","90","Morongo Air Monitoring Station","17","100.0000","44201","Ozone","047","40140","Riverside-San Bernardino-Ontario, CA","06","California","065","Riverside","33.9447129","-116.830074"
"08/22/2024","AQS","060651016","1","0.06","ppm","67","Morongo Air Monitoring Station","17","100.0000","44201","Ozone","047","40140","Riverside-San Bernardino-Ontario, CA","06","California","065","Riverside","33.9447129","-116.830074"
"08/23/2024","AQS","060651016","1","0.054","ppm","50","Morongo Air Monitoring Station","17","100.0000","44201","Ozone","047","40140","Riverside-San Bernardino-Ontario, CA","06","California","065","Riverside","33.9447129","-116.830074"
"08/24/2024","AQS","060651016","1","0.051","ppm","47","Morongo Air Monitoring Station","17","100.0000","44201","Ozone","047","40140","Riverside-San Bernardino-Ontario, CA","06","California","065","Riverside","33.9447129","-116.830074"
"08/25/2024","AQS","060651016","1","0.059","ppm","64","Morongo Air Monitoring Station","17","100.0000","44201","Ozone","047","40140","Riverside-San Bernardino-Ontario, CA","06","California","065","Riverside","33.9447129","-116.830074"
"08/26/2024","AQS","060651016","1","0.059","ppm","64","Morongo Air Monitoring Station","17","100.0000","44201","Ozone","047","40140","Riverside-San Bernardino-Ontario, CA","06","California","065","Riverside","33.9447129","-116.830074"
"08/27/2024","AQS","060651016","1","0.067","ppm","90","Morongo Air Monitoring Station","17","100.0000","44201","Ozone","047","40140","Riverside-San Bernardino-Ontario, CA","06","California","065","Riverside","33.9447129","-116.830074"
"08/28/2024","AQS","060651016","1","0.06","ppm","67","Morongo Air Monitoring Station","17","100.0000","44201","Ozone","047","40140","Riverside-San Bernardino-Ontario, CA","06","California","065","Riverside","33.9447129","-116.830074"
"08/29/2024","AQS","060651016","1","0.087","ppm","154","Morongo Air Monitoring Station","17","100.0000","44201","Ozone","047","40140","Riverside-San Bernardino-Ontario, CA","06","California","065","Riverside","33.9447129","-116.830074"
"08/30/2024","AQS","060651016","1","0.089","ppm","159","Morongo Air Monitoring Station","17","100.0000","44201","Ozone","047","40140","Riverside-San Bernardino-Ontario, CA","06","California","065","Riverside","33.9447129","-116.830074"
"08/31/2024","AQS","060651016","1","0.088","ppm","156","Morongo Air Monitoring Station","17","100.0000","44201","Ozone","047","40140","Riverside-San Bernardino-Ontario, CA","06","California","065","Riverside","33.9447129","-116.830074"
"09/01/2024","AQS","060651016","1","0.077","ppm","122","Morongo Air Monitoring Station","17","100.0000","44201","Ozone","047","40140","Riverside-San Bernardino-Ontario, CA","06","California","065","Riverside","33.9447129","-116.830074"
"09/02/2024","AQS","060651016","1","0.073","ppm","108","Morongo Air Monitoring Station","17","100.0000","44201","Ozone","047","40140","Riverside-San Bernardino-Ontario, CA","06","California","065","Riverside","33.9447129","-116.830074"
"09/03/2024","AQS","060651016","1","0.086","ppm","151","Morongo Air Monitoring Station","17","100.0000","44201","Ozone","047","40140","Riverside-San Bernardino-Ontario, CA","06","California","065","Riverside","33.9447129","-116.830074"
"09/04/2024","AQS","060651016","1","0.083","ppm","143","Morongo Air Monitoring Station","17","100.0000","44201","Ozone","047","40140","Riverside-San Bernardino-Ontario, CA","06","California","065","Riverside","33.9447129","-116.830074"
"09/05/2024","AQS","060651016","1","0.076","ppm","119","Morongo Air Monitoring Station","17","100.0000","44201","Ozone","047","40140","Riverside-San Bernardino-Ontario, CA","06","California","065","Riverside","33.9447129","-116.830074"
"09/06/2024","AQS","060651016","1","0.061","ppm","71","Morongo Air Monitoring Station","17","100.0000","44201","Ozone","047","40140","Riverside-San Bernardino-Ontario, CA","06","California","065","Riverside","33.9447129","-116.830074"
"09/07/2024","AQS","060651016","1","0.052","ppm","48","Morongo Air Monitoring Station","17","100.0000","44201","Ozone","047","40140","Riverside-San Bernardino-Ontario, CA","06","California","065","Riverside","33.9447129","-116.830074"
"09/08/2024","AQS","060651016","1","0.056","ppm","54","Morongo Air Monitoring Station","17","100.0000","44201","Ozone","047","40140","Riverside-San Bernardino-Ontario, CA","06","California","065","Riverside","33.9447129","-116.830074"
"09/09/2024","AQS","060651016","1","0.08","ppm","133","Morongo Air Monitoring Station","17","100.0000","44201","Ozone","047","40140","Riverside-San Bernardino-Ontario, CA","06","California","065","Riverside","33.9447129","-116.830074"
"09/10/2024","AQS","060651016","1","0.065","ppm","84","Morongo Air Monitoring Station","17","100.0000","44201","Ozone","047","40140","Riverside-San Bernardino-Ontario, CA","06","California","065","Riverside","33.9447129","-116.830074"
"09/11/2024","AQS","060651016","1","0.055","ppm","51","Morongo Air Monitoring Station","17","100.0000","44201","Ozone","047","40140","Riverside-San Bernardino-Ontario, CA","06","California","065","Riverside","33.9447129","-116.830074"
"09/12/2024","AQS","060651016","1","0.06","ppm","67","Morongo Air Monitoring Station","17","100.0000","44201","Ozone","047","40140","Riverside-San Bernardino-Ontario, CA","06","California","065","Riverside","33.9447129","-116.830074"
"09/13/2024","AQS","060651016","1","0.081","ppm","136","Morongo Air Monitoring Station","17","100.0000","44201","Ozone","047","40140","Riverside-San Bernardino-Ontario, CA","06","California","065","Riverside","33.9447129","-116.830074"
"09/14/2024","AQS","060651016","1","0.072","ppm","105","Morongo Air Monitoring Station","17","100.0000","44201","Ozone","047","40140","Riverside-San Bernardino-Ontario, CA","06","California","065","Riverside","33.9447129","-116.830074"
"09/15/2024","AQS","060651016","1","0.056","ppm","54","Morongo Air Monitoring Station","17","100.0000","44201","Ozone","047","40140","Riverside-San Bernardino-Ontario, CA","06","California","065","Riverside","33.9447129","-116.830074"
"09/16/2024","AQS","060651016","1","0.048","ppm","44","Morongo Air Monitoring Station","17","100.0000","44201","Ozone","047","40140","Riverside-San Bernardino-Ontario, CA","06","California","065","Riverside","33.9447129","-116.830074"
"09/17/2024","AQS","060651016","1","0.049","ppm","45","Morongo Air Monitoring Station","17","100.0000","44201","Ozone","047","40140","Riverside-San Bernardino-Ontario, CA","06","California","065","Riverside","33.9447129","-116.830074"
"09/18/2024","AQS","060651016","1","0.06","ppm","67","Morongo Air Monitoring Station","17","100.0000","44201","Ozone","047","40140","Riverside-San Bernardino-Ontario, CA","06","California","065","Riverside","33.9447129","-116.830074"
"09/19/2024","AQS","060651016","1","0.062","ppm","74","Morongo Air Monitoring Station","17","100.0000","44201","Ozone","047","40140","Riverside-San Bernardino-Ontario, CA","06","California","065","Riverside","33.9447129","-116.830074"
"09/20/2024","AQS","060651016","1","0.044","ppm","41","Morongo Air Monitoring Station","17","100.0000","44201","Ozone","047","40140","Riverside-San Bernardino-Ontario, CA","06","California","065","Riverside","33.9447129","-116.830074"
"09/21/2024","AQS","060651016","1","0.069","ppm","97","Morongo Air Monitoring Station","17","100.0000","44201","Ozone","047","40140","Riverside-San Bernardino-Ontario, CA","06","California","065","Riverside","33.9447129","-116.830074"
"09/22/2024","AQS","060651016","1","0.078","ppm","126","Morongo Air Monitoring Station","17","100.0000","44201","Ozone","047","40140","Riverside-San Bernardino-Ontario, CA","06","California","065","Riverside","33.9447129","-116.830074"
"09/23/2024","AQS","060651016","1","0.065","ppm","84","Morongo Air Monitoring Station","17","100.0000","44201","Ozone","047","40140","Riverside-San Bernardino-Ontario, CA","06","California","065","Riverside","33.9447129","-116.830074"
"09/24/2024","AQS","060651016","1","0.082","ppm","140","Morongo Air Monitoring Station","17","100.0000","44201","Ozone","047","40140","Riverside-San Bernardino-Ontario, CA","06","California","065","Riverside","33.9447129","-116.830074"
"09/25/2024","AQS","060651016","1","0.095","ppm","174","Morongo Air Monitoring Station","17","100.0000","44201","Ozone","047","40140","Riverside-San Bernardino-Ontario, CA","06","California","065","Riverside","33.9447129","-116.830074"
"09/26/2024","AQS","060651016","1","0.091","ppm","164","Morongo Air Monitoring Station","17","100.0000","44201","Ozone","047","40140","Riverside-San Bernardino-Ontario, CA","06","California","065","Riverside","33.9447129","-116.830074"
"09/27/2024","AQS","060651016","1","0.096","ppm","177","Morongo Air Monitoring Station","17","100.0000","44201","Ozone","047","40140","Riverside-San Bernardino-Ontario, CA","06","California","065","Riverside","33.9447129","-116.830074"
"09/28/2024","AQS","060651016","1","0.074","ppm","112","Morongo Air Monitoring Station","17","100.0000","44201","Ozone","047","40140","Riverside-San Bernardino-Ontario, CA","06","California","065","Riverside","33.9447129","-116.830074"
"09/29/2024","AQS","060651016","1","0.072","ppm","105","Morongo Air Monitoring Station","17","100.0000","44201","Ozone","047","40140","Riverside-San Bernardino-Ontario, CA","06","California","065","Riverside","33.9447129","-116.830074"
"09/30/2024","AQS","060651016","1","0.062","ppm","74","Morongo Air Monitoring Station","17","100.0000","44201","Ozone","047","40140","Riverside-San Bernardino-Ontario, CA","06","California","065","Riverside","33.9447129","-116.830074"
"10/01/2024","AQS","060651016","1","0.077","ppm","122","Morongo Air Monitoring Station","17","100.0000","44201","Ozone","047","40140","Riverside-San Bernardino-Ontario, CA","06","California","065","Riverside","33.9447129","-116.830074"
"10/02/2024","AQS","060651016","1","0.063","ppm","77","Morongo Air Monitoring Station","17","100.0000","44201","Ozone","047","40140","Riverside-San Bernardino-Ontario, CA","06","California","065","Riverside","33.9447129","-116.830074"
"10/03/2024","AQS","060651016","1","0.082","ppm","140","Morongo Air Monitoring Station","17","100.0000","44201","Ozone","047","40140","Riverside-San Bernardino-Ontario, CA","06","California","065","Riverside","33.9447129","-116.830074"
"10/04/2024","AQS","060651016","1","0.094","ppm","172","Morongo Air Monitoring Station","17","100.0000","44201","Ozone","047","40140","Riverside-San Bernardino-Ontario, CA","06","California","065","Riverside","33.9447129","-116.830074"
"10/05/2024","AQS","060651016","1","0.084","ppm","147","Morongo Air Monitoring Station","17","100.0000","44201","Ozone","047","40140","Riverside-San Bernardino-Ontario, CA","06","California","065","Riverside","33.9447129","-116.830074"
"10/06/2024","AQS","060651016","1","0.078","ppm","126","Morongo Air Monitoring Station","17","100.0000","44201","Ozone","047","40140","Riverside-San Bernardino-Ontario, CA","06","California","065","Riverside","33.9447129","-116.830074"
"10/07/2024","AQS","060651016","1","0.075","ppm","115","Morongo Air Monitoring Station","17","100.0000","44201","Ozone","047","40140","Riverside-San Bernardino-Ontario, CA","06","California","065","Riverside","33.9447129","-116.830074"
"10/08/2024","AQS","060651016","1","0.058","ppm","61","Morongo Air Monitoring Station","17","100.0000","44201","Ozone","047","40140","Riverside-San Bernardino-Ontario, CA","06","California","065","Riverside","33.9447129","-116.830074"
"10/09/2024","AQS","060651016","1","0.056","ppm","54","Morongo Air Monitoring Station","17","100.0000","44201","Ozone","047","40140","Riverside-San Bernardino-Ontario, CA","06","California","065","Riverside","33.9447129","-116.830074"
"10/10/2024","AQS","060651016","1","0.062","ppm","74","Morongo Air Monitoring Station","17","100.0000","44201","Ozone","047","40140","Riverside-San Bernardino-Ontario, CA","06","California","065","Riverside","33.9447129","-116.830074"
"10/11/2024","AQS","060651016","1","0.063","ppm","77","Morongo Air Monitoring Station","17","100.0000","44201","Ozone","047","40140","Riverside-San Bernardino-Ontario, CA","06","California","065","Riverside","33.9447129","-116.830074"
"10/12/2024","AQS","060651016","1","0.056","ppm","54","Morongo Air Monitoring Station","17","100.0000","44201","Ozone","047","40140","Riverside-San Bernardino-Ontario, CA","06","California","065","Riverside","33.9447129","-116.830074"
"10/13/2024","AQS","060651016","1","0.065","ppm","84","Morongo Air Monitoring Station","17","100.0000","44201","Ozone","047","40140","Riverside-San Bernardino-Ontario, CA","06","California","065","Riverside","33.9447129","-116.830074"
"10/14/2024","AQS","060651016","1","0.062","ppm","74","Morongo Air Monitoring Station","17","100.0000","44201","Ozone","047","40140","Riverside-San Bernardino-Ontario, CA","06","California","065","Riverside","33.9447129","-116.830074"
"10/15/2024","AQS","060651016","1","0.067","ppm","90","Morongo Air Monitoring Station","17","100.0000","44201","Ozone","047","40140","Riverside-San Bernardino-Ontario, CA","06","California","065","Riverside","33.9447129","-116.830074"
"10/16/2024","AQS","060651016","1","0.063","ppm","77","Morongo Air Monitoring Station","17","100.0000","44201","Ozone","047","40140","Riverside-San Bernardino-Ontario, CA","06","California","065","Riverside","33.9447129","-116.830074"
"10/17/2024","AQS","060651016","1","0.043","ppm","40","Morongo Air Monitoring Station","17","100.0000","44201","Ozone","047","40140","Riverside-San Bernardino-Ontario, CA","06","California","065","Riverside","33.9447129","-116.830074"
"10/18/2024","AQS","060651016","1","0.05","ppm","46","Morongo Air Monitoring Station","17","100.0000","44201","Ozone","047","40140","Riverside-San Bernardino-Ontario, CA","06","California","065","Riverside","33.9447129","-116.830074"
"10/19/2024","AQS","060651016","1","0.044","ppm","41","Morongo Air Monitoring Station","17","100.0000","44201","Ozone","047","40140","Riverside-San Bernardino-Ontario, CA","06","California","065","Riverside","33.9447129","-116.830074"
"10/20/2024","AQS","060651016","1","0.052","ppm","48","Morongo Air Monitoring Station","17","100.0000","44201","Ozone","047","40140","Riverside-San Bernardino-Ontario, CA","06","California","065","Riverside","33.9447129","-116.830074"
"10/21/2024","AQS","060651016","1","0.053","ppm","49","Morongo Air Monitoring Station","17","100.0000","44201","Ozone","047","40140","Riverside-San Bernardino-Ontario, CA","06","California","065","Riverside","33.9447129","-116.830074"
"10/22/2024","AQS","060651016","1","0.051","ppm","47","Morongo Air Monitoring Station","17","100.0000","44201","Ozone","047","40140","Riverside-San Bernardino-Ontario, CA","06","California","065","Riverside","33.9447129","-116.830074"
"10/23/2024","AQS","060651016","1","0.071","ppm","101","Morongo Air Monitoring Station","14","82.0000","44201","Ozone","047","40140","Riverside-San Bernardino-Ontario, CA","06","California","065","Riverside","33.9447129","-116.830074"
"10/24/2024","AQS","060651016","1","0.076","ppm","119","Morongo Air Monitoring Station","17","100.0000","44201","Ozone","047","40140","Riverside-San Bernardino-Ontario, CA","06","California","065","Riverside","33.9447129","-116.830074"
"10/25/2024","AQS","060651016","1","0.071","ppm","101","Morongo Air Monitoring Station","17","100.0000","44201","Ozone","047","40140","Riverside-San Bernardino-Ontario, CA","06","California","065","Riverside","33.9447129","-116.830074"
"10/26/2024","AQS","060651016","1","0.056","ppm","54","Morongo Air Monitoring Station","17","100.0000","44201","Ozone","047","40140","Riverside-San Bernardino-Ontario, CA","06","California","065","Riverside","33.9447129","-116.830074"
"10/27/2024","AQS","060651016","1","0.06","ppm","67","Morongo Air Monitoring Station","17","100.0000","44201","Ozone","047","40140","Riverside-San Bernardino-Ontario, CA","06","California","065","Riverside","33.9447129","-116.830074"
"10/28/2024","AQS","060651016","1","0.046","ppm","43","Morongo Air Monitoring Station","17","100.0000","44201","Ozone","047","40140","Riverside-San Bernardino-Ontario, CA","06","California","065","Riverside","33.9447129","-116.830074"
"10/29/2024","AQS","060651016","1","0.048","ppm","44","Morongo Air Monitoring Station","17","100.0000","44201","Ozone","047","40140","Riverside-San Bernardino-Ontario, CA","06","California","065","Riverside","33.9447129","-116.830074"
"10/30/2024","AQS","060651016","1","0.047","ppm","44","Morongo Air Monitoring Station","17","100.0000","44201","Ozone","047","40140","Riverside-San Bernardino-Ontario, CA","06","California","065","Riverside","33.9447129","-116.830074"
"10/31/2024","AQS","060651016","1","0.055","ppm","51","Morongo Air Monitoring Station","17","100.0000","44201","Ozone","047","40140","Riverside-San Bernardino-Ontario, CA","06","California","065","Riverside","33.9447129","-116.830074"
"11/01/2024","AQS","060651016","1","0.056","ppm","54","Morongo Air Monitoring Station","17","100.0000","44201","Ozone","047","40140","Riverside-San Bernardino-Ontario, CA","06","California","065","Riverside","33.9447129","-116.830074"
"11/02/2024","AQS","060651016","1","0.05","ppm","46","Morongo Air Monitoring Station","17","100.0000","44201","Ozone","047","40140","Riverside-San Bernardino-Ontario, CA","06","California","065","Riverside","33.9447129","-116.830074"
"11/03/2024","AQS","060651016","1","0.046","ppm","43","Morongo Air Monitoring Station","17","100.0000","44201","Ozone","047","40140","Riverside-San Bernardino-Ontario, CA","06","California","065","Riverside","33.9447129","-116.830074"
"11/04/2024","AQS","060651016","1","0.044","ppm","41","Morongo Air Monitoring Station","17","100.0000","44201","Ozone","047","40140","Riverside-San Bernardino-Ontario, CA","06","California","065","Riverside","33.9447129","-116.830074"
"11/05/2024","AQS","060651016","1","0.049","ppm","45","Morongo Air Monitoring Station","15","88.0000","44201","Ozone","047","40140","Riverside-San Bernardino-Ontario, CA","06","California","065","Riverside","33.9447129","-116.830074"
"11/08/2024","AQS","060651016","1","0.039","ppm","36","Morongo Air Monitoring Station","17","100.0000","44201","Ozone","047","40140","Riverside-San Bernardino-Ontario, CA","06","California","065","Riverside","33.9447129","-116.830074"
"11/09/2024","AQS","060651016","1","0.041","ppm","38","Morongo Air Monitoring Station","17","100.0000","44201","Ozone","047","40140","Riverside-San Bernardino-Ontario, CA","06","California","065","Riverside","33.9447129","-116.830074"
"11/10/2024","AQS","060651016","1","0.045","ppm","42","Morongo Air Monitoring Station","17","100.0000","44201","Ozone","047","40140","Riverside-San Bernardino-Ontario, CA","06","California","065","Riverside","33.9447129","-116.830074"
"11/11/2024","AQS","060651016","1","0.064","ppm","80","Morongo Air Monitoring Station","17","100.0000","44201","Ozone","047","40140","Riverside-San Bernardino-Ontario, CA","06","California","065","Riverside","33.9447129","-116.830074"
"11/12/2024","AQS","060651016","1","0.047","ppm","44","Morongo Air Monitoring Station","17","100.0000","44201","Ozone","047","40140","Riverside-San Bernardino-Ontario, CA","06","California","065","Riverside","33.9447129","-116.830074"
"11/13/2024","AQS","060651016","1","0.042","ppm","39","Morongo Air Monitoring Station","17","100.0000","44201","Ozone","047","40140","Riverside-San Bernardino-Ontario, CA","06","California","065","Riverside","33.9447129","-116.830074"
"11/14/2024","AQS","060651016","1","0.054","ppm","50","Morongo Air Monitoring Station","17","100.0000","44201","Ozone","047","40140","Riverside-San Bernardino-Ontario, CA","06","California","065","Riverside","33.9447129","-116.830074"
"11/15/2024","AQS","060651016","1","0.041","ppm","38","Morongo Air Monitoring Station","17","100.0000","44201","Ozone","047","40140","Riverside-San Bernardino-Ontario, CA","06","California","065","Riverside","33.9447129","-116.830074"
"11/16/2024","AQS","060651016","1","0.04","ppm","37","Morongo Air Monitoring Station","17","100.0000","44201","Ozone","047","40140","Riverside-San Bernardino-Ontario, CA","06","California","065","Riverside","33.9447129","-116.830074"
"11/17/2024","AQS","060651016","1","0.041","ppm","38","Morongo Air Monitoring Station","17","100.0000","44201","Ozone","047","40140","Riverside-San Bernardino-Ontario, CA","06","California","065","Riverside","33.9447129","-116.830074"
"11/18/2024","AQS","060651016","1","0.045","ppm","42","Morongo Air Monitoring Station","17","100.0000","44201","Ozone","047","40140","Riverside-San Bernardino-Ontario, CA","06","California","065","Riverside","33.9447129","-116.830074"
"11/19/2024","AQS","060651016","1","0.043","ppm","40","Morongo Air Monitoring Station","17","100.0000","44201","Ozone","047","40140","Riverside-San Bernardino-Ontario, CA","06","California","065","Riverside","33.9447129","-116.830074"
"11/20/2024","AQS","060651016","1","0.044","ppm","41","Morongo Air Monitoring Station","13","76.0000","44201","Ozone","047","40140","Riverside-San Bernardino-Ontario, CA","06","California","065","Riverside","33.9447129","-116.830074"
"11/21/2024","AQS","060651016","1","0.05","ppm","46","Morongo Air Monitoring Station","17","100.0000","44201","Ozone","047","40140","Riverside-San Bernardino-Ontario, CA","06","California","065","Riverside","33.9447129","-116.830074"
"11/22/2024","AQS","060651016","1","0.054","ppm","50","Morongo Air Monitoring Station","17","100.0000","44201","Ozone","047","40140","Riverside-San Bernardino-Ontario, CA","06","California","065","Riverside","33.9447129","-116.830074"
"11/23/2024","AQS","060651016","1","0.045","ppm","42","Morongo Air Monitoring Station","17","100.0000","44201","Ozone","047","40140","Riverside-San Bernardino-Ontario, CA","06","California","065","Riverside","33.9447129","-116.830074"
"11/24/2024","AQS","060651016","1","0.041","ppm","38","Morongo Air Monitoring Station","17","100.0000","44201","Ozone","047","40140","Riverside-San Bernardino-Ontario, CA","06","California","065","Riverside","33.9447129","-116.830074"
"11/25/2024","AQS","060651016","1","0.04","ppm","37","Morongo Air Monitoring Station","17","100.0000","44201","Ozone","047","40140","Riverside-San Bernardino-Ontario, CA","06","California","065","Riverside","33.9447129","-116.830074"
"11/26/2024","AQS","060651016","1","0.038","ppm","35","Morongo Air Monitoring Station","17","100.0000","44201","Ozone","047","40140","Riverside-San Bernardino-Ontario, CA","06","California","065","Riverside","33.9447129","-116.830074"
"11/27/2024","AQS","060651016","1","0.037","ppm","34","Morongo Air Monitoring Station","17","100.0000","44201","Ozone","047","40140","Riverside-San Bernardino-Ontario, CA","06","California","065","Riverside","33.9447129","-116.830074"
"11/28/2024","AQS","060651016","1","0.042","ppm","39","Morongo Air Monitoring Station","17","100.0000","44201","Ozone","047","40140","Riverside-San Bernardino-Ontario, CA","06","California","065","Riverside","33.9447129","-116.830074"
"11/29/2024","AQS","060651016","1","0.043","ppm","40","Morongo Air Monitoring Station","17","100.0000","44201","Ozone","047","40140","Riverside-San Bernardino-Ontario, CA","06","California","065","Riverside","33.9447129","-116.830074"
"11/30/2024","AQS","060651016","1","0.044","ppm","41","Morongo Air Monitoring Station","17","100.0000","44201","Ozone","047","40140","Riverside-San Bernardino-Ontario, CA","06","California","065","Riverside","33.9447129","-116.830074"
"12/01/2024","AQS","060651016","1","0.044","ppm","41","Morongo Air Monitoring Station","17","100.0000","44201","Ozone","047","40140","Riverside-San Bernardino-Ontario, CA","06","California","065","Riverside","33.9447129","-116.830074"
"12/02/2024","AQS","060651016","1","0.043","ppm","40","Morongo Air Monitoring Station","17","100.0000","44201","Ozone","047","40140","Riverside-San Bernardino-Ontario, CA","06","California","065","Riverside","33.9447129","-116.830074"
"12/03/2024","AQS","060651016","1","0.039","ppm","36","Morongo Air Monitoring Station","17","100.0000","44201","Ozone","047","40140","Riverside-San Bernardino-Ontario, CA","06","California","065","Riverside","33.9447129","-116.830074"
"12/04/2024","AQS","060651016","1","0.046","ppm","43","Morongo Air Monitoring Station","17","100.0000","44201","Ozone","047","40140","Riverside-San Bernardino-Ontario, CA","06","California","065","Riverside","33.9447129","-116.830074"
"12/05/2024","AQS","060651016","1","0.043","ppm","40","Morongo Air Monitoring Station","17","100.0000","44201","Ozone","047","40140","Riverside-San Bernardino-Ontario, CA","06","California","065","Riverside","33.9447129","-116.830074"
"12/06/2024","AQS","060651016","1","0.043","ppm","40","Morongo Air Monitoring Station","17","100.0000","44201","Ozone","047","40140","Riverside-San Bernardino-Ontario, CA","06","California","065","Riverside","33.9447129","-116.830074"
"12/07/2024","AQS","060651016","1","0.043","ppm","40","Morongo Air Monitoring Station","17","100.0000","44201","Ozone","047","40140","Riverside-San Bernardino-Ontario, CA","06","California","065","Riverside","33.9447129","-116.830074"
"12/08/2024","AQS","060651016","1","0.049","ppm","45","Morongo Air Monitoring Station","17","100.0000","44201","Ozone","047","40140","Riverside-San Bernardino-Ontario, CA","06","California","065","Riverside","33.9447129","-116.830074"
"12/11/2024","AQS","060651016","1","0.043","ppm","40","Morongo Air Monitoring Station","17","100.0000","44201","Ozone","047","40140","Riverside-San Bernardino-Ontario, CA","06","California","065","Riverside","33.9447129","-116.830074"
"12/12/2024","AQS","060651016","1","0.044","ppm","41","Morongo Air Monitoring Station","17","100.0000","44201","Ozone","047","40140","Riverside-San Bernardino-Ontario, CA","06","California","065","Riverside","33.9447129","-116.830074"
"12/13/2024","AQS","060651016","1","0.042","ppm","39","Morongo Air Monitoring Station","17","100.0000","44201","Ozone","047","40140","Riverside-San Bernardino-Ontario, CA","06","California","065","Riverside","33.9447129","-116.830074"
"12/14/2024","AQS","060651016","1","0.044","ppm","41","Morongo Air Monitoring Station","17","100.0000","44201","Ozone","047","40140","Riverside-San Bernardino-Ontario, CA","06","California","065","Riverside","33.9447129","-116.830074"
"12/15/2024","AQS","060651016","1","0.05","ppm","46","Morongo Air Monitoring Station","17","100.0000","44201","Ozone","047","40140","Riverside-San Bernardino-Ontario, CA","06","California","065","Riverside","33.9447129","-116.830074"
"12/16/2024","AQS","060651016","1","0.05","ppm","46","Morongo Air Monitoring Station","17","100.0000","44201","Ozone","047","40140","Riverside-San Bernardino-Ontario, CA","06","California","065","Riverside","33.9447129","-116.830074"
"12/17/2024","AQS","060651016","1","0.045","ppm","42","Morongo Air Monitoring Station","17","100.0000","44201","Ozone","047","40140","Riverside-San Bernardino-Ontario, CA","06","California","065","Riverside","33.9447129","-116.830074"
"12/18/2024","AQS","060651016","1","0.045","ppm","42","Morongo Air Monitoring Station","17","100.0000","44201","Ozone","047","40140","Riverside-San Bernardino-Ontario, CA","06","California","065","Riverside","33.9447129","-116.830074"
"12/19/2024","AQS","060651016","1","0.046","ppm","43","Morongo Air Monitoring Station","17","100.0000","44201","Ozone","047","40140","Riverside-San Bernardino-Ontario, CA","06","California","065","Riverside","33.9447129","-116.830074"
"12/20/2024","AQS","060651016","1","0.046","ppm","43","Morongo Air Monitoring Station","17","100.0000","44201","Ozone","047","40140","Riverside-San Bernardino-Ontario, CA","06","California","065","Riverside","33.9447129","-116.830074"
"12/21/2024","AQS","060651016","1","0.053","ppm","49","Morongo Air Monitoring Station","17","100.0000","44201","Ozone","047","40140","Riverside-San Bernardino-Ontario, CA","06","California","065","Riverside","33.9447129","-116.830074"
"12/22/2024","AQS","060651016","1","0.049","ppm","45","Morongo Air Monitoring Station","17","100.0000","44201","Ozone","047","40140","Riverside-San Bernardino-Ontario, CA","06","California","065","Riverside","33.9447129","-116.830074"
"12/23/2024","AQS","060651016","1","0.043","ppm","40","Morongo Air Monitoring Station","17","100.0000","44201","Ozone","047","40140","Riverside-San Bernardino-Ontario, CA","06","California","065","Riverside","33.9447129","-116.830074"
"12/24/2024","AQS","060651016","1","0.042","ppm","39","Morongo Air Monitoring Station","17","100.0000","44201","Ozone","047","40140","Riverside-San Bernardino-Ontario, CA","06","California","065","Riverside","33.9447129","-116.830074"
"12/25/2024","AQS","060651016","1","0.042","ppm","39","Morongo Air Monitoring Station","17","100.0000","44201","Ozone","047","40140","Riverside-San Bernardino-Ontario, CA","06","California","065","Riverside","33.9447129","-116.830074"
"12/26/2024","AQS","060651016","1","0.043","ppm","40","Morongo Air Monitoring Station","17","100.0000","44201","Ozone","047","40140","Riverside-San Bernardino-Ontario, CA","06","California","065","Riverside","33.9447129","-116.830074"
"12/27/2024","AQS","060651016","1","0.04","ppm","37","Morongo Air Monitoring Station","17","100.0000","44201","Ozone","047","40140","Riverside-San Bernardino-Ontario, CA","06","California","065","Riverside","33.9447129","-116.830074"
"12/28/2024","AQS","060651016","1","0.04","ppm","37","Morongo Air Monitoring Station","17","100.0000","44201","Ozone","047","40140","Riverside-San Bernardino-Ontario, CA","06","California","065","Riverside","33.9447129","-116.830074"
"12/29/2024","AQS","060651016","1","0.048","ppm","44","Morongo Air Monitoring Station","17","100.0000","44201","Ozone","047","40140","Riverside-San Bernardino-Ontario, CA","06","California","065","Riverside","33.9447129","-116.830074"
"12/30/2024","AQS","060651016","1","0.046","ppm","43","Morongo Air Monitoring Station","17","100.0000","44201","Ozone","047","40140","Riverside-San Bernardino-Ontario, CA","06","California","065","Riverside","33.9447129","-116.830074"
"01/01/2024","AQS","060652007","1","0.036","ppm","33","","17","100.0000","44201","Ozone","087","40140","Riverside-San Bernardino-Ontario, CA","06","California","065","Riverside","33.72537","-116.206842"
"01/02/2024","AQS","060652007","1","0.035","ppm","32","","17","100.0000","44201","Ozone","087","40140","Riverside-San Bernardino-Ontario, CA","06","California","065","Riverside","33.72537","-116.206842"
"01/03/2024","AQS","060652007","1","0.026","ppm","24","","17","100.0000","44201","Ozone","087","40140","Riverside-San Bernardino-Ontario, CA","06","California","065","Riverside","33.72537","-116.206842"
"01/04/2024","AQS","060652007","1","0.035","ppm","32","","17","100.0000","44201","Ozone","087","40140","Riverside-San Bernardino-Ontario, CA","06","California","065","Riverside","33.72537","-116.206842"
"01/05/2024","AQS","060652007","1","0.027","ppm","25","","17","100.0000","44201","Ozone","087","40140","Riverside-San Bernardino-Ontario, CA","06","California","065","Riverside","33.72537","-116.206842"
"01/06/2024","AQS","060652007","1","0.034","ppm","31","","17","100.0000","44201","Ozone","087","40140","Riverside-San Bernardino-Ontario, CA","06","California","065","Riverside","33.72537","-116.206842"
"01/07/2024","AQS","060652007","1","0.039","ppm","36","","17","100.0000","44201","Ozone","087","40140","Riverside-San Bernardino-Ontario, CA","06","California","065","Riverside","33.72537","-116.206842"
"01/08/2024","AQS","060652007","1","0.036","ppm","33","","17","100.0000","44201","Ozone","087","40140","Riverside-San Bernardino-Ontario, CA","06","California","065","Riverside","33.72537","-116.206842"
"01/09/2024","AQS","060652007","1","0.031","ppm","29","","17","100.0000","44201","Ozone","087","40140","Riverside-San Bernardino-Ontario, CA","06","California","065","Riverside","33.72537","-116.206842"
"01/10/2024","AQS","060652007","1","0.031","ppm","29","","17","100.0000","44201","Ozone","087","40140","Riverside-San Bernardino-Ontario, CA","06","California","065","Riverside","33.72537","-116.206842"
"01/11/2024","AQS","060652007","1","0.041","ppm","38","","17","100.0000","44201","Ozone","087","40140","Riverside-San Bernardino-Ontario, CA","06","California","065","Riverside","33.72537","-116.206842"
"01/12/2024","AQS","060652007","1","0.032","ppm","30","","17","100.0000","44201","Ozone","087","40140","Riverside-San Bernardino-Ontario, CA","06","California","065","Riverside","33.72537","-116.206842"
"01/13/2024","AQS","060652007","1","0.039","ppm","36","","17","100.0000","44201","Ozone","087","40140","Riverside-San Bernardino-Ontario, CA","06","California","065","Riverside","33.72537","-116.206842"
"01/14/2024","AQS","060652007","1","0.042","ppm","39","","17","100.0000","44201","Ozone","087","40140","Riverside-San Bernardino-Ontario, CA","06","California","065","Riverside","33.72537","-116.206842"
"01/15/2024","AQS","060652007","1","0.038","ppm","35","","17","100.0000","44201","Ozone","087","40140","Riverside-San Bernardino-Ontario, CA","06","California","065","Riverside","33.72537","-116.206842"
"01/16/2024","AQS","060652007","1","0.034","ppm","31","","17","100.0000","44201","Ozone","087","40140","Riverside-San Bernardino-Ontario, CA","06","California","065","Riverside","33.72537","-116.206842"
"01/17/2024","AQS","060652007","1","0.025","ppm","23","","17","100.0000","44201","Ozone","087","40140","Riverside-San Bernardino-Ontario, CA","06","California","065","Riverside","33.72537","-116.206842"
"01/18/2024","AQS","060652007","1","0.039","ppm","36","","17","100.0000","44201","Ozone","087","40140","Riverside-San Bernardino-Ontario, CA","06","California","065","Riverside","33.72537","-116.206842"
"01/19/2024","AQS","060652007","1","0.036","ppm","33","","17","100.0000","44201","Ozone","087","40140","Riverside-San Bernardino-Ontario, CA","06","California","065","Riverside","33.72537","-116.206842"
"01/20/2024","AQS","060652007","1","0.021","ppm","19","","17","100.0000","44201","Ozone","087","40140","Riverside-San Bernardino-Ontario, CA","06","California","065","Riverside","33.72537","-116.206842"
"01/21/2024","AQS","060652007","1","0.033","ppm","31","","17","100.0000","44201","Ozone","087","40140","Riverside-San Bernardino-Ontario, CA","06","California","065","Riverside","33.72537","-116.206842"
"01/22/2024","AQS","060652007","1","0.026","ppm","24","","17","100.0000","44201","Ozone","087","40140","Riverside-San Bernardino-Ontario, CA","06","California","065","Riverside","33.72537","-116.206842"
"01/23/2024","AQS","060652007","1","0.032","ppm","30","","17","100.0000","44201","Ozone","087","40140","Riverside-San Bernardino-Ontario, CA","06","California","065","Riverside","33.72537","-116.206842"
"01/24/2024","AQS","060652007","1","0.023","ppm","21","","17","100.0000","44201","Ozone","087","40140","Riverside-San Bernardino-Ontario, CA","06","California","065","Riverside","33.72537","-116.206842"
"01/25/2024","AQS","060652007","1","0.028","ppm","26","","17","100.0000","44201","Ozone","087","40140","Riverside-San Bernardino-Ontario, CA","06","California","065","Riverside","33.72537","-116.206842"
"01/26/2024","AQS","060652007","1","0.039","ppm","36","","17","100.0000","44201","Ozone","087","40140","Riverside-San Bernardino-Ontario, CA","06","California","065","Riverside","33.72537","-116.206842"
"01/27/2024","AQS","060652007","1","0.04","ppm","37","","17","100.0000","44201","Ozone","087","40140","Riverside-San Bernardino-Ontario, CA","06","California","065","Riverside","33.72537","-116.206842"
"01/28/2024","AQS","060652007","1","0.034","ppm","31","","17","100.0000","44201","Ozone","087","40140","Riverside-San Bernardino-Ontario, CA","06","California","065","Riverside","33.72537","-116.206842"
"01/29/2024","AQS","060652007","1","0.038","ppm","35","","17","100.0000","44201","Ozone","087","40140","Riverside-San Bernardino-Ontario, CA","06","California","065","Riverside","33.72537","-116.206842"
"01/30/2024","AQS","060652007","1","0.037","ppm","34","","17","100.0000","44201","Ozone","087","40140","Riverside-San Bernardino-Ontario, CA","06","California","065","Riverside","33.72537","-116.206842"
"01/31/2024","AQS","060652007","1","0.034","ppm","31","","17","100.0000","44201","Ozone","087","40140","Riverside-San Bernardino-Ontario, CA","06","California","065","Riverside","33.72537","-116.206842"
"02/01/2024","AQS","060652007","1","0.027","ppm","25","","17","100.0000","44201","Ozone","087","40140","Riverside-San Bernardino-Ontario, CA","06","California","065","Riverside","33.72537","-116.206842"
"02/02/2024","AQS","060652007","1","0.042","ppm","39","","17","100.0000","44201","Ozone","087","40140","Riverside-San Bernardino-Ontario, CA","06","California","065","Riverside","33.72537","-116.206842"
"02/03/2024","AQS","060652007","1","0.045","ppm","42","","17","100.0000","44201","Ozone","087","40140","Riverside-San Bernardino-Ontario, CA","06","California","065","Riverside","33.72537","-116.206842"
"02/04/2024","AQS","060652007","1","0.039","ppm","36","","17","100.0000","44201","Ozone","087","40140","Riverside-San Bernardino-Ontario, CA","06","California","065","Riverside","33.72537","-116.206842"
"02/05/2024","AQS","060652007","1","0.029","ppm","27","","17","100.0000","44201","Ozone","087","40140","Riverside-San Bernardino-Ontario, CA","06","California","065","Riverside","33.72537","-116.206842"
"02/06/2024","AQS","060652007","1","0.034","ppm","31","","17","100.0000","44201","Ozone","087","40140","Riverside-San Bernardino-Ontario, CA","06","California","065","Riverside","33.72537","-116.206842"
"02/07/2024","AQS","060652007","1","0.036","ppm","33","","17","100.0000","44201","Ozone","087","40140","Riverside-San Bernardino-Ontario, CA","06","California","065","Riverside","33.72537","-116.206842"
"02/08/2024","AQS","060652007","1","0.043","ppm","40","","17","100.0000","44201","Ozone","087","40140","Riverside-San Bernardino-Ontario, CA","06","California","065","Riverside","33.72537","-116.206842"
"02/09/2024","AQS","060652007","1","0.039","ppm","36","","17","100.0000","44201","Ozone","087","40140","Riverside-San Bernardino-Ontario, CA","06","California","065","Riverside","33.72537","-116.206842"
"02/10/2024","AQS","060652007","1","0.039","ppm","36","","17","100.0000","44201","Ozone","087","40140","Riverside-San Bernardino-Ontario, CA","06","California","065","Riverside","33.72537","-116.206842"
"02/11/2024","AQS","060652007","1","0.04","ppm","37","","17","100.0000","44201","Ozone","087","40140","Riverside-San Bernardino-Ontario, CA","06","California","065","Riverside","33.72537","-116.206842"
"02/12/2024","AQS","060652007","1","0.04","ppm","37","","17","100.0000","44201","Ozone","087","40140","Riverside-San Bernardino-Ontario, CA","06","California","065","Riverside","33.72537","-116.206842"
"02/13/2024","AQS","060652007","1","0.041","ppm","38","","17","100.0000","44201","Ozone","087","40140","Riverside-San Bernardino-Ontario, CA","06","California","065","Riverside","33.72537","-116.206842"
"02/14/2024","AQS","060652007","1","0.049","ppm","45","","17","100.0000","44201","Ozone","087","40140","Riverside-San Bernardino-Ontario, CA","06","California","065","Riverside","33.72537","-116.206842"
"02/15/2024","AQS","060652007","1","0.05","ppm","46","","17","100.0000","44201","Ozone","087","40140","Riverside-San Bernardino-Ontario, CA","06","California","065","Riverside","33.72537","-116.206842"
"02/16/2024","AQS","060652007","1","0.048","ppm","44","","17","100.0000","44201","Ozone","087","40140","Riverside-San Bernardino-Ontario, CA","06","California","065","Riverside","33.72537","-116.206842"
"02/17/2024","AQS","060652007","1","0.048","ppm","44","","17","100.0000","44201","Ozone","087","40140","Riverside-San Bernardino-Ontario, CA","06","California","065","Riverside","33.72537","-116.206842"
"02/18/2024","AQS","060652007","1","0.045","ppm","42","","17","100.0000","44201","Ozone","087","40140","Riverside-San Bernardino-Ontario, CA","06","California","065","Riverside","33.72537","-116.206842"
"02/19/2024","AQS","060652007","1","0.042","ppm","39","","17","100.0000","44201","Ozone","087","40140","Riverside-San Bernardino-Ontario, CA","06","California","065","Riverside","33.72537","-116.206842"
"02/20/2024","AQS","060652007","1","0.033","ppm","31","","17","100.0000","44201","Ozone","087","40140","Riverside-San Bernardino-Ontario, CA","06","California","065","Riverside","33.72537","-116.206842"
"02/21/2024","AQS","060652007","1","0.042","ppm","39","","17","100.0000","44201","Ozone","087","40140","Riverside-San Bernardino-Ontario, CA","06","California","065","Riverside","33.72537","-116.206842"
"02/22/2024","AQS","060652007","1","0.047","ppm","44","","17","100.0000","44201","Ozone","087","40140","Riverside-San Bernardino-Ontario, CA","06","California","065","Riverside","33.72537","-116.206842"
"02/23/2024","AQS","060652007","1","0.044","ppm","41","","17","100.0000","44201","Ozone","087","40140","Riverside-San Bernardino-Ontario, CA","06","California","065","Riverside","33.72537","-116.206842"
"02/24/2024","AQS","060652007","1","0.043","ppm","40","","17","100.0000","44201","Ozone","087","40140","Riverside-San Bernardino-Ontario, CA","06","California","065","Riverside","33.72537","-116.206842"
"02/25/2024","AQS","060652007","1","0.049","ppm","45","","17","100.0000","44201","Ozone","087","40140","Riverside-San Bernardino-Ontario, CA","06","California","065","Riverside","33.72537","-116.206842"
"02/26/2024","AQS","060652007","1","0.037","ppm","34","","17","100.0000","44201","Ozone","087","40140","Riverside-San Bernardino-Ontario, CA","06","California","065","Riverside","33.72537","-116.206842"
"02/27/2024","AQS","060652007","1","0.043","ppm","40","","17","100.0000","44201","Ozone","087","40140","Riverside-San Bernardino-Ontario, CA","06","California","065","Riverside","33.72537","-116.206842"
"02/28/2024","AQS","060652007","1","0.047","ppm","44","","17","100.0000","44201","Ozone","087","40140","Riverside-San Bernardino-Ontario, CA","06","California","065","Riverside","33.72537","-116.206842"
"02/29/2024","AQS","060652007","1","0.045","ppm","42","","17","100.0000","44201","Ozone","087","40140","Riverside-San Bernardino-Ontario, CA","06","California","065","Riverside","33.72537","-116.206842"
"03/01/2024","AQS","060652007","1","0.044","ppm","41","","17","100.0000","44201","Ozone","087","40140","Riverside-San Bernardino-Ontario, CA","06","California","065","Riverside","33.72537","-116.206842"
"03/02/2024","AQS","060652007","1","0.04","ppm","37","","17","100.0000","44201","Ozone","087","40140","Riverside-San Bernardino-Ontario, CA","06","California","065","Riverside","33.72537","-116.206842"
"03/03/2024","AQS","060652007","1","0.043","ppm","40","","17","100.0000","44201","Ozone","087","40140","Riverside-San Bernardino-Ontario, CA","06","California","065","Riverside","33.72537","-116.206842"
"03/04/2024","AQS","060652007","1","0.045","ppm","42","","17","100.0000","44201","Ozone","087","40140","Riverside-San Bernardino-Ontario, CA","06","California","065","Riverside","33.72537","-116.206842"
"03/05/2024","AQS","060652007","1","0.049","ppm","45","","17","100.0000","44201","Ozone","087","40140","Riverside-San Bernardino-Ontario, CA","06","California","065","Riverside","33.72537","-116.206842"
"03/06/2024","AQS","060652007","1","0.044","ppm","41","","17","100.0000","44201","Ozone","087","40140","Riverside-San Bernardino-Ontario, CA","06","California","065","Riverside","33.72537","-116.206842"
"03/07/2024","AQS","060652007","1","0.04","ppm","37","","14","82.0000","44201","Ozone","087","40140","Riverside-San Bernardino-Ontario, CA","06","California","065","Riverside","33.72537","-116.206842"
"03/08/2024","AQS","060652007","1","0.041","ppm","38","","17","100.0000","44201","Ozone","087","40140","Riverside-San Bernardino-Ontario, CA","06","California","065","Riverside","33.72537","-116.206842"
"03/09/2024","AQS","060652007","1","0.047","ppm","44","","17","100.0000","44201","Ozone","087","40140","Riverside-San Bernardino-Ontario, CA","06","California","065","Riverside","33.72537","-116.206842"
"03/10/2024","AQS","060652007","1","0.05","ppm","46","","17","100.0000","44201","Ozone","087","40140","Riverside-San Bernardino-Ontario, CA","06","California","065","Riverside","33.72537","-116.206842"
"03/11/2024","AQS","060652007","1","0.05","ppm","46","","17","100.0000","44201","Ozone","087","40140","Riverside-San Bernardino-Ontario, CA","06","California","065","Riverside","33.72537","-116.206842"
"03/12/2024","AQS","060652007","1","0.042","ppm","39","","17","100.0000","44201","Ozone","087","40140","Riverside-San Bernardino-Ontario, CA","06","California","065","Riverside","33.72537","-116.206842"
"03/13/2024","AQS","060652007","1","0.046","ppm","43","","17","100.0000","44201","Ozone","087","40140","Riverside-San Bernardino-Ontario, CA","06","California","065","Riverside","33.72537","-116.206842"
"03/14/2024","AQS","060652007","1","0.043","ppm","40","","17","100.0000","44201","Ozone","087","40140","Riverside-San Bernardino-Ontario, CA","06","California","065","Riverside","33.72537","-116.206842"
"03/15/2024","AQS","060652007","1","0.038","ppm","35","","17","100.0000","44201","Ozone","087","40140","Riverside-San Bernardino-Ontario, CA","06","California","065","Riverside","33.72537","-116.206842"
"03/16/2024","AQS","060652007","1","0.037","ppm","34","","17","100.0000","44201","Ozone","087","40140","Riverside-San Bernardino-Ontario, CA","06","California","065","Riverside","33.72537","-116.206842"
"03/17/2024","AQS","060652007","1","0.046","ppm","43","","17","100.0000","44201","Ozone","087","40140","Riverside-San Bernardino-Ontario, CA","06","California","065","Riverside","33.72537","-116.206842"
"03/18/2024","AQS","060652007","1","0.039","ppm","36","","17","100.0000","44201","Ozone","087","40140","Riverside-San Bernardino-Ontario, CA","06","California","065","Riverside","33.72537","-116.206842"
"03/19/2024","AQS","060652007","1","0.051","ppm","47","","17","100.0000","44201","Ozone","087","40140","Riverside-San Bernardino-Ontario, CA","06","California","065","Riverside","33.72537","-116.206842"
"03/20/2024","AQS","060652007","1","0.056","ppm","54","","17","100.0000","44201","Ozone","087","40140","Riverside-San Bernardino-Ontario, CA","06","California","065","Riverside","33.72537","-116.206842"
"03/21/2024","AQS","060652007","1","0.064","ppm","80","","17","100.0000","44201","Ozone","087","40140","Riverside-San Bernardino-Ontario, CA","06","California","065","Riverside","33.72537","-116.206842"
"03/22/2024","AQS","060652007","1","0.063","ppm","77","","17","100.0000","44201","Ozone","087","40140","Riverside-San Bernardino-Ontario, CA","06","California","065","Riverside","33.72537","-116.206842"
"03/23/2024","AQS","060652007","1","0.044","ppm","41","","17","100.0000","44201","Ozone","087","40140","Riverside-San Bernardino-Ontario, CA","06","California","065","Riverside","33.72537","-116.206842"
"03/24/2024","AQS","060652007","1","0.046","ppm","43","","17","100.0000","44201","Ozone","087","40140","Riverside-San Bernardino-Ontario, CA","06","California","065","Riverside","33.72537","-116.206842"
"03/25/2024","AQS","060652007","1","0.047","ppm","44","","17","100.0000","44201","Ozone","087","40140","Riverside-San Bernardino-Ontario, CA","06","California","065","Riverside","33.72537","-116.206842"
"03/26/2024","AQS","060652007","1","0.051","ppm","47","","17","100.0000","44201","Ozone","087","40140","Riverside-San Bernardino-Ontario, CA","06","California","065","Riverside","33.72537","-116.206842"
"03/27/2024","AQS","060652007","1","0.055","ppm","51","","17","100.0000","44201","Ozone","087","40140","Riverside-San Bernardino-Ontario, CA","06","California","065","Riverside","33.72537","-116.206842"
"03/28/2024","AQS","060652007","1","0.058","ppm","61","","17","100.0000","44201","Ozone","087","40140","Riverside-San Bernardino-Ontario, CA","06","California","065","Riverside","33.72537","-116.206842"
"03/29/2024","AQS","060652007","1","0.052","ppm","48","","17","100.0000","44201","Ozone","087","40140","Riverside-San Bernardino-Ontario, CA","06","California","065","Riverside","33.72537","-116.206842"
"03/30/2024","AQS","060652007","1","0.045","ppm","42","","17","100.0000","44201","Ozone","087","40140","Riverside-San Bernardino-Ontario, CA","06","California","065","Riverside","33.72537","-116.206842"
"03/31/2024","AQS","060652007","1","0.044","ppm","41","","17","100.0000","44201","Ozone","087","40140","Riverside-San Bernardino-Ontario, CA","06","California","065","Riverside","33.72537","-116.206842"
"04/01/2024","AQS","060652007","1","0.048","ppm","44","","17","100.0000","44201","Ozone","087","40140","Riverside-San Bernardino-Ontario, CA","06","California","065","Riverside","33.72537","-116.206842"
"04/02/2024","AQS","060652007","1","0.049","ppm","45","","17","100.0000","44201","Ozone","087","40140","Riverside-San Bernardino-Ontario, CA","06","California","065","Riverside","33.72537","-116.206842"
"04/03/2024","AQS","060652007","1","0.056","ppm","54","","17","100.0000","44201","Ozone","087","40140","Riverside-San Bernardino-Ontario, CA","06","California","065","Riverside","33.72537","-116.206842"
"04/04/2024","AQS","060652007","1","0.054","ppm","50","","17","100.0000","44201","Ozone","087","40140","Riverside-San Bernardino-Ontario, CA","06","California","065","Riverside","33.72537","-116.206842"
"04/05/2024","AQS","060652007","1","0.048","ppm","44","","17","100.0000","44201","Ozone","087","40140","Riverside-San Bernardino-Ontario, CA","06","California","065","Riverside","33.72537","-116.206842"
"04/06/2024","AQS","060652007","1","0.05","ppm","46","","17","100.0000","44201","Ozone","087","40140","Riverside-San Bernardino-Ontario, CA","06","California","065","Riverside","33.72537","-116.206842"
"04/07/2024","AQS","060652007","1","0.054","ppm","50","","17","100.0000","44201","Ozone","087","40140","Riverside-San Bernardino-Ontario, CA","06","California","065","Riverside","33.72537","-116.206842"
"04/08/2024","AQS","060652007","1","0.05","ppm","46","","17","100.0000","44201","Ozone","087","40140","Riverside-San Bernardino-Ontario, CA","06","California","065","Riverside","33.72537","-116.206842"
"04/09/2024","AQS","060652007","1","0.056","ppm","54","","17","100.0000","44201","Ozone","087","40140","Riverside-San Bernardino-Ontario, CA","06","California","065","Riverside","33.72537","-116.206842"
"04/10/2024","AQS","060652007","1","0.055","ppm","51","","17","100.0000","44201","Ozone","087","40140","Riverside-San Bernardino-Ontario, CA","06","California","065","Riverside","33.72537","-116.206842"
"04/11/2024","AQS","060652007","1","0.054","ppm","50","","17","100.0000","44201","Ozone","087","40140","Riverside-San Bernardino-Ontario, CA","06","California","065","Riverside","33.72537","-116.206842"
"04/12/2024","AQS","060652007","1","0.062","ppm","74","","17","100.0000","44201","Ozone","087","40140","Riverside-San Bernardino-Ontario, CA","06","California","065","Riverside","33.72537","-116.206842"
"04/13/2024","AQS","060652007","1","0.058","ppm","61","","17","100.0000","44201","Ozone","087","40140","Riverside-San Bernardino-Ontario, CA","06","California","065","Riverside","33.72537","-116.206842"
"04/14/2024","AQS","060652007","1","0.055","ppm","51","","17","100.0000","44201","Ozone","087","40140","Riverside-San Bernardino-Ontario, CA","06","California","065","Riverside","33.72537","-116.206842"
"04/15/2024","AQS","060652007","1","0.06","ppm","67","","17","100.0000","44201","Ozone","087","40140","Riverside-San Bernardino-Ontario, CA","06","California","065","Riverside","33.72537","-116.206842"
"04/16/2024","AQS","060652007","1","0.06","ppm","67","","17","100.0000","44201","Ozone","087","40140","Riverside-San Bernardino-Ontario, CA","06","California","065","Riverside","33.72537","-116.206842"
"04/17/2024","AQS","060652007","1","0.075","ppm","115","","17","100.0000","44201","Ozone","087","40140","Riverside-San Bernardino-Ontario, CA","06","California","065","Riverside","33.72537","-116.206842"
"04/18/2024","AQS","060652007","1","0.074","ppm","112","","17","100.0000","44201","Ozone","087","40140","Riverside-San Bernardino-Ontario, CA","06","California","065","Riverside","33.72537","-116.206842"
"04/19/2024","AQS","060652007","1","0.064","ppm","80","","17","100.0000","44201","Ozone","087","40140","Riverside-San Bernardino-Ontario, CA","06","California","065","Riverside","33.72537","-116.206842"
"04/20/2024","AQS","060652007","1","0.065","ppm","84","","17","100.0000","44201","Ozone","087","40140","Riverside-San Bernardino-Ontario, CA","06","California","065","Riverside","33.72537","-116.206842"
"04/21/2024","AQS","060652007","1","0.06","ppm","67","","17","100.0000","44201","Ozone","087","40140","Riverside-San Bernardino-Ontario, CA","06","California","065","Riverside","33.72537","-116.206842"
"04/22/2024","AQS","060652007","1","0.061","ppm","71","","17","100.0000","44201","Ozone","087","40140","Riverside-San Bernardino-Ontario, CA","06","California","065","Riverside","33.72537","-116.206842"
"04/23/2024","AQS","060652007","1","0.053","ppm","49","","17","100.0000","44201","Ozone","087","40140","Riverside-San Bernardino-Ontario, CA","06","California","065","Riverside","33.72537","-116.206842"
"04/24/2024","AQS","060652007","1","0.056","ppm","54","","17","100.0000","44201","Ozone","087","40140","Riverside-San Bernardino-Ontario, CA","06","California","065","Riverside","33.72537","-116.206842"
"04/25/2024","AQS","060652007","1","0.047","ppm","44","","17","100.0000","44201","Ozone","087","40140","Riverside-San Bernardino-Ontario, CA","06","California","065","Riverside","33.72537","-116.206842"
"04/26/2024","AQS","060652007","1","0.046","ppm","43","","17","100.0000","44201","Ozone","087","40140","Riverside-San Bernardino-Ontario, CA","06","California","065","Riverside","33.72537","-116.206842"
"04/27/2024","AQS","060652007","1","0.051","ppm","47","","17","100.0000","44201","Ozone","087","40140","Riverside-San Bernardino-Ontario, CA","06","California","065","Riverside","33.72537","-116.206842"
"04/28/2024","AQS","060652007","1","0.055","ppm","51","","17","100.0000","44201","Ozone","087","40140","Riverside-San Bernardino-Ontario, CA","06","California","065","Riverside","33.72537","-116.206842"
"04/29/2024","AQS","060652007","1","0.057","ppm","58","","17","100.0000","44201","Ozone","087","40140","Riverside-San Bernardino-Ontario, CA","06","California","065","Riverside","33.72537","-116.206842"
"04/30/2024","AQS","060652007","1","0.058","ppm","61","","17","100.0000","44201","Ozone","087","40140","Riverside-San Bernardino-Ontario, CA","06","California","065","Riverside","33.72537","-116.206842"
"05/01/2024","AQS","060652007","1","0.067","ppm","90","","17","100.0000","44201","Ozone","087","40140","Riverside-San Bernardino-Ontario, CA","06","California","065","Riverside","33.72537","-116.206842"
"05/02/2024","AQS","060652007","1","0.06","ppm","67","","17","100.0000","44201","Ozone","087","40140","Riverside-San Bernardino-Ontario, CA","06","California","065","Riverside","33.72537","-116.206842"
"05/03/2024","AQS","060652007","1","0.069","ppm","97","","17","100.0000","44201","Ozone","087","40140","Riverside-San Bernardino-Ontario, CA","06","California","065","Riverside","33.72537","-116.206842"
"05/04/2024","AQS","060652007","1","0.061","ppm","71","","17","100.0000","44201","Ozone","087","40140","Riverside-San Bernardino-Ontario, CA","06","California","065","Riverside","33.72537","-116.206842"
"05/05/2024","AQS","060652007","1","0.056","ppm","54","","17","100.0000","44201","Ozone","087","40140","Riverside-San Bernardino-Ontario, CA","06","California","065","Riverside","33.72537","-116.206842"
"05/06/2024","AQS","060652007","1","0.055","ppm","51","","17","100.0000","44201","Ozone","087","40140","Riverside-San Bernardino-Ontario, CA","06","California","065","Riverside","33.72537","-116.206842"
"05/07/2024","AQS","060652007","1","0.071","ppm","101","","17","100.0000","44201","Ozone","087","40140","Riverside-San Bernardino-Ontario, CA","06","California","065","Riverside","33.72537","-116.206842"
"05/08/2024","AQS","060652007","1","0.053","ppm","49","","17","100.0000","44201","Ozone","087","40140","Riverside-San Bernardino-Ontario, CA","06","California","065","Riverside","33.72537","-116.206842"
"05/09/2024","AQS","060652007","1","0.05","ppm","46","","17","100.0000","44201","Ozone","087","40140","Riverside-San Bernardino-Ontario, CA","06","California","065","Riverside","33.72537","-116.206842"
"05/10/2024","AQS","060652007","1","0.051","ppm","47","","17","100.0000","44201","Ozone","087","40140","Riverside-San Bernardino-Ontario, CA","06","California","065","Riverside","33.72537","-116.206842"
"05/11/2024","AQS","060652007","1","0.058","ppm","61","","17","100.0000","44201","Ozone","087","40140","Riverside-San Bernardino-Ontario, CA","06","California","065","Riverside","33.72537","-116.206842"
"05/12/2024","AQS","060652007","1","0.066","ppm","87","","17","100.0000","44201","Ozone","087","40140","Riverside-San Bernardino-Ontario, CA","06","California","065","Riverside","33.72537","-116.206842"
"05/13/2024","AQS","060652007","1","0.067","ppm","90","","17","100.0000","44201","Ozone","087","40140","Riverside-San Bernardino-Ontario, CA","06","California","065","Riverside","33.72537","-116.206842"
"05/15/2024","AQS","060652007","1","0.063","ppm","77","","13","76.0000","44201","Ozone","087","40140","Riverside-San Bernardino-Ontario, CA","06","California","065","Riverside","33.72537","-116.206842"
"05/16/2024","AQS","060652007","1","0.074","ppm","112","","17","100.0000","44201","Ozone","087","40140","Riverside-San Bernardino-Ontario, CA","06","California","065","Riverside","33.72537","-116.206842"
"05/17/2024","AQS","060652007","1","0.068","ppm","93","","17","100.0000","44201","Ozone","087","40140","Riverside-San Bernardino-Ontario, CA","06","California","065","Riverside","33.72537","-116.206842"
"05/18/2024","AQS","060652007","1","0.068","ppm","93","","17","100.0000","44201","Ozone","087","40140","Riverside-San Bernardino-Ontario, CA","06","California","065","Riverside","33.72537","-116.206842"
"05/19/2024","AQS","060652007","1","0.066","ppm","87","","17","100.0000","44201","Ozone","087","40140","Riverside-San Bernardino-Ontario, CA","06","California","065","Riverside","33.72537","-116.206842"
"05/20/2024","AQS","060652007","1","0.059","ppm","64","","17","100.0000","44201","Ozone","087","40140","Riverside-San Bernardino-Ontario, CA","06","California","065","Riverside","33.72537","-116.206842"
"05/21/2024","AQS","060652007","1","0.065","ppm","84","","14","82.0000","44201","Ozone","087","40140","Riverside-San Bernardino-Ontario, CA","06","California","065","Riverside","33.72537","-116.206842"
"05/22/2024","AQS","060652007","1","0.07","ppm","100","","17","100.0000","44201","Ozone","087","40140","Riverside-San Bernardino-Ontario, CA","06","California","065","Riverside","33.72537","-116.206842"
"05/23/2024","AQS","060652007","1","0.063","ppm","77","","17","100.0000","44201","Ozone","087","40140","Riverside-San Bernardino-Ontario, CA","06","California","065","Riverside","33.72537","-116.206842"
"05/24/2024","AQS","060652007","1","0.052","ppm","48","","17","100.0000","44201","Ozone","087","40140","Riverside-San Bernardino-Ontario, CA","06","California","065","Riverside","33.72537","-116.206842"
"05/25/2024","AQS","060652007","1","0.048","ppm","44","","17","100.0000","44201","Ozone","087","40140","Riverside-San Bernardino-Ontario, CA","06","California","065","Riverside","33.72537","-116.206842"
"05/26/2024","AQS","060652007","1","0.057","ppm","58","","17","100.0000","44201","Ozone","087","40140","Riverside-San Bernardino-Ontario, CA","06","California","065","Riverside","33.72537","-116.206842"
"05/27/2024","AQS","060652007","1","0.059","ppm","64","","17","100.0000","44201","Ozone","087","40140","Riverside-San Bernardino-Ontario, CA","06","California","065","Riverside","33.72537","-116.206842"
"05/28/2024","AQS","060652007","1","0.068","ppm","93","","17","100.0000","44201","Ozone","087","40140","Riverside-San Bernardino-Ontario, CA","06","California","065","Riverside","33.72537","-116.206842"
"05/29/2024","AQS","060652007","1","0.07","ppm","100","","17","100.0000","44201","Ozone","087","40140","Riverside-San Bernardino-Ontario, CA","06","California","065","Riverside","33.72537","-116.206842"
"05/30/2024","AQS","060652007","1","0.074","ppm","112","","17","100.0000","44201","Ozone","087","40140","Riverside-San Bernardino-Ontario, CA","06","California","065","Riverside","33.72537","-116.206842"
"05/31/2024","AQS","060652007","1","0.072","ppm","105","","17","100.0000","44201","Ozone","087","40140","Riverside-San Bernardino-Ontario, CA","06","California","065","Riverside","33.72537","-116.206842"
"06/01/2024","AQS","060652007","1","0.08","ppm","133","","17","100.0000","44201","Ozone","087","40140","Riverside-San Bernardino-Ontario, CA","06","California","065","Riverside","33.72537","-116.206842"
"06/02/2024","AQS","060652007","1","0.057","ppm","58","","17","100.0000","44201","Ozone","087","40140","Riverside-San Bernardino-Ontario, CA","06","California","065","Riverside","33.72537","-116.206842"
"06/03/2024","AQS","060652007","1","0.063","ppm","77","","17","100.0000","44201","Ozone","087","40140","Riverside-San Bernardino-Ontario, CA","06","California","065","Riverside","33.72537","-116.206842"
"06/04/2024","AQS","060652007","1","0.064","ppm","80","","17","100.0000","44201","Ozone","087","40140","Riverside-San Bernardino-Ontario, CA","06","California","065","Riverside","33.72537","-116.206842"
"06/05/2024","AQS","060652007","1","0.057","ppm","58","","17","100.0000","44201","Ozone","087","40140","Riverside-San Bernardino-Ontario, CA","06","California","065","Riverside","33.72537","-116.206842"
"06/06/2024","AQS","060652007","1","0.072","ppm","105","","17","100.0000","44201","Ozone","087","40140","Riverside-San Bernardino-Ontario, CA","06","California","065","Riverside","33.72537","-116.206842"
"06/07/2024","AQS","060652007","1","0.078","ppm","126","","17","100.0000","44201","Ozone","087","40140","Riverside-San Bernardino-Ontario, CA","06","California","065","Riverside","33.72537","-116.206842"
"06/08/2024","AQS","060652007","1","0.064","ppm","80","","17","100.0000","44201","Ozone","087","40140","Riverside-San Bernardino-Ontario, CA","06","California","065","Riverside","33.72537","-116.206842"
"06/09/2024","AQS","060652007","1","0.06","ppm","67","","17","100.0000","44201","Ozone","087","40140","Riverside-San Bernardino-Ontario, CA","06","California","065","Riverside","33.72537","-116.206842"
"06/10/2024","AQS","060652007","1","0.054","ppm","50","","17","100.0000","44201","Ozone","087","40140","Riverside-San Bernardino-Ontario, CA","06","California","065","Riverside","33.72537","-116.206842"
"06/11/2024","AQS","060652007","1","0.052","ppm","48","","17","100.0000","44201","Ozone","087","40140","Riverside-San Bernardino-Ontario, CA","06","California","065","Riverside","33.72537","-116.206842"
"06/12/2024","AQS","060652007","1","0.074","ppm","112","","17","100.0000","44201","Ozone","087","40140","Riverside-San Bernardino-Ontario, CA","06","California","065","Riverside","33.72537","-116.206842"
"06/13/2024","AQS","060652007","1","0.067","ppm","90","","17","100.0000","44201","Ozone","087","40140","Riverside-San Bernardino-Ontario, CA","06","California","065","Riverside","33.72537","-116.206842"
"06/14/2024","AQS","060652007","1","0.072","ppm","105","","17","100.0000","44201","Ozone","087","40140","Riverside-San Bernardino-Ontario, CA","06","California","065","Riverside","33.72537","-116.206842"
"06/15/2024","AQS","060652007","1","0.07","ppm","100","","17","100.0000","44201","Ozone","087","40140","Riverside-San Bernardino-Ontario, CA","06","California","065","Riverside","33.72537","-116.206842"
"06/16/2024","AQS","060652007","1","0.08","ppm","133","","17","100.0000","44201","Ozone","087","40140","Riverside-San Bernardino-Ontario, CA","06","California","065","Riverside","33.72537","-116.206842"
"06/17/2024","AQS","060652007","1","0.069","ppm","97","","17","100.0000","44201","Ozone","087","40140","Riverside-San Bernardino-Ontario, CA","06","California","065","Riverside","33.72537","-116.206842"
"06/18/2024","AQS","060652007","1","0.071","ppm","101","","17","100.0000","44201","Ozone","087","40140","Riverside-San Bernardino-Ontario, CA","06","California","065","Riverside","33.72537","-116.206842"
"06/19/2024","AQS","060652007","1","0.077","ppm","122","","17","100.0000","44201","Ozone","087","40140","Riverside-San Bernardino-Ontario, CA","06","California","065","Riverside","33.72537","-116.206842"
"06/20/2024","AQS","060652007","1","0.077","ppm","122","","17","100.0000","44201","Ozone","087","40140","Riverside-San Bernardino-Ontario, CA","06","California","065","Riverside","33.72537","-116.206842"
"06/21/2024","AQS","060652007","1","0.07","ppm","100","","17","100.0000","44201","Ozone","087","40140","Riverside-San Bernardino-Ontario, CA","06","California","065","Riverside","33.72537","-116.206842"
"06/22/2024","AQS","060652007","1","0.06","ppm","67","","17","100.0000","44201","Ozone","087","40140","Riverside-San Bernardino-Ontario, CA","06","California","065","Riverside","33.72537","-116.206842"
"06/23/2024","AQS","060652007","1","0.056","ppm","54","","17","100.0000","44201","Ozone","087","40140","Riverside-San Bernardino-Ontario, CA","06","California","065","Riverside","33.72537","-116.206842"
"06/24/2024","AQS","060652007","1","0.072","ppm","105","","17","100.0000","44201","Ozone","087","40140","Riverside-San Bernardino-Ontario, CA","06","California","065","Riverside","33.72537","-116.206842"
"06/25/2024","AQS","060652007","1","0.068","ppm","93","","17","100.0000","44201","Ozone","087","40140","Riverside-San Bernardino-Ontario, CA","06","California","065","Riverside","33.72537","-116.206842"
"06/26/2024","AQS","060652007","1","0.066","ppm","87","","17","100.0000","44201","Ozone","087","40140","Riverside-San Bernardino-Ontario, CA","06","California","065","Riverside","33.72537","-116.206842"
"06/27/2024","AQS","060652007","1","0.077","ppm","122","","17","100.0000","44201","Ozone","087","40140","Riverside-San Bernardino-Ontario, CA","06","California","065","Riverside","33.72537","-116.206842"
"06/28/2024","AQS","060652007","1","0.065","ppm","84","","17","100.0000","44201","Ozone","087","40140","Riverside-San Bernardino-Ontario, CA","06","California","065","Riverside","33.72537","-116.206842"
"06/29/2024","AQS","060652007","1","0.073","ppm","108","","17","100.0000","44201","Ozone","087","40140","Riverside-San Bernardino-Ontario, CA","06","California","065","Riverside","33.72537","-116.206842"
"06/30/2024","AQS","060652007","1","0.065","ppm","84","","17","100.0000","44201","Ozone","087","40140","Riverside-San Bernardino-Ontario, CA","06","California","065","Riverside","33.72537","-116.206842"
"07/01/2024","AQS","060652007","1","0.059","ppm","64","","17","100.0000","44201","Ozone","087","40140","Riverside-San Bernardino-Ontario, CA","06","California","065","Riverside","33.72537","-116.206842"
"07/02/2024","AQS","060652007","1","0.063","ppm","77","","17","100.0000","44201","Ozone","087","40140","Riverside-San Bernardino-Ontario, CA","06","California","065","Riverside","33.72537","-116.206842"
"07/03/2024","AQS","060652007","1","0.057","ppm","58","","17","100.0000","44201","Ozone","087","40140","Riverside-San Bernardino-Ontario, CA","06","California","065","Riverside","33.72537","-116.206842"
"07/04/2024","AQS","060652007","1","0.071","ppm","101","","17","100.0000","44201","Ozone","087","40140","Riverside-San Bernardino-Ontario, CA","06","California","065","Riverside","33.72537","-116.206842"
"07/05/2024","AQS","060652007","1","0.069","ppm","97","","17","100.0000","44201","Ozone","087","40140","Riverside-San Bernardino-Ontario, CA","06","California","065","Riverside","33.72537","-116.206842"
"07/06/2024","AQS","060652007","1","0.058","ppm","61","","17","100.0000","44201","Ozone","087","40140","Riverside-San Bernardino-Ontario, CA","06","California","065","Riverside","33.72537","-116.206842"
"07/07/2024","AQS","060652007","1","0.075","ppm","115","","17","100.0000","44201","Ozone","087","40140","Riverside-San Bernardino-Ontario, CA","06","California","065","Riverside","33.72537","-116.206842"
"07/08/2024","AQS","060652007","1","0.08","ppm","133","","17","100.0000","44201","Ozone","087","40140","Riverside-San Bernardino-Ontario, CA","06","California","065","Riverside","33.72537","-116.206842"
"07/09/2024","AQS","060652007","1","0.079","ppm","129","","17","100.0000","44201","Ozone","087","40140","Riverside-San Bernardino-Ontario, CA","06","California","065","Riverside","33.72537","-116.206842"
"07/10/2024","AQS","060652007","1","0.063","ppm","77","","17","100.0000","44201","Ozone","087","40140","Riverside-San Bernardino-Ontario, CA","06","California","065","Riverside","33.72537","-116.206842"
"07/11/2024","AQS","060652007","1","0.075","ppm","115","","17","100.0000","44201","Ozone","087","40140","Riverside-San Bernardino-Ontario, CA","06","California","065","Riverside","33.72537","-116.206842"
"07/12/2024","AQS","060652007","1","0.054","ppm","50","","17","100.0000","44201","Ozone","087","40140","Riverside-San Bernardino-Ontario, CA","06","California","065","Riverside","33.72537","-116.206842"
"07/13/2024","AQS","060652007","1","0.052","ppm","48","","17","100.0000","44201","Ozone","087","40140","Riverside-San Bernardino-Ontario, CA","06","California","065","Riverside","33.72537","-116.206842"
"07/14/2024","AQS","060652007","1","0.05","ppm","46","","17","100.0000","44201","Ozone","087","40140","Riverside-San Bernardino-Ontario, CA","06","California","065","Riverside","33.72537","-116.206842"
"07/15/2024","AQS","060652007","1","0.06","ppm","67","","17","100.0000","44201","Ozone","087","40140","Riverside-San Bernardino-Ontario, CA","06","California","065","Riverside","33.72537","-116.206842"
"07/16/2024","AQS","060652007","1","0.068","ppm","93","","17","100.0000","44201","Ozone","087","40140","Riverside-San Bernardino-Ontario, CA","06","California","065","Riverside","33.72537","-116.206842"
"07/17/2024","AQS","060652007","1","0.063","ppm","77","","17","100.0000","44201","Ozone","087","40140","Riverside-San Bernardino-Ontario, CA","06","California","065","Riverside","33.72537","-116.206842"
"07/18/2024","AQS","060652007","1","0.066","ppm","87","","17","100.0000","44201","Ozone","087","40140","Riverside-San Bernardino-Ontario, CA","06","California","065","Riverside","33.72537","-116.206842"
"07/19/2024","AQS","060652007","1","0.066","ppm","87","","17","100.0000","44201","Ozone","087","40140","Riverside-San Bernardino-Ontario, CA","06","California","065","Riverside","33.72537","-116.206842"
"07/20/2024","AQS","060652007","1","0.066","ppm","87","","17","100.0000","44201","Ozone","087","40140","Riverside-San Bernardino-Ontario, CA","06","California","065","Riverside","33.72537","-116.206842"
"07/21/2024","AQS","060652007","1","0.059","ppm","64","","17","100.0000","44201","Ozone","087","40140","Riverside-San Bernardino-Ontario, CA","06","California","065","Riverside","33.72537","-116.206842"
"07/22/2024","AQS","060652007","1","0.062","ppm","74","","17","100.0000","44201","Ozone","087","40140","Riverside-San Bernardino-Ontario, CA","06","California","065","Riverside","33.72537","-116.206842"
"07/23/2024","AQS","060652007","1","0.07","ppm","100","","17","100.0000","44201","Ozone","087","40140","Riverside-San Bernardino-Ontario, CA","06","California","065","Riverside","33.72537","-116.206842"
"07/24/2024","AQS","060652007","1","0.065","ppm","84","","14","82.0000","44201","Ozone","087","40140","Riverside-San Bernardino-Ontario, CA","06","California","065","Riverside","33.72537","-116.206842"
"07/25/2024","AQS","060652007","1","0.067","ppm","90","","17","100.0000","44201","Ozone","087","40140","Riverside-San Bernardino-Ontario, CA","06","California","065","Riverside","33.72537","-116.206842"
"07/26/2024","AQS","060652007","1","0.064","ppm","80","","17","100.0000","44201","Ozone","087","40140","Riverside-San Bernardino-Ontario, CA","06","California","065","Riverside","33.72537","-116.206842"
"07/27/2024","AQS","060652007","1","0.053","ppm","49","","17","100.0000","44201","Ozone","087","40140","Riverside-San Bernardino-Ontario, CA","06","California","065","Riverside","33.72537","-116.206842"
"07/28/2024","AQS","060652007","1","0.056","ppm","54","","17","100.0000","44201","Ozone","087","40140","Riverside-San Bernardino-Ontario, CA","06","California","065","Riverside","33.72537","-116.206842"
"07/29/2024","AQS","060652007","1","0.063","ppm","77","","17","100.0000","44201","Ozone","087","40140","Riverside-San Bernardino-Ontario, CA","06","California","065","Riverside","33.72537","-116.206842"
"07/30/2024","AQS","060652007","1","0.069","ppm","97","","17","100.0000","44201","Ozone","087","40140","Riverside-San Bernardino-Ontario, CA","06","California","065","Riverside","33.72537","-116.206842"
"07/31/2024","AQS","060652007","1","0.068","ppm","93","","17","100.0000","44201","Ozone","087","40140","Riverside-San Bernardino-Ontario, CA","06","California","065","Riverside","33.72537","-116.206842"
"08/01/2024","AQS","060652007","1","0.053","ppm","49","","17","100.0000","44201","Ozone","087","40140","Riverside-San Bernardino-Ontario, CA","06","California","065","Riverside","33.72537","-116.206842"
"08/02/2024","AQS","060652007","1","0.057","ppm","58","","17","100.0000","44201","Ozone","087","40140","Riverside-San Bernardino-Ontario, CA","06","California","065","Riverside","33.72537","-116.206842"
"08/03/2024","AQS","060652007","1","0.066","ppm","87","","17","100.0000","44201","Ozone","087","40140","Riverside-San Bernardino-Ontario, CA","06","California","065","Riverside","33.72537","-116.206842"
"08/04/2024","AQS","060652007","1","0.059","ppm","64","","17","100.0000","44201","Ozone","087","40140","Riverside-San Bernardino-Ontario, CA","06","California","065","Riverside","33.72537","-116.206842"
"08/05/2024","AQS","060652007","1","0.058","ppm","61","","17","100.0000","44201","Ozone","087","40140","Riverside-San Bernardino-Ontario, CA","06","California","065","Riverside","33.72537","-116.206842"
"08/06/2024","AQS","060652007","1","0.056","ppm","54","","17","100.0000","44201","Ozone","087","40140","Riverside-San Bernardino-Ontario, CA","06","California","065","Riverside","33.72537","-116.206842"
"08/07/2024","AQS","060652007","1","0.052","ppm","48","","17","100.0000","44201","Ozone","087","40140","Riverside-San Bernardino-Ontario, CA","06","California","065","Riverside","33.72537","-116.206842"
"08/08/2024","AQS","060652007","1","0.067","ppm","90","","17","100.0000","44201","Ozone","087","40140","Riverside-San Bernardino-Ontario, CA","06","California","065","Riverside","33.72537","-116.206842"
"08/09/2024","AQS","060652007","1","0.059","ppm","64","","17","100.0000","44201","Ozone","087","40140","Riverside-San Bernardino-Ontario, CA","06","California","065","Riverside","33.72537","-116.206842"
"08/10/2024","AQS","060652007","1","0.061","ppm","71","","17","100.0000","44201","Ozone","087","40140","Riverside-San Bernardino-Ontario, CA","06","California","065","Riverside","33.72537","-116.206842"
"08/11/2024","AQS","060652007","1","0.038","ppm","35","","17","100.0000","44201","Ozone","087","40140","Riverside-San Bernardino-Ontario, CA","06","California","065","Riverside","33.72537","-116.206842"
"08/12/2024","AQS","060652007","1","0.053","ppm","49","","17","100.0000","44201","Ozone","087","40140","Riverside-San Bernardino-Ontario, CA","06","California","065","Riverside","33.72537","-116.206842"
"08/13/2024","AQS","060652007","1","0.05","ppm","46","","17","100.0000","44201","Ozone","087","40140","Riverside-San Bernardino-Ontario, CA","06","California","065","Riverside","33.72537","-116.206842"
"08/14/2024","AQS","060652007","1","0.063","ppm","77","","17","100.0000","44201","Ozone","087","40140","Riverside-San Bernardino-Ontario, CA","06","California","065","Riverside","33.72537","-116.206842"
"08/15/2024","AQS","060652007","1","0.062","ppm","74","","17","100.0000","44201","Ozone","087","40140","Riverside-San Bernardino-Ontario, CA","06","California","065","Riverside","33.72537","-116.206842"
"08/16/2024","AQS","060652007","1","0.051","ppm","47","","17","100.0000","44201","Ozone","087","40140","Riverside-San Bernardino-Ontario, CA","06","California","065","Riverside","33.72537","-116.206842"
"08/17/2024","AQS","060652007","1","0.047","ppm","44","","17","100.0000","44201","Ozone","087","40140","Riverside-San Bernardino-Ontario, CA","06","California","065","Riverside","33.72537","-116.206842"
"08/18/2024","AQS","060652007","1","0.046","ppm","43","","17","100.0000","44201","Ozone","087","40140","Riverside-San Bernardino-Ontario, CA","06","California","065","Riverside","33.72537","-116.206842"
"08/19/2024","AQS","060652007","1","0.065","ppm","84","","17","100.0000","44201","Ozone","087","40140","Riverside-San Bernardino-Ontario, CA","06","California","065","Riverside","33.72537","-116.206842"
"08/20/2024","AQS","060652007","1","0.065","ppm","84","","17","100.0000","44201","Ozone","087","40140","Riverside-San Bernardino-Ontario, CA","06","California","065","Riverside","33.72537","-116.206842"
"08/21/2024","AQS","060652007","1","0.053","ppm","49","","17","100.0000","44201","Ozone","087","40140","Riverside-San Bernardino-Ontario, CA","06","California","065","Riverside","33.72537","-116.206842"
"08/22/2024","AQS","060652007","1","0.06","ppm","67","","17","100.0000","44201","Ozone","087","40140","Riverside-San Bernardino-Ontario, CA","06","California","065","Riverside","33.72537","-116.206842"
"08/23/2024","AQS","060652007","1","0.065","ppm","84","","17","100.0000","44201","Ozone","087","40140","Riverside-San Bernardino-Ontario, CA","06","California","065","Riverside","33.72537","-116.206842"
"08/24/2024","AQS","060652007","1","0.057","ppm","58","","17","100.0000","44201","Ozone","087","40140","Riverside-San Bernardino-Ontario, CA","06","California","065","Riverside","33.72537","-116.206842"
"08/25/2024","AQS","060652007","1","0.055","ppm","51","","17","100.0000","44201","Ozone","087","40140","Riverside-San Bernardino-Ontario, CA","06","California","065","Riverside","33.72537","-116.206842"
"08/26/2024","AQS","060652007","1","0.052","ppm","48","","17","100.0000","44201","Ozone","087","40140","Riverside-San Bernardino-Ontario, CA","06","California","065","Riverside","33.72537","-116.206842"
"08/27/2024","AQS","060652007","1","0.057","ppm","58","","17","100.0000","44201","Ozone","087","40140","Riverside-San Bernardino-Ontario, CA","06","California","065","Riverside","33.72537","-116.206842"
"08/28/2024","AQS","060652007","1","0.053","ppm","49","","17","100.0000","44201","Ozone","087","40140","Riverside-San Bernardino-Ontario, CA","06","California","065","Riverside","33.72537","-116.206842"
"08/29/2024","AQS","060652007","1","0.064","ppm","80","","17","100.0000","44201","Ozone","087","40140","Riverside-San Bernardino-Ontario, CA","06","California","065","Riverside","33.72537","-116.206842"
"08/30/2024","AQS","060652007","1","0.053","ppm","49","","17","100.0000","44201","Ozone","087","40140","Riverside-San Bernardino-Ontario, CA","06","California","065","Riverside","33.72537","-116.206842"
"08/31/2024","AQS","060652007","1","0.058","ppm","61","","17","100.0000","44201","Ozone","087","40140","Riverside-San Bernardino-Ontario, CA","06","California","065","Riverside","33.72537","-116.206842"
"09/01/2024","AQS","060652007","1","0.053","ppm","49","","17","100.0000","44201","Ozone","087","40140","Riverside-San Bernardino-Ontario, CA","06","California","065","Riverside","33.72537","-116.206842"
"09/02/2024","AQS","060652007","1","0.056","ppm","54","","17","100.0000","44201","Ozone","087","40140","Riverside-San Bernardino-Ontario, CA","06","California","065","Riverside","33.72537","-116.206842"
"09/03/2024","AQS","060652007","1","0.062","ppm","74","","17","100.0000","44201","Ozone","087","40140","Riverside-San Bernardino-Ontario, CA","06","California","065","Riverside","33.72537","-116.206842"
"09/04/2024","AQS","060652007","1","0.064","ppm","80","","17","100.0000","44201","Ozone","087","40140","Riverside-San Bernardino-Ontario, CA","06","California","065","Riverside","33.72537","-116.206842"
"09/05/2024","AQS","060652007","1","0.063","ppm","77","","17","100.0000","44201","Ozone","087","40140","Riverside-San Bernardino-Ontario, CA","06","California","065","Riverside","33.72537","-116.206842"
"09/06/2024","AQS","060652007","1","0.056","ppm","54","","17","100.0000","44201","Ozone","087","40140","Riverside-San Bernardino-Ontario, CA","06","California","065","Riverside","33.72537","-116.206842"
"09/07/2024","AQS","060652007","1","0.05","ppm","46","","17","100.0000","44201","Ozone","087","40140","Riverside-San Bernardino-Ontario, CA","06","California","065","Riverside","33.72537","-116.206842"
"09/08/2024","AQS","060652007","1","0.057","ppm","58","","17","100.0000","44201","Ozone","087","40140","Riverside-San Bernardino-Ontario, CA","06","California","065","Riverside","33.72537","-116.206842"
"09/09/2024","AQS","060652007","1","0.061","ppm","71","","17","100.0000","44201","Ozone","087","40140","Riverside-San Bernardino-Ontario, CA","06","California","065","Riverside","33.72537","-116.206842"
"09/10/2024","AQS","060652007","1","0.072","ppm","105","","17","100.0000","44201","Ozone","087","40140","Riverside-San Bernardino-Ontario, CA","06","California","065","Riverside","33.72537","-116.206842"
"09/11/2024","AQS","060652007","1","0.064","ppm","80","","17","100.0000","44201","Ozone","087","40140","Riverside-San Bernardino-Ontario, CA","06","California","065","Riverside","33.72537","-116.206842"
"09/12/2024","AQS","060652007","1","0.071","ppm","101","","17","100.0000","44201","Ozone","087","40140","Riverside-San Bernardino-Ontario, CA","06","California","065","Riverside","33.72537","-116.206842"
"09/13/2024","AQS","060652007","1","0.07","ppm","100","","17","100.0000","44201","Ozone","087","40140","Riverside-San Bernardino-Ontario, CA","06","California","065","Riverside","33.72537","-116.206842"
"09/14/2024","AQS","060652007","1","0.061","ppm","71","","17","100.0000","44201","Ozone","087","40140","Riverside-San Bernardino-Ontario, CA","06","California","065","Riverside","33.72537","-116.206842"
"09/15/2024","AQS","060652007","1","0.064","ppm","80","","17","100.0000","44201","Ozone","087","40140","Riverside-San Bernardino-Ontario, CA","06","California","065","Riverside","33.72537","-116.206842"
"09/16/2024","AQS","060652007","1","0.052","ppm","48","","17","100.0000","44201","Ozone","087","40140","Riverside-San Bernardino-Ontario, CA","06","California","065","Riverside","33.72537","-116.206842"
"09/17/2024","AQS","060652007","1","0.053","ppm","49","","17","100.0000","44201","Ozone","087","40140","Riverside-San Bernardino-Ontario, CA","06","California","065","Riverside","33.72537","-116.206842"
"09/18/2024","AQS","060652007","1","0.058","ppm","61","","17","100.0000","44201","Ozone","087","40140","Riverside-San Bernardino-Ontario, CA","06","California","065","Riverside","33.72537","-116.206842"
"09/19/2024","AQS","060652007","1","0.055","ppm","51","","17","100.0000","44201","Ozone","087","40140","Riverside-San Bernardino-Ontario, CA","06","California","065","Riverside","33.72537","-116.206842"
"09/20/2024","AQS","060652007","1","0.053","ppm","49","","17","100.0000","44201","Ozone","087","40140","Riverside-San Bernardino-Ontario, CA","06","California","065","Riverside","33.72537","-116.206842"
"09/21/2024","AQS","060652007","1","0.071","ppm","101","","17","100.0000","44201","Ozone","087","40140","Riverside-San Bernardino-Ontario, CA","06","California","065","Riverside","33.72537","-116.206842"
"09/22/2024","AQS","060652007","1","0.072","ppm","105","","17","100.0000","44201","Ozone","087","40140","Riverside-San Bernardino-Ontario, CA","06","California","065","Riverside","33.72537","-116.206842"
"09/23/2024","AQS","060652007","1","0.06","ppm","67","","17","100.0000","44201","Ozone","087","40140","Riverside-San Bernardino-Ontario, CA","06","California","065","Riverside","33.72537","-116.206842"
"09/24/2024","AQS","060652007","1","0.057","ppm","58","","17","100.0000","44201","Ozone","087","40140","Riverside-San Bernardino-Ontario, CA","06","California","065","Riverside","33.72537","-116.206842"
"09/25/2024","AQS","060652007","1","0.069","ppm","97","","17","100.0000","44201","Ozone","087","40140","Riverside-San Bernardino-Ontario, CA","06","California","065","Riverside","33.72537","-116.206842"
"09/26/2024","AQS","060652007","1","0.069","ppm","97","","17","100.0000","44201","Ozone","087","40140","Riverside-San Bernardino-Ontario, CA","06","California","065","Riverside","33.72537","-116.206842"
"09/27/2024","AQS","060652007","1","0.064","ppm","80","","17","100.0000","44201","Ozone","087","40140","Riverside-San Bernardino-Ontario, CA","06","California","065","Riverside","33.72537","-116.206842"
"09/28/2024","AQS","060652007","1","0.069","ppm","97","","17","100.0000","44201","Ozone","087","40140","Riverside-San Bernardino-Ontario, CA","06","California","065","Riverside","33.72537","-116.206842"
"09/29/2024","AQS","060652007","1","0.056","ppm","54","","17","100.0000","44201","Ozone","087","40140","Riverside-San Bernardino-Ontario, CA","06","California","065","Riverside","33.72537","-116.206842"
"09/30/2024","AQS","060652007","1","0.062","ppm","74","","17","100.0000","44201","Ozone","087","40140","Riverside-San Bernardino-Ontario, CA","06","California","065","Riverside","33.72537","-116.206842"
"10/01/2024","AQS","060652007","1","0.058","ppm","61","","17","100.0000","44201","Ozone","087","40140","Riverside-San Bernardino-Ontario, CA","06","California","065","Riverside","33.72537","-116.206842"
"10/02/2024","AQS","060652007","1","0.058","ppm","61","","17","100.0000","44201","Ozone","087","40140","Riverside-San Bernardino-Ontario, CA","06","California","065","Riverside","33.72537","-116.206842"
"10/03/2024","AQS","060652007","1","0.063","ppm","77","","17","100.0000","44201","Ozone","087","40140","Riverside-San Bernardino-Ontario, CA","06","California","065","Riverside","33.72537","-116.206842"
"10/04/2024","AQS","060652007","1","0.07","ppm","100","","17","100.0000","44201","Ozone","087","40140","Riverside-San Bernardino-Ontario, CA","06","California","065","Riverside","33.72537","-116.206842"
"10/05/2024","AQS","060652007","1","0.067","ppm","90","","17","100.0000","44201","Ozone","087","40140","Riverside-San Bernardino-Ontario, CA","06","California","065","Riverside","33.72537","-116.206842"
"10/06/2024","AQS","060652007","1","0.059","ppm","64","","17","100.0000","44201","Ozone","087","40140","Riverside-San Bernardino-Ontario, CA","06","California","065","Riverside","33.72537","-116.206842"
"10/07/2024","AQS","060652007","1","0.059","ppm","64","","17","100.0000","44201","Ozone","087","40140","Riverside-San Bernardino-Ontario, CA","06","California","065","Riverside","33.72537","-116.206842"
"10/08/2024","AQS","060652007","1","0.065","ppm","84","","17","100.0000","44201","Ozone","087","40140","Riverside-San Bernardino-Ontario, CA","06","California","065","Riverside","33.72537","-116.206842"
"10/09/2024","AQS","060652007","1","0.056","ppm","54","","17","100.0000","44201","Ozone","087","40140","Riverside-San Bernardino-Ontario, CA","06","California","065","Riverside","33.72537","-116.206842"
"10/10/2024","AQS","060652007","1","0.054","ppm","50","","17","100.0000","44201","Ozone","087","40140","Riverside-San Bernardino-Ontario, CA","06","California","065","Riverside","33.72537","-116.206842"
"10/11/2024","AQS","060652007","1","0.056","ppm","54","","17","100.0000","44201","Ozone","087","40140","Riverside-San Bernardino-Ontario, CA","06","California","065","Riverside","33.72537","-116.206842"
"10/12/2024","AQS","060652007","1","0.057","ppm","58","","17","100.0000","44201","Ozone","087","40140","Riverside-San Bernardino-Ontario, CA","06","California","065","Riverside","33.72537","-116.206842"
"10/13/2024","AQS","060652007","1","0.059","ppm","64","","17","100.0000","44201","Ozone","087","40140","Riverside-San Bernardino-Ontario, CA","06","California","065","Riverside","33.72537","-116.206842"
"10/14/2024","AQS","060652007","1","0.063","ppm","77","","17","100.0000","44201","Ozone","087","40140","Riverside-San Bernardino-Ontario, CA","06","California","065","Riverside","33.72537","-116.206842"
"10/15/2024","AQS","060652007","1","0.061","ppm","71","","17","100.0000","44201","Ozone","087","40140","Riverside-San Bernardino-Ontario, CA","06","California","065","Riverside","33.72537","-116.206842"
"10/16/2024","AQS","060652007","1","0.054","ppm","50","","17","100.0000","44201","Ozone","087","40140","Riverside-San Bernardino-Ontario, CA","06","California","065","Riverside","33.72537","-116.206842"
"10/17/2024","AQS","060652007","1","0.051","ppm","47","","17","100.0000","44201","Ozone","087","40140","Riverside-San Bernardino-Ontario, CA","06","California","065","Riverside","33.72537","-116.206842"
"10/18/2024","AQS","060652007","1","0.041","ppm","38","","17","100.0000","44201","Ozone","087","40140","Riverside-San Bernardino-Ontario, CA","06","California","065","Riverside","33.72537","-116.206842"
"10/19/2024","AQS","060652007","1","0.042","ppm","39","","17","100.0000","44201","Ozone","087","40140","Riverside-San Bernardino-Ontario, CA","06","California","065","Riverside","33.72537","-116.206842"
"10/20/2024","AQS","060652007","1","0.049","ppm","45","","17","100.0000","44201","Ozone","087","40140","Riverside-San Bernardino-Ontario, CA","06","California","065","Riverside","33.72537","-116.206842"
"10/21/2024","AQS","060652007","1","0.05","ppm","46","","17","100.0000","44201","Ozone","087","40140","Riverside-San Bernardino-Ontario, CA","06","California","065","Riverside","33.72537","-116.206842"
"10/22/2024","AQS","060652007","1","0.049","ppm","45","","17","100.0000","44201","Ozone","087","40140","Riverside-San Bernardino-Ontario, CA","06","California","065","Riverside","33.72537","-116.206842"
"10/23/2024","AQS","060652007","1","0.048","ppm","44","","17","100.0000","44201","Ozone","087","40140","Riverside-San Bernardino-Ontario, CA","06","California","065","Riverside","33.72537","-116.206842"
"10/24/2024","AQS","060652007","1","0.063","ppm","77","","17","100.0000","44201","Ozone","087","40140","Riverside-San Bernardino-Ontario, CA","06","California","065","Riverside","33.72537","-116.206842"
"10/25/2024","AQS","060652007","1","0.06","ppm","67","","17","100.0000","44201","Ozone","087","40140","Riverside-San Bernardino-Ontario, CA","06","California","065","Riverside","33.72537","-116.206842"
"10/26/2024","AQS","060652007","1","0.054","ppm","50","","17","100.0000","44201","Ozone","087","40140","Riverside-San Bernardino-Ontario, CA","06","California","065","Riverside","33.72537","-116.206842"
"10/27/2024","AQS","060652007","1","0.051","ppm","47","","17","100.0000","44201","Ozone","087","40140","Riverside-San Bernardino-Ontario, CA","06","California","065","Riverside","33.72537","-116.206842"
"10/28/2024","AQS","060652007","1","0.046","ppm","43","","17","100.0000","44201","Ozone","087","40140","Riverside-San Bernardino-Ontario, CA","06","California","065","Riverside","33.72537","-116.206842"
"10/29/2024","AQS","060652007","1","0.048","ppm","44","","17","100.0000","44201","Ozone","087","40140","Riverside-San Bernardino-Ontario, CA","06","California","065","Riverside","33.72537","-116.206842"
"10/30/2024","AQS","060652007","1","0.042","ppm","39","","17","100.0000","44201","Ozone","087","40140","Riverside-San Bernardino-Ontario, CA","06","California","065","Riverside","33.72537","-116.206842"
"10/31/2024","AirNow","060652007","1","0.047","ppm","44","","24","100.0000","44201","Ozone","","40140","Riverside-San Bernardino-Ontario, CA","06","California","065","Riverside","33.72537","-116.206842"
"11/01/2024","AirNow","060652007","1","0.057","ppm","58","","24","100.0000","44201","Ozone","","40140","Riverside-San Bernardino-Ontario, CA","06","California","065","Riverside","33.72537","-116.206842"
"11/02/2024","AirNow","060652007","1","0.052","ppm","48","","24","100.0000","44201","Ozone","","40140","Riverside-San Bernardino-Ontario, CA","06","California","065","Riverside","33.72537","-116.206842"
"11/03/2024","AirNow","060652007","1","0.044","ppm","41","","24","100.0000","44201","Ozone","","40140","Riverside-San Bernardino-Ontario, CA","06","California","065","Riverside","33.72537","-116.206842"
"11/04/2024","AirNow","060652007","1","0.038","ppm","35","","24","100.0000","44201","Ozone","","40140","Riverside-San Bernardino-Ontario, CA","06","California","065","Riverside","33.72537","-116.206842"
"11/05/2024","AirNow","060652007","1","0.034","ppm","31","","24","100.0000","44201","Ozone","","40140","Riverside-San Bernardino-Ontario, CA","06","California","065","Riverside","33.72537","-116.206842"
"11/06/2024","AirNow","060652007","1","0.041","ppm","38","","24","100.0000","44201","Ozone","","40140","Riverside-San Bernardino-Ontario, CA","06","California","065","Riverside","33.72537","-116.206842"
"11/07/2024","AirNow","060652007","1","0.037","ppm","34","","24","100.0000","44201","Ozone","","40140","Riverside-San Bernardino-Ontario, CA","06","California","065","Riverside","33.72537","-116.206842"
"11/08/2024","AirNow","060652007","1","0.035","ppm","32","","24","100.0000","44201","Ozone","","40140","Riverside-San Bernardino-Ontario, CA","06","California","065","Riverside","33.72537","-116.206842"
"11/09/2024","AirNow","060652007","1","0.038","ppm","35","","24","100.0000","44201","Ozone","","40140","Riverside-San Bernardino-Ontario, CA","06","California","065","Riverside","33.72537","-116.206842"
"11/10/2024","AirNow","060652007","1","0.042","ppm","39","","24","100.0000","44201","Ozone","","40140","Riverside-San Bernardino-Ontario, CA","06","California","065","Riverside","33.72537","-116.206842"
"11/11/2024","AirNow","060652007","1","0.048","ppm","44","","24","100.0000","44201","Ozone","","40140","Riverside-San Bernardino-Ontario, CA","06","California","065","Riverside","33.72537","-116.206842"
"11/12/2024","AirNow","060652007","1","0.047","ppm","44","","24","100.0000","44201","Ozone","","40140","Riverside-San Bernardino-Ontario, CA","06","California","065","Riverside","33.72537","-116.206842"
"11/13/2024","AirNow","060652007","1","0.038","ppm","35","","24","100.0000","44201","Ozone","","40140","Riverside-San Bernardino-Ontario, CA","06","California","065","Riverside","33.72537","-116.206842"
"11/16/2024","AirNow","060652007","1","0.038","ppm","35","","24","100.0000","44201","Ozone","","40140","Riverside-San Bernardino-Ontario, CA","06","California","065","Riverside","33.72537","-116.206842"
"11/17/2024","AirNow","060652007","1","0.04","ppm","37","","24","100.0000","44201","Ozone","","40140","Riverside-San Bernardino-Ontario, CA","06","California","065","Riverside","33.72537","-116.206842"
"11/18/2024","AirNow","060652007","1","0.041","ppm","38","","24","100.0000","44201","Ozone","","40140","Riverside-San Bernardino-Ontario, CA","06","California","065","Riverside","33.72537","-116.206842"
"11/19/2024","AirNow","060652007","1","0.042","ppm","39","","24","100.0000","44201","Ozone","","40140","Riverside-San Bernardino-Ontario, CA","06","California","065","Riverside","33.72537","-116.206842"
"11/20/2024","AirNow","060652007","1","0.04","ppm","37","","24","100.0000","44201","Ozone","","40140","Riverside-San Bernardino-Ontario, CA","06","California","065","Riverside","33.72537","-116.206842"
"11/21/2024","AirNow","060652007","1","0.034","ppm","31","","18","75.0000","44201","Ozone","","40140","Riverside-San Bernardino-Ontario, CA","06","California","065","Riverside","33.72537","-116.206842"
"11/22/2024","AirNow","060652007","1","0.04","ppm","37","","24","100.0000","44201","Ozone","","40140","Riverside-San Bernardino-Ontario, CA","06","California","065","Riverside","33.72537","-116.206842"
"11/23/2024","AirNow","060652007","1","0.044","ppm","41","","24","100.0000","44201","Ozone","","40140","Riverside-San Bernardino-Ontario, CA","06","California","065","Riverside","33.72537","-116.206842"
"11/24/2024","AirNow","060652007","1","0.042","ppm","39","","24","100.0000","44201","Ozone","","40140","Riverside-San Bernardino-Ontario, CA","06","California","065","Riverside","33.72537","-116.206842"
"11/25/2024","AirNow","060652007","1","0.041","ppm","38","","24","100.0000","44201","Ozone","","40140","Riverside-San Bernardino-Ontario, CA","06","California","065","Riverside","33.72537","-116.206842"
"11/26/2024","AirNow","060652007","1","0.037","ppm","34","","24","100.0000","44201","Ozone","","40140","Riverside-San Bernardino-Ontario, CA","06","California","065","Riverside","33.72537","-116.206842"
"11/27/2024","AirNow","060652007","1","0.032","ppm","30","","24","100.0000","44201","Ozone","","40140","Riverside-San Bernardino-Ontario, CA","06","California","065","Riverside","33.72537","-116.206842"
"11/28/2024","AirNow","060652007","1","0.042","ppm","39","","24","100.0000","44201","Ozone","","40140","Riverside-San Bernardino-Ontario, CA","06","California","065","Riverside","33.72537","-116.206842"
"11/29/2024","AirNow","060652007","1","0.038","ppm","35","","24","100.0000","44201","Ozone","","40140","Riverside-San Bernardino-Ontario, CA","06","California","065","Riverside","33.72537","-116.206842"
"11/30/2024","AirNow","060652007","1","0.04","ppm","37","","24","100.0000","44201","Ozone","","40140","Riverside-San Bernardino-Ontario, CA","06","California","065","Riverside","33.72537","-116.206842"
"12/01/2024","AirNow","060652007","1","0.035","ppm","32","","24","100.0000","44201","Ozone","","40140","Riverside-San Bernardino-Ontario, CA","06","California","065","Riverside","33.72537","-116.206842"
"12/02/2024","AirNow","060652007","1","0.034","ppm","31","","24","100.0000","44201","Ozone","","40140","Riverside-San Bernardino-Ontario, CA","06","California","065","Riverside","33.72537","-116.206842"
"12/03/2024","AirNow","060652007","1","0.027","ppm","25","","24","100.0000","44201","Ozone","","40140","Riverside-San Bernardino-Ontario, CA","06","California","065","Riverside","33.72537","-116.206842"
"12/04/2024","AirNow","060652007","1","0.035","ppm","32","","24","100.0000","44201","Ozone","","40140","Riverside-San Bernardino-Ontario, CA","06","California","065","Riverside","33.72537","-116.206842"
"12/05/2024","AirNow","060652007","1","0.029","ppm","27","","24","100.0000","44201","Ozone","","40140","Riverside-San Bernardino-Ontario, CA","06","California","065","Riverside","33.72537","-116.206842"
"12/06/2024","AirNow","060652007","1","0.039","ppm","36","","24","100.0000","44201","Ozone","","40140","Riverside-San Bernardino-Ontario, CA","06","California","065","Riverside","33.72537","-116.206842"
"12/07/2024","AirNow","060652007","1","0.036","ppm","33","","24","100.0000","44201","Ozone","","40140","Riverside-San Bernardino-Ontario, CA","06","California","065","Riverside","33.72537","-116.206842"
"12/08/2024","AirNow","060652007","1","0.034","ppm","31","","24","100.0000","44201","Ozone","","40140","Riverside-San Bernardino-Ontario, CA","06","California","065","Riverside","33.72537","-116.206842"
"12/09/2024","AirNow","060652007","1","0.041","ppm","38","","24","100.0000","44201","Ozone","","40140","Riverside-San Bernardino-Ontario, CA","06","California","065","Riverside","33.72537","-116.206842"
"12/10/2024","AirNow","060652007","1","0.04","ppm","37","","24","100.0000","44201","Ozone","","40140","Riverside-San Bernardino-Ontario, CA","06","California","065","Riverside","33.72537","-116.206842"
"12/11/2024","AirNow","060652007","1","0.026","ppm","24","","24","100.0000","44201","Ozone","","40140","Riverside-San Bernardino-Ontario, CA","06","California","065","Riverside","33.72537","-116.206842"
"12/12/2024","AirNow","060652007","1","0.035","ppm","32","","24","100.0000","44201","Ozone","","40140","Riverside-San Bernardino-Ontario, CA","06","California","065","Riverside","33.72537","-116.206842"
"12/13/2024","AirNow","060652007","1","0.044","ppm","41","","24","100.0000","44201","Ozone","","40140","Riverside-San Bernardino-Ontario, CA","06","California","065","Riverside","33.72537","-116.206842"
"12/14/2024","AirNow","060652007","1","0.043","ppm","40","","24","100.0000","44201","Ozone","","40140","Riverside-San Bernardino-Ontario, CA","06","California","065","Riverside","33.72537","-116.206842"
"12/15/2024","AirNow","060652007","1","0.048","ppm","44","","24","100.0000","44201","Ozone","","40140","Riverside-San Bernardino-Ontario, CA","06","California","065","Riverside","33.72537","-116.206842"
"12/16/2024","AirNow","060652007","1","0.039","ppm","36","","24","100.0000","44201","Ozone","","40140","Riverside-San Bernardino-Ontario, CA","06","California","065","Riverside","33.72537","-116.206842"
"12/17/2024","AirNow","060652007","1","0.037","ppm","34","","24","100.0000","44201","Ozone","","40140","Riverside-San Bernardino-Ontario, CA","06","California","065","Riverside","33.72537","-116.206842"
"12/18/2024","AirNow","060652007","1","0.04","ppm","37","","24","100.0000","44201","Ozone","","40140","Riverside-San Bernardino-Ontario, CA","06","California","065","Riverside","33.72537","-116.206842"
"12/19/2024","AirNow","060652007","1","0.033","ppm","31","","24","100.0000","44201","Ozone","","40140","Riverside-San Bernardino-Ontario, CA","06","California","065","Riverside","33.72537","-116.206842"
"12/20/2024","AirNow","060652007","1","0.031","ppm","29","","24","100.0000","44201","Ozone","","40140","Riverside-San Bernardino-Ontario, CA","06","California","065","Riverside","33.72537","-116.206842"
"12/21/2024","AirNow","060652007","1","0.035","ppm","32","","24","100.0000","44201","Ozone","","40140","Riverside-San Bernardino-Ontario, CA","06","California","065","Riverside","33.72537","-116.206842"
"12/22/2024","AirNow","060652007","1","0.034","ppm","31","","24","100.0000","44201","Ozone","","40140","Riverside-San Bernardino-Ontario, CA","06","California","065","Riverside","33.72537","-116.206842"
"12/23/2024","AirNow","060652007","1","0.037","ppm","34","","24","100.0000","44201","Ozone","","40140","Riverside-San Bernardino-Ontario, CA","06","California","065","Riverside","33.72537","-116.206842"
"12/24/2024","AirNow","060652007","1","0.037","ppm","34","","24","100.0000","44201","Ozone","","40140","Riverside-San Bernardino-Ontario, CA","06","California","065","Riverside","33.72537","-116.206842"
"12/25/2024","AirNow","060652007","1","0.044","ppm","41","","24","100.0000","44201","Ozone","","40140","Riverside-San Bernardino-Ontario, CA","06","California","065","Riverside","33.72537","-116.206842"
"12/26/2024","AirNow","060652007","1","0.034","ppm","31","","24","100.0000","44201","Ozone","","40140","Riverside-San Bernardino-Ontario, CA","06","California","065","Riverside","33.72537","-116.206842"
"12/27/2024","AirNow","060652007","1","0.028","ppm","26","","24","100.0000","44201","Ozone","","40140","Riverside-San Bernardino-Ontario, CA","06","California","065","Riverside","33.72537","-116.206842"
"12/28/2024","AirNow","060652007","1","0.03","ppm","28","","24","100.0000","44201","Ozone","","40140","Riverside-San Bernardino-Ontario, CA","06","California","065","Riverside","33.72537","-116.206842"
"12/29/2024","AirNow","060652007","1","0.04","ppm","37","","24","100.0000","44201","Ozone","","40140","Riverside-San Bernardino-Ontario, CA","06","California","065","Riverside","33.72537","-116.206842"
"12/30/2024","AirNow","060652007","1","0.044","ppm","41","","24","100.0000","44201","Ozone","","40140","Riverside-San Bernardino-Ontario, CA","06","California","065","Riverside","33.72537","-116.206842"
"12/31/2024","AirNow","060652007","1","0.041","ppm","38","","19","79.0000","44201","Ozone","","40140","Riverside-San Bernardino-Ontario, CA","06","California","065","Riverside","33.72537","-116.206842"
"01/01/2024","AQS","060655001","1","0.041","ppm","38","Palm Springs","17","100.0000","44201","Ozone","087","40140","Riverside-San Bernardino-Ontario, CA","06","California","065","Riverside","33.85275","-116.54101"
"01/02/2024","AQS","060655001","1","0.041","ppm","38","Palm Springs","17","100.0000","44201","Ozone","087","40140","Riverside-San Bernardino-Ontario, CA","06","California","065","Riverside","33.85275","-116.54101"
"01/04/2024","AQS","060655001","1","0.032","ppm","30","Palm Springs","13","76.0000","44201","Ozone","087","40140","Riverside-San Bernardino-Ontario, CA","06","California","065","Riverside","33.85275","-116.54101"
"01/05/2024","AQS","060655001","1","0.034","ppm","31","Palm Springs","17","100.0000","44201","Ozone","087","40140","Riverside-San Bernardino-Ontario, CA","06","California","065","Riverside","33.85275","-116.54101"
"01/06/2024","AQS","060655001","1","0.035","ppm","32","Palm Springs","17","100.0000","44201","Ozone","087","40140","Riverside-San Bernardino-Ontario, CA","06","California","065","Riverside","33.85275","-116.54101"
"01/07/2024","AQS","060655001","1","0.039","ppm","36","Palm Springs","17","100.0000","44201","Ozone","087","40140","Riverside-San Bernardino-Ontario, CA","06","California","065","Riverside","33.85275","-116.54101"
"01/08/2024","AQS","060655001","1","0.035","ppm","32","Palm Springs","17","100.0000","44201","Ozone","087","40140","Riverside-San Bernardino-Ontario, CA","06","California","065","Riverside","33.85275","-116.54101"
"01/09/2024","AQS","060655001","1","0.034","ppm","31","Palm Springs","17","100.0000","44201","Ozone","087","40140","Riverside-San Bernardino-Ontario, CA","06","California","065","Riverside","33.85275","-116.54101"
"01/10/2024","AQS","060655001","1","0.034","ppm","31","Palm Springs","17","100.0000","44201","Ozone","087","40140","Riverside-San Bernardino-Ontario, CA","06","California","065","Riverside","33.85275","-116.54101"
"01/11/2024","AQS","060655001","1","0.043","ppm","40","Palm Springs","17","100.0000","44201","Ozone","087","40140","Riverside-San Bernardino-Ontario, CA","06","California","065","Riverside","33.85275","-116.54101"
"01/12/2024","AQS","060655001","1","0.035","ppm","32","Palm Springs","17","100.0000","44201","Ozone","087","40140","Riverside-San Bernardino-Ontario, CA","06","California","065","Riverside","33.85275","-116.54101"
"01/13/2024","AQS","060655001","1","0.035","ppm","32","Palm Springs","17","100.0000","44201","Ozone","087","40140","Riverside-San Bernardino-Ontario, CA","06","California","065","Riverside","33.85275","-116.54101"
"01/14/2024","AQS","060655001","1","0.045","ppm","42","Palm Springs","17","100.0000","44201","Ozone","087","40140","Riverside-San Bernardino-Ontario, CA","06","California","065","Riverside","33.85275","-116.54101"
"01/15/2024","AQS","060655001","1","0.037","ppm","34","Palm Springs","17","100.0000","44201","Ozone","087","40140","Riverside-San Bernardino-Ontario, CA","06","California","065","Riverside","33.85275","-116.54101"
"01/16/2024","AQS","060655001","1","0.036","ppm","33","Palm Springs","17","100.0000","44201","Ozone","087","40140","Riverside-San Bernardino-Ontario, CA","06","California","065","Riverside","33.85275","-116.54101"
"01/17/2024","AQS","060655001","1","0.036","ppm","33","Palm Springs","17","100.0000","44201","Ozone","087","40140","Riverside-San Bernardino-Ontario, CA","06","California","065","Riverside","33.85275","-116.54101"
"01/18/2024","AQS","060655001","1","0.041","ppm","38","Palm Springs","17","100.0000","44201","Ozone","087","40140","Riverside-San Bernardino-Ontario, CA","06","California","065","Riverside","33.85275","-116.54101"
"01/19/2024","AQS","060655001","1","0.043","ppm","40","Palm Springs","17","100.0000","44201","Ozone","087","40140","Riverside-San Bernardino-Ontario, CA","06","California","065","Riverside","33.85275","-116.54101"
"01/20/2024","AQS","060655001","1","0.027","ppm","25","Palm Springs","17","100.0000","44201","Ozone","087","40140","Riverside-San Bernardino-Ontario, CA","06","California","065","Riverside","33.85275","-116.54101"
"01/21/2024","AQS","060655001","1","0.037","ppm","34","Palm Springs","17","100.0000","44201","Ozone","087","40140","Riverside-San Bernardino-Ontario, CA","06","California","065","Riverside","33.85275","-116.54101"
"01/22/2024","AQS","060655001","1","0.025","ppm","23","Palm Springs","17","100.0000","44201","Ozone","087","40140","Riverside-San Bernardino-Ontario, CA","06","California","065","Riverside","33.85275","-116.54101"
"01/23/2024","AQS","060655001","1","0.032","ppm","30","Palm Springs","17","100.0000","44201","Ozone","087","40140","Riverside-San Bernardino-Ontario, CA","06","California","065","Riverside","33.85275","-116.54101"
"01/24/2024","AQS","060655001","1","0.028","ppm","26","Palm Springs","17","100.0000","44201","Ozone","087","40140","Riverside-San Bernardino-Ontario, CA","06","California","065","Riverside","33.85275","-116.54101"
"01/25/2024","AQS","060655001","1","0.038","ppm","35","Palm Springs","17","100.0000","44201","Ozone","087","40140","Riverside-San Bernardino-Ontario, CA","06","California","065","Riverside","33.85275","-116.54101"
"01/26/2024","AQS","060655001","1","0.04","ppm","37","Palm Springs","17","100.0000","44201","Ozone","087","40140","Riverside-San Bernardino-Ontario, CA","06","California","065","Riverside","33.85275","-116.54101"
"01/27/2024","AQS","060655001","1","0.043","ppm","40","Palm Springs","17","100.0000","44201","Ozone","087","40140","Riverside-San Bernardino-Ontario, CA","06","California","065","Riverside","33.85275","-116.54101"
"01/28/2024","AQS","060655001","1","0.037","ppm","34","Palm Springs","17","100.0000","44201","Ozone","087","40140","Riverside-San Bernardino-Ontario, CA","06","California","065","Riverside","33.85275","-116.54101"
"01/29/2024","AQS","060655001","1","0.04","ppm","37","Palm Springs","17","100.0000","44201","Ozone","087","40140","Riverside-San Bernardino-Ontario, CA","06","California","065","Riverside","33.85275","-116.54101"
"01/30/2024","AQS","060655001","1","0.042","ppm","39","Palm Springs","17","100.0000","44201","Ozone","087","40140","Riverside-San Bernardino-Ontario, CA","06","California","065","Riverside","33.85275","-116.54101"
"01/31/2024","AQS","060655001","1","0.039","ppm","36","Palm Springs","17","100.0000","44201","Ozone","087","40140","Riverside-San Bernardino-Ontario, CA","06","California","065","Riverside","33.85275","-116.54101"
"02/01/2024","AQS","060655001","1","0.034","ppm","31","Palm Springs","17","100.0000","44201","Ozone","087","40140","Riverside-San Bernardino-Ontario, CA","06","California","065","Riverside","33.85275","-116.54101"
"02/02/2024","AQS","060655001","1","0.042","ppm","39","Palm Springs","17","100.0000","44201","Ozone","087","40140","Riverside-San Bernardino-Ontario, CA","06","California","065","Riverside","33.85275","-116.54101"
"02/03/2024","AQS","060655001","1","0.044","ppm","41","Palm Springs","17","100.0000","44201","Ozone","087","40140","Riverside-San Bernardino-Ontario, CA","06","California","065","Riverside","33.85275","-116.54101"
"02/04/2024","AQS","060655001","1","0.04","ppm","37","Palm Springs","17","100.0000","44201","Ozone","087","40140","Riverside-San Bernardino-Ontario, CA","06","California","065","Riverside","33.85275","-116.54101"
"02/05/2024","AQS","060655001","1","0.03","ppm","28","Palm Springs","17","100.0000","44201","Ozone","087","40140","Riverside-San Bernardino-Ontario, CA","06","California","065","Riverside","33.85275","-116.54101"
"02/06/2024","AQS","060655001","1","0.032","ppm","30","Palm Springs","17","100.0000","44201","Ozone","087","40140","Riverside-San Bernardino-Ontario, CA","06","California","065","Riverside","33.85275","-116.54101"
"02/09/2024","AQS","060655001","1","0.041","ppm","38","Palm Springs","17","100.0000","44201","Ozone","087","40140","Riverside-San Bernardino-Ontario, CA","06","California","065","Riverside","33.85275","-116.54101"
"02/10/2024","AQS","060655001","1","0.039","ppm","36","Palm Springs","17","100.0000","44201","Ozone","087","40140","Riverside-San Bernardino-Ontario, CA","06","California","065","Riverside","33.85275","-116.54101"
"02/11/2024","AQS","060655001","1","0.039","ppm","36","Palm Springs","17","100.0000","44201","Ozone","087","40140","Riverside-San Bernardino-Ontario, CA","06","California","065","Riverside","33.85275","-116.54101"
"02/12/2024","AQS","060655001","1","0.041","ppm","38","Palm Springs","17","100.0000","44201","Ozone","087","40140","Riverside-San Bernardino-Ontario, CA","06","California","065","Riverside","33.85275","-116.54101"
"02/13/2024","AQS","060655001","1","0.044","ppm","41","Palm Springs","17","100.0000","44201","Ozone","087","40140","Riverside-San Bernardino-Ontario, CA","06","California","065","Riverside","33.85275","-116.54101"
"02/14/2024","AQS","060655001","1","0.051","ppm","47","Palm Springs","17","100.0000","44201","Ozone","087","40140","Riverside-San Bernardino-Ontario, CA","06","California","065","Riverside","33.85275","-116.54101"
"02/15/2024","AQS","060655001","1","0.052","ppm","48","Palm Springs","17","100.0000","44201","Ozone","087","40140","Riverside-San Bernardino-Ontario, CA","06","California","065","Riverside","33.85275","-116.54101"
"02/16/2024","AQS","060655001","1","0.049","ppm","45","Palm Springs","17","100.0000","44201","Ozone","087","40140","Riverside-San Bernardino-Ontario, CA","06","California","065","Riverside","33.85275","-116.54101"
"02/17/2024","AQS","060655001","1","0.051","ppm","47","Palm Springs","17","100.0000","44201","Ozone","087","40140","Riverside-San Bernardino-Ontario, CA","06","California","065","Riverside","33.85275","-116.54101"
"02/18/2024","AQS","060655001","1","0.044","ppm","41","Palm Springs","17","100.0000","44201","Ozone","087","40140","Riverside-San Bernardino-Ontario, CA","06","California","065","Riverside","33.85275","-116.54101"
"02/19/2024","AQS","060655001","1","0.035","ppm","32","Palm Springs","17","100.0000","44201","Ozone","087","40140","Riverside-San Bernardino-Ontario, CA","06","California","065","Riverside","33.85275","-116.54101"
"02/20/2024","AQS","060655001","1","0.035","ppm","32","Palm Springs","17","100.0000","44201","Ozone","087","40140","Riverside-San Bernardino-Ontario, CA","06","California","065","Riverside","33.85275","-116.54101"
"02/21/2024","AQS","060655001","1","0.04","ppm","37","Palm Springs","17","100.0000","44201","Ozone","087","40140","Riverside-San Bernardino-Ontario, CA","06","California","065","Riverside","33.85275","-116.54101"
"02/22/2024","AQS","060655001","1","0.046","ppm","43","Palm Springs","17","100.0000","44201","Ozone","087","40140","Riverside-San Bernardino-Ontario, CA","06","California","065","Riverside","33.85275","-116.54101"
"02/23/2024","AQS","060655001","1","0.044","ppm","41","Palm Springs","17","100.0000","44201","Ozone","087","40140","Riverside-San Bernardino-Ontario, CA","06","California","065","Riverside","33.85275","-116.54101"
"02/24/2024","AQS","060655001","1","0.043","ppm","40","Palm Springs","17","100.0000","44201","Ozone","087","40140","Riverside-San Bernardino-Ontario, CA","06","California","065","Riverside","33.85275","-116.54101"
"02/25/2024","AQS","060655001","1","0.047","ppm","44","Palm Springs","17","100.0000","44201","Ozone","087","40140","Riverside-San Bernardino-Ontario, CA","06","California","065","Riverside","33.85275","-116.54101"
"02/26/2024","AQS","060655001","1","0.039","ppm","36","Palm Springs","17","100.0000","44201","Ozone","087","40140","Riverside-San Bernardino-Ontario, CA","06","California","065","Riverside","33.85275","-116.54101"
"02/27/2024","AQS","060655001","1","0.039","ppm","36","Palm Springs","17","100.0000","44201","Ozone","087","40140","Riverside-San Bernardino-Ontario, CA","06","California","065","Riverside","33.85275","-116.54101"
"02/28/2024","AQS","060655001","1","0.048","ppm","44","Palm Springs","17","100.0000","44201","Ozone","087","40140","Riverside-San Bernardino-Ontario, CA","06","California","065","Riverside","33.85275","-116.54101"
"02/29/2024","AQS","060655001","1","0.043","ppm","40","Palm Springs","17","100.0000","44201","Ozone","087","40140","Riverside-San Bernardino-Ontario, CA","06","California","065","Riverside","33.85275","-116.54101"
"03/01/2024","AQS","060655001","1","0.043","ppm","40","Palm Springs","17","100.0000","44201","Ozone","087","40140","Riverside-San Bernardino-Ontario, CA","06","California","065","Riverside","33.85275","-116.54101"
"03/02/2024","AQS","060655001","1","0.039","ppm","36","Palm Springs","17","100.0000","44201","Ozone","087","40140","Riverside-San Bernardino-Ontario, CA","06","California","065","Riverside","33.85275","-116.54101"
"03/03/2024","AQS","060655001","1","0.042","ppm","39","Palm Springs","17","100.0000","44201","Ozone","087","40140","Riverside-San Bernardino-Ontario, CA","06","California","065","Riverside","33.85275","-116.54101"
"03/04/2024","AQS","060655001","1","0.044","ppm","41","Palm Springs","17","100.0000","44201","Ozone","087","40140","Riverside-San Bernardino-Ontario, CA","06","California","065","Riverside","33.85275","-116.54101"
"03/05/2024","AQS","060655001","1","0.045","ppm","42","Palm Springs","17","100.0000","44201","Ozone","087","40140","Riverside-San Bernardino-Ontario, CA","06","California","065","Riverside","33.85275","-116.54101"
"03/06/2024","AQS","060655001","1","0.042","ppm","39","Palm Springs","17","100.0000","44201","Ozone","087","40140","Riverside-San Bernardino-Ontario, CA","06","California","065","Riverside","33.85275","-116.54101"
"03/07/2024","AQS","060655001","1","0.038","ppm","35","Palm Springs","17","100.0000","44201","Ozone","087","40140","Riverside-San Bernardino-Ontario, CA","06","California","065","Riverside","33.85275","-116.54101"
"03/08/2024","AQS","060655001","1","0.041","ppm","38","Palm Springs","17","100.0000","44201","Ozone","087","40140","Riverside-San Bernardino-Ontario, CA","06","California","065","Riverside","33.85275","-116.54101"
"03/09/2024","AQS","060655001","1","0.049","ppm","45","Palm Springs","17","100.0000","44201","Ozone","087","40140","Riverside-San Bernardino-Ontario, CA","06","California","065","Riverside","33.85275","-116.54101"
"03/10/2024","AQS","060655001","1","0.053","ppm","49","Palm Springs","17","100.0000","44201","Ozone","087","40140","Riverside-San Bernardino-Ontario, CA","06","California","065","Riverside","33.85275","-116.54101"
"03/11/2024","AQS","060655001","1","0.048","ppm","44","Palm Springs","17","100.0000","44201","Ozone","087","40140","Riverside-San Bernardino-Ontario, CA","06","California","065","Riverside","33.85275","-116.54101"
"03/12/2024","AQS","060655001","1","0.042","ppm","39","Palm Springs","17","100.0000","44201","Ozone","087","40140","Riverside-San Bernardino-Ontario, CA","06","California","065","Riverside","33.85275","-116.54101"
"03/13/2024","AQS","060655001","1","0.046","ppm","43","Palm Springs","17","100.0000","44201","Ozone","087","40140","Riverside-San Bernardino-Ontario, CA","06","California","065","Riverside","33.85275","-116.54101"
"03/14/2024","AQS","060655001","1","0.044","ppm","41","Palm Springs","17","100.0000","44201","Ozone","087","40140","Riverside-San Bernardino-Ontario, CA","06","California","065","Riverside","33.85275","-116.54101"
"03/15/2024","AQS","060655001","1","0.035","ppm","32","Palm Springs","17","100.0000","44201","Ozone","087","40140","Riverside-San Bernardino-Ontario, CA","06","California","065","Riverside","33.85275","-116.54101"
"03/16/2024","AQS","060655001","1","0.037","ppm","34","Palm Springs","17","100.0000","44201","Ozone","087","40140","Riverside-San Bernardino-Ontario, CA","06","California","065","Riverside","33.85275","-116.54101"
"03/17/2024","AQS","060655001","1","0.046","ppm","43","Palm Springs","17","100.0000","44201","Ozone","087","40140","Riverside-San Bernardino-Ontario, CA","06","California","065","Riverside","33.85275","-116.54101"
"03/18/2024","AQS","060655001","1","0.039","ppm","36","Palm Springs","17","100.0000","44201","Ozone","087","40140","Riverside-San Bernardino-Ontario, CA","06","California","065","Riverside","33.85275","-116.54101"
"03/19/2024","AQS","060655001","1","0.05","ppm","46","Palm Springs","17","100.0000","44201","Ozone","087","40140","Riverside-San Bernardino-Ontario, CA","06","California","065","Riverside","33.85275","-116.54101"
"03/20/2024","AQS","060655001","1","0.058","ppm","61","Palm Springs","17","100.0000","44201","Ozone","087","40140","Riverside-San Bernardino-Ontario, CA","06","California","065","Riverside","33.85275","-116.54101"
"03/21/2024","AQS","060655001","1","0.06","ppm","67","Palm Springs","17","100.0000","44201","Ozone","087","40140","Riverside-San Bernardino-Ontario, CA","06","California","065","Riverside","33.85275","-116.54101"
"03/22/2024","AQS","060655001","1","0.058","ppm","61","Palm Springs","17","100.0000","44201","Ozone","087","40140","Riverside-San Bernardino-Ontario, CA","06","California","065","Riverside","33.85275","-116.54101"
"03/23/2024","AQS","060655001","1","0.045","ppm","42","Palm Springs","17","100.0000","44201","Ozone","087","40140","Riverside-San Bernardino-Ontario, CA","06","California","065","Riverside","33.85275","-116.54101"
"03/24/2024","AQS","060655001","1","0.046","ppm","43","Palm Springs","17","100.0000","44201","Ozone","087","40140","Riverside-San Bernardino-Ontario, CA","06","California","065","Riverside","33.85275","-116.54101"
"03/25/2024","AQS","060655001","1","0.048","ppm","44","Palm Springs","17","100.0000","44201","Ozone","087","40140","Riverside-San Bernardino-Ontario, CA","06","California","065","Riverside","33.85275","-116.54101"
"03/26/2024","AQS","060655001","1","0.051","ppm","47","Palm Springs","17","100.0000","44201","Ozone","087","40140","Riverside-San Bernardino-Ontario, CA","06","California","065","Riverside","33.85275","-116.54101"
"03/27/2024","AQS","060655001","1","0.058","ppm","61","Palm Springs","17","100.0000","44201","Ozone","087","40140","Riverside-San Bernardino-Ontario, CA","06","California","065","Riverside","33.85275","-116.54101"
"03/28/2024","AQS","060655001","1","0.053","ppm","49","Palm Springs","17","100.0000","44201","Ozone","087","40140","Riverside-San Bernardino-Ontario, CA","06","California","065","Riverside","33.85275","-116.54101"
"03/29/2024","AQS","060655001","1","0.05","ppm","46","Palm Springs","17","100.0000","44201","Ozone","087","40140","Riverside-San Bernardino-Ontario, CA","06","California","065","Riverside","33.85275","-116.54101"
"03/30/2024","AQS","060655001","1","0.046","ppm","43","Palm Springs","17","100.0000","44201","Ozone","087","40140","Riverside-San Bernardino-Ontario, CA","06","California","065","Riverside","33.85275","-116.54101"
"03/31/2024","AQS","060655001","1","0.044","ppm","41","Palm Springs","17","100.0000","44201","Ozone","087","40140","Riverside-San Bernardino-Ontario, CA","06","California","065","Riverside","33.85275","-116.54101"
"04/01/2024","AQS","060655001","1","0.048","ppm","44","Palm Springs","34","200.0000","44201","Ozone","014","40140","Riverside-San Bernardino-Ontario, CA","06","California","065","Riverside","33.85275","-116.54101"
"04/02/2024","AQS","060655001","1","0.049","ppm","45","Palm Springs","34","200.0000","44201","Ozone","014","40140","Riverside-San Bernardino-Ontario, CA","06","California","065","Riverside","33.85275","-116.54101"
"04/03/2024","AQS","060655001","1","0.062","ppm","74","Palm Springs","34","200.0000","44201","Ozone","014","40140","Riverside-San Bernardino-Ontario, CA","06","California","065","Riverside","33.85275","-116.54101"
"04/04/2024","AQS","060655001","1","0.048","ppm","44","Palm Springs","34","200.0000","44201","Ozone","014","40140","Riverside-San Bernardino-Ontario, CA","06","California","065","Riverside","33.85275","-116.54101"
"04/05/2024","AQS","060655001","1","0.048","ppm","44","Palm Springs","34","200.0000","44201","Ozone","014","40140","Riverside-San Bernardino-Ontario, CA","06","California","065","Riverside","33.85275","-116.54101"
"04/06/2024","AQS","060655001","1","0.049","ppm","45","Palm Springs","34","200.0000","44201","Ozone","014","40140","Riverside-San Bernardino-Ontario, CA","06","California","065","Riverside","33.85275","-116.54101"
"04/07/2024","AQS","060655001","1","0.057","ppm","58","Palm Springs","34","200.0000","44201","Ozone","014","40140","Riverside-San Bernardino-Ontario, CA","06","California","065","Riverside","33.85275","-116.54101"
"04/08/2024","AQS","060655001","1","0.053","ppm","49","Palm Springs","34","200.0000","44201","Ozone","014","40140","Riverside-San Bernardino-Ontario, CA","06","California","065","Riverside","33.85275","-116.54101"
"04/09/2024","AQS","060655001","1","0.057","ppm","58","Palm Springs","34","200.0000","44201","Ozone","014","40140","Riverside-San Bernardino-Ontario, CA","06","California","065","Riverside","33.85275","-116.54101"
"04/10/2024","AQS","060655001","1","0.057","ppm","58","Palm Springs","34","200.0000","44201","Ozone","014","40140","Riverside-San Bernardino-Ontario, CA","06","California","065","Riverside","33.85275","-116.54101"
"04/11/2024","AQS","060655001","1","0.055","ppm","51","Palm Springs","34","200.0000","44201","Ozone","014","40140","Riverside-San Bernardino-Ontario, CA","06","California","065","Riverside","33.85275","-116.54101"
"04/12/2024","AQS","060655001","1","0.06","ppm","67","Palm Springs","34","200.0000","44201","Ozone","014","40140","Riverside-San Bernardino-Ontario, CA","06","California","065","Riverside","33.85275","-116.54101"
"04/13/2024","AQS","060655001","1","0.053","ppm","49","Palm Springs","34","200.0000","44201","Ozone","014","40140","Riverside-San Bernardino-Ontario, CA","06","California","065","Riverside","33.85275","-116.54101"
"04/14/2024","AQS","060655001","1","0.052","ppm","48","Palm Springs","34","200.0000","44201","Ozone","014","40140","Riverside-San Bernardino-Ontario, CA","06","California","065","Riverside","33.85275","-116.54101"
"04/15/2024","AQS","060655001","1","0.057","ppm","58","Palm Springs","34","200.0000","44201","Ozone","014","40140","Riverside-San Bernardino-Ontario, CA","06","California","065","Riverside","33.85275","-116.54101"
"04/16/2024","AQS","060655001","1","0.064","ppm","80","Palm Springs","34","200.0000","44201","Ozone","014","40140","Riverside-San Bernardino-Ontario, CA","06","California","065","Riverside","33.85275","-116.54101"
"04/17/2024","AQS","060655001","1","0.074","ppm","112","Palm Springs","34","200.0000","44201","Ozone","014","40140","Riverside-San Bernardino-Ontario, CA","06","California","065","Riverside","33.85275","-116.54101"
"04/18/2024","AQS","060655001","1","0.066","ppm","87","Palm Springs","34","200.0000","44201","Ozone","014","40140","Riverside-San Bernardino-Ontario, CA","06","California","065","Riverside","33.85275","-116.54101"
"04/19/2024","AQS","060655001","1","0.059","ppm","64","Palm Springs","34","200.0000","44201","Ozone","014","40140","Riverside-San Bernardino-Ontario, CA","06","California","065","Riverside","33.85275","-116.54101"
"04/20/2024","AQS","060655001","1","0.068","ppm","93","Palm Springs","34","200.0000","44201","Ozone","014","40140","Riverside-San Bernardino-Ontario, CA","06","California","065","Riverside","33.85275","-116.54101"
"04/21/2024","AQS","060655001","1","0.064","ppm","80","Palm Springs","34","200.0000","44201","Ozone","014","40140","Riverside-San Bernardino-Ontario, CA","06","California","065","Riverside","33.85275","-116.54101"
"04/22/2024","AQS","060655001","1","0.067","ppm","90","Palm Springs","34","200.0000","44201","Ozone","014","40140","Riverside-San Bernardino-Ontario, CA","06","California","065","Riverside","33.85275","-116.54101"
"04/23/2024","AQS","060655001","1","0.049","ppm","45","Palm Springs","34","200.0000","44201","Ozone","014","40140","Riverside-San Bernardino-Ontario, CA","06","California","065","Riverside","33.85275","-116.54101"
"04/24/2024","AQS","060655001","1","0.05","ppm","46","Palm Springs","34","200.0000","44201","Ozone","014","40140","Riverside-San Bernardino-Ontario, CA","06","California","065","Riverside","33.85275","-116.54101"
"04/25/2024","AQS","060655001","1","0.049","ppm","45","Palm Springs","34","200.0000","44201","Ozone","014","40140","Riverside-San Bernardino-Ontario, CA","06","California","065","Riverside","33.85275","-116.54101"
"04/26/2024","AQS","060655001","1","0.05","ppm","46","Palm Springs","34","200.0000","44201","Ozone","014","40140","Riverside-San Bernardino-Ontario, CA","06","California","065","Riverside","33.85275","-116.54101"
"04/27/2024","AQS","060655001","1","0.052","ppm","48","Palm Springs","34","200.0000","44201","Ozone","014","40140","Riverside-San Bernardino-Ontario, CA","06","California","065","Riverside","33.85275","-116.54101"
"04/28/2024","AQS","060655001","1","0.057","ppm","58","Palm Springs","34","200.0000","44201","Ozone","014","40140","Riverside-San Bernardino-Ontario, CA","06","California","065","Riverside","33.85275","-116.54101"
"04/29/2024","AQS","060655001","1","0.068","ppm","93","Palm Springs","34","200.0000","44201","Ozone","014","40140","Riverside-San Bernardino-Ontario, CA","06","California","065","Riverside","33.85275","-116.54101"
"04/30/2024","AQS","060655001","1","0.069","ppm","97","Palm Springs","34","200.0000","44201","Ozone","014","40140","Riverside-San Bernardino-Ontario, CA","06","California","065","Riverside","33.85275","-116.54101"
"05/01/2024","AQS","060655001","1","0.069","ppm","97","Palm Springs","34","200.0000","44201","Ozone","014","40140","Riverside-San Bernardino-Ontario, CA","06","California","065","Riverside","33.85275","-116.54101"
"05/02/2024","AQS","060655001","1","0.069","ppm","97","Palm Springs","34","200.0000","44201","Ozone","014","40140","Riverside-San Bernardino-Ontario, CA","06","California","065","Riverside","33.85275","-116.54101"
"05/03/2024","AQS","060655001","1","0.062","ppm","74","Palm Springs","34","200.0000","44201","Ozone","014","40140","Riverside-San Bernardino-Ontario, CA","06","California","065","Riverside","33.85275","-116.54101"
"05/04/2024","AQS","060655001","1","0.047","ppm","44","Palm Springs","34","200.0000","44201","Ozone","014","40140","Riverside-San Bernardino-Ontario, CA","06","California","065","Riverside","33.85275","-116.54101"
"05/05/2024","AQS","060655001","1","0.057","ppm","58","Palm Springs","34","200.0000","44201","Ozone","014","40140","Riverside-San Bernardino-Ontario, CA","06","California","065","Riverside","33.85275","-116.54101"
"05/06/2024","AQS","060655001","1","0.05","ppm","46","Palm Springs","34","200.0000","44201","Ozone","014","40140","Riverside-San Bernardino-Ontario, CA","06","California","065","Riverside","33.85275","-116.54101"
"05/07/2024","AQS","060655001","1","0.066","ppm","87","Palm Springs","34","200.0000","44201","Ozone","014","40140","Riverside-San Bernardino-Ontario, CA","06","California","065","Riverside","33.85275","-116.54101"
"05/08/2024","AQS","060655001","1","0.05","ppm","46","Palm Springs","34","200.0000","44201","Ozone","014","40140","Riverside-San Bernardino-Ontario, CA","06","California","065","Riverside","33.85275","-116.54101"
"05/09/2024","AQS","060655001","1","0.05","ppm","46","Palm Springs","26","153.0000","44201","Ozone","014","40140","Riverside-San Bernardino-Ontario, CA","06","California","065","Riverside","33.85275","-116.54101"
"05/10/2024","AQS","060655001","1","0.058","ppm","61","Palm Springs","34","200.0000","44201","Ozone","014","40140","Riverside-San Bernardino-Ontario, CA","06","California","065","Riverside","33.85275","-116.54101"
"05/11/2024","AQS","060655001","1","0.06","ppm","67","Palm Springs","34","200.0000","44201","Ozone","014","40140","Riverside-San Bernardino-Ontario, CA","06","California","065","Riverside","33.85275","-116.54101"
"05/12/2024","AQS","060655001","1","0.067","ppm","90","Palm Springs","34","200.0000","44201","Ozone","014","40140","Riverside-San Bernardino-Ontario, CA","06","California","065","Riverside","33.85275","-116.54101"
"05/13/2024","AQS","060655001","1","0.064","ppm","80","Palm Springs","34","200.0000","44201","Ozone","014","40140","Riverside-San Bernardino-Ontario, CA","06","California","065","Riverside","33.85275","-116.54101"
"05/14/2024","AQS","060655001","1","0.065","ppm","84","Palm Springs","34","200.0000","44201","Ozone","014","40140","Riverside-San Bernardino-Ontario, CA","06","California","065","Riverside","33.85275","-116.54101"
"05/15/2024","AQS","060655001","1","0.058","ppm","61","Palm Springs","26","153.0000","44201","Ozone","014","40140","Riverside-San Bernardino-Ontario, CA","06","California","065","Riverside","33.85275","-116.54101"
"05/16/2024","AQS","060655001","1","0.062","ppm","74","Palm Springs","34","200.0000","44201","Ozone","014","40140","Riverside-San Bernardino-Ontario, CA","06","California","065","Riverside","33.85275","-116.54101"
"05/17/2024","AQS","060655001","1","0.057","ppm","58","Palm Springs","34","200.0000","44201","Ozone","014","40140","Riverside-San Bernardino-Ontario, CA","06","California","065","Riverside","33.85275","-116.54101"
"05/18/2024","AQS","060655001","1","0.064","ppm","80","Palm Springs","34","200.0000","44201","Ozone","014","40140","Riverside-San Bernardino-Ontario, CA","06","California","065","Riverside","33.85275","-116.54101"
"05/19/2024","AQS","060655001","1","0.064","ppm","80","Palm Springs","34","200.0000","44201","Ozone","014","40140","Riverside-San Bernardino-Ontario, CA","06","California","065","Riverside","33.85275","-116.54101"
"05/20/2024","AQS","060655001","1","0.057","ppm","58","Palm Springs","34","200.0000","44201","Ozone","014","40140","Riverside-San Bernardino-Ontario, CA","06","California","065","Riverside","33.85275","-116.54101"
"05/21/2024","AQS","060655001","1","0.064","ppm","80","Palm Springs","34","200.0000","44201","Ozone","014","40140","Riverside-San Bernardino-Ontario, CA","06","California","065","Riverside","33.85275","-116.54101"
"05/22/2024","AQS","060655001","1","0.068","ppm","93","Palm Springs","34","200.0000","44201","Ozone","014","40140","Riverside-San Bernardino-Ontario, CA","06","California","065","Riverside","33.85275","-116.54101"
"05/23/2024","AQS","060655001","1","0.057","ppm","58","Palm Springs","34","200.0000","44201","Ozone","014","40140","Riverside-San Bernardino-Ontario, CA","06","California","065","Riverside","33.85275","-116.54101"
"05/24/2024","AQS","060655001","1","0.048","ppm","44","Palm Springs","34","200.0000","44201","Ozone","014","40140","Riverside-San Bernardino-Ontario, CA","06","California","065","Riverside","33.85275","-116.54101"
"05/25/2024","AQS","060655001","1","0.047","ppm","44","Palm Springs","34","200.0000","44201","Ozone","014","40140","Riverside-San Bernardino-Ontario, CA","06","California","065","Riverside","33.85275","-116.54101"
"05/26/2024","AQS","060655001","1","0.051","ppm","47","Palm Springs","34","200.0000","44201","Ozone","014","40140","Riverside-San Bernardino-Ontario, CA","06","California","065","Riverside","33.85275","-116.54101"
"05/27/2024","AQS","060655001","1","0.056","ppm","54","Palm Springs","34","200.0000","44201","Ozone","014","40140","Riverside-San Bernardino-Ontario, CA","06","California","065","Riverside","33.85275","-116.54101"
"05/28/2024","AQS","060655001","1","0.063","ppm","77","Palm Springs","34","200.0000","44201","Ozone","014","40140","Riverside-San Bernardino-Ontario, CA","06","California","065","Riverside","33.85275","-116.54101"
"05/29/2024","AQS","060655001","1","0.063","ppm","77","Palm Springs","34","200.0000","44201","Ozone","014","40140","Riverside-San Bernardino-Ontario, CA","06","California","065","Riverside","33.85275","-116.54101"
"05/30/2024","AQS","060655001","1","0.078","ppm","126","Palm Springs","34","200.0000","44201","Ozone","014","40140","Riverside-San Bernardino-Ontario, CA","06","California","065","Riverside","33.85275","-116.54101"
"05/31/2024","AQS","060655001","1","0.08","ppm","133","Palm Springs","34","200.0000","44201","Ozone","014","40140","Riverside-San Bernardino-Ontario, CA","06","California","065","Riverside","33.85275","-116.54101"
"06/01/2024","AQS","060655001","1","0.066","ppm","87","Palm Springs","34","200.0000","44201","Ozone","014","40140","Riverside-San Bernardino-Ontario, CA","06","California","065","Riverside","33.85275","-116.54101"
"06/02/2024","AQS","060655001","1","0.053","ppm","49","Palm Springs","34","200.0000","44201","Ozone","014","40140","Riverside-San Bernardino-Ontario, CA","06","California","065","Riverside","33.85275","-116.54101"
"06/03/2024","AQS","060655001","1","0.067","ppm","90","Palm Springs","34","200.0000","44201","Ozone","014","40140","Riverside-San Bernardino-Ontario, CA","06","California","065","Riverside","33.85275","-116.54101"
"06/04/2024","AQS","060655001","1","0.069","ppm","97","Palm Springs","34","200.0000","44201","Ozone","014","40140","Riverside-San Bernardino-Ontario, CA","06","California","065","Riverside","33.85275","-116.54101"
"06/05/2024","AQS","060655001","1","0.076","ppm","119","Palm Springs","34","200.0000","44201","Ozone","014","40140","Riverside-San Bernardino-Ontario, CA","06","California","065","Riverside","33.85275","-116.54101"
"06/06/2024","AQS","060655001","1","0.087","ppm","154","Palm Springs","26","153.0000","44201","Ozone","014","40140","Riverside-San Bernardino-Ontario, CA","06","California","065","Riverside","33.85275","-116.54101"
"06/07/2024","AQS","060655001","1","0.059","ppm","64","Palm Springs","34","200.0000","44201","Ozone","014","40140","Riverside-San Bernardino-Ontario, CA","06","California","065","Riverside","33.85275","-116.54101"
"06/08/2024","AQS","060655001","1","0.05","ppm","46","Palm Springs","34","200.0000","44201","Ozone","014","40140","Riverside-San Bernardino-Ontario, CA","06","California","065","Riverside","33.85275","-116.54101"
"06/09/2024","AQS","060655001","1","0.046","ppm","43","Palm Springs","34","200.0000","44201","Ozone","014","40140","Riverside-San Bernardino-Ontario, CA","06","California","065","Riverside","33.85275","-116.54101"
"06/10/2024","AQS","060655001","1","0.069","ppm","97","Palm Springs","34","200.0000","44201","Ozone","014","40140","Riverside-San Bernardino-Ontario, CA","06","California","065","Riverside","33.85275","-116.54101"
"06/11/2024","AQS","060655001","1","0.068","ppm","93","Palm Springs","34","200.0000","44201","Ozone","014","40140","Riverside-San Bernardino-Ontario, CA","06","California","065","Riverside","33.85275","-116.54101"
"06/12/2024","AQS","060655001","1","0.058","ppm","61","Palm Springs","32","188.0000","44201","Ozone","014","40140","Riverside-San Bernardino-Ontario, CA","06","California","065","Riverside","33.85275","-116.54101"
"06/13/2024","AQS","060655001","1","0.065","ppm","84","Palm Springs","34","200.0000","44201","Ozone","014","40140","Riverside-San Bernardino-Ontario, CA","06","California","065","Riverside","33.85275","-116.54101"
"06/14/2024","AQS","060655001","1","0.079","ppm","129","Palm Springs","34","200.0000","44201","Ozone","014","40140","Riverside-San Bernardino-Ontario, CA","06","California","065","Riverside","33.85275","-116.54101"
"06/15/2024","AQS","060655001","1","0.074","ppm","112","Palm Springs","34","200.0000","44201","Ozone","014","40140","Riverside-San Bernardino-Ontario, CA","06","California","065","Riverside","33.85275","-116.54101"
"06/16/2024","AQS","060655001","1","0.077","ppm","122","Palm Springs","34","200.0000","44201","Ozone","014","40140","Riverside-San Bernardino-Ontario, CA","06","California","065","Riverside","33.85275","-116.54101"
"06/17/2024","AQS","060655001","1","0.062","ppm","74","Palm Springs","34","200.0000","44201","Ozone","014","40140","Riverside-San Bernardino-Ontario, CA","06","California","065","Riverside","33.85275","-116.54101"
"06/18/2024","AQS","060655001","1","0.074","ppm","112","Palm Springs","34","200.0000","44201","Ozone","014","40140","Riverside-San Bernardino-Ontario, CA","06","California","065","Riverside","33.85275","-116.54101"
"06/19/2024","AQS","060655001","1","0.072","ppm","105","Palm Springs","34","200.0000","44201","Ozone","014","40140","Riverside-San Bernardino-Ontario, CA","06","California","065","Riverside","33.85275","-116.54101"
"06/20/2024","AQS","060655001","1","0.076","ppm","119","Palm Springs","34","200.0000","44201","Ozone","014","40140","Riverside-San Bernardino-Ontario, CA","06","California","065","Riverside","33.85275","-116.54101"
"06/21/2024","AQS","060655001","1","0.082","ppm","140","Palm Springs","34","200.0000","44201","Ozone","014","40140","Riverside-San Bernardino-Ontario, CA","06","California","065","Riverside","33.85275","-116.54101"
"06/22/2024","AQS","060655001","1","0.062","ppm","74","Palm Springs","34","200.0000","44201","Ozone","014","40140","Riverside-San Bernardino-Ontario, CA","06","California","065","Riverside","33.85275","-116.54101"
"06/23/2024","AQS","060655001","1","0.058","ppm","61","Palm Springs","34","200.0000","44201","Ozone","014","40140","Riverside-San Bernardino-Ontario, CA","06","California","065","Riverside","33.85275","-116.54101"
"06/24/2024","AQS","060655001","1","0.072","ppm","105","Palm Springs","34","200.0000","44201","Ozone","014","40140","Riverside-San Bernardino-Ontario, CA","06","California","065","Riverside","33.85275","-116.54101"
"06/25/2024","AQS","060655001","1","0.068","ppm","93","Palm Springs","34","200.0000","44201","Ozone","014","40140","Riverside-San Bernardino-Ontario, CA","06","California","065","Riverside","33.85275","-116.54101"
"06/26/2024","AQS","060655001","1","0.075","ppm","115","Palm Springs","34","200.0000","44201","Ozone","014","40140","Riverside-San Bernardino-Ontario, CA","06","California","065","Riverside","33.85275","-116.54101"
"06/27/2024","AQS","060655001","1","0.062","ppm","74","Palm Springs","34","200.0000","44201","Ozone","014","40140","Riverside-San Bernardino-Ontario, CA","06","California","065","Riverside","33.85275","-116.54101"
"06/28/2024","AQS","060655001","1","0.062","ppm","74","Palm Springs","34","200.0000","44201","Ozone","014","40140","Riverside-San Bernardino-Ontario, CA","06","California","065","Riverside","33.85275","-116.54101"
"06/29/2024","AQS","060655001","1","0.073","ppm","108","Palm Springs","34","200.0000","44201","Ozone","014","40140","Riverside-San Bernardino-Ontario, CA","06","California","065","Riverside","33.85275","-116.54101"
"06/30/2024","AQS","060655001","1","0.062","ppm","74","Palm Springs","34","200.0000","44201","Ozone","014","40140","Riverside-San Bernardino-Ontario, CA","06","California","065","Riverside","33.85275","-116.54101"
"07/01/2024","AQS","060655001","1","0.058","ppm","61","Palm Springs","17","100.0000","44201","Ozone","087","40140","Riverside-San Bernardino-Ontario, CA","06","California","065","Riverside","33.85275","-116.54101"
"07/02/2024","AQS","060655001","1","0.079","ppm","129","Palm Springs","17","100.0000","44201","Ozone","087","40140","Riverside-San Bernardino-Ontario, CA","06","California","065","Riverside","33.85275","-116.54101"
"07/03/2024","AQS","060655001","1","0.072","ppm","105","Palm Springs","17","100.0000","44201","Ozone","087","40140","Riverside-San Bernardino-Ontario, CA","06","California","065","Riverside","33.85275","-116.54101"
"07/04/2024","AQS","060655001","1","0.071","ppm","101","Palm Springs","17","100.0000","44201","Ozone","087","40140","Riverside-San Bernardino-Ontario, CA","06","California","065","Riverside","33.85275","-116.54101"
"07/05/2024","AQS","060655001","1","0.073","ppm","108","Palm Springs","17","100.0000","44201","Ozone","087","40140","Riverside-San Bernardino-Ontario, CA","06","California","065","Riverside","33.85275","-116.54101"
"07/06/2024","AQS","060655001","1","0.069","ppm","97","Palm Springs","17","100.0000","44201","Ozone","087","40140","Riverside-San Bernardino-Ontario, CA","06","California","065","Riverside","33.85275","-116.54101"
"07/07/2024","AQS","060655001","1","0.074","ppm","112","Palm Springs","17","100.0000","44201","Ozone","087","40140","Riverside-San Bernardino-Ontario, CA","06","California","065","Riverside","33.85275","-116.54101"
"07/08/2024","AQS","060655001","1","0.091","ppm","164","Palm Springs","17","100.0000","44201","Ozone","087","40140","Riverside-San Bernardino-Ontario, CA","06","California","065","Riverside","33.85275","-116.54101"
"07/09/2024","AQS","060655001","1","0.09","ppm","161","Palm Springs","17","100.0000","44201","Ozone","087","40140","Riverside-San Bernardino-Ontario, CA","06","California","065","Riverside","33.85275","-116.54101"
"07/10/2024","AQS","060655001","1","0.076","ppm","119","Palm Springs","17","100.0000","44201","Ozone","087","40140","Riverside-San Bernardino-Ontario, CA","06","California","065","Riverside","33.85275","-116.54101"
"07/11/2024","AQS","060655001","1","0.083","ppm","143","Palm Springs","17","100.0000","44201","Ozone","087","40140","Riverside-San Bernardino-Ontario, CA","06","California","065","Riverside","33.85275","-116.54101"
"07/12/2024","AQS","060655001","1","0.072","ppm","105","Palm Springs","17","100.0000","44201","Ozone","087","40140","Riverside-San Bernardino-Ontario, CA","06","California","065","Riverside","33.85275","-116.54101"
"07/13/2024","AQS","060655001","1","0.062","ppm","74","Palm Springs","17","100.0000","44201","Ozone","087","40140","Riverside-San Bernardino-Ontario, CA","06","California","065","Riverside","33.85275","-116.54101"
"07/14/2024","AQS","060655001","1","0.046","ppm","43","Palm Springs","17","100.0000","44201","Ozone","087","40140","Riverside-San Bernardino-Ontario, CA","06","California","065","Riverside","33.85275","-116.54101"
"07/15/2024","AQS","060655001","1","0.071","ppm","101","Palm Springs","17","100.0000","44201","Ozone","087","40140","Riverside-San Bernardino-Ontario, CA","06","California","065","Riverside","33.85275","-116.54101"
"07/16/2024","AQS","060655001","1","0.07","ppm","100","Palm Springs","17","100.0000","44201","Ozone","087","40140","Riverside-San Bernardino-Ontario, CA","06","California","065","Riverside","33.85275","-116.54101"
"07/17/2024","AQS","060655001","1","0.085","ppm","150","Palm Springs","17","100.0000","44201","Ozone","087","40140","Riverside-San Bernardino-Ontario, CA","06","California","065","Riverside","33.85275","-116.54101"
"07/18/2024","AQS","060655001","1","0.068","ppm","93","Palm Springs","17","100.0000","44201","Ozone","087","40140","Riverside-San Bernardino-Ontario, CA","06","California","065","Riverside","33.85275","-116.54101"
"07/19/2024","AQS","060655001","1","0.074","ppm","112","Palm Springs","17","100.0000","44201","Ozone","087","40140","Riverside-San Bernardino-Ontario, CA","06","California","065","Riverside","33.85275","-116.54101"
"07/20/2024","AQS","060655001","1","0.075","ppm","115","Palm Springs","17","100.0000","44201","Ozone","087","40140","Riverside-San Bernardino-Ontario, CA","06","California","065","Riverside","33.85275","-116.54101"
"07/21/2024","AQS","060655001","1","0.077","ppm","122","Palm Springs","17","100.0000","44201","Ozone","087","40140","Riverside-San Bernardino-Ontario, CA","06","California","065","Riverside","33.85275","-116.54101"
"07/22/2024","AQS","060655001","1","0.066","ppm","87","Palm Springs","17","100.0000","44201","Ozone","087","40140","Riverside-San Bernardino-Ontario, CA","06","California","065","Riverside","33.85275","-116.54101"
"07/23/2024","AQS","060655001","1","0.086","ppm","151","Palm Springs","17","100.0000","44201","Ozone","087","40140","Riverside-San Bernardino-Ontario, CA","06","California","065","Riverside","33.85275","-116.54101"
"07/24/2024","AQS","060655001","1","0.076","ppm","119","Palm Springs","16","94.0000","44201","Ozone","087","40140","Riverside-San Bernardino-Ontario, CA","06","California","065","Riverside","33.85275","-116.54101"
"07/25/2024","AQS","060655001","1","0.074","ppm","112","Palm Springs","15","88.0000","44201","Ozone","087","40140","Riverside-San Bernardino-Ontario, CA","06","California","065","Riverside","33.85275","-116.54101"
"07/26/2024","AQS","060655001","1","0.062","ppm","74","Palm Springs","15","88.0000","44201","Ozone","087","40140","Riverside-San Bernardino-Ontario, CA","06","California","065","Riverside","33.85275","-116.54101"
"07/27/2024","AQS","060655001","1","0.054","ppm","50","Palm Springs","17","100.0000","44201","Ozone","087","40140","Riverside-San Bernardino-Ontario, CA","06","California","065","Riverside","33.85275","-116.54101"
"07/28/2024","AQS","060655001","1","0.057","ppm","58","Palm Springs","17","100.0000","44201","Ozone","087","40140","Riverside-San Bernardino-Ontario, CA","06","California","065","Riverside","33.85275","-116.54101"
"07/29/2024","AQS","060655001","1","0.063","ppm","77","Palm Springs","17","100.0000","44201","Ozone","087","40140","Riverside-San Bernardino-Ontario, CA","06","California","065","Riverside","33.85275","-116.54101"
"07/30/2024","AQS","060655001","1","0.078","ppm","126","Palm Springs","17","100.0000","44201","Ozone","087","40140","Riverside-San Bernardino-Ontario, CA","06","California","065","Riverside","33.85275","-116.54101"
"07/31/2024","AQS","060655001","1","0.087","ppm","154","Palm Springs","17","100.0000","44201","Ozone","087","40140","Riverside-San Bernardino-Ontario, CA","06","California","065","Riverside","33.85275","-116.54101"
"08/01/2024","AQS","060655001","1","0.056","ppm","54","Palm Springs","17","100.0000","44201","Ozone","087","40140","Riverside-San Bernardino-Ontario, CA","06","California","065","Riverside","33.85275","-116.54101"
"08/02/2024","AQS","060655001","1","0.073","ppm","108","Palm Springs","17","100.0000","44201","Ozone","087","40140","Riverside-San Bernardino-Ontario, CA","06","California","065","Riverside","33.85275","-116.54101"
"08/03/2024","AQS","060655001","1","0.076","ppm","119","Palm Springs","17","100.0000","44201","Ozone","087","40140","Riverside-San Bernardino-Ontario, CA","06","California","065","Riverside","33.85275","-116.54101"
"08/04/2024","AQS","060655001","1","0.072","ppm","105","Palm Springs","17","100.0000","44201","Ozone","087","40140","Riverside-San Bernardino-Ontario, CA","06","California","065","Riverside","33.85275","-116.54101"
"08/05/2024","AQS","060655001","1","0.059","ppm","64","Palm Springs","17","100.0000","44201","Ozone","087","40140","Riverside-San Bernardino-Ontario, CA","06","California","065","Riverside","33.85275","-116.54101"
"08/06/2024","AQS","060655001","1","0.058","ppm","61","Palm Springs","17","100.0000","44201","Ozone","087","40140","Riverside-San Bernardino-Ontario, CA","06","California","065","Riverside","33.85275","-116.54101"
"08/07/2024","AQS","060655001","1","0.067","ppm","90","Palm Springs","17","100.0000","44201","Ozone","087","40140","Riverside-San Bernardino-Ontario, CA","06","California","065","Riverside","33.85275","-116.54101"
"08/08/2024","AQS","060655001","1","0.072","ppm","105","Palm Springs","17","100.0000","44201","Ozone","087","40140","Riverside-San Bernardino-Ontario, CA","06","California","065","Riverside","33.85275","-116.54101"
"08/09/2024","AQS","060655001","1","0.069","ppm","97","Palm Springs","17","100.0000","44201","Ozone","087","40140","Riverside-San Bernardino-Ontario, CA","06","California","065","Riverside","33.85275","-116.54101"
"08/10/2024","AQS","060655001","1","0.072","ppm","105","Palm Springs","17","100.0000","44201","Ozone","087","40140","Riverside-San Bernardino-Ontario, CA","06","California","065","Riverside","33.85275","-116.54101"
"08/11/2024","AQS","060655001","1","0.042","ppm","39","Palm Springs","17","100.0000","44201","Ozone","087","40140","Riverside-San Bernardino-Ontario, CA","06","California","065","Riverside","33.85275","-116.54101"
"08/12/2024","AQS","060655001","1","0.054","ppm","50","Palm Springs","17","100.0000","44201","Ozone","087","40140","Riverside-San Bernardino-Ontario, CA","06","California","065","Riverside","33.85275","-116.54101"
"08/13/2024","AQS","060655001","1","0.051","ppm","47","Palm Springs","17","100.0000","44201","Ozone","087","40140","Riverside-San Bernardino-Ontario, CA","06","California","065","Riverside","33.85275","-116.54101"
"08/14/2024","AQS","060655001","1","0.065","ppm","84","Palm Springs","17","100.0000","44201","Ozone","087","40140","Riverside-San Bernardino-Ontario, CA","06","California","065","Riverside","33.85275","-116.54101"
"08/15/2024","AQS","060655001","1","0.074","ppm","112","Palm Springs","17","100.0000","44201","Ozone","087","40140","Riverside-San Bernardino-Ontario, CA","06","California","065","Riverside","33.85275","-116.54101"
"08/16/2024","AQS","060655001","1","0.057","ppm","58","Palm Springs","17","100.0000","44201","Ozone","087","40140","Riverside-San Bernardino-Ontario, CA","06","California","065","Riverside","33.85275","-116.54101"
"08/17/2024","AQS","060655001","1","0.056","ppm","54","Palm Springs","17","100.0000","44201","Ozone","087","40140","Riverside-San Bernardino-Ontario, CA","06","California","065","Riverside","33.85275","-116.54101"
"08/18/2024","AQS","060655001","1","0.051","ppm","47","Palm Springs","17","100.0000","44201","Ozone","087","40140","Riverside-San Bernardino-Ontario, CA","06","California","065","Riverside","33.85275","-116.54101"
"08/19/2024","AQS","060655001","1","0.071","ppm","101","Palm Springs","17","100.0000","44201","Ozone","087","40140","Riverside-San Bernardino-Ontario, CA","06","California","065","Riverside","33.85275","-116.54101"
"08/20/2024","AQS","060655001","1","0.071","ppm","101","Palm Springs","17","100.0000","44201","Ozone","087","40140","Riverside-San Bernardino-Ontario, CA","06","California","065","Riverside","33.85275","-116.54101"
"08/21/2024","AQS","060655001","1","0.062","ppm","74","Palm Springs","17","100.0000","44201","Ozone","087","40140","Riverside-San Bernardino-Ontario, CA","06","California","065","Riverside","33.85275","-116.54101"
"08/22/2024","AQS","060655001","1","0.057","ppm","58","Palm Springs","17","100.0000","44201","Ozone","087","40140","Riverside-San Bernardino-Ontario, CA","06","California","065","Riverside","33.85275","-116.54101"
"08/23/2024","AQS","060655001","1","0.06","ppm","67","Palm Springs","17","100.0000","44201","Ozone","087","40140","Riverside-San Bernardino-Ontario, CA","06","California","065","Riverside","33.85275","-116.54101"
"08/24/2024","AQS","060655001","1","0.054","ppm","50","Palm Springs","17","100.0000","44201","Ozone","087","40140","Riverside-San Bernardino-Ontario, CA","06","California","065","Riverside","33.85275","-116.54101"
"08/25/2024","AQS","060655001","1","0.057","ppm","58","Palm Springs","17","100.0000","44201","Ozone","087","40140","Riverside-San Bernardino-Ontario, CA","06","California","065","Riverside","33.85275","-116.54101"
"08/26/2024","AQS","060655001","1","0.062","ppm","74","Palm Springs","17","100.0000","44201","Ozone","087","40140","Riverside-San Bernardino-Ontario, CA","06","California","065","Riverside","33.85275","-116.54101"
"08/27/2024","AQS","060655001","1","0.059","ppm","64","Palm Springs","17","100.0000","44201","Ozone","087","40140","Riverside-San Bernardino-Ontario, CA","06","California","065","Riverside","33.85275","-116.54101"
"08/28/2024","AQS","060655001","1","0.056","ppm","54","Palm Springs","17","100.0000","44201","Ozone","087","40140","Riverside-San Bernardino-Ontario, CA","06","California","065","Riverside","33.85275","-116.54101"
"08/29/2024","AQS","060655001","1","0.078","ppm","126","Palm Springs","17","100.0000","44201","Ozone","087","40140","Riverside-San Bernardino-Ontario, CA","06","California","065","Riverside","33.85275","-116.54101"
"08/30/2024","AQS","060655001","1","0.075","ppm","115","Palm Springs","17","100.0000","44201","Ozone","087","40140","Riverside-San Bernardino-Ontario, CA","06","California","065","Riverside","33.85275","-116.54101"
"08/31/2024","AQS","060655001","1","0.072","ppm","105","Palm Springs","17","100.0000","44201","Ozone","087","40140","Riverside-San Bernardino-Ontario, CA","06","California","065","Riverside","33.85275","-116.54101"
"09/01/2024","AQS","060655001","1","0.064","ppm","80","Palm Springs","17","100.0000","44201","Ozone","087","40140","Riverside-San Bernardino-Ontario, CA","06","California","065","Riverside","33.85275","-116.54101"
"09/02/2024","AQS","060655001","1","0.063","ppm","77","Palm Springs","17","100.0000","44201","Ozone","087","40140","Riverside-San Bernardino-Ontario, CA","06","California","065","Riverside","33.85275","-116.54101"
"09/03/2024","AQS","060655001","1","0.073","ppm","108","Palm Springs","17","100.0000","44201","Ozone","087","40140","Riverside-San Bernardino-Ontario, CA","06","California","065","Riverside","33.85275","-116.54101"
"09/04/2024","AQS","060655001","1","0.07","ppm","100","Palm Springs","17","100.0000","44201","Ozone","087","40140","Riverside-San Bernardino-Ontario, CA","06","California","065","Riverside","33.85275","-116.54101"
"09/05/2024","AQS","060655001","1","0.063","ppm","77","Palm Springs","17","100.0000","44201","Ozone","087","40140","Riverside-San Bernardino-Ontario, CA","06","California","065","Riverside","33.85275","-116.54101"
"09/06/2024","AQS","060655001","1","0.063","ppm","77","Palm Springs","17","100.0000","44201","Ozone","087","40140","Riverside-San Bernardino-Ontario, CA","06","California","065","Riverside","33.85275","-116.54101"
"09/07/2024","AQS","060655001","1","0.049","ppm","45","Palm Springs","17","100.0000","44201","Ozone","087","40140","Riverside-San Bernardino-Ontario, CA","06","California","065","Riverside","33.85275","-116.54101"
"09/08/2024","AQS","060655001","1","0.056","ppm","54","Palm Springs","17","100.0000","44201","Ozone","087","40140","Riverside-San Bernardino-Ontario, CA","06","California","065","Riverside","33.85275","-116.54101"
"09/09/2024","AQS","060655001","1","0.063","ppm","77","Palm Springs","17","100.0000","44201","Ozone","087","40140","Riverside-San Bernardino-Ontario, CA","06","California","065","Riverside","33.85275","-116.54101"
"09/10/2024","AQS","060655001","1","0.061","ppm","71","Palm Springs","17","100.0000","44201","Ozone","087","40140","Riverside-San Bernardino-Ontario, CA","06","California","065","Riverside","33.85275","-116.54101"
"09/11/2024","AQS","060655001","1","0.062","ppm","74","Palm Springs","17","100.0000","44201","Ozone","087","40140","Riverside-San Bernardino-Ontario, CA","06","California","065","Riverside","33.85275","-116.54101"
"09/12/2024","AQS","060655001","1","0.062","ppm","74","Palm Springs","17","100.0000","44201","Ozone","087","40140","Riverside-San Bernardino-Ontario, CA","06","California","065","Riverside","33.85275","-116.54101"
"09/13/2024","AQS","060655001","1","0.08","ppm","133","Palm Springs","17","100.0000","44201","Ozone","087","40140","Riverside-San Bernardino-Ontario, CA","06","California","065","Riverside","33.85275","-116.54101"
"09/14/2024","AQS","060655001","1","0.062","ppm","74","Palm Springs","17","100.0000","44201","Ozone","087","40140","Riverside-San Bernardino-Ontario, CA","06","California","065","Riverside","33.85275","-116.54101"
"09/15/2024","AQS","060655001","1","0.058","ppm","61","Palm Springs","17","100.0000","44201","Ozone","087","40140","Riverside-San Bernardino-Ontario, CA","06","California","065","Riverside","33.85275","-116.54101"
"09/16/2024","AQS","060655001","1","0.05","ppm","46","Palm Springs","17","100.0000","44201","Ozone","087","40140","Riverside-San Bernardino-Ontario, CA","06","California","065","Riverside","33.85275","-116.54101"
"09/17/2024","AQS","060655001","1","0.052","ppm","48","Palm Springs","17","100.0000","44201","Ozone","087","40140","Riverside-San Bernardino-Ontario, CA","06","California","065","Riverside","33.85275","-116.54101"
"09/18/2024","AQS","060655001","1","0.062","ppm","74","Palm Springs","17","100.0000","44201","Ozone","087","40140","Riverside-San Bernardino-Ontario, CA","06","California","065","Riverside","33.85275","-116.54101"
"09/19/2024","AQS","060655001","1","0.061","ppm","71","Palm Springs","17","100.0000","44201","Ozone","087","40140","Riverside-San Bernardino-Ontario, CA","06","California","065","Riverside","33.85275","-116.54101"
"09/20/2024","AQS","060655001","1","0.054","ppm","50","Palm Springs","17","100.0000","44201","Ozone","087","40140","Riverside-San Bernardino-Ontario, CA","06","California","065","Riverside","33.85275","-116.54101"
"09/21/2024","AQS","060655001","1","0.071","ppm","101","Palm Springs","17","100.0000","44201","Ozone","087","40140","Riverside-San Bernardino-Ontario, CA","06","California","065","Riverside","33.85275","-116.54101"
"09/22/2024","AQS","060655001","1","0.07","ppm","100","Palm Springs","17","100.0000","44201","Ozone","087","40140","Riverside-San Bernardino-Ontario, CA","06","California","065","Riverside","33.85275","-116.54101"
"09/23/2024","AQS","060655001","1","0.061","ppm","71","Palm Springs","17","100.0000","44201","Ozone","087","40140","Riverside-San Bernardino-Ontario, CA","06","California","065","Riverside","33.85275","-116.54101"
"09/24/2024","AQS","060655001","1","0.076","ppm","119","Palm Springs","17","100.0000","44201","Ozone","087","40140","Riverside-San Bernardino-Ontario, CA","06","California","065","Riverside","33.85275","-116.54101"
"09/25/2024","AQS","060655001","1","0.081","ppm","136","Palm Springs","17","100.0000","44201","Ozone","087","40140","Riverside-San Bernardino-Ontario, CA","06","California","065","Riverside","33.85275","-116.54101"
"09/26/2024","AQS","060655001","1","0.08","ppm","133","Palm Springs","17","100.0000","44201","Ozone","087","40140","Riverside-San Bernardino-Ontario, CA","06","California","065","Riverside","33.85275","-116.54101"
"09/27/2024","AQS","060655001","1","0.08","ppm","133","Palm Springs","17","100.0000","44201","Ozone","087","40140","Riverside-San Bernardino-Ontario, CA","06","California","065","Riverside","33.85275","-116.54101"
"09/28/2024","AQS","060655001","1","0.069","ppm","97","Palm Springs","17","100.0000","44201","Ozone","087","40140","Riverside-San Bernardino-Ontario, CA","06","California","065","Riverside","33.85275","-116.54101"
"09/29/2024","AQS","060655001","1","0.065","ppm","84","Palm Springs","17","100.0000","44201","Ozone","087","40140","Riverside-San Bernardino-Ontario, CA","06","California","065","Riverside","33.85275","-116.54101"
"09/30/2024","AQS","060655001","1","0.071","ppm","101","Palm Springs","17","100.0000","44201","Ozone","087","40140","Riverside-San Bernardino-Ontario, CA","06","California","065","Riverside","33.85275","-116.54101"
"10/01/2024","AQS","060655001","1","0.061","ppm","71","Palm Springs","17","100.0000","44201","Ozone","087","40140","Riverside-San Bernardino-Ontario, CA","06","California","065","Riverside","33.85275","-116.54101"
"10/02/2024","AQS","060655001","1","0.06","ppm","67","Palm Springs","17","100.0000","44201","Ozone","087","40140","Riverside-San Bernardino-Ontario, CA","06","California","065","Riverside","33.85275","-116.54101"
"10/03/2024","AQS","060655001","1","0.069","ppm","97","Palm Springs","17","100.0000","44201","Ozone","087","40140","Riverside-San Bernardino-Ontario, CA","06","California","065","Riverside","33.85275","-116.54101"
"10/04/2024","AQS","060655001","1","0.082","ppm","140","Palm Springs","17","100.0000","44201","Ozone","087","40140","Riverside-San Bernardino-Ontario, CA","06","California","065","Riverside","33.85275","-116.54101"
"10/05/2024","AQS","060655001","1","0.063","ppm","77","Palm Springs","17","100.0000","44201","Ozone","087","40140","Riverside-San Bernardino-Ontario, CA","06","California","065","Riverside","33.85275","-116.54101"
"10/06/2024","AQS","060655001","1","0.065","ppm","84","Palm Springs","17","100.0000","44201","Ozone","087","40140","Riverside-San Bernardino-Ontario, CA","06","California","065","Riverside","33.85275","-116.54101"
"10/07/2024","AQS","060655001","1","0.066","ppm","87","Palm Springs","17","100.0000","44201","Ozone","087","40140","Riverside-San Bernardino-Ontario, CA","06","California","065","Riverside","33.85275","-116.54101"
"10/08/2024","AQS","060655001","1","0.054","ppm","50","Palm Springs","17","100.0000","44201","Ozone","087","40140","Riverside-San Bernardino-Ontario, CA","06","California","065","Riverside","33.85275","-116.54101"
"10/09/2024","AQS","060655001","1","0.054","ppm","50","Palm Springs","17","100.0000","44201","Ozone","087","40140","Riverside-San Bernardino-Ontario, CA","06","California","065","Riverside","33.85275","-116.54101"
"10/10/2024","AQS","060655001","1","0.061","ppm","71","Palm Springs","17","100.0000","44201","Ozone","087","40140","Riverside-San Bernardino-Ontario, CA","06","California","065","Riverside","33.85275","-116.54101"
"10/11/2024","AQS","060655001","1","0.06","ppm","67","Palm Springs","17","100.0000","44201","Ozone","087","40140","Riverside-San Bernardino-Ontario, CA","06","California","065","Riverside","33.85275","-116.54101"
"10/12/2024","AQS","060655001","1","0.054","ppm","50","Palm Springs","17","100.0000","44201","Ozone","087","40140","Riverside-San Bernardino-Ontario, CA","06","California","065","Riverside","33.85275","-116.54101"
"10/13/2024","AQS","060655001","1","0.059","ppm","64","Palm Springs","17","100.0000","44201","Ozone","087","40140","Riverside-San Bernardino-Ontario, CA","06","California","065","Riverside","33.85275","-116.54101"
"10/14/2024","AQS","060655001","1","0.059","ppm","64","Palm Springs","17","100.0000","44201","Ozone","087","40140","Riverside-San Bernardino-Ontario, CA","06","California","065","Riverside","33.85275","-116.54101"
"10/15/2024","AQS","060655001","1","0.07","ppm","100","Palm Springs","17","100.0000","44201","Ozone","087","40140","Riverside-San Bernardino-Ontario, CA","06","California","065","Riverside","33.85275","-116.54101"
"10/16/2024","AQS","060655001","1","0.068","ppm","93","Palm Springs","17","100.0000","44201","Ozone","087","40140","Riverside-San Bernardino-Ontario, CA","06","California","065","Riverside","33.85275","-116.54101"
"10/17/2024","AQS","060655001","1","0.046","ppm","43","Palm Springs","17","100.0000","44201","Ozone","087","40140","Riverside-San Bernardino-Ontario, CA","06","California","065","Riverside","33.85275","-116.54101"
"10/18/2024","AQS","060655001","1","0.044","ppm","41","Palm Springs","17","100.0000","44201","Ozone","087","40140","Riverside-San Bernardino-Ontario, CA","06","California","065","Riverside","33.85275","-116.54101"
"10/19/2024","AQS","060655001","1","0.041","ppm","38","Palm Springs","17","100.0000","44201","Ozone","087","40140","Riverside-San Bernardino-Ontario, CA","06","California","065","Riverside","33.85275","-116.54101"
"10/20/2024","AQS","060655001","1","0.049","ppm","45","Palm Springs","17","100.0000","44201","Ozone","087","40140","Riverside-San Bernardino-Ontario, CA","06","California","065","Riverside","33.85275","-116.54101"
"10/21/2024","AQS","060655001","1","0.051","ppm","47","Palm Springs","17","100.0000","44201","Ozone","087","40140","Riverside-San Bernardino-Ontario, CA","06","California","065","Riverside","33.85275","-116.54101"
"10/22/2024","AQS","060655001","1","0.048","ppm","44","Palm Springs","17","100.0000","44201","Ozone","087","40140","Riverside-San Bernardino-Ontario, CA","06","California","065","Riverside","33.85275","-116.54101"
"10/23/2024","AQS","060655001","1","0.049","ppm","45","Palm Springs","17","100.0000","44201","Ozone","087","40140","Riverside-San Bernardino-Ontario, CA","06","California","065","Riverside","33.85275","-116.54101"
"10/24/2024","AQS","060655001","1","0.064","ppm","80","Palm Springs","17","100.0000","44201","Ozone","087","40140","Riverside-San Bernardino-Ontario, CA","06","California","065","Riverside","33.85275","-116.54101"
"10/25/2024","AQS","060655001","1","0.07","ppm","100","Palm Springs","16","94.0000","44201","Ozone","087","40140","Riverside-San Bernardino-Ontario, CA","06","California","065","Riverside","33.85275","-116.54101"
"10/26/2024","AQS","060655001","1","0.054","ppm","50","Palm Springs","17","100.0000","44201","Ozone","087","40140","Riverside-San Bernardino-Ontario, CA","06","California","065","Riverside","33.85275","-116.54101"
"10/27/2024","AQS","060655001","1","0.055","ppm","51","Palm Springs","17","100.0000","44201","Ozone","087","40140","Riverside-San Bernardino-Ontario, CA","06","California","065","Riverside","33.85275","-116.54101"
"10/28/2024","AQS","060655001","1","0.048","ppm","44","Palm Springs","17","100.0000","44201","Ozone","087","40140","Riverside-San Bernardino-Ontario, CA","06","California","065","Riverside","33.85275","-116.54101"
"10/29/2024","AQS","060655001","1","0.048","ppm","44","Palm Springs","17","100.0000","44201","Ozone","087","40140","Riverside-San Bernardino-Ontario, CA","06","California","065","Riverside","33.85275","-116.54101"
"10/30/2024","AQS","060655001","1","0.043","ppm","40","Palm Springs","17","100.0000","44201","Ozone","087","40140","Riverside-San Bernardino-Ontario, CA","06","California","065","Riverside","33.85275","-116.54101"
"10/31/2024","AirNow","060655001","1","0.048","ppm","44","Palm Springs","24","100.0000","44201","Ozone","","40140","Riverside-San Bernardino-Ontario, CA","06","California","065","Riverside","33.85275","-116.54101"
"11/01/2024","AirNow","060655001","1","0.056","ppm","54","Palm Springs","24","100.0000","44201","Ozone","","40140","Riverside-San Bernardino-Ontario, CA","06","California","065","Riverside","33.85275","-116.54101"
"11/02/2024","AirNow","060655001","1","0.05","ppm","46","Palm Springs","24","100.0000","44201","Ozone","","40140","Riverside-San Bernardino-Ontario, CA","06","California","065","Riverside","33.85275","-116.54101"
"11/03/2024","AirNow","060655001","1","0.045","ppm","42","Palm Springs","24","100.0000","44201","Ozone","","40140","Riverside-San Bernardino-Ontario, CA","06","California","065","Riverside","33.85275","-116.54101"
"11/04/2024","AirNow","060655001","1","0.039","ppm","36","Palm Springs","24","100.0000","44201","Ozone","","40140","Riverside-San Bernardino-Ontario, CA","06","California","065","Riverside","33.85275","-116.54101"
"11/05/2024","AirNow","060655001","1","0.038","ppm","35","Palm Springs","24","100.0000","44201","Ozone","","40140","Riverside-San Bernardino-Ontario, CA","06","California","065","Riverside","33.85275","-116.54101"
"11/06/2024","AirNow","060655001","1","0.042","ppm","39","Palm Springs","24","100.0000","44201","Ozone","","40140","Riverside-San Bernardino-Ontario, CA","06","California","065","Riverside","33.85275","-116.54101"
"11/07/2024","AirNow","060655001","1","0.037","ppm","34","Palm Springs","24","100.0000","44201","Ozone","","40140","Riverside-San Bernardino-Ontario, CA","06","California","065","Riverside","33.85275","-116.54101"
"11/08/2024","AirNow","060655001","1","0.037","ppm","34","Palm Springs","24","100.0000","44201","Ozone","","40140","Riverside-San Bernardino-Ontario, CA","06","California","065","Riverside","33.85275","-116.54101"
"11/09/2024","AirNow","060655001","1","0.039","ppm","36","Palm Springs","24","100.0000","44201","Ozone","","40140","Riverside-San Bernardino-Ontario, CA","06","California","065","Riverside","33.85275","-116.54101"
"11/10/2024","AirNow","060655001","1","0.042","ppm","39","Palm Springs","24","100.0000","44201","Ozone","","40140","Riverside-San Bernardino-Ontario, CA","06","California","065","Riverside","33.85275","-116.54101"
"11/11/2024","AirNow","060655001","1","0.049","ppm","45","Palm Springs","24","100.0000","44201","Ozone","","40140","Riverside-San Bernardino-Ontario, CA","06","California","065","Riverside","33.85275","-116.54101"
"11/12/2024","AirNow","060655001","1","0.046","ppm","43","Palm Springs","24","100.0000","44201","Ozone","","40140","Riverside-San Bernardino-Ontario, CA","06","California","065","Riverside","33.85275","-116.54101"
"11/13/2024","AirNow","060655001","1","0.04","ppm","37","Palm Springs","24","100.0000","44201","Ozone","","40140","Riverside-San Bernardino-Ontario, CA","06","California","065","Riverside","33.85275","-116.54101"
"11/14/2024","AirNow","060655001","1","0.042","ppm","39","Palm Springs","24","100.0000","44201","Ozone","","40140","Riverside-San Bernardino-Ontario, CA","06","California","065","Riverside","33.85275","-116.54101"
"11/15/2024","AirNow","060655001","1","0.044","ppm","41","Palm Springs","24","100.0000","44201","Ozone","","40140","Riverside-San Bernardino-Ontario, CA","06","California","065","Riverside","33.85275","-116.54101"
"11/16/2024","AirNow","060655001","1","0.04","ppm","37","Palm Springs","24","100.0000","44201","Ozone","","40140","Riverside-San Bernardino-Ontario, CA","06","California","065","Riverside","33.85275","-116.54101"
"11/17/2024","AirNow","060655001","1","0.04","ppm","37","Palm Springs","24","100.0000","44201","Ozone","","40140","Riverside-San Bernardino-Ontario, CA","06","California","065","Riverside","33.85275","-116.54101"
"11/18/2024","AirNow","060655001","1","0.043","ppm","40","Palm Springs","24","100.0000","44201","Ozone","","40140","Riverside-San Bernardino-Ontario, CA","06","California","065","Riverside","33.85275","-116.54101"
"11/19/2024","AirNow","060655001","1","0.041","ppm","38","Palm Springs","18","75.0000","44201","Ozone","","40140","Riverside-San Bernardino-Ontario, CA","06","California","065","Riverside","33.85275","-116.54101"
"11/20/2024","AirNow","060655001","1","0.043","ppm","40","Palm Springs","24","100.0000","44201","Ozone","","40140","Riverside-San Bernardino-Ontario, CA","06","California","065","Riverside","33.85275","-116.54101"
"11/22/2024","AirNow","060655001","1","0.041","ppm","38","Palm Springs","24","100.0000","44201","Ozone","","40140","Riverside-San Bernardino-Ontario, CA","06","California","065","Riverside","33.85275","-116.54101"
"11/23/2024","AirNow","060655001","1","0.045","ppm","42","Palm Springs","24","100.0000","44201","Ozone","","40140","Riverside-San Bernardino-Ontario, CA","06","California","065","Riverside","33.85275","-116.54101"
"11/24/2024","AirNow","060655001","1","0.044","ppm","41","Palm Springs","24","100.0000","44201","Ozone","","40140","Riverside-San Bernardino-Ontario, CA","06","California","065","Riverside","33.85275","-116.54101"
"11/25/2024","AirNow","060655001","1","0.041","ppm","38","Palm Springs","24","100.0000","44201","Ozone","","40140","Riverside-San Bernardino-Ontario, CA","06","California","065","Riverside","33.85275","-116.54101"
"11/26/2024","AirNow","060655001","1","0.041","ppm","38","Palm Springs","24","100.0000","44201","Ozone","","40140","Riverside-San Bernardino-Ontario, CA","06","California","065","Riverside","33.85275","-116.54101"
"11/27/2024","AirNow","060655001","1","0.04","ppm","37","Palm Springs","24","100.0000","44201","Ozone","","40140","Riverside-San Bernardino-Ontario, CA","06","California","065","Riverside","33.85275","-116.54101"
"11/28/2024","AirNow","060655001","1","0.043","ppm","40","Palm Springs","24","100.0000","44201","Ozone","","40140","Riverside-San Bernardino-Ontario, CA","06","California","065","Riverside","33.85275","-116.54101"
"11/29/2024","AirNow","060655001","1","0.042","ppm","39","Palm Springs","24","100.0000","44201","Ozone","","40140","Riverside-San Bernardino-Ontario, CA","06","California","065","Riverside","33.85275","-116.54101"
"11/30/2024","AirNow","060655001","1","0.038","ppm","35","Palm Springs","24","100.0000","44201","Ozone","","40140","Riverside-San Bernardino-Ontario, CA","06","California","065","Riverside","33.85275","-116.54101"
"12/01/2024","AirNow","060655001","1","0.037","ppm","34","Palm Springs","24","100.0000","44201","Ozone","","40140","Riverside-San Bernardino-Ontario, CA","06","California","065","Riverside","33.85275","-116.54101"
"12/02/2024","AirNow","060655001","1","0.034","ppm","31","Palm Springs","24","100.0000","44201","Ozone","","40140","Riverside-San Bernardino-Ontario, CA","06","California","065","Riverside","33.85275","-116.54101"
"12/03/2024","AirNow","060655001","1","0.037","ppm","34","Palm Springs","24","100.0000","44201","Ozone","","40140","Riverside-San Bernardino-Ontario, CA","06","California","065","Riverside","33.85275","-116.54101"
"12/04/2024","AirNow","060655001","1","0.039","ppm","36","Palm Springs","24","100.0000","44201","Ozone","","40140","Riverside-San Bernardino-Ontario, CA","06","California","065","Riverside","33.85275","-116.54101"
"12/05/2024","AirNow","060655001","1","0.039","ppm","36","Palm Springs","24","100.0000","44201","Ozone","","40140","Riverside-San Bernardino-Ontario, CA","06","California","065","Riverside","33.85275","-116.54101"
"12/06/2024","AirNow","060655001","1","0.041","ppm","38","Palm Springs","24","100.0000","44201","Ozone","","40140","Riverside-San Bernardino-Ontario, CA","06","California","065","Riverside","33.85275","-116.54101"
"12/07/2024","AirNow","060655001","1","0.038","ppm","35","Palm Springs","24","100.0000","44201","Ozone","","40140","Riverside-San Bernardino-Ontario, CA","06","California","065","Riverside","33.85275","-116.54101"
"12/08/2024","AirNow","060655001","1","0.039","ppm","36","Palm Springs","24","100.0000","44201","Ozone","","40140","Riverside-San Bernardino-Ontario, CA","06","California","065","Riverside","33.85275","-116.54101"
"12/09/2024","AirNow","060655001","1","0.043","ppm","40","Palm Springs","24","100.0000","44201","Ozone","","40140","Riverside-San Bernardino-Ontario, CA","06","California","065","Riverside","33.85275","-116.54101"
"12/10/2024","AirNow","060655001","1","0.039","ppm","36","Palm Springs","24","100.0000","44201","Ozone","","40140","Riverside-San Bernardino-Ontario, CA","06","California","065","Riverside","33.85275","-116.54101"
"12/11/2024","AirNow","060655001","1","0.033","ppm","31","Palm Springs","24","100.0000","44201","Ozone","","40140","Riverside-San Bernardino-Ontario, CA","06","California","065","Riverside","33.85275","-116.54101"
"12/12/2024","AirNow","060655001","1","0.038","ppm","35","Palm Springs","24","100.0000","44201","Ozone","","40140","Riverside-San Bernardino-Ontario, CA","06","California","065","Riverside","33.85275","-116.54101"
"12/14/2024","AirNow","060655001","1","0.046","ppm","43","Palm Springs","24","100.0000","44201","Ozone","","40140","Riverside-San Bernardino-Ontario, CA","06","California","065","Riverside","33.85275","-116.54101"
"12/15/2024","AirNow","060655001","1","0.05","ppm","46","Palm Springs","24","100.0000","44201","Ozone","","40140","Riverside-San Bernardino-Ontario, CA","06","California","065","Riverside","33.85275","-116.54101"
"12/16/2024","AirNow","060655001","1","0.044","ppm","41","Palm Springs","24","100.0000","44201","Ozone","","40140","Riverside-San Bernardino-Ontario, CA","06","California","065","Riverside","33.85275","-116.54101"
"12/17/2024","AirNow","060655001","1","0.041","ppm","38","Palm Springs","20","83.0000","44201","Ozone","","40140","Riverside-San Bernardino-Ontario, CA","06","California","065","Riverside","33.85275","-116.54101"
"12/18/2024","AirNow","060655001","1","0.041","ppm","38","Palm Springs","24","100.0000","44201","Ozone","","40140","Riverside-San Bernardino-Ontario, CA","06","California","065","Riverside","33.85275","-116.54101"
"12/19/2024","AirNow","060655001","1","0.037","ppm","34","Palm Springs","24","100.0000","44201","Ozone","","40140","Riverside-San Bernardino-Ontario, CA","06","California","065","Riverside","33.85275","-116.54101"
"12/20/2024","AirNow","060655001","1","0.038","ppm","35","Palm Springs","24","100.0000","44201","Ozone","","40140","Riverside-San Bernardino-Ontario, CA","06","California","065","Riverside","33.85275","-116.54101"
"12/21/2024","AirNow","060655001","1","0.043","ppm","40","Palm Springs","24","100.0000","44201","Ozone","","40140","Riverside-San Bernardino-Ontario, CA","06","California","065","Riverside","33.85275","-116.54101"
"12/22/2024","AirNow","060655001","1","0.033","ppm","31","Palm Springs","24","100.0000","44201","Ozone","","40140","Riverside-San Bernardino-Ontario, CA","06","California","065","Riverside","33.85275","-116.54101"
"12/23/2024","AirNow","060655001","1","0.036","ppm","33","Palm Springs","24","100.0000","44201","Ozone","","40140","Riverside-San Bernardino-Ontario, CA","06","California","065","Riverside","33.85275","-116.54101"
"12/24/2024","AirNow","060655001","1","0.04","ppm","37","Palm Springs","24","100.0000","44201","Ozone","","40140","Riverside-San Bernardino-Ontario, CA","06","California","065","Riverside","33.85275","-116.54101"
"12/25/2024","AirNow","060655001","1","0.044","ppm","41","Palm Springs","24","100.0000","44201","Ozone","","40140","Riverside-San Bernardino-Ontario, CA","06","California","065","Riverside","33.85275","-116.54101"
"12/26/2024","AirNow","060655001","1","0.037","ppm","34","Palm Springs","24","100.0000","44201","Ozone","","40140","Riverside-San Bernardino-Ontario, CA","06","California","065","Riverside","33.85275","-116.54101"
"12/27/2024","AirNow","060655001","1","0.033","ppm","31","Palm Springs","24","100.0000","44201","Ozone","","40140","Riverside-San Bernardino-Ontario, CA","06","California","065","Riverside","33.85275","-116.54101"
"12/28/2024","AirNow","060655001","1","0.035","ppm","32","Palm Springs","24","100.0000","44201","Ozone","","40140","Riverside-San Bernardino-Ontario, CA","06","California","065","Riverside","33.85275","-116.54101"
"12/29/2024","AirNow","060655001","1","0.043","ppm","40","Palm Springs","24","100.0000","44201","Ozone","","40140","Riverside-San Bernardino-Ontario, CA","06","California","065","Riverside","33.85275","-116.54101"
"12/30/2024","AirNow","060655001","1","0.045","ppm","42","Palm Springs","24","100.0000","44201","Ozone","","40140","Riverside-San Bernardino-Ontario, CA","06","California","065","Riverside","33.85275","-116.54101"
"12/31/2024","AirNow","060655001","1","0.041","ppm","38","Palm Springs","19","79.0000","44201","Ozone","","40140","Riverside-San Bernardino-Ontario, CA","06","California","065","Riverside","33.85275","-116.54101"
"01/01/2024","AQS","060658001","1","0.039","ppm","36","Rubidoux","17","100.0000","44201","Ozone","087","40140","Riverside-San Bernardino-Ontario, CA","06","California","065","Riverside","33.9995800008751","-117.41601"
"01/02/2024","AQS","060658001","1","0.035","ppm","32","Rubidoux","17","100.0000","44201","Ozone","087","40140","Riverside-San Bernardino-Ontario, CA","06","California","065","Riverside","33.9995800008751","-117.41601"
"01/03/2024","AQS","060658001","1","0.038","ppm","35","Rubidoux","17","100.0000","44201","Ozone","087","40140","Riverside-San Bernardino-Ontario, CA","06","California","065","Riverside","33.9995800008751","-117.41601"
"01/04/2024","AQS","060658001","1","0.03","ppm","28","Rubidoux","17","100.0000","44201","Ozone","087","40140","Riverside-San Bernardino-Ontario, CA","06","California","065","Riverside","33.9995800008751","-117.41601"
"01/05/2024","AQS","060658001","1","0.026","ppm","24","Rubidoux","17","100.0000","44201","Ozone","087","40140","Riverside-San Bernardino-Ontario, CA","06","California","065","Riverside","33.9995800008751","-117.41601"
"01/06/2024","AQS","060658001","1","0.038","ppm","35","Rubidoux","17","100.0000","44201","Ozone","087","40140","Riverside-San Bernardino-Ontario, CA","06","California","065","Riverside","33.9995800008751","-117.41601"
"01/07/2024","AQS","060658001","1","0.039","ppm","36","Rubidoux","17","100.0000","44201","Ozone","087","40140","Riverside-San Bernardino-Ontario, CA","06","California","065","Riverside","33.9995800008751","-117.41601"
"01/08/2024","AQS","060658001","1","0.036","ppm","33","Rubidoux","17","100.0000","44201","Ozone","087","40140","Riverside-San Bernardino-Ontario, CA","06","California","065","Riverside","33.9995800008751","-117.41601"
"01/09/2024","AQS","060658001","1","0.029","ppm","27","Rubidoux","17","100.0000","44201","Ozone","087","40140","Riverside-San Bernardino-Ontario, CA","06","California","065","Riverside","33.9995800008751","-117.41601"
"01/10/2024","AQS","060658001","1","0.031","ppm","29","Rubidoux","17","100.0000","44201","Ozone","087","40140","Riverside-San Bernardino-Ontario, CA","06","California","065","Riverside","33.9995800008751","-117.41601"
"01/11/2024","AQS","060658001","1","0.04","ppm","37","Rubidoux","17","100.0000","44201","Ozone","087","40140","Riverside-San Bernardino-Ontario, CA","06","California","065","Riverside","33.9995800008751","-117.41601"
"01/12/2024","AQS","060658001","1","0.033","ppm","31","Rubidoux","17","100.0000","44201","Ozone","087","40140","Riverside-San Bernardino-Ontario, CA","06","California","065","Riverside","33.9995800008751","-117.41601"
"01/13/2024","AQS","060658001","1","0.04","ppm","37","Rubidoux","17","100.0000","44201","Ozone","087","40140","Riverside-San Bernardino-Ontario, CA","06","California","065","Riverside","33.9995800008751","-117.41601"
"01/14/2024","AQS","060658001","1","0.044","ppm","41","Rubidoux","17","100.0000","44201","Ozone","087","40140","Riverside-San Bernardino-Ontario, CA","06","California","065","Riverside","33.9995800008751","-117.41601"
"01/15/2024","AQS","060658001","1","0.038","ppm","35","Rubidoux","17","100.0000","44201","Ozone","087","40140","Riverside-San Bernardino-Ontario, CA","06","California","065","Riverside","33.9995800008751","-117.41601"
"01/16/2024","AQS","060658001","1","0.032","ppm","30","Rubidoux","17","100.0000","44201","Ozone","087","40140","Riverside-San Bernardino-Ontario, CA","06","California","065","Riverside","33.9995800008751","-117.41601"
"01/17/2024","AQS","060658001","1","0.032","ppm","30","Rubidoux","17","100.0000","44201","Ozone","087","40140","Riverside-San Bernardino-Ontario, CA","06","California","065","Riverside","33.9995800008751","-117.41601"
"01/18/2024","AQS","060658001","1","0.039","ppm","36","Rubidoux","17","100.0000","44201","Ozone","087","40140","Riverside-San Bernardino-Ontario, CA","06","California","065","Riverside","33.9995800008751","-117.41601"
"01/19/2024","AQS","060658001","1","0.028","ppm","26","Rubidoux","14","82.0000","44201","Ozone","087","40140","Riverside-San Bernardino-Ontario, CA","06","California","065","Riverside","33.9995800008751","-117.41601"
"01/20/2024","AQS","060658001","1","0.019","ppm","18","Rubidoux","17","100.0000","44201","Ozone","087","40140","Riverside-San Bernardino-Ontario, CA","06","California","065","Riverside","33.9995800008751","-117.41601"
"01/21/2024","AQS","060658001","1","0.034","ppm","31","Rubidoux","17","100.0000","44201","Ozone","087","40140","Riverside-San Bernardino-Ontario, CA","06","California","065","Riverside","33.9995800008751","-117.41601"
"01/22/2024","AQS","060658001","1","0.028","ppm","26","Rubidoux","17","100.0000","44201","Ozone","087","40140","Riverside-San Bernardino-Ontario, CA","06","California","065","Riverside","33.9995800008751","-117.41601"
"01/23/2024","AQS","060658001","1","0.034","ppm","31","Rubidoux","17","100.0000","44201","Ozone","087","40140","Riverside-San Bernardino-Ontario, CA","06","California","065","Riverside","33.9995800008751","-117.41601"
"01/24/2024","AQS","060658001","1","0.027","ppm","25","Rubidoux","17","100.0000","44201","Ozone","087","40140","Riverside-San Bernardino-Ontario, CA","06","California","065","Riverside","33.9995800008751","-117.41601"
"01/25/2024","AQS","060658001","1","0.032","ppm","30","Rubidoux","14","82.0000","44201","Ozone","087","40140","Riverside-San Bernardino-Ontario, CA","06","California","065","Riverside","33.9995800008751","-117.41601"
"01/27/2024","AirNow","060658001","1","0.038","ppm","35","Rubidoux","24","100.0000","44201","Ozone","","40140","Riverside-San Bernardino-Ontario, CA","06","California","065","Riverside","33.9995800008751","-117.41601"
"01/28/2024","AirNow","060658001","1","0.038","ppm","35","Rubidoux","24","100.0000","44201","Ozone","","40140","Riverside-San Bernardino-Ontario, CA","06","California","065","Riverside","33.9995800008751","-117.41601"
"01/29/2024","AirNow","060658001","1","0.034","ppm","31","Rubidoux","24","100.0000","44201","Ozone","","40140","Riverside-San Bernardino-Ontario, CA","06","California","065","Riverside","33.9995800008751","-117.41601"
"01/30/2024","AQS","060658001","1","0.042","ppm","39","Rubidoux","17","100.0000","44201","Ozone","087","40140","Riverside-San Bernardino-Ontario, CA","06","California","065","Riverside","33.9995800008751","-117.41601"
"01/31/2024","AQS","060658001","1","0.045","ppm","42","Rubidoux","17","100.0000","44201","Ozone","087","40140","Riverside-San Bernardino-Ontario, CA","06","California","065","Riverside","33.9995800008751","-117.41601"
"02/01/2024","AQS","060658001","1","0.029","ppm","27","Rubidoux","17","100.0000","44201","Ozone","087","40140","Riverside-San Bernardino-Ontario, CA","06","California","065","Riverside","33.9995800008751","-117.41601"
"02/02/2024","AQS","060658001","1","0.041","ppm","38","Rubidoux","17","100.0000","44201","Ozone","087","40140","Riverside-San Bernardino-Ontario, CA","06","California","065","Riverside","33.9995800008751","-117.41601"
"02/03/2024","AQS","060658001","1","0.043","ppm","40","Rubidoux","17","100.0000","44201","Ozone","087","40140","Riverside-San Bernardino-Ontario, CA","06","California","065","Riverside","33.9995800008751","-117.41601"
"02/04/2024","AQS","060658001","1","0.039","ppm","36","Rubidoux","17","100.0000","44201","Ozone","087","40140","Riverside-San Bernardino-Ontario, CA","06","California","065","Riverside","33.9995800008751","-117.41601"
"02/05/2024","AQS","060658001","1","0.021","ppm","19","Rubidoux","17","100.0000","44201","Ozone","087","40140","Riverside-San Bernardino-Ontario, CA","06","California","065","Riverside","33.9995800008751","-117.41601"
"02/06/2024","AQS","060658001","1","0.03","ppm","28","Rubidoux","17","100.0000","44201","Ozone","087","40140","Riverside-San Bernardino-Ontario, CA","06","California","065","Riverside","33.9995800008751","-117.41601"
"02/07/2024","AQS","060658001","1","0.038","ppm","35","Rubidoux","17","100.0000","44201","Ozone","087","40140","Riverside-San Bernardino-Ontario, CA","06","California","065","Riverside","33.9995800008751","-117.41601"
"02/08/2024","AQS","060658001","1","0.041","ppm","38","Rubidoux","17","100.0000","44201","Ozone","087","40140","Riverside-San Bernardino-Ontario, CA","06","California","065","Riverside","33.9995800008751","-117.41601"
"02/09/2024","AQS","060658001","1","0.04","ppm","37","Rubidoux","17","100.0000","44201","Ozone","087","40140","Riverside-San Bernardino-Ontario, CA","06","California","065","Riverside","33.9995800008751","-117.41601"
"02/10/2024","AQS","060658001","1","0.039","ppm","36","Rubidoux","17","100.0000","44201","Ozone","087","40140","Riverside-San Bernardino-Ontario, CA","06","California","065","Riverside","33.9995800008751","-117.41601"
"02/11/2024","AQS","060658001","1","0.043","ppm","40","Rubidoux","17","100.0000","44201","Ozone","087","40140","Riverside-San Bernardino-Ontario, CA","06","California","065","Riverside","33.9995800008751","-117.41601"
"02/12/2024","AQS","060658001","1","0.041","ppm","38","Rubidoux","17","100.0000","44201","Ozone","087","40140","Riverside-San Bernardino-Ontario, CA","06","California","065","Riverside","33.9995800008751","-117.41601"
"02/13/2024","AQS","060658001","1","0.046","ppm","43","Rubidoux","17","100.0000","44201","Ozone","087","40140","Riverside-San Bernardino-Ontario, CA","06","California","065","Riverside","33.9995800008751","-117.41601"
"02/14/2024","AQS","060658001","1","0.048","ppm","44","Rubidoux","17","100.0000","44201","Ozone","087","40140","Riverside-San Bernardino-Ontario, CA","06","California","065","Riverside","33.9995800008751","-117.41601"
"02/15/2024","AQS","060658001","1","0.048","ppm","44","Rubidoux","17","100.0000","44201","Ozone","087","40140","Riverside-San Bernardino-Ontario, CA","06","California","065","Riverside","33.9995800008751","-117.41601"
"02/16/2024","AQS","060658001","1","0.039","ppm","36","Rubidoux","17","100.0000","44201","Ozone","087","40140","Riverside-San Bernardino-Ontario, CA","06","California","065","Riverside","33.9995800008751","-117.41601"
"02/17/2024","AQS","060658001","1","0.039","ppm","36","Rubidoux","17","100.0000","44201","Ozone","087","40140","Riverside-San Bernardino-Ontario, CA","06","California","065","Riverside","33.9995800008751","-117.41601"
"02/18/2024","AQS","060658001","1","0.038","ppm","35","Rubidoux","17","100.0000","44201","Ozone","087","40140","Riverside-San Bernardino-Ontario, CA","06","California","065","Riverside","33.9995800008751","-117.41601"
"02/19/2024","AQS","060658001","1","0.028","ppm","26","Rubidoux","17","100.0000","44201","Ozone","087","40140","Riverside-San Bernardino-Ontario, CA","06","California","065","Riverside","33.9995800008751","-117.41601"
"02/20/2024","AQS","060658001","1","0.018","ppm","17","Rubidoux","17","100.0000","44201","Ozone","087","40140","Riverside-San Bernardino-Ontario, CA","06","California","065","Riverside","33.9995800008751","-117.41601"
"02/21/2024","AQS","060658001","1","0.041","ppm","38","Rubidoux","17","100.0000","44201","Ozone","087","40140","Riverside-San Bernardino-Ontario, CA","06","California","065","Riverside","33.9995800008751","-117.41601"
"02/22/2024","AQS","060658001","1","0.043","ppm","40","Rubidoux","17","100.0000","44201","Ozone","087","40140","Riverside-San Bernardino-Ontario, CA","06","California","065","Riverside","33.9995800008751","-117.41601"
"02/23/2024","AQS","060658001","1","0.041","ppm","38","Rubidoux","17","100.0000","44201","Ozone","087","40140","Riverside-San Bernardino-Ontario, CA","06","California","065","Riverside","33.9995800008751","-117.41601"
"02/24/2024","AQS","060658001","1","0.042","ppm","39","Rubidoux","17","100.0000","44201","Ozone","087","40140","Riverside-San Bernardino-Ontario, CA","06","California","065","Riverside","33.9995800008751","-117.41601"
"02/25/2024","AQS","060658001","1","0.04","ppm","37","Rubidoux","17","100.0000","44201","Ozone","087","40140","Riverside-San Bernardino-Ontario, CA","06","California","065","Riverside","33.9995800008751","-117.41601"
"02/26/2024","AQS","060658001","1","0.034","ppm","31","Rubidoux","17","100.0000","44201","Ozone","087","40140","Riverside-San Bernardino-Ontario, CA","06","California","065","Riverside","33.9995800008751","-117.41601"
"02/27/2024","AQS","060658001","1","0.038","ppm","35","Rubidoux","17","100.0000","44201","Ozone","087","40140","Riverside-San Bernardino-Ontario, CA","06","California","065","Riverside","33.9995800008751","-117.41601"
"02/28/2024","AQS","060658001","1","0.043","ppm","40","Rubidoux","17","100.0000","44201","Ozone","087","40140","Riverside-San Bernardino-Ontario, CA","06","California","065","Riverside","33.9995800008751","-117.41601"
"02/29/2024","AQS","060658001","1","0.039","ppm","36","Rubidoux","17","100.0000","44201","Ozone","087","40140","Riverside-San Bernardino-Ontario, CA","06","California","065","Riverside","33.9995800008751","-117.41601"
"03/01/2024","AQS","060658001","1","0.042","ppm","39","Rubidoux","17","100.0000","44201","Ozone","087","40140","Riverside-San Bernardino-Ontario, CA","06","California","065","Riverside","33.9995800008751","-117.41601"
"03/02/2024","AQS","060658001","1","0.038","ppm","35","Rubidoux","17","100.0000","44201","Ozone","087","40140","Riverside-San Bernardino-Ontario, CA","06","California","065","Riverside","33.9995800008751","-117.41601"
"03/03/2024","AQS","060658001","1","0.04","ppm","37","Rubidoux","17","100.0000","44201","Ozone","087","40140","Riverside-San Bernardino-Ontario, CA","06","California","065","Riverside","33.9995800008751","-117.41601"
"03/04/2024","AQS","060658001","1","0.042","ppm","39","Rubidoux","17","100.0000","44201","Ozone","087","40140","Riverside-San Bernardino-Ontario, CA","06","California","065","Riverside","33.9995800008751","-117.41601"
"03/05/2024","AQS","060658001","1","0.046","ppm","43","Rubidoux","17","100.0000","44201","Ozone","087","40140","Riverside-San Bernardino-Ontario, CA","06","California","065","Riverside","33.9995800008751","-117.41601"
"03/06/2024","AQS","060658001","1","0.036","ppm","33","Rubidoux","17","100.0000","44201","Ozone","087","40140","Riverside-San Bernardino-Ontario, CA","06","California","065","Riverside","33.9995800008751","-117.41601"
"03/07/2024","AQS","060658001","1","0.035","ppm","32","Rubidoux","17","100.0000","44201","Ozone","087","40140","Riverside-San Bernardino-Ontario, CA","06","California","065","Riverside","33.9995800008751","-117.41601"
"03/08/2024","AQS","060658001","1","0.039","ppm","36","Rubidoux","17","100.0000","44201","Ozone","087","40140","Riverside-San Bernardino-Ontario, CA","06","California","065","Riverside","33.9995800008751","-117.41601"
"03/09/2024","AQS","060658001","1","0.052","ppm","48","Rubidoux","17","100.0000","44201","Ozone","087","40140","Riverside-San Bernardino-Ontario, CA","06","California","065","Riverside","33.9995800008751","-117.41601"
"03/10/2024","AQS","060658001","1","0.052","ppm","48","Rubidoux","17","100.0000","44201","Ozone","087","40140","Riverside-San Bernardino-Ontario, CA","06","California","065","Riverside","33.9995800008751","-117.41601"
"03/11/2024","AQS","060658001","1","0.045","ppm","42","Rubidoux","17","100.0000","44201","Ozone","087","40140","Riverside-San Bernardino-Ontario, CA","06","California","065","Riverside","33.9995800008751","-117.41601"
"03/12/2024","AQS","060658001","1","0.035","ppm","32","Rubidoux","17","100.0000","44201","Ozone","087","40140","Riverside-San Bernardino-Ontario, CA","06","California","065","Riverside","33.9995800008751","-117.41601"
"03/13/2024","AQS","060658001","1","0.046","ppm","43","Rubidoux","17","100.0000","44201","Ozone","087","40140","Riverside-San Bernardino-Ontario, CA","06","California","065","Riverside","33.9995800008751","-117.41601"
"03/14/2024","AQS","060658001","1","0.043","ppm","40","Rubidoux","17","100.0000","44201","Ozone","087","40140","Riverside-San Bernardino-Ontario, CA","06","California","065","Riverside","33.9995800008751","-117.41601"
"03/16/2024","AQS","060658001","1","0.037","ppm","34","Rubidoux","17","100.0000","44201","Ozone","087","40140","Riverside-San Bernardino-Ontario, CA","06","California","065","Riverside","33.9995800008751","-117.41601"
"03/17/2024","AQS","060658001","1","0.047","ppm","44","Rubidoux","17","100.0000","44201","Ozone","087","40140","Riverside-San Bernardino-Ontario, CA","06","California","065","Riverside","33.9995800008751","-117.41601"
"03/18/2024","AQS","060658001","1","0.042","ppm","39","Rubidoux","17","100.0000","44201","Ozone","087","40140","Riverside-San Bernardino-Ontario, CA","06","California","065","Riverside","33.9995800008751","-117.41601"
"03/19/2024","AQS","060658001","1","0.055","ppm","51","Rubidoux","17","100.0000","44201","Ozone","087","40140","Riverside-San Bernardino-Ontario, CA","06","California","065","Riverside","33.9995800008751","-117.41601"
"03/20/2024","AQS","060658001","1","0.058","ppm","61","Rubidoux","17","100.0000","44201","Ozone","087","40140","Riverside-San Bernardino-Ontario, CA","06","California","065","Riverside","33.9995800008751","-117.41601"
"03/21/2024","AQS","060658001","1","0.062","ppm","74","Rubidoux","14","82.0000","44201","Ozone","087","40140","Riverside-San Bernardino-Ontario, CA","06","California","065","Riverside","33.9995800008751","-117.41601"
"03/22/2024","AQS","060658001","1","0.055","ppm","51","Rubidoux","17","100.0000","44201","Ozone","087","40140","Riverside-San Bernardino-Ontario, CA","06","California","065","Riverside","33.9995800008751","-117.41601"
"03/23/2024","AQS","060658001","1","0.041","ppm","38","Rubidoux","17","100.0000","44201","Ozone","087","40140","Riverside-San Bernardino-Ontario, CA","06","California","065","Riverside","33.9995800008751","-117.41601"
"03/24/2024","AQS","060658001","1","0.044","ppm","41","Rubidoux","17","100.0000","44201","Ozone","087","40140","Riverside-San Bernardino-Ontario, CA","06","California","065","Riverside","33.9995800008751","-117.41601"
"03/25/2024","AQS","060658001","1","0.044","ppm","41","Rubidoux","17","100.0000","44201","Ozone","087","40140","Riverside-San Bernardino-Ontario, CA","06","California","065","Riverside","33.9995800008751","-117.41601"
"03/26/2024","AQS","060658001","1","0.048","ppm","44","Rubidoux","17","100.0000","44201","Ozone","087","40140","Riverside-San Bernardino-Ontario, CA","06","California","065","Riverside","33.9995800008751","-117.41601"
"03/27/2024","AQS","060658001","1","0.058","ppm","61","Rubidoux","17","100.0000","44201","Ozone","087","40140","Riverside-San Bernardino-Ontario, CA","06","California","065","Riverside","33.9995800008751","-117.41601"
"03/28/2024","AQS","060658001","1","0.049","ppm","45","Rubidoux","17","100.0000","44201","Ozone","087","40140","Riverside-San Bernardino-Ontario, CA","06","California","065","Riverside","33.9995800008751","-117.41601"
"03/29/2024","AQS","060658001","1","0.049","ppm","45","Rubidoux","17","100.0000","44201","Ozone","087","40140","Riverside-San Bernardino-Ontario, CA","06","California","065","Riverside","33.9995800008751","-117.41601"
"03/30/2024","AQS","060658001","1","0.044","ppm","41","Rubidoux","17","100.0000","44201","Ozone","087","40140","Riverside-San Bernardino-Ontario, CA","06","California","065","Riverside","33.9995800008751","-117.41601"
"03/31/2024","AQS","060658001","1","0.044","ppm","41","Rubidoux","17","100.0000","44201","Ozone","087","40140","Riverside-San Bernardino-Ontario, CA","06","California","065","Riverside","33.9995800008751","-117.41601"
"04/01/2024","AQS","060658001","1","0.047","ppm","44","Rubidoux","68","400.0000","44201","Ozone","014","40140","Riverside-San Bernardino-Ontario, CA","06","California","065","Riverside","33.9995800008751","-117.41601"
"04/02/2024","AQS","060658001","1","0.053","ppm","49","Rubidoux","68","400.0000","44201","Ozone","014","40140","Riverside-San Bernardino-Ontario, CA","06","California","065","Riverside","33.9995800008751","-117.41601"
"04/03/2024","AQS","060658001","1","0.057","ppm","58","Rubidoux","68","400.0000","44201","Ozone","014","40140","Riverside-San Bernardino-Ontario, CA","06","California","065","Riverside","33.9995800008751","-117.41601"
"04/04/2024","AQS","060658001","1","0.041","ppm","38","Rubidoux","68","400.0000","44201","Ozone","014","40140","Riverside-San Bernardino-Ontario, CA","06","California","065","Riverside","33.9995800008751","-117.41601"
"04/05/2024","AQS","060658001","1","0.048","ppm","44","Rubidoux","68","400.0000","44201","Ozone","014","40140","Riverside-San Bernardino-Ontario, CA","06","California","065","Riverside","33.9995800008751","-117.41601"
"04/06/2024","AQS","060658001","1","0.051","ppm","47","Rubidoux","68","400.0000","44201","Ozone","014","40140","Riverside-San Bernardino-Ontario, CA","06","California","065","Riverside","33.9995800008751","-117.41601"
"04/07/2024","AQS","060658001","1","0.055","ppm","51","Rubidoux","68","400.0000","44201","Ozone","014","40140","Riverside-San Bernardino-Ontario, CA","06","California","065","Riverside","33.9995800008751","-117.41601"
"04/08/2024","AQS","060658001","1","0.051","ppm","47","Rubidoux","68","400.0000","44201","Ozone","014","40140","Riverside-San Bernardino-Ontario, CA","06","California","065","Riverside","33.9995800008751","-117.41601"
"04/09/2024","AQS","060658001","1","0.058","ppm","61","Rubidoux","68","400.0000","44201","Ozone","014","40140","Riverside-San Bernardino-Ontario, CA","06","California","065","Riverside","33.9995800008751","-117.41601"
"04/10/2024","AQS","060658001","1","0.071","ppm","101","Rubidoux","68","400.0000","44201","Ozone","014","40140","Riverside-San Bernardino-Ontario, CA","06","California","065","Riverside","33.9995800008751","-117.41601"
"04/11/2024","AQS","060658001","1","0.074","ppm","112","Rubidoux","68","400.0000","44201","Ozone","014","40140","Riverside-San Bernardino-Ontario, CA","06","California","065","Riverside","33.9995800008751","-117.41601"
"04/12/2024","AQS","060658001","1","0.052","ppm","48","Rubidoux","68","400.0000","44201","Ozone","014","40140","Riverside-San Bernardino-Ontario, CA","06","California","065","Riverside","33.9995800008751","-117.41601"
"04/13/2024","AQS","060658001","1","0.052","ppm","48","Rubidoux","68","400.0000","44201","Ozone","014","40140","Riverside-San Bernardino-Ontario, CA","06","California","065","Riverside","33.9995800008751","-117.41601"
"04/14/2024","AQS","060658001","1","0.048","ppm","44","Rubidoux","68","400.0000","44201","Ozone","014","40140","Riverside-San Bernardino-Ontario, CA","06","California","065","Riverside","33.9995800008751","-117.41601"
"04/15/2024","AQS","060658001","1","0.062","ppm","74","Rubidoux","68","400.0000","44201","Ozone","014","40140","Riverside-San Bernardino-Ontario, CA","06","California","065","Riverside","33.9995800008751","-117.41601"
"04/16/2024","AQS","060658001","1","0.068","ppm","93","Rubidoux","68","400.0000","44201","Ozone","014","40140","Riverside-San Bernardino-Ontario, CA","06","California","065","Riverside","33.9995800008751","-117.41601"
"04/17/2024","AQS","060658001","1","0.071","ppm","101","Rubidoux","68","400.0000","44201","Ozone","014","40140","Riverside-San Bernardino-Ontario, CA","06","California","065","Riverside","33.9995800008751","-117.41601"
"04/18/2024","AQS","060658001","1","0.065","ppm","84","Rubidoux","68","400.0000","44201","Ozone","014","40140","Riverside-San Bernardino-Ontario, CA","06","California","065","Riverside","33.9995800008751","-117.41601"
"04/19/2024","AQS","060658001","1","0.06","ppm","67","Rubidoux","48","282.0000","44201","Ozone","014","40140","Riverside-San Bernardino-Ontario, CA","06","California","065","Riverside","33.9995800008751","-117.41601"
"04/20/2024","AirNow","060658001","1","0.064","ppm","80","Rubidoux","24","100.0000","44201","Ozone","","40140","Riverside-San Bernardino-Ontario, CA","06","California","065","Riverside","33.9995800008751","-117.41601"
"04/21/2024","AirNow","060658001","1","0.083","ppm","143","Rubidoux","24","100.0000","44201","Ozone","","40140","Riverside-San Bernardino-Ontario, CA","06","California","065","Riverside","33.9995800008751","-117.41601"
"04/22/2024","AQS","060658001","1","0.062","ppm","74","Rubidoux","68","400.0000","44201","Ozone","014","40140","Riverside-San Bernardino-Ontario, CA","06","California","065","Riverside","33.9995800008751","-117.41601"
"04/23/2024","AQS","060658001","1","0.05","ppm","46","Rubidoux","68","400.0000","44201","Ozone","014","40140","Riverside-San Bernardino-Ontario, CA","06","California","065","Riverside","33.9995800008751","-117.41601"
"04/24/2024","AQS","060658001","1","0.053","ppm","49","Rubidoux","68","400.0000","44201","Ozone","014","40140","Riverside-San Bernardino-Ontario, CA","06","California","065","Riverside","33.9995800008751","-117.41601"
"04/25/2024","AQS","060658001","1","0.045","ppm","42","Rubidoux","68","400.0000","44201","Ozone","014","40140","Riverside-San Bernardino-Ontario, CA","06","California","065","Riverside","33.9995800008751","-117.41601"
"04/26/2024","AQS","060658001","1","0.033","ppm","31","Rubidoux","68","400.0000","44201","Ozone","014","40140","Riverside-San Bernardino-Ontario, CA","06","California","065","Riverside","33.9995800008751","-117.41601"
"04/27/2024","AQS","060658001","1","0.053","ppm","49","Rubidoux","68","400.0000","44201","Ozone","014","40140","Riverside-San Bernardino-Ontario, CA","06","California","065","Riverside","33.9995800008751","-117.41601"
"04/28/2024","AQS","060658001","1","0.06","ppm","67","Rubidoux","68","400.0000","44201","Ozone","014","40140","Riverside-San Bernardino-Ontario, CA","06","California","065","Riverside","33.9995800008751","-117.41601"
"04/29/2024","AQS","060658001","1","0.065","ppm","84","Rubidoux","68","400.0000","44201","Ozone","014","40140","Riverside-San Bernardino-Ontario, CA","06","California","065","Riverside","33.9995800008751","-117.41601"
"04/30/2024","AQS","060658001","1","0.049","ppm","45","Rubidoux","44","259.0000","44201","Ozone","014","40140","Riverside-San Bernardino-Ontario, CA","06","California","065","Riverside","33.9995800008751","-117.41601"
"05/01/2024","AQS","060658001","1","0.064","ppm","80","Rubidoux","68","400.0000","44201","Ozone","014","40140","Riverside-San Bernardino-Ontario, CA","06","California","065","Riverside","33.9995800008751","-117.41601"
"05/02/2024","AQS","060658001","1","0.063","ppm","77","Rubidoux","68","400.0000","44201","Ozone","014","40140","Riverside-San Bernardino-Ontario, CA","06","California","065","Riverside","33.9995800008751","-117.41601"
"05/03/2024","AQS","060658001","1","0.061","ppm","71","Rubidoux","68","400.0000","44201","Ozone","014","40140","Riverside-San Bernardino-Ontario, CA","06","California","065","Riverside","33.9995800008751","-117.41601"
"05/04/2024","AQS","060658001","1","0.049","ppm","45","Rubidoux","68","400.0000","44201","Ozone","014","40140","Riverside-San Bernardino-Ontario, CA","06","California","065","Riverside","33.9995800008751","-117.41601"
"05/05/2024","AQS","060658001","1","0.053","ppm","49","Rubidoux","68","400.0000","44201","Ozone","014","40140","Riverside-San Bernardino-Ontario, CA","06","California","065","Riverside","33.9995800008751","-117.41601"
"05/06/2024","AQS","060658001","1","0.056","ppm","54","Rubidoux","68","400.0000","44201","Ozone","014","40140","Riverside-San Bernardino-Ontario, CA","06","California","065","Riverside","33.9995800008751","-117.41601"
"05/07/2024","AQS","060658001","1","0.065","ppm","84","Rubidoux","68","400.0000","44201","Ozone","014","40140","Riverside-San Bernardino-Ontario, CA","06","California","065","Riverside","33.9995800008751","-117.41601"
"05/08/2024","AQS","060658001","1","0.064","ppm","80","Rubidoux","52","306.0000","44201","Ozone","014","40140","Riverside-San Bernardino-Ontario, CA","06","California","065","Riverside","33.9995800008751","-117.41601"
"05/09/2024","AQS","060658001","1","0.061","ppm","71","Rubidoux","56","329.0000","44201","Ozone","014","40140","Riverside-San Bernardino-Ontario, CA","06","California","065","Riverside","33.9995800008751","-117.41601"
"05/10/2024","AQS","060658001","1","0.067","ppm","90","Rubidoux","68","400.0000","44201","Ozone","014","40140","Riverside-San Bernardino-Ontario, CA","06","California","065","Riverside","33.9995800008751","-117.41601"
"05/11/2024","AQS","060658001","1","0.067","ppm","90","Rubidoux","68","400.0000","44201","Ozone","014","40140","Riverside-San Bernardino-Ontario, CA","06","California","065","Riverside","33.9995800008751","-117.41601"
"05/12/2024","AQS","060658001","1","0.067","ppm","90","Rubidoux","68","400.0000","44201","Ozone","014","40140","Riverside-San Bernardino-Ontario, CA","06","California","065","Riverside","33.9995800008751","-117.41601"
"05/13/2024","AQS","060658001","1","0.058","ppm","61","Rubidoux","68","400.0000","44201","Ozone","014","40140","Riverside-San Bernardino-Ontario, CA","06","California","065","Riverside","33.9995800008751","-117.41601"
"05/14/2024","AQS","060658001","1","0.056","ppm","54","Rubidoux","68","400.0000","44201","Ozone","014","40140","Riverside-San Bernardino-Ontario, CA","06","California","065","Riverside","33.9995800008751","-117.41601"
"05/15/2024","AQS","060658001","1","0.048","ppm","44","Rubidoux","68","400.0000","44201","Ozone","014","40140","Riverside-San Bernardino-Ontario, CA","06","California","065","Riverside","33.9995800008751","-117.41601"
"05/16/2024","AQS","060658001","1","0.048","ppm","44","Rubidoux","68","400.0000","44201","Ozone","014","40140","Riverside-San Bernardino-Ontario, CA","06","California","065","Riverside","33.9995800008751","-117.41601"
"05/17/2024","AQS","060658001","1","0.054","ppm","50","Rubidoux","68","400.0000","44201","Ozone","014","40140","Riverside-San Bernardino-Ontario, CA","06","California","065","Riverside","33.9995800008751","-117.41601"
"05/18/2024","AQS","060658001","1","0.059","ppm","64","Rubidoux","68","400.0000","44201","Ozone","014","40140","Riverside-San Bernardino-Ontario, CA","06","California","065","Riverside","33.9995800008751","-117.41601"
"05/19/2024","AQS","060658001","1","0.059","ppm","64","Rubidoux","68","400.0000","44201","Ozone","014","40140","Riverside-San Bernardino-Ontario, CA","06","California","065","Riverside","33.9995800008751","-117.41601"
"05/20/2024","AQS","060658001","1","0.055","ppm","51","Rubidoux","68","400.0000","44201","Ozone","014","40140","Riverside-San Bernardino-Ontario, CA","06","California","065","Riverside","33.9995800008751","-117.41601"
"05/21/2024","AQS","060658001","1","0.062","ppm","74","Rubidoux","68","400.0000","44201","Ozone","014","40140","Riverside-San Bernardino-Ontario, CA","06","California","065","Riverside","33.9995800008751","-117.41601"
"05/22/2024","AQS","060658001","1","0.064","ppm","80","Rubidoux","52","306.0000","44201","Ozone","014","40140","Riverside-San Bernardino-Ontario, CA","06","California","065","Riverside","33.9995800008751","-117.41601"
"05/23/2024","AQS","060658001","1","0.053","ppm","49","Rubidoux","68","400.0000","44201","Ozone","014","40140","Riverside-San Bernardino-Ontario, CA","06","California","065","Riverside","33.9995800008751","-117.41601"
"05/24/2024","AQS","060658001","1","0.047","ppm","44","Rubidoux","68","400.0000","44201","Ozone","014","40140","Riverside-San Bernardino-Ontario, CA","06","California","065","Riverside","33.9995800008751","-117.41601"
"05/25/2024","AQS","060658001","1","0.048","ppm","44","Rubidoux","68","400.0000","44201","Ozone","014","40140","Riverside-San Bernardino-Ontario, CA","06","California","065","Riverside","33.9995800008751","-117.41601"
"05/26/2024","AQS","060658001","1","0.048","ppm","44","Rubidoux","68","400.0000","44201","Ozone","014","40140","Riverside-San Bernardino-Ontario, CA","06","California","065","Riverside","33.9995800008751","-117.41601"
"05/27/2024","AQS","060658001","1","0.059","ppm","64","Rubidoux","68","400.0000","44201","Ozone","014","40140","Riverside-San Bernardino-Ontario, CA","06","California","065","Riverside","33.9995800008751","-117.41601"
"05/28/2024","AQS","060658001","1","0.066","ppm","87","Rubidoux","68","400.0000","44201","Ozone","014","40140","Riverside-San Bernardino-Ontario, CA","06","California","065","Riverside","33.9995800008751","-117.41601"
"05/29/2024","AQS","060658001","1","0.062","ppm","74","Rubidoux","68","400.0000","44201","Ozone","014","40140","Riverside-San Bernardino-Ontario, CA","06","California","065","Riverside","33.9995800008751","-117.41601"
"05/30/2024","AQS","060658001","1","0.071","ppm","101","Rubidoux","68","400.0000","44201","Ozone","014","40140","Riverside-San Bernardino-Ontario, CA","06","California","065","Riverside","33.9995800008751","-117.41601"
"05/31/2024","AQS","060658001","1","0.069","ppm","97","Rubidoux","68","400.0000","44201","Ozone","014","40140","Riverside-San Bernardino-Ontario, CA","06","California","065","Riverside","33.9995800008751","-117.41601"
"06/01/2024","AQS","060658001","1","0.064","ppm","80","Rubidoux","68","400.0000","44201","Ozone","014","40140","Riverside-San Bernardino-Ontario, CA","06","California","065","Riverside","33.9995800008751","-117.41601"
"06/02/2024","AQS","060658001","1","0.052","ppm","48","Rubidoux","68","400.0000","44201","Ozone","014","40140","Riverside-San Bernardino-Ontario, CA","06","California","065","Riverside","33.9995800008751","-117.41601"
"06/03/2024","AQS","060658001","1","0.054","ppm","50","Rubidoux","68","400.0000","44201","Ozone","014","40140","Riverside-San Bernardino-Ontario, CA","06","California","065","Riverside","33.9995800008751","-117.41601"
"06/04/2024","AQS","060658001","1","0.077","ppm","122","Rubidoux","68","400.0000","44201","Ozone","014","40140","Riverside-San Bernardino-Ontario, CA","06","California","065","Riverside","33.9995800008751","-117.41601"
"06/05/2024","AQS","060658001","1","0.081","ppm","136","Rubidoux","68","400.0000","44201","Ozone","014","40140","Riverside-San Bernardino-Ontario, CA","06","California","065","Riverside","33.9995800008751","-117.41601"
"06/06/2024","AQS","060658001","1","0.081","ppm","136","Rubidoux","68","400.0000","44201","Ozone","014","40140","Riverside-San Bernardino-Ontario, CA","06","California","065","Riverside","33.9995800008751","-117.41601"
"06/07/2024","AQS","060658001","1","0.061","ppm","71","Rubidoux","68","400.0000","44201","Ozone","014","40140","Riverside-San Bernardino-Ontario, CA","06","California","065","Riverside","33.9995800008751","-117.41601"
"06/08/2024","AQS","060658001","1","0.051","ppm","47","Rubidoux","68","400.0000","44201","Ozone","014","40140","Riverside-San Bernardino-Ontario, CA","06","California","065","Riverside","33.9995800008751","-117.41601"
"06/09/2024","AQS","060658001","1","0.05","ppm","46","Rubidoux","68","400.0000","44201","Ozone","014","40140","Riverside-San Bernardino-Ontario, CA","06","California","065","Riverside","33.9995800008751","-117.41601"
"06/10/2024","AQS","060658001","1","0.071","ppm","101","Rubidoux","68","400.0000","44201","Ozone","014","40140","Riverside-San Bernardino-Ontario, CA","06","California","065","Riverside","33.9995800008751","-117.41601"
"06/11/2024","AQS","060658001","1","0.073","ppm","108","Rubidoux","68","400.0000","44201","Ozone","014","40140","Riverside-San Bernardino-Ontario, CA","06","California","065","Riverside","33.9995800008751","-117.41601"
"06/12/2024","AQS","060658001","1","0.071","ppm","101","Rubidoux","68","400.0000","44201","Ozone","014","40140","Riverside-San Bernardino-Ontario, CA","06","California","065","Riverside","33.9995800008751","-117.41601"
"06/13/2024","AQS","060658001","1","0.069","ppm","97","Rubidoux","68","400.0000","44201","Ozone","014","40140","Riverside-San Bernardino-Ontario, CA","06","California","065","Riverside","33.9995800008751","-117.41601"
"06/14/2024","AQS","060658001","1","0.081","ppm","136","Rubidoux","68","400.0000","44201","Ozone","014","40140","Riverside-San Bernardino-Ontario, CA","06","California","065","Riverside","33.9995800008751","-117.41601"
"06/15/2024","AQS","060658001","1","0.095","ppm","174","Rubidoux","68","400.0000","44201","Ozone","014","40140","Riverside-San Bernardino-Ontario, CA","06","California","065","Riverside","33.9995800008751","-117.41601"
"06/16/2024","AQS","060658001","1","0.067","ppm","90","Rubidoux","68","400.0000","44201","Ozone","014","40140","Riverside-San Bernardino-Ontario, CA","06","California","065","Riverside","33.9995800008751","-117.41601"
"06/17/2024","AQS","060658001","1","0.06","ppm","67","Rubidoux","68","400.0000","44201","Ozone","014","40140","Riverside-San Bernardino-Ontario, CA","06","California","065","Riverside","33.9995800008751","-117.41601"
"06/18/2024","AQS","060658001","1","0.066","ppm","87","Rubidoux","68","400.0000","44201","Ozone","014","40140","Riverside-San Bernardino-Ontario, CA","06","California","065","Riverside","33.9995800008751","-117.41601"
"06/19/2024","AQS","060658001","1","0.069","ppm","97","Rubidoux","68","400.0000","44201","Ozone","014","40140","Riverside-San Bernardino-Ontario, CA","06","California","065","Riverside","33.9995800008751","-117.41601"
"06/20/2024","AQS","060658001","1","0.079","ppm","129","Rubidoux","68","400.0000","44201","Ozone","014","40140","Riverside-San Bernardino-Ontario, CA","06","California","065","Riverside","33.9995800008751","-117.41601"
"06/21/2024","AQS","060658001","1","0.087","ppm","154","Rubidoux","68","400.0000","44201","Ozone","014","40140","Riverside-San Bernardino-Ontario, CA","06","California","065","Riverside","33.9995800008751","-117.41601"
"06/22/2024","AQS","060658001","1","0.094","ppm","172","Rubidoux","68","400.0000","44201","Ozone","014","40140","Riverside-San Bernardino-Ontario, CA","06","California","065","Riverside","33.9995800008751","-117.41601"
"06/23/2024","AQS","060658001","1","0.079","ppm","129","Rubidoux","68","400.0000","44201","Ozone","014","40140","Riverside-San Bernardino-Ontario, CA","06","California","065","Riverside","33.9995800008751","-117.41601"
"06/24/2024","AQS","060658001","1","0.085","ppm","150","Rubidoux","68","400.0000","44201","Ozone","014","40140","Riverside-San Bernardino-Ontario, CA","06","California","065","Riverside","33.9995800008751","-117.41601"
"06/25/2024","AQS","060658001","1","0.066","ppm","87","Rubidoux","68","400.0000","44201","Ozone","014","40140","Riverside-San Bernardino-Ontario, CA","06","California","065","Riverside","33.9995800008751","-117.41601"
"06/26/2024","AQS","060658001","1","0.073","ppm","108","Rubidoux","68","400.0000","44201","Ozone","014","40140","Riverside-San Bernardino-Ontario, CA","06","California","065","Riverside","33.9995800008751","-117.41601"
"06/27/2024","AQS","060658001","1","0.073","ppm","108","Rubidoux","68","400.0000","44201","Ozone","014","40140","Riverside-San Bernardino-Ontario, CA","06","California","065","Riverside","33.9995800008751","-117.41601"
"06/28/2024","AQS","060658001","1","0.067","ppm","90","Rubidoux","68","400.0000","44201","Ozone","014","40140","Riverside-San Bernardino-Ontario, CA","06","California","065","Riverside","33.9995800008751","-117.41601"
"06/29/2024","AQS","060658001","1","0.075","ppm","115","Rubidoux","68","400.0000","44201","Ozone","014","40140","Riverside-San Bernardino-Ontario, CA","06","California","065","Riverside","33.9995800008751","-117.41601"
"06/30/2024","AQS","060658001","1","0.085","ppm","150","Rubidoux","68","400.0000","44201","Ozone","014","40140","Riverside-San Bernardino-Ontario, CA","06","California","065","Riverside","33.9995800008751","-117.41601"
"07/01/2024","AQS","060658001","1","0.078","ppm","126","Rubidoux","17","100.0000","44201","Ozone","087","40140","Riverside-San Bernardino-Ontario, CA","06","California","065","Riverside","33.9995800008751","-117.41601"
"07/02/2024","AQS","060658001","1","0.085","ppm","150","Rubidoux","17","100.0000","44201","Ozone","087","40140","Riverside-San Bernardino-Ontario, CA","06","California","065","Riverside","33.9995800008751","-117.41601"
"07/03/2024","AQS","060658001","1","0.109","ppm","204","Rubidoux","17","100.0000","44201","Ozone","087","40140","Riverside-San Bernardino-Ontario, CA","06","California","065","Riverside","33.9995800008751","-117.41601"
"07/04/2024","AQS","060658001","1","0.083","ppm","143","Rubidoux","17","100.0000","44201","Ozone","087","40140","Riverside-San Bernardino-Ontario, CA","06","California","065","Riverside","33.9995800008751","-117.41601"
"07/05/2024","AQS","060658001","1","0.111","ppm","206","Rubidoux","17","100.0000","44201","Ozone","087","40140","Riverside-San Bernardino-Ontario, CA","06","California","065","Riverside","33.9995800008751","-117.41601"
"07/06/2024","AQS","060658001","1","0.071","ppm","101","Rubidoux","17","100.0000","44201","Ozone","087","40140","Riverside-San Bernardino-Ontario, CA","06","California","065","Riverside","33.9995800008751","-117.41601"
"07/07/2024","AQS","060658001","1","0.067","ppm","90","Rubidoux","17","100.0000","44201","Ozone","087","40140","Riverside-San Bernardino-Ontario, CA","06","California","065","Riverside","33.9995800008751","-117.41601"
"07/08/2024","AQS","060658001","1","0.081","ppm","136","Rubidoux","17","100.0000","44201","Ozone","087","40140","Riverside-San Bernardino-Ontario, CA","06","California","065","Riverside","33.9995800008751","-117.41601"
"07/09/2024","AQS","060658001","1","0.1","ppm","187","Rubidoux","17","100.0000","44201","Ozone","087","40140","Riverside-San Bernardino-Ontario, CA","06","California","065","Riverside","33.9995800008751","-117.41601"
"07/10/2024","AQS","060658001","1","0.111","ppm","206","Rubidoux","17","100.0000","44201","Ozone","087","40140","Riverside-San Bernardino-Ontario, CA","06","California","065","Riverside","33.9995800008751","-117.41601"
"07/11/2024","AQS","060658001","1","0.102","ppm","192","Rubidoux","17","100.0000","44201","Ozone","087","40140","Riverside-San Bernardino-Ontario, CA","06","California","065","Riverside","33.9995800008751","-117.41601"
"07/12/2024","AQS","060658001","1","0.077","ppm","122","Rubidoux","17","100.0000","44201","Ozone","087","40140","Riverside-San Bernardino-Ontario, CA","06","California","065","Riverside","33.9995800008751","-117.41601"
"07/13/2024","AQS","060658001","1","0.077","ppm","122","Rubidoux","17","100.0000","44201","Ozone","087","40140","Riverside-San Bernardino-Ontario, CA","06","California","065","Riverside","33.9995800008751","-117.41601"
"07/14/2024","AQS","060658001","1","0.073","ppm","108","Rubidoux","17","100.0000","44201","Ozone","087","40140","Riverside-San Bernardino-Ontario, CA","06","California","065","Riverside","33.9995800008751","-117.41601"
"07/15/2024","AQS","060658001","1","0.081","ppm","136","Rubidoux","17","100.0000","44201","Ozone","087","40140","Riverside-San Bernardino-Ontario, CA","06","California","065","Riverside","33.9995800008751","-117.41601"
"07/16/2024","AQS","060658001","1","0.073","ppm","108","Rubidoux","17","100.0000","44201","Ozone","087","40140","Riverside-San Bernardino-Ontario, CA","06","California","065","Riverside","33.9995800008751","-117.41601"
"07/17/2024","AQS","060658001","1","0.083","ppm","143","Rubidoux","17","100.0000","44201","Ozone","087","40140","Riverside-San Bernardino-Ontario, CA","06","California","065","Riverside","33.9995800008751","-117.41601"
"07/18/2024","AQS","060658001","1","0.089","ppm","159","Rubidoux","17","100.0000","44201","Ozone","087","40140","Riverside-San Bernardino-Ontario, CA","06","California","065","Riverside","33.9995800008751","-117.41601"
"07/19/2024","AQS","060658001","1","0.097","ppm","179","Rubidoux","17","100.0000","44201","Ozone","087","40140","Riverside-San Bernardino-Ontario, CA","06","California","065","Riverside","33.9995800008751","-117.41601"
"07/20/2024","AQS","060658001","1","0.094","ppm","172","Rubidoux","17","100.0000","44201","Ozone","087","40140","Riverside-San Bernardino-Ontario, CA","06","California","065","Riverside","33.9995800008751","-117.41601"
"07/21/2024","AQS","060658001","1","0.072","ppm","105","Rubidoux","17","100.0000","44201","Ozone","087","40140","Riverside-San Bernardino-Ontario, CA","06","California","065","Riverside","33.9995800008751","-117.41601"
"07/22/2024","AQS","060658001","1","0.096","ppm","177","Rubidoux","17","100.0000","44201","Ozone","087","40140","Riverside-San Bernardino-Ontario, CA","06","California","065","Riverside","33.9995800008751","-117.41601"
"07/23/2024","AQS","060658001","1","0.099","ppm","185","Rubidoux","17","100.0000","44201","Ozone","087","40140","Riverside-San Bernardino-Ontario, CA","06","California","065","Riverside","33.9995800008751","-117.41601"
"07/24/2024","AQS","060658001","1","0.101","ppm","190","Rubidoux","17","100.0000","44201","Ozone","087","40140","Riverside-San Bernardino-Ontario, CA","06","California","065","Riverside","33.9995800008751","-117.41601"
"07/25/2024","AQS","060658001","1","0.1","ppm","187","Rubidoux","17","100.0000","44201","Ozone","087","40140","Riverside-San Bernardino-Ontario, CA","06","California","065","Riverside","33.9995800008751","-117.41601"
"07/26/2024","AQS","060658001","1","0.064","ppm","80","Rubidoux","17","100.0000","44201","Ozone","087","40140","Riverside-San Bernardino-Ontario, CA","06","California","065","Riverside","33.9995800008751","-117.41601"
"07/27/2024","AQS","060658001","1","0.059","ppm","64","Rubidoux","17","100.0000","44201","Ozone","087","40140","Riverside-San Bernardino-Ontario, CA","06","California","065","Riverside","33.9995800008751","-117.41601"
"07/28/2024","AQS","060658001","1","0.059","ppm","64","Rubidoux","17","100.0000","44201","Ozone","087","40140","Riverside-San Bernardino-Ontario, CA","06","California","065","Riverside","33.9995800008751","-117.41601"
"07/29/2024","AQS","060658001","1","0.073","ppm","108","Rubidoux","17","100.0000","44201","Ozone","087","40140","Riverside-San Bernardino-Ontario, CA","06","California","065","Riverside","33.9995800008751","-117.41601"
"07/30/2024","AQS","060658001","1","0.077","ppm","122","Rubidoux","17","100.0000","44201","Ozone","087","40140","Riverside-San Bernardino-Ontario, CA","06","California","065","Riverside","33.9995800008751","-117.41601"
"07/31/2024","AQS","060658001","1","0.093","ppm","169","Rubidoux","17","100.0000","44201","Ozone","087","40140","Riverside-San Bernardino-Ontario, CA","06","California","065","Riverside","33.9995800008751","-117.41601"
"08/01/2024","AQS","060658001","1","0.078","ppm","126","Rubidoux","17","100.0000","44201","Ozone","087","40140","Riverside-San Bernardino-Ontario, CA","06","California","065","Riverside","33.9995800008751","-117.41601"
"08/02/2024","AQS","060658001","1","0.094","ppm","172","Rubidoux","14","82.0000","44201","Ozone","087","40140","Riverside-San Bernardino-Ontario, CA","06","California","065","Riverside","33.9995800008751","-117.41601"
"08/03/2024","AQS","060658001","1","0.097","ppm","179","Rubidoux","17","100.0000","44201","Ozone","087","40140","Riverside-San Bernardino-Ontario, CA","06","California","065","Riverside","33.9995800008751","-117.41601"
"08/04/2024","AQS","060658001","1","0.086","ppm","151","Rubidoux","17","100.0000","44201","Ozone","087","40140","Riverside-San Bernardino-Ontario, CA","06","California","065","Riverside","33.9995800008751","-117.41601"
"08/05/2024","AQS","060658001","1","0.097","ppm","179","Rubidoux","17","100.0000","44201","Ozone","087","40140","Riverside-San Bernardino-Ontario, CA","06","California","065","Riverside","33.9995800008751","-117.41601"
"08/06/2024","AQS","060658001","1","0.08","ppm","133","Rubidoux","14","82.0000","44201","Ozone","087","40140","Riverside-San Bernardino-Ontario, CA","06","California","065","Riverside","33.9995800008751","-117.41601"
"08/07/2024","AQS","060658001","1","0.07","ppm","100","Rubidoux","17","100.0000","44201","Ozone","087","40140","Riverside-San Bernardino-Ontario, CA","06","California","065","Riverside","33.9995800008751","-117.41601"
"08/08/2024","AQS","060658001","1","0.069","ppm","97","Rubidoux","17","100.0000","44201","Ozone","087","40140","Riverside-San Bernardino-Ontario, CA","06","California","065","Riverside","33.9995800008751","-117.41601"
"08/09/2024","AQS","060658001","1","0.092","ppm","166","Rubidoux","17","100.0000","44201","Ozone","087","40140","Riverside-San Bernardino-Ontario, CA","06","California","065","Riverside","33.9995800008751","-117.41601"
"08/10/2024","AQS","060658001","1","0.092","ppm","166","Rubidoux","17","100.0000","44201","Ozone","087","40140","Riverside-San Bernardino-Ontario, CA","06","California","065","Riverside","33.9995800008751","-117.41601"
"08/11/2024","AQS","060658001","1","0.074","ppm","112","Rubidoux","17","100.0000","44201","Ozone","087","40140","Riverside-San Bernardino-Ontario, CA","06","California","065","Riverside","33.9995800008751","-117.41601"
"08/12/2024","AQS","060658001","1","0.056","ppm","54","Rubidoux","17","100.0000","44201","Ozone","087","40140","Riverside-San Bernardino-Ontario, CA","06","California","065","Riverside","33.9995800008751","-117.41601"
"08/13/2024","AQS","060658001","1","0.064","ppm","80","Rubidoux","17","100.0000","44201","Ozone","087","40140","Riverside-San Bernardino-Ontario, CA","06","California","065","Riverside","33.9995800008751","-117.41601"
"08/14/2024","AQS","060658001","1","0.068","ppm","93","Rubidoux","17","100.0000","44201","Ozone","087","40140","Riverside-San Bernardino-Ontario, CA","06","California","065","Riverside","33.9995800008751","-117.41601"
"08/15/2024","AQS","060658001","1","0.076","ppm","119","Rubidoux","17","100.0000","44201","Ozone","087","40140","Riverside-San Bernardino-Ontario, CA","06","California","065","Riverside","33.9995800008751","-117.41601"
"08/16/2024","AQS","060658001","1","0.083","ppm","143","Rubidoux","17","100.0000","44201","Ozone","087","40140","Riverside-San Bernardino-Ontario, CA","06","California","065","Riverside","33.9995800008751","-117.41601"
"08/17/2024","AQS","060658001","1","0.062","ppm","74","Rubidoux","17","100.0000","44201","Ozone","087","40140","Riverside-San Bernardino-Ontario, CA","06","California","065","Riverside","33.9995800008751","-117.41601"
"08/18/2024","AQS","060658001","1","0.07","ppm","100","Rubidoux","17","100.0000","44201","Ozone","087","40140","Riverside-San Bernardino-Ontario, CA","06","California","065","Riverside","33.9995800008751","-117.41601"
"08/19/2024","AQS","060658001","1","0.094","ppm","172","Rubidoux","17","100.0000","44201","Ozone","087","40140","Riverside-San Bernardino-Ontario, CA","06","California","065","Riverside","33.9995800008751","-117.41601"
"08/20/2024","AQS","060658001","1","0.075","ppm","115","Rubidoux","17","100.0000","44201","Ozone","087","40140","Riverside-San Bernardino-Ontario, CA","06","California","065","Riverside","33.9995800008751","-117.41601"
"08/21/2024","AQS","060658001","1","0.079","ppm","129","Rubidoux","17","100.0000","44201","Ozone","087","40140","Riverside-San Bernardino-Ontario, CA","06","California","065","Riverside","33.9995800008751","-117.41601"
"08/22/2024","AQS","060658001","1","0.063","ppm","77","Rubidoux","17","100.0000","44201","Ozone","087","40140","Riverside-San Bernardino-Ontario, CA","06","California","065","Riverside","33.9995800008751","-117.41601"
"08/23/2024","AQS","060658001","1","0.057","ppm","58","Rubidoux","17","100.0000","44201","Ozone","087","40140","Riverside-San Bernardino-Ontario, CA","06","California","065","Riverside","33.9995800008751","-117.41601"
"08/24/2024","AQS","060658001","1","0.052","ppm","48","Rubidoux","17","100.0000","44201","Ozone","087","40140","Riverside-San Bernardino-Ontario, CA","06","California","065","Riverside","33.9995800008751","-117.41601"
"08/25/2024","AQS","060658001","1","0.062","ppm","74","Rubidoux","17","100.0000","44201","Ozone","087","40140","Riverside-San Bernardino-Ontario, CA","06","California","065","Riverside","33.9995800008751","-117.41601"
"08/26/2024","AQS","060658001","1","0.081","ppm","136","Rubidoux","17","100.0000","44201","Ozone","087","40140","Riverside-San Bernardino-Ontario, CA","06","California","065","Riverside","33.9995800008751","-117.41601"
"08/27/2024","AQS","060658001","1","0.088","ppm","156","Rubidoux","17","100.0000","44201","Ozone","087","40140","Riverside-San Bernardino-Ontario, CA","06","California","065","Riverside","33.9995800008751","-117.41601"
"08/28/2024","AQS","060658001","1","0.081","ppm","136","Rubidoux","17","100.0000","44201","Ozone","087","40140","Riverside-San Bernardino-Ontario, CA","06","California","065","Riverside","33.9995800008751","-117.41601"
"08/29/2024","AQS","060658001","1","0.085","ppm","150","Rubidoux","17","100.0000","44201","Ozone","087","40140","Riverside-San Bernardino-Ontario, CA","06","California","065","Riverside","33.9995800008751","-117.41601"
"08/30/2024","AQS","060658001","1","0.086","ppm","151","Rubidoux","17","100.0000","44201","Ozone","087","40140","Riverside-San Bernardino-Ontario, CA","06","California","065","Riverside","33.9995800008751","-117.41601"
"08/31/2024","AQS","060658001","1","0.098","ppm","182","Rubidoux","17","100.0000","44201","Ozone","087","40140","Riverside-San Bernardino-Ontario, CA","06","California","065","Riverside","33.9995800008751","-117.41601"
"09/01/2024","AQS","060658001","1","0.088","ppm","156","Rubidoux","17","100.0000","44201","Ozone","087","40140","Riverside-San Bernardino-Ontario, CA","06","California","065","Riverside","33.9995800008751","-117.41601"
"09/02/2024","AQS","060658001","1","0.086","ppm","151","Rubidoux","17","100.0000","44201","Ozone","087","40140","Riverside-San Bernardino-Ontario, CA","06","California","065","Riverside","33.9995800008751","-117.41601"
"09/03/2024","AQS","060658001","1","0.091","ppm","164","Rubidoux","17","100.0000","44201","Ozone","087","40140","Riverside-San Bernardino-Ontario, CA","06","California","065","Riverside","33.9995800008751","-117.41601"
"09/04/2024","AQS","060658001","1","0.083","ppm","143","Rubidoux","17","100.0000","44201","Ozone","087","40140","Riverside-San Bernardino-Ontario, CA","06","California","065","Riverside","33.9995800008751","-117.41601"
"09/05/2024","AQS","060658001","1","0.099","ppm","185","Rubidoux","17","100.0000","44201","Ozone","087","40140","Riverside-San Bernardino-Ontario, CA","06","California","065","Riverside","33.9995800008751","-117.41601"
"09/06/2024","AQS","060658001","1","0.096","ppm","177","Rubidoux","17","100.0000","44201","Ozone","087","40140","Riverside-San Bernardino-Ontario, CA","06","California","065","Riverside","33.9995800008751","-117.41601"
"09/07/2024","AQS","060658001","1","0.095","ppm","174","Rubidoux","17","100.0000","44201","Ozone","087","40140","Riverside-San Bernardino-Ontario, CA","06","California","065","Riverside","33.9995800008751","-117.41601"
"09/08/2024","AQS","060658001","1","0.07","ppm","100","Rubidoux","17","100.0000","44201","Ozone","087","40140","Riverside-San Bernardino-Ontario, CA","06","California","065","Riverside","33.9995800008751","-117.41601"
"09/09/2024","AQS","060658001","1","0.096","ppm","177","Rubidoux","17","100.0000","44201","Ozone","087","40140","Riverside-San Bernardino-Ontario, CA","06","California","065","Riverside","33.9995800008751","-117.41601"
"09/10/2024","AQS","060658001","1","0.069","ppm","97","Rubidoux","17","100.0000","44201","Ozone","087","40140","Riverside-San Bernardino-Ontario, CA","06","California","065","Riverside","33.9995800008751","-117.41601"
"09/11/2024","AQS","060658001","1","0.063","ppm","77","Rubidoux","17","100.0000","44201","Ozone","087","40140","Riverside-San Bernardino-Ontario, CA","06","California","065","Riverside","33.9995800008751","-117.41601"
"09/12/2024","AQS","060658001","1","0.058","ppm","61","Rubidoux","17","100.0000","44201","Ozone","087","40140","Riverside-San Bernardino-Ontario, CA","06","California","065","Riverside","33.9995800008751","-117.41601"
"09/13/2024","AQS","060658001","1","0.064","ppm","80","Rubidoux","17","100.0000","44201","Ozone","087","40140","Riverside-San Bernardino-Ontario, CA","06","California","065","Riverside","33.9995800008751","-117.41601"
"09/14/2024","AQS","060658001","1","0.07","ppm","100","Rubidoux","17","100.0000","44201","Ozone","087","40140","Riverside-San Bernardino-Ontario, CA","06","California","065","Riverside","33.9995800008751","-117.41601"
"09/15/2024","AQS","060658001","1","0.059","ppm","64","Rubidoux","17","100.0000","44201","Ozone","087","40140","Riverside-San Bernardino-Ontario, CA","06","California","065","Riverside","33.9995800008751","-117.41601"
"09/16/2024","AQS","060658001","1","0.049","ppm","45","Rubidoux","17","100.0000","44201","Ozone","087","40140","Riverside-San Bernardino-Ontario, CA","06","California","065","Riverside","33.9995800008751","-117.41601"
"09/17/2024","AQS","060658001","1","0.052","ppm","48","Rubidoux","17","100.0000","44201","Ozone","087","40140","Riverside-San Bernardino-Ontario, CA","06","California","065","Riverside","33.9995800008751","-117.41601"
"09/18/2024","AQS","060658001","1","0.059","ppm","64","Rubidoux","17","100.0000","44201","Ozone","087","40140","Riverside-San Bernardino-Ontario, CA","06","California","065","Riverside","33.9995800008751","-117.41601"
"09/19/2024","AQS","060658001","1","0.05","ppm","46","Rubidoux","17","100.0000","44201","Ozone","087","40140","Riverside-San Bernardino-Ontario, CA","06","California","065","Riverside","33.9995800008751","-117.41601"
"09/20/2024","AQS","060658001","1","0.051","ppm","47","Rubidoux","17","100.0000","44201","Ozone","087","40140","Riverside-San Bernardino-Ontario, CA","06","California","065","Riverside","33.9995800008751","-117.41601"
"09/21/2024","AQS","060658001","1","0.065","ppm","84","Rubidoux","17","100.0000","44201","Ozone","087","40140","Riverside-San Bernardino-Ontario, CA","06","California","065","Riverside","33.9995800008751","-117.41601"
"09/22/2024","AQS","060658001","1","0.083","ppm","143","Rubidoux","17","100.0000","44201","Ozone","087","40140","Riverside-San Bernardino-Ontario, CA","06","California","065","Riverside","33.9995800008751","-117.41601"
"09/23/2024","AQS","060658001","1","0.086","ppm","151","Rubidoux","17","100.0000","44201","Ozone","087","40140","Riverside-San Bernardino-Ontario, CA","06","California","065","Riverside","33.9995800008751","-117.41601"
"09/24/2024","AQS","060658001","1","0.078","ppm","126","Rubidoux","17","100.0000","44201","Ozone","087","40140","Riverside-San Bernardino-Ontario, CA","06","California","065","Riverside","33.9995800008751","-117.41601"
"09/25/2024","AQS","060658001","1","0.076","ppm","119","Rubidoux","17","100.0000","44201","Ozone","087","40140","Riverside-San Bernardino-Ontario, CA","06","California","065","Riverside","33.9995800008751","-117.41601"
"09/26/2024","AQS","060658001","1","0.077","ppm","122","Rubidoux","17","100.0000","44201","Ozone","087","40140","Riverside-San Bernardino-Ontario, CA","06","California","065","Riverside","33.9995800008751","-117.41601"
"09/27/2024","AQS","060658001","1","0.078","ppm","126","Rubidoux","14","82.0000","44201","Ozone","087","40140","Riverside-San Bernardino-Ontario, CA","06","California","065","Riverside","33.9995800008751","-117.41601"
"09/28/2024","AQS","060658001","1","0.08","ppm","133","Rubidoux","17","100.0000","44201","Ozone","087","40140","Riverside-San Bernardino-Ontario, CA","06","California","065","Riverside","33.9995800008751","-117.41601"
"09/29/2024","AQS","060658001","1","0.079","ppm","129","Rubidoux","17","100.0000","44201","Ozone","087","40140","Riverside-San Bernardino-Ontario, CA","06","California","065","Riverside","33.9995800008751","-117.41601"
"09/30/2024","AQS","060658001","1","0.094","ppm","172","Rubidoux","17","100.0000","44201","Ozone","087","40140","Riverside-San Bernardino-Ontario, CA","06","California","065","Riverside","33.9995800008751","-117.41601"
"10/01/2024","AQS","060658001","1","0.099","ppm","185","Rubidoux","17","100.0000","44201","Ozone","087","40140","Riverside-San Bernardino-Ontario, CA","06","California","065","Riverside","33.9995800008751","-117.41601"
"10/02/2024","AQS","060658001","1","0.103","ppm","195","Rubidoux","17","100.0000","44201","Ozone","087","40140","Riverside-San Bernardino-Ontario, CA","06","California","065","Riverside","33.9995800008751","-117.41601"
"10/03/2024","AQS","060658001","1","0.104","ppm","197","Rubidoux","17","100.0000","44201","Ozone","087","40140","Riverside-San Bernardino-Ontario, CA","06","California","065","Riverside","33.9995800008751","-117.41601"
"10/04/2024","AQS","060658001","1","0.086","ppm","151","Rubidoux","17","100.0000","44201","Ozone","087","40140","Riverside-San Bernardino-Ontario, CA","06","California","065","Riverside","33.9995800008751","-117.41601"
"10/05/2024","AQS","060658001","1","0.105","ppm","200","Rubidoux","17","100.0000","44201","Ozone","087","40140","Riverside-San Bernardino-Ontario, CA","06","California","065","Riverside","33.9995800008751","-117.41601"
"10/06/2024","AQS","060658001","1","0.099","ppm","185","Rubidoux","17","100.0000","44201","Ozone","087","40140","Riverside-San Bernardino-Ontario, CA","06","California","065","Riverside","33.9995800008751","-117.41601"
"10/07/2024","AQS","060658001","1","0.09","ppm","161","Rubidoux","17","100.0000","44201","Ozone","087","40140","Riverside-San Bernardino-Ontario, CA","06","California","065","Riverside","33.9995800008751","-117.41601"
"10/08/2024","AQS","060658001","1","0.077","ppm","122","Rubidoux","17","100.0000","44201","Ozone","087","40140","Riverside-San Bernardino-Ontario, CA","06","California","065","Riverside","33.9995800008751","-117.41601"
"10/09/2024","AQS","060658001","1","0.076","ppm","119","Rubidoux","17","100.0000","44201","Ozone","087","40140","Riverside-San Bernardino-Ontario, CA","06","California","065","Riverside","33.9995800008751","-117.41601"
"10/10/2024","AQS","060658001","1","0.07","ppm","100","Rubidoux","17","100.0000","44201","Ozone","087","40140","Riverside-San Bernardino-Ontario, CA","06","California","065","Riverside","33.9995800008751","-117.41601"
"10/11/2024","AQS","060658001","1","0.067","ppm","90","Rubidoux","17","100.0000","44201","Ozone","087","40140","Riverside-San Bernardino-Ontario, CA","06","California","065","Riverside","33.9995800008751","-117.41601"
"10/12/2024","AQS","060658001","1","0.06","ppm","67","Rubidoux","17","100.0000","44201","Ozone","087","40140","Riverside-San Bernardino-Ontario, CA","06","California","065","Riverside","33.9995800008751","-117.41601"
"10/13/2024","AQS","060658001","1","0.057","ppm","58","Rubidoux","17","100.0000","44201","Ozone","087","40140","Riverside-San Bernardino-Ontario, CA","06","California","065","Riverside","33.9995800008751","-117.41601"
"10/14/2024","AQS","060658001","1","0.052","ppm","48","Rubidoux","17","100.0000","44201","Ozone","087","40140","Riverside-San Bernardino-Ontario, CA","06","California","065","Riverside","33.9995800008751","-117.41601"
"10/15/2024","AQS","060658001","1","0.051","ppm","47","Rubidoux","17","100.0000","44201","Ozone","087","40140","Riverside-San Bernardino-Ontario, CA","06","California","065","Riverside","33.9995800008751","-117.41601"
"10/16/2024","AQS","060658001","1","0.042","ppm","39","Rubidoux","17","100.0000","44201","Ozone","087","40140","Riverside-San Bernardino-Ontario, CA","06","California","065","Riverside","33.9995800008751","-117.41601"
"10/17/2024","AQS","060658001","1","0.046","ppm","43","Rubidoux","17","100.0000","44201","Ozone","087","40140","Riverside-San Bernardino-Ontario, CA","06","California","065","Riverside","33.9995800008751","-117.41601"
"10/18/2024","AQS","060658001","1","0.044","ppm","41","Rubidoux","17","100.0000","44201","Ozone","087","40140","Riverside-San Bernardino-Ontario, CA","06","California","065","Riverside","33.9995800008751","-117.41601"
"10/19/2024","AQS","060658001","1","0.051","ppm","47","Rubidoux","17","100.0000","44201","Ozone","087","40140","Riverside-San Bernardino-Ontario, CA","06","California","065","Riverside","33.9995800008751","-117.41601"
"10/20/2024","AQS","060658001","1","0.058","ppm","61","Rubidoux","17","100.0000","44201","Ozone","087","40140","Riverside-San Bernardino-Ontario, CA","06","California","065","Riverside","33.9995800008751","-117.41601"
"10/21/2024","AQS","060658001","1","0.062","ppm","74","Rubidoux","17","100.0000","44201","Ozone","087","40140","Riverside-San Bernardino-Ontario, CA","06","California","065","Riverside","33.9995800008751","-117.41601"
"10/22/2024","AQS","060658001","1","0.065","ppm","84","Rubidoux","17","100.0000","44201","Ozone","087","40140","Riverside-San Bernardino-Ontario, CA","06","California","065","Riverside","33.9995800008751","-117.41601"
"10/23/2024","AQS","060658001","1","0.073","ppm","108","Rubidoux","17","100.0000","44201","Ozone","087","40140","Riverside-San Bernardino-Ontario, CA","06","California","065","Riverside","33.9995800008751","-117.41601"
"10/24/2024","AQS","060658001","1","0.07","ppm","100","Rubidoux","17","100.0000","44201","Ozone","087","40140","Riverside-San Bernardino-Ontario, CA","06","California","065","Riverside","33.9995800008751","-117.41601"
"10/25/2024","AQS","060658001","1","0.074","ppm","112","Rubidoux","17","100.0000","44201","Ozone","087","40140","Riverside-San Bernardino-Ontario, CA","06","California","065","Riverside","33.9995800008751","-117.41601"
"10/26/2024","AQS","060658001","1","0.086","ppm","151","Rubidoux","17","100.0000","44201","Ozone","087","40140","Riverside-San Bernardino-Ontario, CA","06","California","065","Riverside","33.9995800008751","-117.41601"
"10/27/2024","AQS","060658001","1","0.071","ppm","101","Rubidoux","17","100.0000","44201","Ozone","087","40140","Riverside-San Bernardino-Ontario, CA","06","California","065","Riverside","33.9995800008751","-117.41601"
"10/28/2024","AQS","060658001","1","0.04","ppm","37","Rubidoux","17","100.0000","44201","Ozone","087","40140","Riverside-San Bernardino-Ontario, CA","06","California","065","Riverside","33.9995800008751","-117.41601"
"10/29/2024","AQS","060658001","1","0.047","ppm","44","Rubidoux","17","100.0000","44201","Ozone","087","40140","Riverside-San Bernardino-Ontario, CA","06","California","065","Riverside","33.9995800008751","-117.41601"
"10/30/2024","AQS","060658001","1","0.045","ppm","42","Rubidoux","17","100.0000","44201","Ozone","087","40140","Riverside-San Bernardino-Ontario, CA","06","California","065","Riverside","33.9995800008751","-117.41601"
"10/31/2024","AirNow","060658001","1","0.053","ppm","49","Rubidoux","24","100.0000","44201","Ozone","","40140","Riverside-San Bernardino-Ontario, CA","06","California","065","Riverside","33.9995800008751","-117.41601"
"11/01/2024","AirNow","060658001","1","0.052","ppm","48","Rubidoux","24","100.0000","44201","Ozone","","40140","Riverside-San Bernardino-Ontario, CA","06","California","065","Riverside","33.9995800008751","-117.41601"
"11/02/2024","AirNow","060658001","1","0.048","ppm","44","Rubidoux","24","100.0000","44201","Ozone","","40140","Riverside-San Bernardino-Ontario, CA","06","California","065","Riverside","33.9995800008751","-117.41601"
"11/03/2024","AirNow","060658001","1","0.049","ppm","45","Rubidoux","24","100.0000","44201","Ozone","","40140","Riverside-San Bernardino-Ontario, CA","06","California","065","Riverside","33.9995800008751","-117.41601"
"11/04/2024","AirNow","060658001","1","0.04","ppm","37","Rubidoux","24","100.0000","44201","Ozone","","40140","Riverside-San Bernardino-Ontario, CA","06","California","065","Riverside","33.9995800008751","-117.41601"
"11/05/2024","AirNow","060658001","1","0.047","ppm","44","Rubidoux","24","100.0000","44201","Ozone","","40140","Riverside-San Bernardino-Ontario, CA","06","California","065","Riverside","33.9995800008751","-117.41601"
"11/07/2024","AirNow","060658001","1","0.036","ppm","33","Rubidoux","24","100.0000","44201","Ozone","","40140","Riverside-San Bernardino-Ontario, CA","06","California","065","Riverside","33.9995800008751","-117.41601"
"11/08/2024","AirNow","060658001","1","0.038","ppm","35","Rubidoux","24","100.0000","44201","Ozone","","40140","Riverside-San Bernardino-Ontario, CA","06","California","065","Riverside","33.9995800008751","-117.41601"
"11/09/2024","AirNow","060658001","1","0.05","ppm","46","Rubidoux","24","100.0000","44201","Ozone","","40140","Riverside-San Bernardino-Ontario, CA","06","California","065","Riverside","33.9995800008751","-117.41601"
"11/10/2024","AirNow","060658001","1","0.057","ppm","58","Rubidoux","24","100.0000","44201","Ozone","","40140","Riverside-San Bernardino-Ontario, CA","06","California","065","Riverside","33.9995800008751","-117.41601"
"11/11/2024","AirNow","060658001","1","0.059","ppm","64","Rubidoux","24","100.0000","44201","Ozone","","40140","Riverside-San Bernardino-Ontario, CA","06","California","065","Riverside","33.9995800008751","-117.41601"
"11/13/2024","AirNow","060658001","1","0.044","ppm","41","Rubidoux","24","100.0000","44201","Ozone","","40140","Riverside-San Bernardino-Ontario, CA","06","California","065","Riverside","33.9995800008751","-117.41601"
"11/14/2024","AirNow","060658001","1","0.047","ppm","44","Rubidoux","24","100.0000","44201","Ozone","","40140","Riverside-San Bernardino-Ontario, CA","06","California","065","Riverside","33.9995800008751","-117.41601"
"11/15/2024","AirNow","060658001","1","0.04","ppm","37","Rubidoux","24","100.0000","44201","Ozone","","40140","Riverside-San Bernardino-Ontario, CA","06","California","065","Riverside","33.9995800008751","-117.41601"
"11/16/2024","AirNow","060658001","1","0.039","ppm","36","Rubidoux","24","100.0000","44201","Ozone","","40140","Riverside-San Bernardino-Ontario, CA","06","California","065","Riverside","33.9995800008751","-117.41601"
"11/17/2024","AirNow","060658001","1","0.042","ppm","39","Rubidoux","24","100.0000","44201","Ozone","","40140","Riverside-San Bernardino-Ontario, CA","06","California","065","Riverside","33.9995800008751","-117.41601"
"11/18/2024","AirNow","060658001","1","0.043","ppm","40","Rubidoux","24","100.0000","44201","Ozone","","40140","Riverside-San Bernardino-Ontario, CA","06","California","065","Riverside","33.9995800008751","-117.41601"
"11/20/2024","AirNow","060658001","1","0.04","ppm","37","Rubidoux","24","100.0000","44201","Ozone","","40140","Riverside-San Bernardino-Ontario, CA","06","California","065","Riverside","33.9995800008751","-117.41601"
"11/23/2024","AirNow","060658001","1","0.03","ppm","28","Rubidoux","24","100.0000","44201","Ozone","","40140","Riverside-San Bernardino-Ontario, CA","06","California","065","Riverside","33.9995800008751","-117.41601"
"11/24/2024","AirNow","060658001","1","0.039","ppm","36","Rubidoux","24","100.0000","44201","Ozone","","40140","Riverside-San Bernardino-Ontario, CA","06","California","065","Riverside","33.9995800008751","-117.41601"
"11/25/2024","AirNow","060658001","1","0.025","ppm","23","Rubidoux","24","100.0000","44201","Ozone","","40140","Riverside-San Bernardino-Ontario, CA","06","California","065","Riverside","33.9995800008751","-117.41601"
"11/26/2024","AirNow","060658001","1","0.03","ppm","28","Rubidoux","24","100.0000","44201","Ozone","","40140","Riverside-San Bernardino-Ontario, CA","06","California","065","Riverside","33.9995800008751","-117.41601"
"11/27/2024","AirNow","060658001","1","0.027","ppm","25","Rubidoux","24","100.0000","44201","Ozone","","40140","Riverside-San Bernardino-Ontario, CA","06","California","065","Riverside","33.9995800008751","-117.41601"
"11/28/2024","AirNow","060658001","1","0.043","ppm","40","Rubidoux","24","100.0000","44201","Ozone","","40140","Riverside-San Bernardino-Ontario, CA","06","California","065","Riverside","33.9995800008751","-117.41601"
"11/29/2024","AirNow","060658001","1","0.039","ppm","36","Rubidoux","24","100.0000","44201","Ozone","","40140","Riverside-San Bernardino-Ontario, CA","06","California","065","Riverside","33.9995800008751","-117.41601"
"11/30/2024","AirNow","060658001","1","0.038","ppm","35","Rubidoux","24","100.0000","44201","Ozone","","40140","Riverside-San Bernardino-Ontario, CA","06","California","065","Riverside","33.9995800008751","-117.41601"
"12/01/2024","AirNow","060658001","1","0.041","ppm","38","Rubidoux","24","100.0000","44201","Ozone","","40140","Riverside-San Bernardino-Ontario, CA","06","California","065","Riverside","33.9995800008751","-117.41601"
"12/02/2024","AirNow","060658001","1","0.032","ppm","30","Rubidoux","24","100.0000","44201","Ozone","","40140","Riverside-San Bernardino-Ontario, CA","06","California","065","Riverside","33.9995800008751","-117.41601"
"12/03/2024","AirNow","060658001","1","0.034","ppm","31","Rubidoux","24","100.0000","44201","Ozone","","40140","Riverside-San Bernardino-Ontario, CA","06","California","065","Riverside","33.9995800008751","-117.41601"
"12/04/2024","AirNow","060658001","1","0.039","ppm","36","Rubidoux","24","100.0000","44201","Ozone","","40140","Riverside-San Bernardino-Ontario, CA","06","California","065","Riverside","33.9995800008751","-117.41601"
"12/05/2024","AirNow","060658001","1","0.033","ppm","31","Rubidoux","24","100.0000","44201","Ozone","","40140","Riverside-San Bernardino-Ontario, CA","06","California","065","Riverside","33.9995800008751","-117.41601"
"12/06/2024","AirNow","060658001","1","0.04","ppm","37","Rubidoux","24","100.0000","44201","Ozone","","40140","Riverside-San Bernardino-Ontario, CA","06","California","065","Riverside","33.9995800008751","-117.41601"
"12/07/2024","AirNow","060658001","1","0.039","ppm","36","Rubidoux","24","100.0000","44201","Ozone","","40140","Riverside-San Bernardino-Ontario, CA","06","California","065","Riverside","33.9995800008751","-117.41601"
"12/08/2024","AirNow","060658001","1","0.044","ppm","41","Rubidoux","24","100.0000","44201","Ozone","","40140","Riverside-San Bernardino-Ontario, CA","06","California","065","Riverside","33.9995800008751","-117.41601"
"12/09/2024","AirNow","060658001","1","0.043","ppm","40","Rubidoux","24","100.0000","44201","Ozone","","40140","Riverside-San Bernardino-Ontario, CA","06","California","065","Riverside","33.9995800008751","-117.41601"
"12/10/2024","AirNow","060658001","1","0.04","ppm","37","Rubidoux","24","100.0000","44201","Ozone","","40140","Riverside-San Bernardino-Ontario, CA","06","California","065","Riverside","33.9995800008751","-117.41601"
"12/11/2024","AirNow","060658001","1","0.023","ppm","21","Rubidoux","24","100.0000","44201","Ozone","","40140","Riverside-San Bernardino-Ontario, CA","06","California","065","Riverside","33.9995800008751","-117.41601"
"12/12/2024","AirNow","060658001","1","0.038","ppm","35","Rubidoux","24","100.0000","44201","Ozone","","40140","Riverside-San Bernardino-Ontario, CA","06","California","065","Riverside","33.9995800008751","-117.41601"
"12/13/2024","AirNow","060658001","1","0.037","ppm","34","Rubidoux","24","100.0000","44201","Ozone","","40140","Riverside-San Bernardino-Ontario, CA","06","California","065","Riverside","33.9995800008751","-117.41601"
"12/14/2024","AirNow","060658001","1","0.039","ppm","36","Rubidoux","24","100.0000","44201","Ozone","","40140","Riverside-San Bernardino-Ontario, CA","06","California","065","Riverside","33.9995800008751","-117.41601"
"12/15/2024","AirNow","060658001","1","0.035","ppm","32","Rubidoux","24","100.0000","44201","Ozone","","40140","Riverside-San Bernardino-Ontario, CA","06","California","065","Riverside","33.9995800008751","-117.41601"
"12/16/2024","AirNow","060658001","1","0.036","ppm","33","Rubidoux","24","100.0000","44201","Ozone","","40140","Riverside-San Bernardino-Ontario, CA","06","California","065","Riverside","33.9995800008751","-117.41601"
"12/17/2024","AirNow","060658001","1","0.042","ppm","39","Rubidoux","24","100.0000","44201","Ozone","","40140","Riverside-San Bernardino-Ontario, CA","06","California","065","Riverside","33.9995800008751","-117.41601"
"12/18/2024","AirNow","060658001","1","0.041","ppm","38","Rubidoux","24","100.0000","44201","Ozone","","40140","Riverside-San Bernardino-Ontario, CA","06","California","065","Riverside","33.9995800008751","-117.41601"
"12/19/2024","AirNow","060658001","1","0.036","ppm","33","Rubidoux","24","100.0000","44201","Ozone","","40140","Riverside-San Bernardino-Ontario, CA","06","California","065","Riverside","33.9995800008751","-117.41601"
"12/20/2024","AirNow","060658001","1","0.036","ppm","33","Rubidoux","24","100.0000","44201","Ozone","","40140","Riverside-San Bernardino-Ontario, CA","06","California","065","Riverside","33.9995800008751","-117.41601"
"12/21/2024","AirNow","060658001","1","0.04","ppm","37","Rubidoux","24","100.0000","44201","Ozone","","40140","Riverside-San Bernardino-Ontario, CA","06","California","065","Riverside","33.9995800008751","-117.41601"
"12/22/2024","AirNow","060658001","1","0.036","ppm","33","Rubidoux","24","100.0000","44201","Ozone","","40140","Riverside-San Bernardino-Ontario, CA","06","California","065","Riverside","33.9995800008751","-117.41601"
"12/23/2024","AirNow","060658001","1","0.038","ppm","35","Rubidoux","24","100.0000","44201","Ozone","","40140","Riverside-San Bernardino-Ontario, CA","06","California","065","Riverside","33.9995800008751","-117.41601"
"12/24/2024","AirNow","060658001","1","0.029","ppm","27","Rubidoux","24","100.0000","44201","Ozone","","40140","Riverside-San Bernardino-Ontario, CA","06","California","065","Riverside","33.9995800008751","-117.41601"
"12/25/2024","AirNow","060658001","1","0.04","ppm","37","Rubidoux","24","100.0000","44201","Ozone","","40140","Riverside-San Bernardino-Ontario, CA","06","California","065","Riverside","33.9995800008751","-117.41601"
"12/26/2024","AirNow","060658001","1","0.037","ppm","34","Rubidoux","24","100.0000","44201","Ozone","","40140","Riverside-San Bernardino-Ontario, CA","06","California","065","Riverside","33.9995800008751","-117.41601"
"12/27/2024","AirNow","060658001","1","0.021","ppm","19","Rubidoux","24","100.0000","44201","Ozone","","40140","Riverside-San Bernardino-Ontario, CA","06","California","065","Riverside","33.9995800008751","-117.41601"
"12/28/2024","AirNow","060658001","1","0.03","ppm","28","Rubidoux","24","100.0000","44201","Ozone","","40140","Riverside-San Bernardino-Ontario, CA","06","California","065","Riverside","33.9995800008751","-117.41601"
"12/29/2024","AirNow","060658001","1","0.035","ppm","32","Rubidoux","24","100.0000","44201","Ozone","","40140","Riverside-San Bernardino-Ontario, CA","06","California","065","Riverside","33.9995800008751","-117.41601"
"12/30/2024","AirNow","060658001","1","0.032","ppm","30","Rubidoux","24","100.0000","44201","Ozone","","40140","Riverside-San Bernardino-Ontario, CA","06","California","065","Riverside","33.9995800008751","-117.41601"
"12/31/2024","AirNow","060658001","1","0.021","ppm","19","Rubidoux","19","79.0000","44201","Ozone","","40140","Riverside-San Bernardino-Ontario, CA","06","California","065","Riverside","33.9995800008751","-117.41601"
"01/01/2024","AQS","060658005","1","0.037","ppm","34","Mira Loma (Van Buren)","17","100.0000","44201","Ozone","087","40140","Riverside-San Bernardino-Ontario, CA","06","California","065","Riverside","33.996360000875","-117.4924"
"01/02/2024","AQS","060658005","1","0.034","ppm","31","Mira Loma (Van Buren)","17","100.0000","44201","Ozone","087","40140","Riverside-San Bernardino-Ontario, CA","06","California","065","Riverside","33.996360000875","-117.4924"
"01/03/2024","AQS","060658005","1","0.037","ppm","34","Mira Loma (Van Buren)","17","100.0000","44201","Ozone","087","40140","Riverside-San Bernardino-Ontario, CA","06","California","065","Riverside","33.996360000875","-117.4924"
"01/04/2024","AQS","060658005","1","0.026","ppm","24","Mira Loma (Van Buren)","17","100.0000","44201","Ozone","087","40140","Riverside-San Bernardino-Ontario, CA","06","California","065","Riverside","33.996360000875","-117.4924"
"01/05/2024","AQS","060658005","1","0.026","ppm","24","Mira Loma (Van Buren)","17","100.0000","44201","Ozone","087","40140","Riverside-San Bernardino-Ontario, CA","06","California","065","Riverside","33.996360000875","-117.4924"
"01/06/2024","AQS","060658005","1","0.036","ppm","33","Mira Loma (Van Buren)","17","100.0000","44201","Ozone","087","40140","Riverside-San Bernardino-Ontario, CA","06","California","065","Riverside","33.996360000875","-117.4924"
"01/07/2024","AQS","060658005","1","0.038","ppm","35","Mira Loma (Van Buren)","17","100.0000","44201","Ozone","087","40140","Riverside-San Bernardino-Ontario, CA","06","California","065","Riverside","33.996360000875","-117.4924"
"01/08/2024","AQS","060658005","1","0.037","ppm","34","Mira Loma (Van Buren)","17","100.0000","44201","Ozone","087","40140","Riverside-San Bernardino-Ontario, CA","06","California","065","Riverside","33.996360000875","-117.4924"
"01/11/2024","AQS","060658005","1","0.036","ppm","33","Mira Loma (Van Buren)","17","100.0000","44201","Ozone","087","40140","Riverside-San Bernardino-Ontario, CA","06","California","065","Riverside","33.996360000875","-117.4924"
"01/12/2024","AQS","060658005","1","0.031","ppm","29","Mira Loma (Van Buren)","17","100.0000","44201","Ozone","087","40140","Riverside-San Bernardino-Ontario, CA","06","California","065","Riverside","33.996360000875","-117.4924"
"01/13/2024","AQS","060658005","1","0.038","ppm","35","Mira Loma (Van Buren)","17","100.0000","44201","Ozone","087","40140","Riverside-San Bernardino-Ontario, CA","06","California","065","Riverside","33.996360000875","-117.4924"
"01/14/2024","AQS","060658005","1","0.041","ppm","38","Mira Loma (Van Buren)","17","100.0000","44201","Ozone","087","40140","Riverside-San Bernardino-Ontario, CA","06","California","065","Riverside","33.996360000875","-117.4924"
"01/15/2024","AQS","060658005","1","0.038","ppm","35","Mira Loma (Van Buren)","17","100.0000","44201","Ozone","087","40140","Riverside-San Bernardino-Ontario, CA","06","California","065","Riverside","33.996360000875","-117.4924"
"01/16/2024","AQS","060658005","1","0.029","ppm","27","Mira Loma (Van Buren)","17","100.0000","44201","Ozone","087","40140","Riverside-San Bernardino-Ontario, CA","06","California","065","Riverside","33.996360000875","-117.4924"
"01/17/2024","AQS","060658005","1","0.031","ppm","29","Mira Loma (Van Buren)","17","100.0000","44201","Ozone","087","40140","Riverside-San Bernardino-Ontario, CA","06","California","065","Riverside","33.996360000875","-117.4924"
"01/18/2024","AQS","060658005","1","0.035","ppm","32","Mira Loma (Van Buren)","17","100.0000","44201","Ozone","087","40140","Riverside-San Bernardino-Ontario, CA","06","California","065","Riverside","33.996360000875","-117.4924"
"01/19/2024","AQS","060658005","1","0.023","ppm","21","Mira Loma (Van Buren)","17","100.0000","44201","Ozone","087","40140","Riverside-San Bernardino-Ontario, CA","06","California","065","Riverside","33.996360000875","-117.4924"
"01/20/2024","AQS","060658005","1","0.02","ppm","19","Mira Loma (Van Buren)","17","100.0000","44201","Ozone","087","40140","Riverside-San Bernardino-Ontario, CA","06","California","065","Riverside","33.996360000875","-117.4924"
"01/21/2024","AQS","060658005","1","0.033","ppm","31","Mira Loma (Van Buren)","17","100.0000","44201","Ozone","087","40140","Riverside-San Bernardino-Ontario, CA","06","California","065","Riverside","33.996360000875","-117.4924"
"01/22/2024","AQS","060658005","1","0.029","ppm","27","Mira Loma (Van Buren)","17","100.0000","44201","Ozone","087","40140","Riverside-San Bernardino-Ontario, CA","06","California","065","Riverside","33.996360000875","-117.4924"
"01/23/2024","AQS","060658005","1","0.032","ppm","30","Mira Loma (Van Buren)","17","100.0000","44201","Ozone","087","40140","Riverside-San Bernardino-Ontario, CA","06","California","065","Riverside","33.996360000875","-117.4924"
"01/24/2024","AQS","060658005","1","0.028","ppm","26","Mira Loma (Van Buren)","17","100.0000","44201","Ozone","087","40140","Riverside-San Bernardino-Ontario, CA","06","California","065","Riverside","33.996360000875","-117.4924"
"01/25/2024","AQS","060658005","1","0.035","ppm","32","Mira Loma (Van Buren)","17","100.0000","44201","Ozone","087","40140","Riverside-San Bernardino-Ontario, CA","06","California","065","Riverside","33.996360000875","-117.4924"
"01/26/2024","AQS","060658005","1","0.044","ppm","41","Mira Loma (Van Buren)","17","100.0000","44201","Ozone","087","40140","Riverside-San Bernardino-Ontario, CA","06","California","065","Riverside","33.996360000875","-117.4924"
"01/27/2024","AQS","060658005","1","0.038","ppm","35","Mira Loma (Van Buren)","17","100.0000","44201","Ozone","087","40140","Riverside-San Bernardino-Ontario, CA","06","California","065","Riverside","33.996360000875","-117.4924"
"01/28/2024","AQS","060658005","1","0.039","ppm","36","Mira Loma (Van Buren)","17","100.0000","44201","Ozone","087","40140","Riverside-San Bernardino-Ontario, CA","06","California","065","Riverside","33.996360000875","-117.4924"
"01/29/2024","AQS","060658005","1","0.033","ppm","31","Mira Loma (Van Buren)","17","100.0000","44201","Ozone","087","40140","Riverside-San Bernardino-Ontario, CA","06","California","065","Riverside","33.996360000875","-117.4924"
"01/30/2024","AQS","060658005","1","0.04","ppm","37","Mira Loma (Van Buren)","17","100.0000","44201","Ozone","087","40140","Riverside-San Bernardino-Ontario, CA","06","California","065","Riverside","33.996360000875","-117.4924"
"01/31/2024","AQS","060658005","1","0.044","ppm","41","Mira Loma (Van Buren)","17","100.0000","44201","Ozone","087","40140","Riverside-San Bernardino-Ontario, CA","06","California","065","Riverside","33.996360000875","-117.4924"
"02/01/2024","AQS","060658005","1","0.031","ppm","29","Mira Loma (Van Buren)","17","100.0000","44201","Ozone","087","40140","Riverside-San Bernardino-Ontario, CA","06","California","065","Riverside","33.996360000875","-117.4924"
"02/02/2024","AQS","060658005","1","0.04","ppm","37","Mira Loma (Van Buren)","17","100.0000","44201","Ozone","087","40140","Riverside-San Bernardino-Ontario, CA","06","California","065","Riverside","33.996360000875","-117.4924"
"02/03/2024","AQS","060658005","1","0.042","ppm","39","Mira Loma (Van Buren)","17","100.0000","44201","Ozone","087","40140","Riverside-San Bernardino-Ontario, CA","06","California","065","Riverside","33.996360000875","-117.4924"
"02/04/2024","AQS","060658005","1","0.038","ppm","35","Mira Loma (Van Buren)","17","100.0000","44201","Ozone","087","40140","Riverside-San Bernardino-Ontario, CA","06","California","065","Riverside","33.996360000875","-117.4924"
"02/05/2024","AQS","060658005","1","0.025","ppm","23","Mira Loma (Van Buren)","17","100.0000","44201","Ozone","087","40140","Riverside-San Bernardino-Ontario, CA","06","California","065","Riverside","33.996360000875","-117.4924"
"02/06/2024","AQS","060658005","1","0.031","ppm","29","Mira Loma (Van Buren)","17","100.0000","44201","Ozone","087","40140","Riverside-San Bernardino-Ontario, CA","06","California","065","Riverside","33.996360000875","-117.4924"
"02/07/2024","AQS","060658005","1","0.036","ppm","33","Mira Loma (Van Buren)","17","100.0000","44201","Ozone","087","40140","Riverside-San Bernardino-Ontario, CA","06","California","065","Riverside","33.996360000875","-117.4924"
"02/08/2024","AQS","060658005","1","0.041","ppm","38","Mira Loma (Van Buren)","17","100.0000","44201","Ozone","087","40140","Riverside-San Bernardino-Ontario, CA","06","California","065","Riverside","33.996360000875","-117.4924"
"02/09/2024","AQS","060658005","1","0.039","ppm","36","Mira Loma (Van Buren)","17","100.0000","44201","Ozone","087","40140","Riverside-San Bernardino-Ontario, CA","06","California","065","Riverside","33.996360000875","-117.4924"
"02/10/2024","AQS","060658005","1","0.039","ppm","36","Mira Loma (Van Buren)","17","100.0000","44201","Ozone","087","40140","Riverside-San Bernardino-Ontario, CA","06","California","065","Riverside","33.996360000875","-117.4924"
"02/11/2024","AQS","060658005","1","0.044","ppm","41","Mira Loma (Van Buren)","17","100.0000","44201","Ozone","087","40140","Riverside-San Bernardino-Ontario, CA","06","California","065","Riverside","33.996360000875","-117.4924"
"02/12/2024","AQS","060658005","1","0.039","ppm","36","Mira Loma (Van Buren)","17","100.0000","44201","Ozone","087","40140","Riverside-San Bernardino-Ontario, CA","06","California","065","Riverside","33.996360000875","-117.4924"
"02/13/2024","AQS","060658005","1","0.046","ppm","43","Mira Loma (Van Buren)","17","100.0000","44201","Ozone","087","40140","Riverside-San Bernardino-Ontario, CA","06","California","065","Riverside","33.996360000875","-117.4924"
"02/14/2024","AQS","060658005","1","0.049","ppm","45","Mira Loma (Van Buren)","17","100.0000","44201","Ozone","087","40140","Riverside-San Bernardino-Ontario, CA","06","California","065","Riverside","33.996360000875","-117.4924"
"02/15/2024","AQS","060658005","1","0.047","ppm","44","Mira Loma (Van Buren)","17","100.0000","44201","Ozone","087","40140","Riverside-San Bernardino-Ontario, CA","06","California","065","Riverside","33.996360000875","-117.4924"
"02/16/2024","AQS","060658005","1","0.04","ppm","37","Mira Loma (Van Buren)","17","100.0000","44201","Ozone","087","40140","Riverside-San Bernardino-Ontario, CA","06","California","065","Riverside","33.996360000875","-117.4924"
"02/17/2024","AQS","060658005","1","0.038","ppm","35","Mira Loma (Van Buren)","17","100.0000","44201","Ozone","087","40140","Riverside-San Bernardino-Ontario, CA","06","California","065","Riverside","33.996360000875","-117.4924"
"02/18/2024","AQS","060658005","1","0.038","ppm","35","Mira Loma (Van Buren)","17","100.0000","44201","Ozone","087","40140","Riverside-San Bernardino-Ontario, CA","06","California","065","Riverside","33.996360000875","-117.4924"
"02/19/2024","AQS","060658005","1","0.025","ppm","23","Mira Loma (Van Buren)","17","100.0000","44201","Ozone","087","40140","Riverside-San Bernardino-Ontario, CA","06","California","065","Riverside","33.996360000875","-117.4924"
"02/20/2024","AQS","060658005","1","0.019","ppm","18","Mira Loma (Van Buren)","17","100.0000","44201","Ozone","087","40140","Riverside-San Bernardino-Ontario, CA","06","California","065","Riverside","33.996360000875","-117.4924"
"02/21/2024","AQS","060658005","1","0.041","ppm","38","Mira Loma (Van Buren)","17","100.0000","44201","Ozone","087","40140","Riverside-San Bernardino-Ontario, CA","06","California","065","Riverside","33.996360000875","-117.4924"
"02/22/2024","AQS","060658005","1","0.043","ppm","40","Mira Loma (Van Buren)","17","100.0000","44201","Ozone","087","40140","Riverside-San Bernardino-Ontario, CA","06","California","065","Riverside","33.996360000875","-117.4924"
"02/23/2024","AQS","060658005","1","0.042","ppm","39","Mira Loma (Van Buren)","17","100.0000","44201","Ozone","087","40140","Riverside-San Bernardino-Ontario, CA","06","California","065","Riverside","33.996360000875","-117.4924"
"02/24/2024","AQS","060658005","1","0.041","ppm","38","Mira Loma (Van Buren)","17","100.0000","44201","Ozone","087","40140","Riverside-San Bernardino-Ontario, CA","06","California","065","Riverside","33.996360000875","-117.4924"
"02/25/2024","AQS","060658005","1","0.039","ppm","36","Mira Loma (Van Buren)","17","100.0000","44201","Ozone","087","40140","Riverside-San Bernardino-Ontario, CA","06","California","065","Riverside","33.996360000875","-117.4924"
"02/26/2024","AQS","060658005","1","0.03","ppm","28","Mira Loma (Van Buren)","17","100.0000","44201","Ozone","087","40140","Riverside-San Bernardino-Ontario, CA","06","California","065","Riverside","33.996360000875","-117.4924"
"02/27/2024","AQS","060658005","1","0.036","ppm","33","Mira Loma (Van Buren)","17","100.0000","44201","Ozone","087","40140","Riverside-San Bernardino-Ontario, CA","06","California","065","Riverside","33.996360000875","-117.4924"
"02/28/2024","AQS","060658005","1","0.042","ppm","39","Mira Loma (Van Buren)","17","100.0000","44201","Ozone","087","40140","Riverside-San Bernardino-Ontario, CA","06","California","065","Riverside","33.996360000875","-117.4924"
"02/29/2024","AQS","060658005","1","0.039","ppm","36","Mira Loma (Van Buren)","17","100.0000","44201","Ozone","087","40140","Riverside-San Bernardino-Ontario, CA","06","California","065","Riverside","33.996360000875","-117.4924"
"03/01/2024","AQS","060658005","1","0.041","ppm","38","Mira Loma (Van Buren)","17","100.0000","44201","Ozone","087","40140","Riverside-San Bernardino-Ontario, CA","06","California","065","Riverside","33.996360000875","-117.4924"
"03/02/2024","AQS","060658005","1","0.038","ppm","35","Mira Loma (Van Buren)","17","100.0000","44201","Ozone","087","40140","Riverside-San Bernardino-Ontario, CA","06","California","065","Riverside","33.996360000875","-117.4924"
"03/03/2024","AQS","060658005","1","0.04","ppm","37","Mira Loma (Van Buren)","17","100.0000","44201","Ozone","087","40140","Riverside-San Bernardino-Ontario, CA","06","California","065","Riverside","33.996360000875","-117.4924"
"03/04/2024","AQS","060658005","1","0.043","ppm","40","Mira Loma (Van Buren)","17","100.0000","44201","Ozone","087","40140","Riverside-San Bernardino-Ontario, CA","06","California","065","Riverside","33.996360000875","-117.4924"
"03/05/2024","AQS","060658005","1","0.045","ppm","42","Mira Loma (Van Buren)","17","100.0000","44201","Ozone","087","40140","Riverside-San Bernardino-Ontario, CA","06","California","065","Riverside","33.996360000875","-117.4924"
"03/06/2024","AQS","060658005","1","0.035","ppm","32","Mira Loma (Van Buren)","17","100.0000","44201","Ozone","087","40140","Riverside-San Bernardino-Ontario, CA","06","California","065","Riverside","33.996360000875","-117.4924"
"03/07/2024","AQS","060658005","1","0.034","ppm","31","Mira Loma (Van Buren)","17","100.0000","44201","Ozone","087","40140","Riverside-San Bernardino-Ontario, CA","06","California","065","Riverside","33.996360000875","-117.4924"
"03/08/2024","AQS","060658005","1","0.037","ppm","34","Mira Loma (Van Buren)","17","100.0000","44201","Ozone","087","40140","Riverside-San Bernardino-Ontario, CA","06","California","065","Riverside","33.996360000875","-117.4924"
"03/09/2024","AQS","060658005","1","0.051","ppm","47","Mira Loma (Van Buren)","17","100.0000","44201","Ozone","087","40140","Riverside-San Bernardino-Ontario, CA","06","California","065","Riverside","33.996360000875","-117.4924"
"03/10/2024","AQS","060658005","1","0.05","ppm","46","Mira Loma (Van Buren)","17","100.0000","44201","Ozone","087","40140","Riverside-San Bernardino-Ontario, CA","06","California","065","Riverside","33.996360000875","-117.4924"
"03/11/2024","AQS","060658005","1","0.045","ppm","42","Mira Loma (Van Buren)","17","100.0000","44201","Ozone","087","40140","Riverside-San Bernardino-Ontario, CA","06","California","065","Riverside","33.996360000875","-117.4924"
"03/12/2024","AQS","060658005","1","0.033","ppm","31","Mira Loma (Van Buren)","17","100.0000","44201","Ozone","087","40140","Riverside-San Bernardino-Ontario, CA","06","California","065","Riverside","33.996360000875","-117.4924"
"03/13/2024","AQS","060658005","1","0.046","ppm","43","Mira Loma (Van Buren)","17","100.0000","44201","Ozone","087","40140","Riverside-San Bernardino-Ontario, CA","06","California","065","Riverside","33.996360000875","-117.4924"
"03/14/2024","AQS","060658005","1","0.043","ppm","40","Mira Loma (Van Buren)","17","100.0000","44201","Ozone","087","40140","Riverside-San Bernardino-Ontario, CA","06","California","065","Riverside","33.996360000875","-117.4924"
"03/15/2024","AQS","060658005","1","0.038","ppm","35","Mira Loma (Van Buren)","17","100.0000","44201","Ozone","087","40140","Riverside-San Bernardino-Ontario, CA","06","California","065","Riverside","33.996360000875","-117.4924"
"03/16/2024","AQS","060658005","1","0.038","ppm","35","Mira Loma (Van Buren)","17","100.0000","44201","Ozone","087","40140","Riverside-San Bernardino-Ontario, CA","06","California","065","Riverside","33.996360000875","-117.4924"
"03/17/2024","AQS","060658005","1","0.048","ppm","44","Mira Loma (Van Buren)","17","100.0000","44201","Ozone","087","40140","Riverside-San Bernardino-Ontario, CA","06","California","065","Riverside","33.996360000875","-117.4924"
"03/18/2024","AQS","060658005","1","0.042","ppm","39","Mira Loma (Van Buren)","17","100.0000","44201","Ozone","087","40140","Riverside-San Bernardino-Ontario, CA","06","California","065","Riverside","33.996360000875","-117.4924"
"03/19/2024","AQS","060658005","1","0.053","ppm","49","Mira Loma (Van Buren)","17","100.0000","44201","Ozone","087","40140","Riverside-San Bernardino-Ontario, CA","06","California","065","Riverside","33.996360000875","-117.4924"
"03/20/2024","AQS","060658005","1","0.05","ppm","46","Mira Loma (Van Buren)","17","100.0000","44201","Ozone","087","40140","Riverside-San Bernardino-Ontario, CA","06","California","065","Riverside","33.996360000875","-117.4924"
"03/21/2024","AirNow","060658005","1","0.037","ppm","34","Mira Loma (Van Buren)","18","75.0000","44201","Ozone","","40140","Riverside-San Bernardino-Ontario, CA","06","California","065","Riverside","33.996360000875","-117.4924"
"03/22/2024","AQS","060658005","1","0.053","ppm","49","Mira Loma (Van Buren)","17","100.0000","44201","Ozone","087","40140","Riverside-San Bernardino-Ontario, CA","06","California","065","Riverside","33.996360000875","-117.4924"
"03/23/2024","AQS","060658005","1","0.041","ppm","38","Mira Loma (Van Buren)","17","100.0000","44201","Ozone","087","40140","Riverside-San Bernardino-Ontario, CA","06","California","065","Riverside","33.996360000875","-117.4924"
"03/24/2024","AQS","060658005","1","0.043","ppm","40","Mira Loma (Van Buren)","17","100.0000","44201","Ozone","087","40140","Riverside-San Bernardino-Ontario, CA","06","California","065","Riverside","33.996360000875","-117.4924"
"03/25/2024","AQS","060658005","1","0.044","ppm","41","Mira Loma (Van Buren)","17","100.0000","44201","Ozone","087","40140","Riverside-San Bernardino-Ontario, CA","06","California","065","Riverside","33.996360000875","-117.4924"
"03/26/2024","AQS","060658005","1","0.047","ppm","44","Mira Loma (Van Buren)","17","100.0000","44201","Ozone","087","40140","Riverside-San Bernardino-Ontario, CA","06","California","065","Riverside","33.996360000875","-117.4924"
"03/27/2024","AQS","060658005","1","0.058","ppm","61","Mira Loma (Van Buren)","17","100.0000","44201","Ozone","087","40140","Riverside-San Bernardino-Ontario, CA","06","California","065","Riverside","33.996360000875","-117.4924"
"03/28/2024","AQS","060658005","1","0.048","ppm","44","Mira Loma (Van Buren)","17","100.0000","44201","Ozone","087","40140","Riverside-San Bernardino-Ontario, CA","06","California","065","Riverside","33.996360000875","-117.4924"
"03/29/2024","AQS","060658005","1","0.049","ppm","45","Mira Loma (Van Buren)","17","100.0000","44201","Ozone","087","40140","Riverside-San Bernardino-Ontario, CA","06","California","065","Riverside","33.996360000875","-117.4924"
"03/30/2024","AQS","060658005","1","0.045","ppm","42","Mira Loma (Van Buren)","17","100.0000","44201","Ozone","087","40140","Riverside-San Bernardino-Ontario, CA","06","California","065","Riverside","33.996360000875","-117.4924"
"03/31/2024","AQS","060658005","1","0.045","ppm","42","Mira Loma (Van Buren)","17","100.0000","44201","Ozone","087","40140","Riverside-San Bernardino-Ontario, CA","06","California","065","Riverside","33.996360000875","-117.4924"
"04/01/2024","AQS","060658005","1","0.047","ppm","44","Mira Loma (Van Buren)","17","100.0000","44201","Ozone","087","40140","Riverside-San Bernardino-Ontario, CA","06","California","065","Riverside","33.996360000875","-117.4924"
"04/02/2024","AQS","060658005","1","0.052","ppm","48","Mira Loma (Van Buren)","17","100.0000","44201","Ozone","087","40140","Riverside-San Bernardino-Ontario, CA","06","California","065","Riverside","33.996360000875","-117.4924"
"04/03/2024","AQS","060658005","1","0.056","ppm","54","Mira Loma (Van Buren)","17","100.0000","44201","Ozone","087","40140","Riverside-San Bernardino-Ontario, CA","06","California","065","Riverside","33.996360000875","-117.4924"
"04/04/2024","AQS","060658005","1","0.039","ppm","36","Mira Loma (Van Buren)","17","100.0000","44201","Ozone","087","40140","Riverside-San Bernardino-Ontario, CA","06","California","065","Riverside","33.996360000875","-117.4924"
"04/05/2024","AQS","060658005","1","0.047","ppm","44","Mira Loma (Van Buren)","17","100.0000","44201","Ozone","087","40140","Riverside-San Bernardino-Ontario, CA","06","California","065","Riverside","33.996360000875","-117.4924"
"04/06/2024","AQS","060658005","1","0.05","ppm","46","Mira Loma (Van Buren)","17","100.0000","44201","Ozone","087","40140","Riverside-San Bernardino-Ontario, CA","06","California","065","Riverside","33.996360000875","-117.4924"
"04/07/2024","AQS","060658005","1","0.054","ppm","50","Mira Loma (Van Buren)","17","100.0000","44201","Ozone","087","40140","Riverside-San Bernardino-Ontario, CA","06","California","065","Riverside","33.996360000875","-117.4924"
"04/08/2024","AQS","060658005","1","0.05","ppm","46","Mira Loma (Van Buren)","17","100.0000","44201","Ozone","087","40140","Riverside-San Bernardino-Ontario, CA","06","California","065","Riverside","33.996360000875","-117.4924"
"04/09/2024","AQS","060658005","1","0.057","ppm","58","Mira Loma (Van Buren)","17","100.0000","44201","Ozone","087","40140","Riverside-San Bernardino-Ontario, CA","06","California","065","Riverside","33.996360000875","-117.4924"
"04/10/2024","AQS","060658005","1","0.068","ppm","93","Mira Loma (Van Buren)","17","100.0000","44201","Ozone","087","40140","Riverside-San Bernardino-Ontario, CA","06","California","065","Riverside","33.996360000875","-117.4924"
"04/11/2024","AQS","060658005","1","0.073","ppm","108","Mira Loma (Van Buren)","17","100.0000","44201","Ozone","087","40140","Riverside-San Bernardino-Ontario, CA","06","California","065","Riverside","33.996360000875","-117.4924"
"04/12/2024","AQS","060658005","1","0.051","ppm","47","Mira Loma (Van Buren)","17","100.0000","44201","Ozone","087","40140","Riverside-San Bernardino-Ontario, CA","06","California","065","Riverside","33.996360000875","-117.4924"
"04/13/2024","AQS","060658005","1","0.052","ppm","48","Mira Loma (Van Buren)","17","100.0000","44201","Ozone","087","40140","Riverside-San Bernardino-Ontario, CA","06","California","065","Riverside","33.996360000875","-117.4924"
"04/14/2024","AQS","060658005","1","0.048","ppm","44","Mira Loma (Van Buren)","17","100.0000","44201","Ozone","087","40140","Riverside-San Bernardino-Ontario, CA","06","California","065","Riverside","33.996360000875","-117.4924"
"04/15/2024","AQS","060658005","1","0.062","ppm","74","Mira Loma (Van Buren)","17","100.0000","44201","Ozone","087","40140","Riverside-San Bernardino-Ontario, CA","06","California","065","Riverside","33.996360000875","-117.4924"
"04/16/2024","AQS","060658005","1","0.066","ppm","87","Mira Loma (Van Buren)","17","100.0000","44201","Ozone","087","40140","Riverside-San Bernardino-Ontario, CA","06","California","065","Riverside","33.996360000875","-117.4924"
"04/17/2024","AQS","060658005","1","0.067","ppm","90","Mira Loma (Van Buren)","17","100.0000","44201","Ozone","087","40140","Riverside-San Bernardino-Ontario, CA","06","California","065","Riverside","33.996360000875","-117.4924"
"04/18/2024","AQS","060658005","1","0.063","ppm","77","Mira Loma (Van Buren)","17","100.0000","44201","Ozone","087","40140","Riverside-San Bernardino-Ontario, CA","06","California","065","Riverside","33.996360000875","-117.4924"
"04/19/2024","AQS","060658005","1","0.058","ppm","61","Mira Loma (Van Buren)","17","100.0000","44201","Ozone","087","40140","Riverside-San Bernardino-Ontario, CA","06","California","065","Riverside","33.996360000875","-117.4924"
"04/20/2024","AQS","060658005","1","0.062","ppm","74","Mira Loma (Van Buren)","17","100.0000","44201","Ozone","087","40140","Riverside-San Bernardino-Ontario, CA","06","California","065","Riverside","33.996360000875","-117.4924"
"04/21/2024","AQS","060658005","1","0.081","ppm","136","Mira Loma (Van Buren)","17","100.0000","44201","Ozone","087","40140","Riverside-San Bernardino-Ontario, CA","06","California","065","Riverside","33.996360000875","-117.4924"
"04/22/2024","AQS","060658005","1","0.059","ppm","64","Mira Loma (Van Buren)","17","100.0000","44201","Ozone","087","40140","Riverside-San Bernardino-Ontario, CA","06","California","065","Riverside","33.996360000875","-117.4924"
"04/23/2024","AQS","060658005","1","0.047","ppm","44","Mira Loma (Van Buren)","17","100.0000","44201","Ozone","087","40140","Riverside-San Bernardino-Ontario, CA","06","California","065","Riverside","33.996360000875","-117.4924"
"04/24/2024","AQS","060658005","1","0.051","ppm","47","Mira Loma (Van Buren)","17","100.0000","44201","Ozone","087","40140","Riverside-San Bernardino-Ontario, CA","06","California","065","Riverside","33.996360000875","-117.4924"
"04/25/2024","AQS","060658005","1","0.045","ppm","42","Mira Loma (Van Buren)","17","100.0000","44201","Ozone","087","40140","Riverside-San Bernardino-Ontario, CA","06","California","065","Riverside","33.996360000875","-117.4924"
"04/26/2024","AQS","060658005","1","0.036","ppm","33","Mira Loma (Van Buren)","17","100.0000","44201","Ozone","087","40140","Riverside-San Bernardino-Ontario, CA","06","California","065","Riverside","33.996360000875","-117.4924"
"04/27/2024","AQS","060658005","1","0.052","ppm","48","Mira Loma (Van Buren)","17","100.0000","44201","Ozone","087","40140","Riverside-San Bernardino-Ontario, CA","06","California","065","Riverside","33.996360000875","-117.4924"
"04/28/2024","AQS","060658005","1","0.058","ppm","61","Mira Loma (Van Buren)","17","100.0000","44201","Ozone","087","40140","Riverside-San Bernardino-Ontario, CA","06","California","065","Riverside","33.996360000875","-117.4924"
"04/29/2024","AQS","060658005","1","0.063","ppm","77","Mira Loma (Van Buren)","17","100.0000","44201","Ozone","087","40140","Riverside-San Bernardino-Ontario, CA","06","California","065","Riverside","33.996360000875","-117.4924"
"04/30/2024","AirNow","060658005","1","0.051","ppm","47","Mira Loma (Van Buren)","18","75.0000","44201","Ozone","","40140","Riverside-San Bernardino-Ontario, CA","06","California","065","Riverside","33.996360000875","-117.4924"
"05/01/2024","AQS","060658005","1","0.061","ppm","71","Mira Loma (Van Buren)","13","76.0000","44201","Ozone","087","40140","Riverside-San Bernardino-Ontario, CA","06","California","065","Riverside","33.996360000875","-117.4924"
"05/02/2024","AQS","060658005","1","0.059","ppm","64","Mira Loma (Van Buren)","17","100.0000","44201","Ozone","087","40140","Riverside-San Bernardino-Ontario, CA","06","California","065","Riverside","33.996360000875","-117.4924"
"05/03/2024","AQS","060658005","1","0.058","ppm","61","Mira Loma (Van Buren)","17","100.0000","44201","Ozone","087","40140","Riverside-San Bernardino-Ontario, CA","06","California","065","Riverside","33.996360000875","-117.4924"
"05/04/2024","AQS","060658005","1","0.046","ppm","43","Mira Loma (Van Buren)","17","100.0000","44201","Ozone","087","40140","Riverside-San Bernardino-Ontario, CA","06","California","065","Riverside","33.996360000875","-117.4924"
"05/05/2024","AQS","060658005","1","0.051","ppm","47","Mira Loma (Van Buren)","17","100.0000","44201","Ozone","087","40140","Riverside-San Bernardino-Ontario, CA","06","California","065","Riverside","33.996360000875","-117.4924"
"05/06/2024","AQS","060658005","1","0.054","ppm","50","Mira Loma (Van Buren)","17","100.0000","44201","Ozone","087","40140","Riverside-San Bernardino-Ontario, CA","06","California","065","Riverside","33.996360000875","-117.4924"
"05/07/2024","AQS","060658005","1","0.06","ppm","67","Mira Loma (Van Buren)","13","76.0000","44201","Ozone","087","40140","Riverside-San Bernardino-Ontario, CA","06","California","065","Riverside","33.996360000875","-117.4924"
"05/08/2024","AQS","060658005","1","0.059","ppm","64","Mira Loma (Van Buren)","17","100.0000","44201","Ozone","087","40140","Riverside-San Bernardino-Ontario, CA","06","California","065","Riverside","33.996360000875","-117.4924"
"05/09/2024","AQS","060658005","1","0.057","ppm","58","Mira Loma (Van Buren)","17","100.0000","44201","Ozone","087","40140","Riverside-San Bernardino-Ontario, CA","06","California","065","Riverside","33.996360000875","-117.4924"
"05/10/2024","AQS","060658005","1","0.064","ppm","80","Mira Loma (Van Buren)","17","100.0000","44201","Ozone","087","40140","Riverside-San Bernardino-Ontario, CA","06","California","065","Riverside","33.996360000875","-117.4924"
"05/11/2024","AQS","060658005","1","0.063","ppm","77","Mira Loma (Van Buren)","17","100.0000","44201","Ozone","087","40140","Riverside-San Bernardino-Ontario, CA","06","California","065","Riverside","33.996360000875","-117.4924"
"05/12/2024","AQS","060658005","1","0.062","ppm","74","Mira Loma (Van Buren)","17","100.0000","44201","Ozone","087","40140","Riverside-San Bernardino-Ontario, CA","06","California","065","Riverside","33.996360000875","-117.4924"
"05/13/2024","AQS","060658005","1","0.053","ppm","49","Mira Loma (Van Buren)","17","100.0000","44201","Ozone","087","40140","Riverside-San Bernardino-Ontario, CA","06","California","065","Riverside","33.996360000875","-117.4924"
"05/14/2024","AQS","060658005","1","0.052","ppm","48","Mira Loma (Van Buren)","17","100.0000","44201","Ozone","087","40140","Riverside-San Bernardino-Ontario, CA","06","California","065","Riverside","33.996360000875","-117.4924"
"05/15/2024","AQS","060658005","1","0.045","ppm","42","Mira Loma (Van Buren)","17","100.0000","44201","Ozone","087","40140","Riverside-San Bernardino-Ontario, CA","06","California","065","Riverside","33.996360000875","-117.4924"
"05/16/2024","AQS","060658005","1","0.045","ppm","42","Mira Loma (Van Buren)","17","100.0000","44201","Ozone","087","40140","Riverside-San Bernardino-Ontario, CA","06","California","065","Riverside","33.996360000875","-117.4924"
"05/17/2024","AQS","060658005","1","0.051","ppm","47","Mira Loma (Van Buren)","17","100.0000","44201","Ozone","087","40140","Riverside-San Bernardino-Ontario, CA","06","California","065","Riverside","33.996360000875","-117.4924"
"05/18/2024","AQS","060658005","1","0.055","ppm","51","Mira Loma (Van Buren)","17","100.0000","44201","Ozone","087","40140","Riverside-San Bernardino-Ontario, CA","06","California","065","Riverside","33.996360000875","-117.4924"
"05/19/2024","AQS","060658005","1","0.057","ppm","58","Mira Loma (Van Buren)","17","100.0000","44201","Ozone","087","40140","Riverside-San Bernardino-Ontario, CA","06","California","065","Riverside","33.996360000875","-117.4924"
"05/20/2024","AQS","060658005","1","0.052","ppm","48","Mira Loma (Van Buren)","17","100.0000","44201","Ozone","087","40140","Riverside-San Bernardino-Ontario, CA","06","California","065","Riverside","33.996360000875","-117.4924"
"05/21/2024","AQS","060658005","1","0.059","ppm","64","Mira Loma (Van Buren)","17","100.0000","44201","Ozone","087","40140","Riverside-San Bernardino-Ontario, CA","06","California","065","Riverside","33.996360000875","-117.4924"
"05/22/2024","AQS","060658005","1","0.058","ppm","61","Mira Loma (Van Buren)","17","100.0000","44201","Ozone","087","40140","Riverside-San Bernardino-Ontario, CA","06","California","065","Riverside","33.996360000875","-117.4924"
"05/23/2024","AQS","060658005","1","0.053","ppm","49","Mira Loma (Van Buren)","17","100.0000","44201","Ozone","087","40140","Riverside-San Bernardino-Ontario, CA","06","California","065","Riverside","33.996360000875","-117.4924"
"05/24/2024","AQS","060658005","1","0.045","ppm","42","Mira Loma (Van Buren)","17","100.0000","44201","Ozone","087","40140","Riverside-San Bernardino-Ontario, CA","06","California","065","Riverside","33.996360000875","-117.4924"
"05/25/2024","AQS","060658005","1","0.045","ppm","42","Mira Loma (Van Buren)","17","100.0000","44201","Ozone","087","40140","Riverside-San Bernardino-Ontario, CA","06","California","065","Riverside","33.996360000875","-117.4924"
"05/26/2024","AQS","060658005","1","0.046","ppm","43","Mira Loma (Van Buren)","17","100.0000","44201","Ozone","087","40140","Riverside-San Bernardino-Ontario, CA","06","California","065","Riverside","33.996360000875","-117.4924"
"05/27/2024","AQS","060658005","1","0.056","ppm","54","Mira Loma (Van Buren)","17","100.0000","44201","Ozone","087","40140","Riverside-San Bernardino-Ontario, CA","06","California","065","Riverside","33.996360000875","-117.4924"
"05/28/2024","AQS","060658005","1","0.062","ppm","74","Mira Loma (Van Buren)","17","100.0000","44201","Ozone","087","40140","Riverside-San Bernardino-Ontario, CA","06","California","065","Riverside","33.996360000875","-117.4924"
"05/30/2024","AQS","060658005","1","0.066","ppm","87","Mira Loma (Van Buren)","17","100.0000","44201","Ozone","087","40140","Riverside-San Bernardino-Ontario, CA","06","California","065","Riverside","33.996360000875","-117.4924"
"05/31/2024","AQS","060658005","1","0.065","ppm","84","Mira Loma (Van Buren)","17","100.0000","44201","Ozone","087","40140","Riverside-San Bernardino-Ontario, CA","06","California","065","Riverside","33.996360000875","-117.4924"
"06/01/2024","AQS","060658005","1","0.06","ppm","67","Mira Loma (Van Buren)","17","100.0000","44201","Ozone","087","40140","Riverside-San Bernardino-Ontario, CA","06","California","065","Riverside","33.996360000875","-117.4924"
"06/02/2024","AQS","060658005","1","0.049","ppm","45","Mira Loma (Van Buren)","17","100.0000","44201","Ozone","087","40140","Riverside-San Bernardino-Ontario, CA","06","California","065","Riverside","33.996360000875","-117.4924"
"06/03/2024","AQS","060658005","1","0.051","ppm","47","Mira Loma (Van Buren)","17","100.0000","44201","Ozone","087","40140","Riverside-San Bernardino-Ontario, CA","06","California","065","Riverside","33.996360000875","-117.4924"
"06/04/2024","AQS","060658005","1","0.07","ppm","100","Mira Loma (Van Buren)","17","100.0000","44201","Ozone","087","40140","Riverside-San Bernardino-Ontario, CA","06","California","065","Riverside","33.996360000875","-117.4924"
"06/05/2024","AQS","060658005","1","0.075","ppm","115","Mira Loma (Van Buren)","17","100.0000","44201","Ozone","087","40140","Riverside-San Bernardino-Ontario, CA","06","California","065","Riverside","33.996360000875","-117.4924"
"06/06/2024","AQS","060658005","1","0.074","ppm","112","Mira Loma (Van Buren)","17","100.0000","44201","Ozone","087","40140","Riverside-San Bernardino-Ontario, CA","06","California","065","Riverside","33.996360000875","-117.4924"
"06/07/2024","AQS","060658005","1","0.054","ppm","50","Mira Loma (Van Buren)","17","100.0000","44201","Ozone","087","40140","Riverside-San Bernardino-Ontario, CA","06","California","065","Riverside","33.996360000875","-117.4924"
"06/08/2024","AQS","060658005","1","0.047","ppm","44","Mira Loma (Van Buren)","17","100.0000","44201","Ozone","087","40140","Riverside-San Bernardino-Ontario, CA","06","California","065","Riverside","33.996360000875","-117.4924"
"06/09/2024","AQS","060658005","1","0.047","ppm","44","Mira Loma (Van Buren)","17","100.0000","44201","Ozone","087","40140","Riverside-San Bernardino-Ontario, CA","06","California","065","Riverside","33.996360000875","-117.4924"
"06/10/2024","AQS","060658005","1","0.066","ppm","87","Mira Loma (Van Buren)","17","100.0000","44201","Ozone","087","40140","Riverside-San Bernardino-Ontario, CA","06","California","065","Riverside","33.996360000875","-117.4924"
"06/11/2024","AQS","060658005","1","0.067","ppm","90","Mira Loma (Van Buren)","17","100.0000","44201","Ozone","087","40140","Riverside-San Bernardino-Ontario, CA","06","California","065","Riverside","33.996360000875","-117.4924"
"06/12/2024","AQS","060658005","1","0.069","ppm","97","Mira Loma (Van Buren)","17","100.0000","44201","Ozone","087","40140","Riverside-San Bernardino-Ontario, CA","06","California","065","Riverside","33.996360000875","-117.4924"
"06/13/2024","AQS","060658005","1","0.068","ppm","93","Mira Loma (Van Buren)","17","100.0000","44201","Ozone","087","40140","Riverside-San Bernardino-Ontario, CA","06","California","065","Riverside","33.996360000875","-117.4924"
"06/14/2024","AQS","060658005","1","0.076","ppm","119","Mira Loma (Van Buren)","17","100.0000","44201","Ozone","087","40140","Riverside-San Bernardino-Ontario, CA","06","California","065","Riverside","33.996360000875","-117.4924"
"06/15/2024","AQS","060658005","1","0.09","ppm","161","Mira Loma (Van Buren)","17","100.0000","44201","Ozone","087","40140","Riverside-San Bernardino-Ontario, CA","06","California","065","Riverside","33.996360000875","-117.4924"
"06/16/2024","AQS","060658005","1","0.062","ppm","74","Mira Loma (Van Buren)","17","100.0000","44201","Ozone","087","40140","Riverside-San Bernardino-Ontario, CA","06","California","065","Riverside","33.996360000875","-117.4924"
"06/17/2024","AQS","060658005","1","0.057","ppm","58","Mira Loma (Van Buren)","17","100.0000","44201","Ozone","087","40140","Riverside-San Bernardino-Ontario, CA","06","California","065","Riverside","33.996360000875","-117.4924"
"06/18/2024","AQS","060658005","1","0.062","ppm","74","Mira Loma (Van Buren)","16","94.0000","44201","Ozone","087","40140","Riverside-San Bernardino-Ontario, CA","06","California","065","Riverside","33.996360000875","-117.4924"
"06/19/2024","AQS","060658005","1","0.065","ppm","84","Mira Loma (Van Buren)","17","100.0000","44201","Ozone","087","40140","Riverside-San Bernardino-Ontario, CA","06","California","065","Riverside","33.996360000875","-117.4924"
"06/20/2024","AQS","060658005","1","0.075","ppm","115","Mira Loma (Van Buren)","17","100.0000","44201","Ozone","087","40140","Riverside-San Bernardino-Ontario, CA","06","California","065","Riverside","33.996360000875","-117.4924"
"06/21/2024","AQS","060658005","1","0.083","ppm","143","Mira Loma (Van Buren)","17","100.0000","44201","Ozone","087","40140","Riverside-San Bernardino-Ontario, CA","06","California","065","Riverside","33.996360000875","-117.4924"
"06/22/2024","AQS","060658005","1","0.089","ppm","159","Mira Loma (Van Buren)","17","100.0000","44201","Ozone","087","40140","Riverside-San Bernardino-Ontario, CA","06","California","065","Riverside","33.996360000875","-117.4924"
"06/23/2024","AQS","060658005","1","0.078","ppm","126","Mira Loma (Van Buren)","17","100.0000","44201","Ozone","087","40140","Riverside-San Bernardino-Ontario, CA","06","California","065","Riverside","33.996360000875","-117.4924"
"06/24/2024","AQS","060658005","1","0.08","ppm","133","Mira Loma (Van Buren)","17","100.0000","44201","Ozone","087","40140","Riverside-San Bernardino-Ontario, CA","06","California","065","Riverside","33.996360000875","-117.4924"
"06/25/2024","AQS","060658005","1","0.062","ppm","74","Mira Loma (Van Buren)","17","100.0000","44201","Ozone","087","40140","Riverside-San Bernardino-Ontario, CA","06","California","065","Riverside","33.996360000875","-117.4924"
"06/26/2024","AQS","060658005","1","0.063","ppm","77","Mira Loma (Van Buren)","17","100.0000","44201","Ozone","087","40140","Riverside-San Bernardino-Ontario, CA","06","California","065","Riverside","33.996360000875","-117.4924"
"06/27/2024","AQS","060658005","1","0.067","ppm","90","Mira Loma (Van Buren)","17","100.0000","44201","Ozone","087","40140","Riverside-San Bernardino-Ontario, CA","06","California","065","Riverside","33.996360000875","-117.4924"
"06/28/2024","AQS","060658005","1","0.062","ppm","74","Mira Loma (Van Buren)","17","100.0000","44201","Ozone","087","40140","Riverside-San Bernardino-Ontario, CA","06","California","065","Riverside","33.996360000875","-117.4924"
"06/29/2024","AQS","060658005","1","0.071","ppm","101","Mira Loma (Van Buren)","17","100.0000","44201","Ozone","087","40140","Riverside-San Bernardino-Ontario, CA","06","California","065","Riverside","33.996360000875","-117.4924"
"06/30/2024","AQS","060658005","1","0.083","ppm","143","Mira Loma (Van Buren)","17","100.0000","44201","Ozone","087","40140","Riverside-San Bernardino-Ontario, CA","06","California","065","Riverside","33.996360000875","-117.4924"
"07/01/2024","AQS","060658005","1","0.075","ppm","115","Mira Loma (Van Buren)","17","100.0000","44201","Ozone","087","40140","Riverside-San Bernardino-Ontario, CA","06","California","065","Riverside","33.996360000875","-117.4924"
"07/02/2024","AQS","060658005","1","0.08","ppm","133","Mira Loma (Van Buren)","17","100.0000","44201","Ozone","087","40140","Riverside-San Bernardino-Ontario, CA","06","California","065","Riverside","33.996360000875","-117.4924"
"07/03/2024","AQS","060658005","1","0.101","ppm","190","Mira Loma (Van Buren)","17","100.0000","44201","Ozone","087","40140","Riverside-San Bernardino-Ontario, CA","06","California","065","Riverside","33.996360000875","-117.4924"
"07/04/2024","AQS","060658005","1","0.075","ppm","115","Mira Loma (Van Buren)","17","100.0000","44201","Ozone","087","40140","Riverside-San Bernardino-Ontario, CA","06","California","065","Riverside","33.996360000875","-117.4924"
"07/05/2024","AQS","060658005","1","0.102","ppm","192","Mira Loma (Van Buren)","17","100.0000","44201","Ozone","087","40140","Riverside-San Bernardino-Ontario, CA","06","California","065","Riverside","33.996360000875","-117.4924"
"07/06/2024","AQS","060658005","1","0.063","ppm","77","Mira Loma (Van Buren)","17","100.0000","44201","Ozone","087","40140","Riverside-San Bernardino-Ontario, CA","06","California","065","Riverside","33.996360000875","-117.4924"
"07/07/2024","AQS","060658005","1","0.06","ppm","67","Mira Loma (Van Buren)","17","100.0000","44201","Ozone","087","40140","Riverside-San Bernardino-Ontario, CA","06","California","065","Riverside","33.996360000875","-117.4924"
"07/08/2024","AQS","060658005","1","0.073","ppm","108","Mira Loma (Van Buren)","17","100.0000","44201","Ozone","087","40140","Riverside-San Bernardino-Ontario, CA","06","California","065","Riverside","33.996360000875","-117.4924"
"07/09/2024","AQS","060658005","1","0.091","ppm","164","Mira Loma (Van Buren)","17","100.0000","44201","Ozone","087","40140","Riverside-San Bernardino-Ontario, CA","06","California","065","Riverside","33.996360000875","-117.4924"
"07/10/2024","AQS","060658005","1","0.104","ppm","197","Mira Loma (Van Buren)","17","100.0000","44201","Ozone","087","40140","Riverside-San Bernardino-Ontario, CA","06","California","065","Riverside","33.996360000875","-117.4924"
"07/11/2024","AQS","060658005","1","0.094","ppm","172","Mira Loma (Van Buren)","17","100.0000","44201","Ozone","087","40140","Riverside-San Bernardino-Ontario, CA","06","California","065","Riverside","33.996360000875","-117.4924"
"07/12/2024","AQS","060658005","1","0.07","ppm","100","Mira Loma (Van Buren)","17","100.0000","44201","Ozone","087","40140","Riverside-San Bernardino-Ontario, CA","06","California","065","Riverside","33.996360000875","-117.4924"
"07/13/2024","AQS","060658005","1","0.071","ppm","101","Mira Loma (Van Buren)","17","100.0000","44201","Ozone","087","40140","Riverside-San Bernardino-Ontario, CA","06","California","065","Riverside","33.996360000875","-117.4924"
"07/14/2024","AQS","060658005","1","0.069","ppm","97","Mira Loma (Van Buren)","17","100.0000","44201","Ozone","087","40140","Riverside-San Bernardino-Ontario, CA","06","California","065","Riverside","33.996360000875","-117.4924"
"07/15/2024","AQS","060658005","1","0.075","ppm","115","Mira Loma (Van Buren)","17","100.0000","44201","Ozone","087","40140","Riverside-San Bernardino-Ontario, CA","06","California","065","Riverside","33.996360000875","-117.4924"
"07/16/2024","AQS","060658005","1","0.067","ppm","90","Mira Loma (Van Buren)","17","100.0000","44201","Ozone","087","40140","Riverside-San Bernardino-Ontario, CA","06","California","065","Riverside","33.996360000875","-117.4924"
"07/17/2024","AQS","060658005","1","0.076","ppm","119","Mira Loma (Van Buren)","17","100.0000","44201","Ozone","087","40140","Riverside-San Bernardino-Ontario, CA","06","California","065","Riverside","33.996360000875","-117.4924"
"07/18/2024","AQS","060658005","1","0.081","ppm","136","Mira Loma (Van Buren)","17","100.0000","44201","Ozone","087","40140","Riverside-San Bernardino-Ontario, CA","06","California","065","Riverside","33.996360000875","-117.4924"
"07/19/2024","AQS","060658005","1","0.092","ppm","166","Mira Loma (Van Buren)","17","100.0000","44201","Ozone","087","40140","Riverside-San Bernardino-Ontario, CA","06","California","065","Riverside","33.996360000875","-117.4924"
"07/20/2024","AQS","060658005","1","0.093","ppm","169","Mira Loma (Van Buren)","17","100.0000","44201","Ozone","087","40140","Riverside-San Bernardino-Ontario, CA","06","California","065","Riverside","33.996360000875","-117.4924"
"07/21/2024","AQS","060658005","1","0.066","ppm","87","Mira Loma (Van Buren)","17","100.0000","44201","Ozone","087","40140","Riverside-San Bernardino-Ontario, CA","06","California","065","Riverside","33.996360000875","-117.4924"
"07/22/2024","AQS","060658005","1","0.089","ppm","159","Mira Loma (Van Buren)","17","100.0000","44201","Ozone","087","40140","Riverside-San Bernardino-Ontario, CA","06","California","065","Riverside","33.996360000875","-117.4924"
"07/23/2024","AQS","060658005","1","0.091","ppm","164","Mira Loma (Van Buren)","17","100.0000","44201","Ozone","087","40140","Riverside-San Bernardino-Ontario, CA","06","California","065","Riverside","33.996360000875","-117.4924"
"07/24/2024","AQS","060658005","1","0.093","ppm","169","Mira Loma (Van Buren)","17","100.0000","44201","Ozone","087","40140","Riverside-San Bernardino-Ontario, CA","06","California","065","Riverside","33.996360000875","-117.4924"
"07/25/2024","AQS","060658005","1","0.095","ppm","174","Mira Loma (Van Buren)","17","100.0000","44201","Ozone","087","40140","Riverside-San Bernardino-Ontario, CA","06","California","065","Riverside","33.996360000875","-117.4924"
"07/26/2024","AQS","060658005","1","0.061","ppm","71","Mira Loma (Van Buren)","17","100.0000","44201","Ozone","087","40140","Riverside-San Bernardino-Ontario, CA","06","California","065","Riverside","33.996360000875","-117.4924"
"07/27/2024","AQS","060658005","1","0.056","ppm","54","Mira Loma (Van Buren)","17","100.0000","44201","Ozone","087","40140","Riverside-San Bernardino-Ontario, CA","06","California","065","Riverside","33.996360000875","-117.4924"
"07/28/2024","AQS","060658005","1","0.057","ppm","58","Mira Loma (Van Buren)","17","100.0000","44201","Ozone","087","40140","Riverside-San Bernardino-Ontario, CA","06","California","065","Riverside","33.996360000875","-117.4924"
"07/29/2024","AQS","060658005","1","0.07","ppm","100","Mira Loma (Van Buren)","17","100.0000","44201","Ozone","087","40140","Riverside-San Bernardino-Ontario, CA","06","California","065","Riverside","33.996360000875","-117.4924"
"07/30/2024","AQS","060658005","1","0.072","ppm","105","Mira Loma (Van Buren)","17","100.0000","44201","Ozone","087","40140","Riverside-San Bernardino-Ontario, CA","06","California","065","Riverside","33.996360000875","-117.4924"
"07/31/2024","AQS","060658005","1","0.087","ppm","154","Mira Loma (Van Buren)","17","100.0000","44201","Ozone","087","40140","Riverside-San Bernardino-Ontario, CA","06","California","065","Riverside","33.996360000875","-117.4924"
"08/01/2024","AQS","060658005","1","0.072","ppm","105","Mira Loma (Van Buren)","17","100.0000","44201","Ozone","087","40140","Riverside-San Bernardino-Ontario, CA","06","California","065","Riverside","33.996360000875","-117.4924"
"08/02/2024","AQS","060658005","1","0.089","ppm","159","Mira Loma (Van Buren)","17","100.0000","44201","Ozone","087","40140","Riverside-San Bernardino-Ontario, CA","06","California","065","Riverside","33.996360000875","-117.4924"
"08/03/2024","AQS","060658005","1","0.096","ppm","177","Mira Loma (Van Buren)","17","100.0000","44201","Ozone","087","40140","Riverside-San Bernardino-Ontario, CA","06","California","065","Riverside","33.996360000875","-117.4924"
"08/04/2024","AQS","060658005","1","0.084","ppm","147","Mira Loma (Van Buren)","17","100.0000","44201","Ozone","087","40140","Riverside-San Bernardino-Ontario, CA","06","California","065","Riverside","33.996360000875","-117.4924"
"08/05/2024","AQS","060658005","1","0.093","ppm","169","Mira Loma (Van Buren)","17","100.0000","44201","Ozone","087","40140","Riverside-San Bernardino-Ontario, CA","06","California","065","Riverside","33.996360000875","-117.4924"
"08/06/2024","AQS","060658005","1","0.076","ppm","119","Mira Loma (Van Buren)","17","100.0000","44201","Ozone","087","40140","Riverside-San Bernardino-Ontario, CA","06","California","065","Riverside","33.996360000875","-117.4924"
"08/07/2024","AQS","060658005","1","0.065","ppm","84","Mira Loma (Van Buren)","17","100.0000","44201","Ozone","087","40140","Riverside-San Bernardino-Ontario, CA","06","California","065","Riverside","33.996360000875","-117.4924"
"08/08/2024","AQS","060658005","1","0.064","ppm","80","Mira Loma (Van Buren)","17","100.0000","44201","Ozone","087","40140","Riverside-San Bernardino-Ontario, CA","06","California","065","Riverside","33.996360000875","-117.4924"
"08/09/2024","AQS","060658005","1","0.084","ppm","147","Mira Loma (Van Buren)","17","100.0000","44201","Ozone","087","40140","Riverside-San Bernardino-Ontario, CA","06","California","065","Riverside","33.996360000875","-117.4924"
"08/10/2024","AQS","060658005","1","0.088","ppm","156","Mira Loma (Van Buren)","17","100.0000","44201","Ozone","087","40140","Riverside-San Bernardino-Ontario, CA","06","California","065","Riverside","33.996360000875","-117.4924"
"08/11/2024","AQS","060658005","1","0.069","ppm","97","Mira Loma (Van Buren)","17","100.0000","44201","Ozone","087","40140","Riverside-San Bernardino-Ontario, CA","06","California","065","Riverside","33.996360000875","-117.4924"
"08/12/2024","AQS","060658005","1","0.053","ppm","49","Mira Loma (Van Buren)","17","100.0000","44201","Ozone","087","40140","Riverside-San Bernardino-Ontario, CA","06","California","065","Riverside","33.996360000875","-117.4924"
"08/13/2024","AQS","060658005","1","0.06","ppm","67","Mira Loma (Van Buren)","17","100.0000","44201","Ozone","087","40140","Riverside-San Bernardino-Ontario, CA","06","California","065","Riverside","33.996360000875","-117.4924"
"08/14/2024","AQS","060658005","1","0.064","ppm","80","Mira Loma (Van Buren)","17","100.0000","44201","Ozone","087","40140","Riverside-San Bernardino-Ontario, CA","06","California","065","Riverside","33.996360000875","-117.4924"
"08/15/2024","AQS","060658005","1","0.073","ppm","108","Mira Loma (Van Buren)","17","100.0000","44201","Ozone","087","40140","Riverside-San Bernardino-Ontario, CA","06","California","065","Riverside","33.996360000875","-117.4924"
"08/16/2024","AQS","060658005","1","0.077","ppm","122","Mira Loma (Van Buren)","17","100.0000","44201","Ozone","087","40140","Riverside-San Bernardino-Ontario, CA","06","California","065","Riverside","33.996360000875","-117.4924"
"08/17/2024","AQS","060658005","1","0.057","ppm","58","Mira Loma (Van Buren)","17","100.0000","44201","Ozone","087","40140","Riverside-San Bernardino-Ontario, CA","06","California","065","Riverside","33.996360000875","-117.4924"
"08/18/2024","AQS","060658005","1","0.067","ppm","90","Mira Loma (Van Buren)","17","100.0000","44201","Ozone","087","40140","Riverside-San Bernardino-Ontario, CA","06","California","065","Riverside","33.996360000875","-117.4924"
"08/19/2024","AQS","060658005","1","0.089","ppm","159","Mira Loma (Van Buren)","17","100.0000","44201","Ozone","087","40140","Riverside-San Bernardino-Ontario, CA","06","California","065","Riverside","33.996360000875","-117.4924"
"08/20/2024","AQS","060658005","1","0.075","ppm","115","Mira Loma (Van Buren)","17","100.0000","44201","Ozone","087","40140","Riverside-San Bernardino-Ontario, CA","06","California","065","Riverside","33.996360000875","-117.4924"
"08/21/2024","AQS","060658005","1","0.075","ppm","115","Mira Loma (Van Buren)","17","100.0000","44201","Ozone","087","40140","Riverside-San Bernardino-Ontario, CA","06","California","065","Riverside","33.996360000875","-117.4924"
"08/22/2024","AQS","060658005","1","0.06","ppm","67","Mira Loma (Van Buren)","17","100.0000","44201","Ozone","087","40140","Riverside-San Bernardino-Ontario, CA","06","California","065","Riverside","33.996360000875","-117.4924"
"08/23/2024","AQS","060658005","1","0.053","ppm","49","Mira Loma (Van Buren)","17","100.0000","44201","Ozone","087","40140","Riverside-San Bernardino-Ontario, CA","06","California","065","Riverside","33.996360000875","-117.4924"
"08/24/2024","AQS","060658005","1","0.049","ppm","45","Mira Loma (Van Buren)","17","100.0000","44201","Ozone","087","40140","Riverside-San Bernardino-Ontario, CA","06","California","065","Riverside","33.996360000875","-117.4924"
"08/25/2024","AQS","060658005","1","0.06","ppm","67","Mira Loma (Van Buren)","17","100.0000","44201","Ozone","087","40140","Riverside-San Bernardino-Ontario, CA","06","California","065","Riverside","33.996360000875","-117.4924"
"08/26/2024","AQS","060658005","1","0.077","ppm","122","Mira Loma (Van Buren)","17","100.0000","44201","Ozone","087","40140","Riverside-San Bernardino-Ontario, CA","06","California","065","Riverside","33.996360000875","-117.4924"
"08/27/2024","AQS","060658005","1","0.081","ppm","136","Mira Loma (Van Buren)","17","100.0000","44201","Ozone","087","40140","Riverside-San Bernardino-Ontario, CA","06","California","065","Riverside","33.996360000875","-117.4924"
"08/28/2024","AQS","060658005","1","0.076","ppm","119","Mira Loma (Van Buren)","17","100.0000","44201","Ozone","087","40140","Riverside-San Bernardino-Ontario, CA","06","California","065","Riverside","33.996360000875","-117.4924"
"08/29/2024","AQS","060658005","1","0.08","ppm","133","Mira Loma (Van Buren)","17","100.0000","44201","Ozone","087","40140","Riverside-San Bernardino-Ontario, CA","06","California","065","Riverside","33.996360000875","-117.4924"
"08/30/2024","AQS","060658005","1","0.079","ppm","129","Mira Loma (Van Buren)","17","100.0000","44201","Ozone","087","40140","Riverside-San Bernardino-Ontario, CA","06","California","065","Riverside","33.996360000875","-117.4924"
"08/31/2024","AQS","060658005","1","0.091","ppm","164","Mira Loma (Van Buren)","17","100.0000","44201","Ozone","087","40140","Riverside-San Bernardino-Ontario, CA","06","California","065","Riverside","33.996360000875","-117.4924"
"09/01/2024","AQS","060658005","1","0.081","ppm","136","Mira Loma (Van Buren)","17","100.0000","44201","Ozone","087","40140","Riverside-San Bernardino-Ontario, CA","06","California","065","Riverside","33.996360000875","-117.4924"
"09/02/2024","AQS","060658005","1","0.083","ppm","143","Mira Loma (Van Buren)","17","100.0000","44201","Ozone","087","40140","Riverside-San Bernardino-Ontario, CA","06","California","065","Riverside","33.996360000875","-117.4924"
"09/03/2024","AQS","060658005","1","0.083","ppm","143","Mira Loma (Van Buren)","17","100.0000","44201","Ozone","087","40140","Riverside-San Bernardino-Ontario, CA","06","California","065","Riverside","33.996360000875","-117.4924"
"09/04/2024","AQS","060658005","1","0.078","ppm","126","Mira Loma (Van Buren)","17","100.0000","44201","Ozone","087","40140","Riverside-San Bernardino-Ontario, CA","06","California","065","Riverside","33.996360000875","-117.4924"
"09/05/2024","AQS","060658005","1","0.094","ppm","172","Mira Loma (Van Buren)","17","100.0000","44201","Ozone","087","40140","Riverside-San Bernardino-Ontario, CA","06","California","065","Riverside","33.996360000875","-117.4924"
"09/06/2024","AQS","060658005","1","0.094","ppm","172","Mira Loma (Van Buren)","17","100.0000","44201","Ozone","087","40140","Riverside-San Bernardino-Ontario, CA","06","California","065","Riverside","33.996360000875","-117.4924"
"09/07/2024","AQS","060658005","1","0.091","ppm","164","Mira Loma (Van Buren)","8","47.0000","44201","Ozone","087","40140","Riverside-San Bernardino-Ontario, CA","06","California","065","Riverside","33.996360000875","-117.4924"
"09/08/2024","AQS","060658005","1","0.072","ppm","105","Mira Loma (Van Buren)","17","100.0000","44201","Ozone","087","40140","Riverside-San Bernardino-Ontario, CA","06","California","065","Riverside","33.996360000875","-117.4924"
"09/09/2024","AQS","060658005","1","0.099","ppm","185","Mira Loma (Van Buren)","17","100.0000","44201","Ozone","087","40140","Riverside-San Bernardino-Ontario, CA","06","California","065","Riverside","33.996360000875","-117.4924"
"09/10/2024","AQS","060658005","1","0.067","ppm","90","Mira Loma (Van Buren)","17","100.0000","44201","Ozone","087","40140","Riverside-San Bernardino-Ontario, CA","06","California","065","Riverside","33.996360000875","-117.4924"
"09/11/2024","AQS","060658005","1","0.057","ppm","58","Mira Loma (Van Buren)","17","100.0000","44201","Ozone","087","40140","Riverside-San Bernardino-Ontario, CA","06","California","065","Riverside","33.996360000875","-117.4924"
"09/12/2024","AQS","060658005","1","0.055","ppm","51","Mira Loma (Van Buren)","17","100.0000","44201","Ozone","087","40140","Riverside-San Bernardino-Ontario, CA","06","California","065","Riverside","33.996360000875","-117.4924"
"09/13/2024","AQS","060658005","1","0.06","ppm","67","Mira Loma (Van Buren)","17","100.0000","44201","Ozone","087","40140","Riverside-San Bernardino-Ontario, CA","06","California","065","Riverside","33.996360000875","-117.4924"
"09/14/2024","AQS","060658005","1","0.066","ppm","87","Mira Loma (Van Buren)","17","100.0000","44201","Ozone","087","40140","Riverside-San Bernardino-Ontario, CA","06","California","065","Riverside","33.996360000875","-117.4924"
"09/15/2024","AQS","060658005","1","0.055","ppm","51","Mira Loma (Van Buren)","17","100.0000","44201","Ozone","087","40140","Riverside-San Bernardino-Ontario, CA","06","California","065","Riverside","33.996360000875","-117.4924"
"09/16/2024","AQS","060658005","1","0.046","ppm","43","Mira Loma (Van Buren)","17","100.0000","44201","Ozone","087","40140","Riverside-San Bernardino-Ontario, CA","06","California","065","Riverside","33.996360000875","-117.4924"
"09/17/2024","AQS","060658005","1","0.05","ppm","46","Mira Loma (Van Buren)","17","100.0000","44201","Ozone","087","40140","Riverside-San Bernardino-Ontario, CA","06","California","065","Riverside","33.996360000875","-117.4924"
"09/18/2024","AQS","060658005","1","0.056","ppm","54","Mira Loma (Van Buren)","17","100.0000","44201","Ozone","087","40140","Riverside-San Bernardino-Ontario, CA","06","California","065","Riverside","33.996360000875","-117.4924"
"09/19/2024","AQS","060658005","1","0.047","ppm","44","Mira Loma (Van Buren)","17","100.0000","44201","Ozone","087","40140","Riverside-San Bernardino-Ontario, CA","06","California","065","Riverside","33.996360000875","-117.4924"
"09/20/2024","AQS","060658005","1","0.05","ppm","46","Mira Loma (Van Buren)","17","100.0000","44201","Ozone","087","40140","Riverside-San Bernardino-Ontario, CA","06","California","065","Riverside","33.996360000875","-117.4924"
"09/21/2024","AQS","060658005","1","0.06","ppm","67","Mira Loma (Van Buren)","17","100.0000","44201","Ozone","087","40140","Riverside-San Bernardino-Ontario, CA","06","California","065","Riverside","33.996360000875","-117.4924"
"09/22/2024","AQS","060658005","1","0.078","ppm","126","Mira Loma (Van Buren)","17","100.0000","44201","Ozone","087","40140","Riverside-San Bernardino-Ontario, CA","06","California","065","Riverside","33.996360000875","-117.4924"
"09/23/2024","AQS","060658005","1","0.079","ppm","129","Mira Loma (Van Buren)","17","100.0000","44201","Ozone","087","40140","Riverside-San Bernardino-Ontario, CA","06","California","065","Riverside","33.996360000875","-117.4924"
"09/24/2024","AQS","060658005","1","0.068","ppm","93","Mira Loma (Van Buren)","17","100.0000","44201","Ozone","087","40140","Riverside-San Bernardino-Ontario, CA","06","California","065","Riverside","33.996360000875","-117.4924"
"09/25/2024","AQS","060658005","1","0.07","ppm","100","Mira Loma (Van Buren)","17","100.0000","44201","Ozone","087","40140","Riverside-San Bernardino-Ontario, CA","06","California","065","Riverside","33.996360000875","-117.4924"
"09/26/2024","AQS","060658005","1","0.07","ppm","100","Mira Loma (Van Buren)","17","100.0000","44201","Ozone","087","40140","Riverside-San Bernardino-Ontario, CA","06","California","065","Riverside","33.996360000875","-117.4924"
"09/27/2024","AQS","060658005","1","0.07","ppm","100","Mira Loma (Van Buren)","17","100.0000","44201","Ozone","087","40140","Riverside-San Bernardino-Ontario, CA","06","California","065","Riverside","33.996360000875","-117.4924"
"09/28/2024","AQS","060658005","1","0.075","ppm","115","Mira Loma (Van Buren)","17","100.0000","44201","Ozone","087","40140","Riverside-San Bernardino-Ontario, CA","06","California","065","Riverside","33.996360000875","-117.4924"
"09/29/2024","AQS","060658005","1","0.076","ppm","119","Mira Loma (Van Buren)","17","100.0000","44201","Ozone","087","40140","Riverside-San Bernardino-Ontario, CA","06","California","065","Riverside","33.996360000875","-117.4924"
"09/30/2024","AQS","060658005","1","0.089","ppm","159","Mira Loma (Van Buren)","17","100.0000","44201","Ozone","087","40140","Riverside-San Bernardino-Ontario, CA","06","California","065","Riverside","33.996360000875","-117.4924"
"10/01/2024","AQS","060658005","1","0.093","ppm","169","Mira Loma (Van Buren)","17","100.0000","44201","Ozone","087","40140","Riverside-San Bernardino-Ontario, CA","06","California","065","Riverside","33.996360000875","-117.4924"
"10/02/2024","AQS","060658005","1","0.095","ppm","174","Mira Loma (Van Buren)","17","100.0000","44201","Ozone","087","40140","Riverside-San Bernardino-Ontario, CA","06","California","065","Riverside","33.996360000875","-117.4924"
"10/03/2024","AQS","060658005","1","0.094","ppm","172","Mira Loma (Van Buren)","17","100.0000","44201","Ozone","087","40140","Riverside-San Bernardino-Ontario, CA","06","California","065","Riverside","33.996360000875","-117.4924"
"10/04/2024","AQS","060658005","1","0.078","ppm","126","Mira Loma (Van Buren)","17","100.0000","44201","Ozone","087","40140","Riverside-San Bernardino-Ontario, CA","06","California","065","Riverside","33.996360000875","-117.4924"
"10/05/2024","AQS","060658005","1","0.099","ppm","185","Mira Loma (Van Buren)","17","100.0000","44201","Ozone","087","40140","Riverside-San Bernardino-Ontario, CA","06","California","065","Riverside","33.996360000875","-117.4924"
"10/06/2024","AQS","060658005","1","0.095","ppm","174","Mira Loma (Van Buren)","17","100.0000","44201","Ozone","087","40140","Riverside-San Bernardino-Ontario, CA","06","California","065","Riverside","33.996360000875","-117.4924"
"10/07/2024","AQS","060658005","1","0.085","ppm","150","Mira Loma (Van Buren)","17","100.0000","44201","Ozone","087","40140","Riverside-San Bernardino-Ontario, CA","06","California","065","Riverside","33.996360000875","-117.4924"
"10/08/2024","AQS","060658005","1","0.072","ppm","105","Mira Loma (Van Buren)","17","100.0000","44201","Ozone","087","40140","Riverside-San Bernardino-Ontario, CA","06","California","065","Riverside","33.996360000875","-117.4924"
"10/09/2024","AQS","060658005","1","0.069","ppm","97","Mira Loma (Van Buren)","17","100.0000","44201","Ozone","087","40140","Riverside-San Bernardino-Ontario, CA","06","California","065","Riverside","33.996360000875","-117.4924"
"10/10/2024","AQS","060658005","1","0.071","ppm","101","Mira Loma (Van Buren)","17","100.0000","44201","Ozone","087","40140","Riverside-San Bernardino-Ontario, CA","06","California","065","Riverside","33.996360000875","-117.4924"
"10/12/2024","AQS","060658005","1","0.058","ppm","61","Mira Loma (Van Buren)","17","100.0000","44201","Ozone","087","40140","Riverside-San Bernardino-Ontario, CA","06","California","065","Riverside","33.996360000875","-117.4924"
"10/13/2024","AQS","060658005","1","0.053","ppm","49","Mira Loma (Van Buren)","17","100.0000","44201","Ozone","087","40140","Riverside-San Bernardino-Ontario, CA","06","California","065","Riverside","33.996360000875","-117.4924"
"10/14/2024","AQS","060658005","1","0.049","ppm","45","Mira Loma (Van Buren)","17","100.0000","44201","Ozone","087","40140","Riverside-San Bernardino-Ontario, CA","06","California","065","Riverside","33.996360000875","-117.4924"
"10/16/2024","AQS","060658005","1","0.039","ppm","36","Mira Loma (Van Buren)","17","100.0000","44201","Ozone","087","40140","Riverside-San Bernardino-Ontario, CA","06","California","065","Riverside","33.996360000875","-117.4924"
"10/17/2024","AQS","060658005","1","0.044","ppm","41","Mira Loma (Van Buren)","17","100.0000","44201","Ozone","087","40140","Riverside-San Bernardino-Ontario, CA","06","California","065","Riverside","33.996360000875","-117.4924"
"10/18/2024","AQS","060658005","1","0.043","ppm","40","Mira Loma (Van Buren)","17","100.0000","44201","Ozone","087","40140","Riverside-San Bernardino-Ontario, CA","06","California","065","Riverside","33.996360000875","-117.4924"
"10/19/2024","AQS","060658005","1","0.05","ppm","46","Mira Loma (Van Buren)","17","100.0000","44201","Ozone","087","40140","Riverside-San Bernardino-Ontario, CA","06","California","065","Riverside","33.996360000875","-117.4924"
"10/20/2024","AQS","060658005","1","0.057","ppm","58","Mira Loma (Van Buren)","17","100.0000","44201","Ozone","087","40140","Riverside-San Bernardino-Ontario, CA","06","California","065","Riverside","33.996360000875","-117.4924"
"10/21/2024","AQS","060658005","1","0.057","ppm","58","Mira Loma (Van Buren)","17","100.0000","44201","Ozone","087","40140","Riverside-San Bernardino-Ontario, CA","06","California","065","Riverside","33.996360000875","-117.4924"
"10/23/2024","AQS","060658005","1","0.076","ppm","119","Mira Loma (Van Buren)","15","88.0000","44201","Ozone","087","40140","Riverside-San Bernardino-Ontario, CA","06","California","065","Riverside","33.996360000875","-117.4924"
"10/24/2024","AQS","060658005","1","0.063","ppm","77","Mira Loma (Van Buren)","13","76.0000","44201","Ozone","087","40140","Riverside-San Bernardino-Ontario, CA","06","California","065","Riverside","33.996360000875","-117.4924"
"10/25/2024","AQS","060658005","1","0.07","ppm","100","Mira Loma (Van Buren)","17","100.0000","44201","Ozone","087","40140","Riverside-San Bernardino-Ontario, CA","06","California","065","Riverside","33.996360000875","-117.4924"
"10/26/2024","AQS","060658005","1","0.083","ppm","143","Mira Loma (Van Buren)","17","100.0000","44201","Ozone","087","40140","Riverside-San Bernardino-Ontario, CA","06","California","065","Riverside","33.996360000875","-117.4924"
"10/27/2024","AQS","060658005","1","0.064","ppm","80","Mira Loma (Van Buren)","17","100.0000","44201","Ozone","087","40140","Riverside-San Bernardino-Ontario, CA","06","California","065","Riverside","33.996360000875","-117.4924"
"10/28/2024","AQS","060658005","1","0.037","ppm","34","Mira Loma (Van Buren)","17","100.0000","44201","Ozone","087","40140","Riverside-San Bernardino-Ontario, CA","06","California","065","Riverside","33.996360000875","-117.4924"
"10/29/2024","AQS","060658005","1","0.045","ppm","42","Mira Loma (Van Buren)","17","100.0000","44201","Ozone","087","40140","Riverside-San Bernardino-Ontario, CA","06","California","065","Riverside","33.996360000875","-117.4924"
"10/30/2024","AQS","060658005","1","0.04","ppm","37","Mira Loma (Van Buren)","17","100.0000","44201","Ozone","087","40140","Riverside-San Bernardino-Ontario, CA","06","California","065","Riverside","33.996360000875","-117.4924"
"10/31/2024","AirNow","060658005","1","0.05","ppm","46","Mira Loma (Van Buren)","24","100.0000","44201","Ozone","","40140","Riverside-San Bernardino-Ontario, CA","06","California","065","Riverside","33.996360000875","-117.4924"
"11/01/2024","AirNow","060658005","1","0.049","ppm","45","Mira Loma (Van Buren)","24","100.0000","44201","Ozone","","40140","Riverside-San Bernardino-Ontario, CA","06","California","065","Riverside","33.996360000875","-117.4924"
"11/02/2024","AirNow","060658005","1","0.045","ppm","42","Mira Loma (Van Buren)","24","100.0000","44201","Ozone","","40140","Riverside-San Bernardino-Ontario, CA","06","California","065","Riverside","33.996360000875","-117.4924"
"11/03/2024","AirNow","060658005","1","0.048","ppm","44","Mira Loma (Van Buren)","24","100.0000","44201","Ozone","","40140","Riverside-San Bernardino-Ontario, CA","06","California","065","Riverside","33.996360000875","-117.4924"
"11/04/2024","AirNow","060658005","1","0.039","ppm","36","Mira Loma (Van Buren)","24","100.0000","44201","Ozone","","40140","Riverside-San Bernardino-Ontario, CA","06","California","065","Riverside","33.996360000875","-117.4924"
"11/09/2024","AirNow","060658005","1","0.045","ppm","42","Mira Loma (Van Buren)","24","100.0000","44201","Ozone","","40140","Riverside-San Bernardino-Ontario, CA","06","California","065","Riverside","33.996360000875","-117.4924"
"11/10/2024","AirNow","060658005","1","0.054","ppm","50","Mira Loma (Van Buren)","24","100.0000","44201","Ozone","","40140","Riverside-San Bernardino-Ontario, CA","06","California","065","Riverside","33.996360000875","-117.4924"
"11/11/2024","AirNow","060658005","1","0.056","ppm","54","Mira Loma (Van Buren)","24","100.0000","44201","Ozone","","40140","Riverside-San Bernardino-Ontario, CA","06","California","065","Riverside","33.996360000875","-117.4924"
"11/12/2024","AirNow","060658005","1","0.042","ppm","39","Mira Loma (Van Buren)","24","100.0000","44201","Ozone","","40140","Riverside-San Bernardino-Ontario, CA","06","California","065","Riverside","33.996360000875","-117.4924"
"11/13/2024","AirNow","060658005","1","0.039","ppm","36","Mira Loma (Van Buren)","24","100.0000","44201","Ozone","","40140","Riverside-San Bernardino-Ontario, CA","06","California","065","Riverside","33.996360000875","-117.4924"
"11/15/2024","AirNow","060658005","1","0.038","ppm","35","Mira Loma (Van Buren)","24","100.0000","44201","Ozone","","40140","Riverside-San Bernardino-Ontario, CA","06","California","065","Riverside","33.996360000875","-117.4924"
"11/16/2024","AirNow","060658005","1","0.038","ppm","35","Mira Loma (Van Buren)","24","100.0000","44201","Ozone","","40140","Riverside-San Bernardino-Ontario, CA","06","California","065","Riverside","33.996360000875","-117.4924"
"11/17/2024","AirNow","060658005","1","0.04","ppm","37","Mira Loma (Van Buren)","24","100.0000","44201","Ozone","","40140","Riverside-San Bernardino-Ontario, CA","06","California","065","Riverside","33.996360000875","-117.4924"
"11/18/2024","AirNow","060658005","1","0.04","ppm","37","Mira Loma (Van Buren)","24","100.0000","44201","Ozone","","40140","Riverside-San Bernardino-Ontario, CA","06","California","065","Riverside","33.996360000875","-117.4924"
"11/20/2024","AirNow","060658005","1","0.035","ppm","32","Mira Loma (Van Buren)","24","100.0000","44201","Ozone","","40140","Riverside-San Bernardino-Ontario, CA","06","California","065","Riverside","33.996360000875","-117.4924"
"11/21/2024","AirNow","060658005","1","0.031","ppm","29","Mira Loma (Van Buren)","24","100.0000","44201","Ozone","","40140","Riverside-San Bernardino-Ontario, CA","06","California","065","Riverside","33.996360000875","-117.4924"
"11/22/2024","AirNow","060658005","1","0.034","ppm","31","Mira Loma (Van Buren)","24","100.0000","44201","Ozone","","40140","Riverside-San Bernardino-Ontario, CA","06","California","065","Riverside","33.996360000875","-117.4924"
"11/23/2024","AirNow","060658005","1","0.029","ppm","27","Mira Loma (Van Buren)","24","100.0000","44201","Ozone","","40140","Riverside-San Bernardino-Ontario, CA","06","California","065","Riverside","33.996360000875","-117.4924"
"11/24/2024","AirNow","060658005","1","0.037","ppm","34","Mira Loma (Van Buren)","24","100.0000","44201","Ozone","","40140","Riverside-San Bernardino-Ontario, CA","06","California","065","Riverside","33.996360000875","-117.4924"
"11/25/2024","AirNow","060658005","1","0.019","ppm","18","Mira Loma (Van Buren)","24","100.0000","44201","Ozone","","40140","Riverside-San Bernardino-Ontario, CA","06","California","065","Riverside","33.996360000875","-117.4924"
"11/26/2024","AirNow","060658005","1","0.025","ppm","23","Mira Loma (Van Buren)","24","100.0000","44201","Ozone","","40140","Riverside-San Bernardino-Ontario, CA","06","California","065","Riverside","33.996360000875","-117.4924"
"11/27/2024","AirNow","060658005","1","0.025","ppm","23","Mira Loma (Van Buren)","24","100.0000","44201","Ozone","","40140","Riverside-San Bernardino-Ontario, CA","06","California","065","Riverside","33.996360000875","-117.4924"
"11/28/2024","AirNow","060658005","1","0.041","ppm","38","Mira Loma (Van Buren)","24","100.0000","44201","Ozone","","40140","Riverside-San Bernardino-Ontario, CA","06","California","065","Riverside","33.996360000875","-117.4924"
"11/29/2024","AirNow","060658005","1","0.033","ppm","31","Mira Loma (Van Buren)","24","100.0000","44201","Ozone","","40140","Riverside-San Bernardino-Ontario, CA","06","California","065","Riverside","33.996360000875","-117.4924"
"11/30/2024","AirNow","060658005","1","0.03","ppm","28","Mira Loma (Van Buren)","24","100.0000","44201","Ozone","","40140","Riverside-San Bernardino-Ontario, CA","06","California","065","Riverside","33.996360000875","-117.4924"
"12/01/2024","AirNow","060658005","1","0.038","ppm","35","Mira Loma (Van Buren)","24","100.0000","44201","Ozone","","40140","Riverside-San Bernardino-Ontario, CA","06","California","065","Riverside","33.996360000875","-117.4924"
"12/02/2024","AirNow","060658005","1","0.028","ppm","26","Mira Loma (Van Buren)","24","100.0000","44201","Ozone","","40140","Riverside-San Bernardino-Ontario, CA","06","California","065","Riverside","33.996360000875","-117.4924"
"12/03/2024","AirNow","060658005","1","0.03","ppm","28","Mira Loma (Van Buren)","24","100.0000","44201","Ozone","","40140","Riverside-San Bernardino-Ontario, CA","06","California","065","Riverside","33.996360000875","-117.4924"
"12/04/2024","AirNow","060658005","1","0.032","ppm","30","Mira Loma (Van Buren)","24","100.0000","44201","Ozone","","40140","Riverside-San Bernardino-Ontario, CA","06","California","065","Riverside","33.996360000875","-117.4924"
"12/05/2024","AirNow","060658005","1","0.03","ppm","28","Mira Loma (Van Buren)","24","100.0000","44201","Ozone","","40140","Riverside-San Bernardino-Ontario, CA","06","California","065","Riverside","33.996360000875","-117.4924"
"12/06/2024","AirNow","060658005","1","0.038","ppm","35","Mira Loma (Van Buren)","24","100.0000","44201","Ozone","","40140","Riverside-San Bernardino-Ontario, CA","06","California","065","Riverside","33.996360000875","-117.4924"
"12/07/2024","AirNow","060658005","1","0.034","ppm","31","Mira Loma (Van Buren)","24","100.0000","44201","Ozone","","40140","Riverside-San Bernardino-Ontario, CA","06","California","065","Riverside","33.996360000875","-117.4924"
"12/08/2024","AirNow","060658005","1","0.042","ppm","39","Mira Loma (Van Buren)","24","100.0000","44201","Ozone","","40140","Riverside-San Bernardino-Ontario, CA","06","California","065","Riverside","33.996360000875","-117.4924"
"12/09/2024","AirNow","060658005","1","0.043","ppm","40","Mira Loma (Van Buren)","24","100.0000","44201","Ozone","","40140","Riverside-San Bernardino-Ontario, CA","06","California","065","Riverside","33.996360000875","-117.4924"
"12/10/2024","AirNow","060658005","1","0.043","ppm","40","Mira Loma (Van Buren)","24","100.0000","44201","Ozone","","40140","Riverside-San Bernardino-Ontario, CA","06","California","065","Riverside","33.996360000875","-117.4924"
"12/11/2024","AirNow","060658005","1","0.025","ppm","23","Mira Loma (Van Buren)","24","100.0000","44201","Ozone","","40140","Riverside-San Bernardino-Ontario, CA","06","California","065","Riverside","33.996360000875","-117.4924"
"12/12/2024","AirNow","060658005","1","0.036","ppm","33","Mira Loma (Van Buren)","24","100.0000","44201","Ozone","","40140","Riverside-San Bernardino-Ontario, CA","06","California","065","Riverside","33.996360000875","-117.4924"
"12/13/2024","AirNow","060658005","1","0.038","ppm","35","Mira Loma (Van Buren)","24","100.0000","44201","Ozone","","40140","Riverside-San Bernardino-Ontario, CA","06","California","065","Riverside","33.996360000875","-117.4924"
"12/14/2024","AirNow","060658005","1","0.037","ppm","34","Mira Loma (Van Buren)","24","100.0000","44201","Ozone","","40140","Riverside-San Bernardino-Ontario, CA","06","California","065","Riverside","33.996360000875","-117.4924"
"12/15/2024","AirNow","060658005","1","0.033","ppm","31","Mira Loma (Van Buren)","24","100.0000","44201","Ozone","","40140","Riverside-San Bernardino-Ontario, CA","06","California","065","Riverside","33.996360000875","-117.4924"
"12/16/2024","AirNow","060658005","1","0.03","ppm","28","Mira Loma (Van Buren)","24","100.0000","44201","Ozone","","40140","Riverside-San Bernardino-Ontario, CA","06","California","065","Riverside","33.996360000875","-117.4924"
"12/17/2024","AirNow","060658005","1","0.042","ppm","39","Mira Loma (Van Buren)","24","100.0000","44201","Ozone","","40140","Riverside-San Bernardino-Ontario, CA","06","California","065","Riverside","33.996360000875","-117.4924"
"12/18/2024","AirNow","060658005","1","0.042","ppm","39","Mira Loma (Van Buren)","24","100.0000","44201","Ozone","","40140","Riverside-San Bernardino-Ontario, CA","06","California","065","Riverside","33.996360000875","-117.4924"
"12/19/2024","AirNow","060658005","1","0.026","ppm","24","Mira Loma (Van Buren)","24","100.0000","44201","Ozone","","40140","Riverside-San Bernardino-Ontario, CA","06","California","065","Riverside","33.996360000875","-117.4924"
"12/20/2024","AirNow","060658005","1","0.031","ppm","29","Mira Loma (Van Buren)","24","100.0000","44201","Ozone","","40140","Riverside-San Bernardino-Ontario, CA","06","California","065","Riverside","33.996360000875","-117.4924"
"12/21/2024","AirNow","060658005","1","0.034","ppm","31","Mira Loma (Van Buren)","24","100.0000","44201","Ozone","","40140","Riverside-San Bernardino-Ontario, CA","06","California","065","Riverside","33.996360000875","-117.4924"
"12/22/2024","AirNow","060658005","1","0.032","ppm","30","Mira Loma (Van Buren)","24","100.0000","44201","Ozone","","40140","Riverside-San Bernardino-Ontario, CA","06","California","065","Riverside","33.996360000875","-117.4924"
"12/23/2024","AirNow","060658005","1","0.035","ppm","32","Mira Loma (Van Buren)","24","100.0000","44201","Ozone","","40140","Riverside-San Bernardino-Ontario, CA","06","California","065","Riverside","33.996360000875","-117.4924"
"12/24/2024","AirNow","060658005","1","0.027","ppm","25","Mira Loma (Van Buren)","24","100.0000","44201","Ozone","","40140","Riverside-San Bernardino-Ontario, CA","06","California","065","Riverside","33.996360000875","-117.4924"
"12/25/2024","AirNow","060658005","1","0.038","ppm","35","Mira Loma (Van Buren)","24","100.0000","44201","Ozone","","40140","Riverside-San Bernardino-Ontario, CA","06","California","065","Riverside","33.996360000875","-117.4924"
"12/26/2024","AirNow","060658005","1","0.035","ppm","32","Mira Loma (Van Buren)","24","100.0000","44201","Ozone","","40140","Riverside-San Bernardino-Ontario, CA","06","California","065","Riverside","33.996360000875","-117.4924"
"12/27/2024","AirNow","060658005","1","0.019","ppm","18","Mira Loma (Van Buren)","24","100.0000","44201","Ozone","","40140","Riverside-San Bernardino-Ontario, CA","06","California","065","Riverside","33.996360000875","-117.4924"
"12/28/2024","AirNow","060658005","1","0.027","ppm","25","Mira Loma (Van Buren)","24","100.0000","44201","Ozone","","40140","Riverside-San Bernardino-Ontario, CA","06","California","065","Riverside","33.996360000875","-117.4924"
"12/29/2024","AirNow","060658005","1","0.03","ppm","28","Mira Loma (Van Buren)","24","100.0000","44201","Ozone","","40140","Riverside-San Bernardino-Ontario, CA","06","California","065","Riverside","33.996360000875","-117.4924"
"12/30/2024","AirNow","060658005","1","0.032","ppm","30","Mira Loma (Van Buren)","24","100.0000","44201","Ozone","","40140","Riverside-San Bernardino-Ontario, CA","06","California","065","Riverside","33.996360000875","-117.4924"
"12/31/2024","AirNow","060658005","1","0.022","ppm","20","Mira Loma (Van Buren)","19","79.0000","44201","Ozone","","40140","Riverside-San Bernardino-Ontario, CA","06","California","065","Riverside","33.996360000875","-117.4924"
"01/01/2024","AQS","060659001","1","0.04","ppm","37","Lake Elsinore","17","100.0000","44201","Ozone","087","40140","Riverside-San Bernardino-Ontario, CA","06","California","065","Riverside","33.67649","-117.33098"
"01/02/2024","AQS","060659001","1","0.038","ppm","35","Lake Elsinore","17","100.0000","44201","Ozone","087","40140","Riverside-San Bernardino-Ontario, CA","06","California","065","Riverside","33.67649","-117.33098"
"01/03/2024","AQS","060659001","1","0.039","ppm","36","Lake Elsinore","17","100.0000","44201","Ozone","087","40140","Riverside-San Bernardino-Ontario, CA","06","California","065","Riverside","33.67649","-117.33098"
"01/04/2024","AQS","060659001","1","0.033","ppm","31","Lake Elsinore","17","100.0000","44201","Ozone","087","40140","Riverside-San Bernardino-Ontario, CA","06","California","065","Riverside","33.67649","-117.33098"
"01/05/2024","AQS","060659001","1","0.027","ppm","25","Lake Elsinore","17","100.0000","44201","Ozone","087","40140","Riverside-San Bernardino-Ontario, CA","06","California","065","Riverside","33.67649","-117.33098"
"01/06/2024","AQS","060659001","1","0.042","ppm","39","Lake Elsinore","17","100.0000","44201","Ozone","087","40140","Riverside-San Bernardino-Ontario, CA","06","California","065","Riverside","33.67649","-117.33098"
"01/07/2024","AQS","060659001","1","0.038","ppm","35","Lake Elsinore","17","100.0000","44201","Ozone","087","40140","Riverside-San Bernardino-Ontario, CA","06","California","065","Riverside","33.67649","-117.33098"
"01/08/2024","AQS","060659001","1","0.035","ppm","32","Lake Elsinore","17","100.0000","44201","Ozone","087","40140","Riverside-San Bernardino-Ontario, CA","06","California","065","Riverside","33.67649","-117.33098"
"01/09/2024","AQS","060659001","1","0.033","ppm","31","Lake Elsinore","17","100.0000","44201","Ozone","087","40140","Riverside-San Bernardino-Ontario, CA","06","California","065","Riverside","33.67649","-117.33098"
"01/10/2024","AQS","060659001","1","0.035","ppm","32","Lake Elsinore","17","100.0000","44201","Ozone","087","40140","Riverside-San Bernardino-Ontario, CA","06","California","065","Riverside","33.67649","-117.33098"
"01/11/2024","AQS","060659001","1","0.041","ppm","38","Lake Elsinore","17","100.0000","44201","Ozone","087","40140","Riverside-San Bernardino-Ontario, CA","06","California","065","Riverside","33.67649","-117.33098"
"01/12/2024","AQS","060659001","1","0.038","ppm","35","Lake Elsinore","17","100.0000","44201","Ozone","087","40140","Riverside-San Bernardino-Ontario, CA","06","California","065","Riverside","33.67649","-117.33098"
"01/13/2024","AQS","060659001","1","0.042","ppm","39","Lake Elsinore","17","100.0000","44201","Ozone","087","40140","Riverside-San Bernardino-Ontario, CA","06","California","065","Riverside","33.67649","-117.33098"
"01/14/2024","AQS","060659001","1","0.043","ppm","40","Lake Elsinore","17","100.0000","44201","Ozone","087","40140","Riverside-San Bernardino-Ontario, CA","06","California","065","Riverside","33.67649","-117.33098"
"01/15/2024","AQS","060659001","1","0.042","ppm","39","Lake Elsinore","17","100.0000","44201","Ozone","087","40140","Riverside-San Bernardino-Ontario, CA","06","California","065","Riverside","33.67649","-117.33098"
"01/16/2024","AQS","060659001","1","0.046","ppm","43","Lake Elsinore","17","100.0000","44201","Ozone","087","40140","Riverside-San Bernardino-Ontario, CA","06","California","065","Riverside","33.67649","-117.33098"
"01/17/2024","AQS","060659001","1","0.038","ppm","35","Lake Elsinore","17","100.0000","44201","Ozone","087","40140","Riverside-San Bernardino-Ontario, CA","06","California","065","Riverside","33.67649","-117.33098"
"01/18/2024","AQS","060659001","1","0.037","ppm","34","Lake Elsinore","17","100.0000","44201","Ozone","087","40140","Riverside-San Bernardino-Ontario, CA","06","California","065","Riverside","33.67649","-117.33098"
"01/19/2024","AQS","060659001","1","0.035","ppm","32","Lake Elsinore","17","100.0000","44201","Ozone","087","40140","Riverside-San Bernardino-Ontario, CA","06","California","065","Riverside","33.67649","-117.33098"
"01/20/2024","AQS","060659001","1","0.028","ppm","26","Lake Elsinore","17","100.0000","44201","Ozone","087","40140","Riverside-San Bernardino-Ontario, CA","06","California","065","Riverside","33.67649","-117.33098"
"01/21/2024","AQS","060659001","1","0.033","ppm","31","Lake Elsinore","17","100.0000","44201","Ozone","087","40140","Riverside-San Bernardino-Ontario, CA","06","California","065","Riverside","33.67649","-117.33098"
"01/22/2024","AQS","060659001","1","0.031","ppm","29","Lake Elsinore","17","100.0000","44201","Ozone","087","40140","Riverside-San Bernardino-Ontario, CA","06","California","065","Riverside","33.67649","-117.33098"
"01/23/2024","AQS","060659001","1","0.032","ppm","30","Lake Elsinore","17","100.0000","44201","Ozone","087","40140","Riverside-San Bernardino-Ontario, CA","06","California","065","Riverside","33.67649","-117.33098"
"01/24/2024","AQS","060659001","1","0.027","ppm","25","Lake Elsinore","17","100.0000","44201","Ozone","087","40140","Riverside-San Bernardino-Ontario, CA","06","California","065","Riverside","33.67649","-117.33098"
"01/25/2024","AQS","060659001","1","0.033","ppm","31","Lake Elsinore","17","100.0000","44201","Ozone","087","40140","Riverside-San Bernardino-Ontario, CA","06","California","065","Riverside","33.67649","-117.33098"
"01/26/2024","AQS","060659001","1","0.039","ppm","36","Lake Elsinore","17","100.0000","44201","Ozone","087","40140","Riverside-San Bernardino-Ontario, CA","06","California","065","Riverside","33.67649","-117.33098"
"01/27/2024","AQS","060659001","1","0.043","ppm","40","Lake Elsinore","17","100.0000","44201","Ozone","087","40140","Riverside-San Bernardino-Ontario, CA","06","California","065","Riverside","33.67649","-117.33098"
"01/28/2024","AQS","060659001","1","0.039","ppm","36","Lake Elsinore","17","100.0000","44201","Ozone","087","40140","Riverside-San Bernardino-Ontario, CA","06","California","065","Riverside","33.67649","-117.33098"
"01/30/2024","AQS","060659001","1","0.044","ppm","41","Lake Elsinore","17","100.0000","44201","Ozone","087","40140","Riverside-San Bernardino-Ontario, CA","06","California","065","Riverside","33.67649","-117.33098"
"01/31/2024","AQS","060659001","1","0.046","ppm","43","Lake Elsinore","17","100.0000","44201","Ozone","087","40140","Riverside-San Bernardino-Ontario, CA","06","California","065","Riverside","33.67649","-117.33098"
"02/01/2024","AQS","060659001","1","0.037","ppm","34","Lake Elsinore","17","100.0000","44201","Ozone","087","40140","Riverside-San Bernardino-Ontario, CA","06","California","065","Riverside","33.67649","-117.33098"
"02/02/2024","AQS","060659001","1","0.041","ppm","38","Lake Elsinore","17","100.0000","44201","Ozone","087","40140","Riverside-San Bernardino-Ontario, CA","06","California","065","Riverside","33.67649","-117.33098"
"02/03/2024","AQS","060659001","1","0.043","ppm","40","Lake Elsinore","17","100.0000","44201","Ozone","087","40140","Riverside-San Bernardino-Ontario, CA","06","California","065","Riverside","33.67649","-117.33098"
"02/04/2024","AQS","060659001","1","0.042","ppm","39","Lake Elsinore","17","100.0000","44201","Ozone","087","40140","Riverside-San Bernardino-Ontario, CA","06","California","065","Riverside","33.67649","-117.33098"
"02/05/2024","AQS","060659001","1","0.038","ppm","35","Lake Elsinore","17","100.0000","44201","Ozone","087","40140","Riverside-San Bernardino-Ontario, CA","06","California","065","Riverside","33.67649","-117.33098"
"02/07/2024","AQS","060659001","1","0.043","ppm","40","Lake Elsinore","17","100.0000","44201","Ozone","087","40140","Riverside-San Bernardino-Ontario, CA","06","California","065","Riverside","33.67649","-117.33098"
"02/08/2024","AQS","060659001","1","0.042","ppm","39","Lake Elsinore","17","100.0000","44201","Ozone","087","40140","Riverside-San Bernardino-Ontario, CA","06","California","065","Riverside","33.67649","-117.33098"
"02/10/2024","AQS","060659001","1","0.039","ppm","36","Lake Elsinore","17","100.0000","44201","Ozone","087","40140","Riverside-San Bernardino-Ontario, CA","06","California","065","Riverside","33.67649","-117.33098"
"02/11/2024","AQS","060659001","1","0.044","ppm","41","Lake Elsinore","17","100.0000","44201","Ozone","087","40140","Riverside-San Bernardino-Ontario, CA","06","California","065","Riverside","33.67649","-117.33098"
"02/12/2024","AQS","060659001","1","0.046","ppm","43","Lake Elsinore","17","100.0000","44201","Ozone","087","40140","Riverside-San Bernardino-Ontario, CA","06","California","065","Riverside","33.67649","-117.33098"
"02/14/2024","AQS","060659001","1","0.043","ppm","40","Lake Elsinore","17","100.0000","44201","Ozone","087","40140","Riverside-San Bernardino-Ontario, CA","06","California","065","Riverside","33.67649","-117.33098"
"02/15/2024","AQS","060659001","1","0.048","ppm","44","Lake Elsinore","17","100.0000","44201","Ozone","087","40140","Riverside-San Bernardino-Ontario, CA","06","California","065","Riverside","33.67649","-117.33098"
"02/16/2024","AQS","060659001","1","0.048","ppm","44","Lake Elsinore","17","100.0000","44201","Ozone","087","40140","Riverside-San Bernardino-Ontario, CA","06","California","065","Riverside","33.67649","-117.33098"
"02/17/2024","AQS","060659001","1","0.04","ppm","37","Lake Elsinore","17","100.0000","44201","Ozone","087","40140","Riverside-San Bernardino-Ontario, CA","06","California","065","Riverside","33.67649","-117.33098"
"02/18/2024","AQS","060659001","1","0.037","ppm","34","Lake Elsinore","17","100.0000","44201","Ozone","087","40140","Riverside-San Bernardino-Ontario, CA","06","California","065","Riverside","33.67649","-117.33098"
"02/19/2024","AQS","060659001","1","0.032","ppm","30","Lake Elsinore","17","100.0000","44201","Ozone","087","40140","Riverside-San Bernardino-Ontario, CA","06","California","065","Riverside","33.67649","-117.33098"
"02/20/2024","AQS","060659001","1","0.034","ppm","31","Lake Elsinore","17","100.0000","44201","Ozone","087","40140","Riverside-San Bernardino-Ontario, CA","06","California","065","Riverside","33.67649","-117.33098"
"02/21/2024","AQS","060659001","1","0.04","ppm","37","Lake Elsinore","17","100.0000","44201","Ozone","087","40140","Riverside-San Bernardino-Ontario, CA","06","California","065","Riverside","33.67649","-117.33098"
"02/22/2024","AQS","060659001","1","0.046","ppm","43","Lake Elsinore","17","100.0000","44201","Ozone","087","40140","Riverside-San Bernardino-Ontario, CA","06","California","065","Riverside","33.67649","-117.33098"
"02/23/2024","AQS","060659001","1","0.042","ppm","39","Lake Elsinore","17","100.0000","44201","Ozone","087","40140","Riverside-San Bernardino-Ontario, CA","06","California","065","Riverside","33.67649","-117.33098"
"02/24/2024","AQS","060659001","1","0.042","ppm","39","Lake Elsinore","17","100.0000","44201","Ozone","087","40140","Riverside-San Bernardino-Ontario, CA","06","California","065","Riverside","33.67649","-117.33098"
"02/25/2024","AQS","060659001","1","0.041","ppm","38","Lake Elsinore","17","100.0000","44201","Ozone","087","40140","Riverside-San Bernardino-Ontario, CA","06","California","065","Riverside","33.67649","-117.33098"
"02/26/2024","AQS","060659001","1","0.028","ppm","26","Lake Elsinore","17","100.0000","44201","Ozone","087","40140","Riverside-San Bernardino-Ontario, CA","06","California","065","Riverside","33.67649","-117.33098"
"02/27/2024","AQS","060659001","1","0.036","ppm","33","Lake Elsinore","17","100.0000","44201","Ozone","087","40140","Riverside-San Bernardino-Ontario, CA","06","California","065","Riverside","33.67649","-117.33098"
"02/28/2024","AQS","060659001","1","0.043","ppm","40","Lake Elsinore","17","100.0000","44201","Ozone","087","40140","Riverside-San Bernardino-Ontario, CA","06","California","065","Riverside","33.67649","-117.33098"
"02/29/2024","AQS","060659001","1","0.038","ppm","35","Lake Elsinore","17","100.0000","44201","Ozone","087","40140","Riverside-San Bernardino-Ontario, CA","06","California","065","Riverside","33.67649","-117.33098"
"03/01/2024","AQS","060659001","1","0.04","ppm","37","Lake Elsinore","17","100.0000","44201","Ozone","087","40140","Riverside-San Bernardino-Ontario, CA","06","California","065","Riverside","33.67649","-117.33098"
"03/02/2024","AQS","060659001","1","0.038","ppm","35","Lake Elsinore","17","100.0000","44201","Ozone","087","40140","Riverside-San Bernardino-Ontario, CA","06","California","065","Riverside","33.67649","-117.33098"
"03/03/2024","AQS","060659001","1","0.04","ppm","37","Lake Elsinore","17","100.0000","44201","Ozone","087","40140","Riverside-San Bernardino-Ontario, CA","06","California","065","Riverside","33.67649","-117.33098"
"03/04/2024","AQS","060659001","1","0.041","ppm","38","Lake Elsinore","17","100.0000","44201","Ozone","087","40140","Riverside-San Bernardino-Ontario, CA","06","California","065","Riverside","33.67649","-117.33098"
"03/05/2024","AQS","060659001","1","0.042","ppm","39","Lake Elsinore","17","100.0000","44201","Ozone","087","40140","Riverside-San Bernardino-Ontario, CA","06","California","065","Riverside","33.67649","-117.33098"
"03/06/2024","AQS","060659001","1","0.037","ppm","34","Lake Elsinore","17","100.0000","44201","Ozone","087","40140","Riverside-San Bernardino-Ontario, CA","06","California","065","Riverside","33.67649","-117.33098"
"03/07/2024","AQS","060659001","1","0.037","ppm","34","Lake Elsinore","17","100.0000","44201","Ozone","087","40140","Riverside-San Bernardino-Ontario, CA","06","California","065","Riverside","33.67649","-117.33098"
"03/08/2024","AQS","060659001","1","0.039","ppm","36","Lake Elsinore","17","100.0000","44201","Ozone","087","40140","Riverside-San Bernardino-Ontario, CA","06","California","065","Riverside","33.67649","-117.33098"
"03/09/2024","AQS","060659001","1","0.049","ppm","45","Lake Elsinore","17","100.0000","44201","Ozone","087","40140","Riverside-San Bernardino-Ontario, CA","06","California","065","Riverside","33.67649","-117.33098"
"03/10/2024","AQS","060659001","1","0.05","ppm","46","Lake Elsinore","17","100.0000","44201","Ozone","087","40140","Riverside-San Bernardino-Ontario, CA","06","California","065","Riverside","33.67649","-117.33098"
"03/11/2024","AQS","060659001","1","0.041","ppm","38","Lake Elsinore","17","100.0000","44201","Ozone","087","40140","Riverside-San Bernardino-Ontario, CA","06","California","065","Riverside","33.67649","-117.33098"
"03/12/2024","AQS","060659001","1","0.039","ppm","36","Lake Elsinore","17","100.0000","44201","Ozone","087","40140","Riverside-San Bernardino-Ontario, CA","06","California","065","Riverside","33.67649","-117.33098"
"03/13/2024","AQS","060659001","1","0.045","ppm","42","Lake Elsinore","17","100.0000","44201","Ozone","087","40140","Riverside-San Bernardino-Ontario, CA","06","California","065","Riverside","33.67649","-117.33098"
"03/14/2024","AQS","060659001","1","0.045","ppm","42","Lake Elsinore","17","100.0000","44201","Ozone","087","40140","Riverside-San Bernardino-Ontario, CA","06","California","065","Riverside","33.67649","-117.33098"
"03/15/2024","AQS","060659001","1","0.039","ppm","36","Lake Elsinore","17","100.0000","44201","Ozone","087","40140","Riverside-San Bernardino-Ontario, CA","06","California","065","Riverside","33.67649","-117.33098"
"03/16/2024","AQS","060659001","1","0.043","ppm","40","Lake Elsinore","17","100.0000","44201","Ozone","087","40140","Riverside-San Bernardino-Ontario, CA","06","California","065","Riverside","33.67649","-117.33098"
"03/17/2024","AQS","060659001","1","0.047","ppm","44","Lake Elsinore","17","100.0000","44201","Ozone","087","40140","Riverside-San Bernardino-Ontario, CA","06","California","065","Riverside","33.67649","-117.33098"
"03/18/2024","AQS","060659001","1","0.041","ppm","38","Lake Elsinore","17","100.0000","44201","Ozone","087","40140","Riverside-San Bernardino-Ontario, CA","06","California","065","Riverside","33.67649","-117.33098"
"03/19/2024","AQS","060659001","1","0.052","ppm","48","Lake Elsinore","17","100.0000","44201","Ozone","087","40140","Riverside-San Bernardino-Ontario, CA","06","California","065","Riverside","33.67649","-117.33098"
"03/20/2024","AirNow","060659001","1","0.052","ppm","48","Lake Elsinore","24","100.0000","44201","Ozone","","40140","Riverside-San Bernardino-Ontario, CA","06","California","065","Riverside","33.67649","-117.33098"
"03/21/2024","AirNow","060659001","1","0.042","ppm","39","Lake Elsinore","24","100.0000","44201","Ozone","","40140","Riverside-San Bernardino-Ontario, CA","06","California","065","Riverside","33.67649","-117.33098"
"03/22/2024","AQS","060659001","1","0.051","ppm","47","Lake Elsinore","15","88.0000","44201","Ozone","087","40140","Riverside-San Bernardino-Ontario, CA","06","California","065","Riverside","33.67649","-117.33098"
"03/23/2024","AQS","060659001","1","0.043","ppm","40","Lake Elsinore","17","100.0000","44201","Ozone","087","40140","Riverside-San Bernardino-Ontario, CA","06","California","065","Riverside","33.67649","-117.33098"
"03/24/2024","AQS","060659001","1","0.043","ppm","40","Lake Elsinore","17","100.0000","44201","Ozone","087","40140","Riverside-San Bernardino-Ontario, CA","06","California","065","Riverside","33.67649","-117.33098"
"03/25/2024","AQS","060659001","1","0.044","ppm","41","Lake Elsinore","17","100.0000","44201","Ozone","087","40140","Riverside-San Bernardino-Ontario, CA","06","California","065","Riverside","33.67649","-117.33098"
"03/26/2024","AQS","060659001","1","0.043","ppm","40","Lake Elsinore","16","94.0000","44201","Ozone","087","40140","Riverside-San Bernardino-Ontario, CA","06","California","065","Riverside","33.67649","-117.33098"
"03/27/2024","AQS","060659001","1","0.051","ppm","47","Lake Elsinore","17","100.0000","44201","Ozone","087","40140","Riverside-San Bernardino-Ontario, CA","06","California","065","Riverside","33.67649","-117.33098"
"03/28/2024","AQS","060659001","1","0.049","ppm","45","Lake Elsinore","17","100.0000","44201","Ozone","087","40140","Riverside-San Bernardino-Ontario, CA","06","California","065","Riverside","33.67649","-117.33098"
"03/29/2024","AQS","060659001","1","0.048","ppm","44","Lake Elsinore","17","100.0000","44201","Ozone","087","40140","Riverside-San Bernardino-Ontario, CA","06","California","065","Riverside","33.67649","-117.33098"
"03/30/2024","AQS","060659001","1","0.046","ppm","43","Lake Elsinore","17","100.0000","44201","Ozone","087","40140","Riverside-San Bernardino-Ontario, CA","06","California","065","Riverside","33.67649","-117.33098"
"03/31/2024","AQS","060659001","1","0.042","ppm","39","Lake Elsinore","17","100.0000","44201","Ozone","087","40140","Riverside-San Bernardino-Ontario, CA","06","California","065","Riverside","33.67649","-117.33098"
"04/01/2024","AQS","060659001","1","0.048","ppm","44","Lake Elsinore","68","400.0000","44201","Ozone","014","40140","Riverside-San Bernardino-Ontario, CA","06","California","065","Riverside","33.67649","-117.33098"
"04/02/2024","AQS","060659001","1","0.054","ppm","50","Lake Elsinore","68","400.0000","44201","Ozone","014","40140","Riverside-San Bernardino-Ontario, CA","06","California","065","Riverside","33.67649","-117.33098"
"04/03/2024","AQS","060659001","1","0.056","ppm","54","Lake Elsinore","68","400.0000","44201","Ozone","014","40140","Riverside-San Bernardino-Ontario, CA","06","California","065","Riverside","33.67649","-117.33098"
"04/04/2024","AQS","060659001","1","0.041","ppm","38","Lake Elsinore","68","400.0000","44201","Ozone","014","40140","Riverside-San Bernardino-Ontario, CA","06","California","065","Riverside","33.67649","-117.33098"
"04/05/2024","AQS","060659001","1","0.047","ppm","44","Lake Elsinore","68","400.0000","44201","Ozone","014","40140","Riverside-San Bernardino-Ontario, CA","06","California","065","Riverside","33.67649","-117.33098"
"04/06/2024","AQS","060659001","1","0.045","ppm","42","Lake Elsinore","68","400.0000","44201","Ozone","014","40140","Riverside-San Bernardino-Ontario, CA","06","California","065","Riverside","33.67649","-117.33098"
"04/07/2024","AQS","060659001","1","0.053","ppm","49","Lake Elsinore","68","400.0000","44201","Ozone","014","40140","Riverside-San Bernardino-Ontario, CA","06","California","065","Riverside","33.67649","-117.33098"
"04/08/2024","AQS","060659001","1","0.051","ppm","47","Lake Elsinore","68","400.0000","44201","Ozone","014","40140","Riverside-San Bernardino-Ontario, CA","06","California","065","Riverside","33.67649","-117.33098"
"04/09/2024","AQS","060659001","1","0.059","ppm","64","Lake Elsinore","68","400.0000","44201","Ozone","014","40140","Riverside-San Bernardino-Ontario, CA","06","California","065","Riverside","33.67649","-117.33098"
"04/10/2024","AQS","060659001","1","0.064","ppm","80","Lake Elsinore","68","400.0000","44201","Ozone","014","40140","Riverside-San Bernardino-Ontario, CA","06","California","065","Riverside","33.67649","-117.33098"
"04/11/2024","AQS","060659001","1","0.059","ppm","64","Lake Elsinore","60","353.0000","44201","Ozone","014","40140","Riverside-San Bernardino-Ontario, CA","06","California","065","Riverside","33.67649","-117.33098"
"04/12/2024","AQS","060659001","1","0.056","ppm","54","Lake Elsinore","68","400.0000","44201","Ozone","014","40140","Riverside-San Bernardino-Ontario, CA","06","California","065","Riverside","33.67649","-117.33098"
"04/13/2024","AQS","060659001","1","0.05","ppm","46","Lake Elsinore","68","400.0000","44201","Ozone","014","40140","Riverside-San Bernardino-Ontario, CA","06","California","065","Riverside","33.67649","-117.33098"
"04/14/2024","AQS","060659001","1","0.048","ppm","44","Lake Elsinore","68","400.0000","44201","Ozone","014","40140","Riverside-San Bernardino-Ontario, CA","06","California","065","Riverside","33.67649","-117.33098"
"04/15/2024","AQS","060659001","1","0.06","ppm","67","Lake Elsinore","68","400.0000","44201","Ozone","014","40140","Riverside-San Bernardino-Ontario, CA","06","California","065","Riverside","33.67649","-117.33098"
"04/16/2024","AQS","060659001","1","0.07","ppm","100","Lake Elsinore","68","400.0000","44201","Ozone","014","40140","Riverside-San Bernardino-Ontario, CA","06","California","065","Riverside","33.67649","-117.33098"
"04/17/2024","AQS","060659001","1","0.065","ppm","84","Lake Elsinore","68","400.0000","44201","Ozone","014","40140","Riverside-San Bernardino-Ontario, CA","06","California","065","Riverside","33.67649","-117.33098"
"04/18/2024","AQS","060659001","1","0.056","ppm","54","Lake Elsinore","68","400.0000","44201","Ozone","014","40140","Riverside-San Bernardino-Ontario, CA","06","California","065","Riverside","33.67649","-117.33098"
"04/19/2024","AQS","060659001","1","0.048","ppm","44","Lake Elsinore","68","400.0000","44201","Ozone","014","40140","Riverside-San Bernardino-Ontario, CA","06","California","065","Riverside","33.67649","-117.33098"
"04/20/2024","AQS","060659001","1","0.059","ppm","64","Lake Elsinore","68","400.0000","44201","Ozone","014","40140","Riverside-San Bernardino-Ontario, CA","06","California","065","Riverside","33.67649","-117.33098"
"04/21/2024","AQS","060659001","1","0.063","ppm","77","Lake Elsinore","68","400.0000","44201","Ozone","014","40140","Riverside-San Bernardino-Ontario, CA","06","California","065","Riverside","33.67649","-117.33098"
"04/22/2024","AQS","060659001","1","0.05","ppm","46","Lake Elsinore","68","400.0000","44201","Ozone","014","40140","Riverside-San Bernardino-Ontario, CA","06","California","065","Riverside","33.67649","-117.33098"
"04/23/2024","AQS","060659001","1","0.043","ppm","40","Lake Elsinore","68","400.0000","44201","Ozone","014","40140","Riverside-San Bernardino-Ontario, CA","06","California","065","Riverside","33.67649","-117.33098"
"04/24/2024","AQS","060659001","1","0.045","ppm","42","Lake Elsinore","68","400.0000","44201","Ozone","014","40140","Riverside-San Bernardino-Ontario, CA","06","California","065","Riverside","33.67649","-117.33098"
"04/25/2024","AQS","060659001","1","0.041","ppm","38","Lake Elsinore","68","400.0000","44201","Ozone","014","40140","Riverside-San Bernardino-Ontario, CA","06","California","065","Riverside","33.67649","-117.33098"
"04/26/2024","AQS","060659001","1","0.04","ppm","37","Lake Elsinore","68","400.0000","44201","Ozone","014","40140","Riverside-San Bernardino-Ontario, CA","06","California","065","Riverside","33.67649","-117.33098"
"04/27/2024","AQS","060659001","1","0.042","ppm","39","Lake Elsinore","68","400.0000","44201","Ozone","014","40140","Riverside-San Bernardino-Ontario, CA","06","California","065","Riverside","33.67649","-117.33098"
"04/28/2024","AQS","060659001","1","0.046","ppm","43","Lake Elsinore","68","400.0000","44201","Ozone","014","40140","Riverside-San Bernardino-Ontario, CA","06","California","065","Riverside","33.67649","-117.33098"
"04/29/2024","AQS","060659001","1","0.058","ppm","61","Lake Elsinore","68","400.0000","44201","Ozone","014","40140","Riverside-San Bernardino-Ontario, CA","06","California","065","Riverside","33.67649","-117.33098"
"04/30/2024","AQS","060659001","1","0.058","ppm","61","Lake Elsinore","68","400.0000","44201","Ozone","014","40140","Riverside-San Bernardino-Ontario, CA","06","California","065","Riverside","33.67649","-117.33098"
"05/01/2024","AQS","060659001","1","0.058","ppm","61","Lake Elsinore","68","400.0000","44201","Ozone","014","40140","Riverside-San Bernardino-Ontario, CA","06","California","065","Riverside","33.67649","-117.33098"
"05/02/2024","AQS","060659001","1","0.048","ppm","44","Lake Elsinore","48","282.0000","44201","Ozone","014","40140","Riverside-San Bernardino-Ontario, CA","06","California","065","Riverside","33.67649","-117.33098"
"05/03/2024","AQS","060659001","1","0.058","ppm","61","Lake Elsinore","68","400.0000","44201","Ozone","014","40140","Riverside-San Bernardino-Ontario, CA","06","California","065","Riverside","33.67649","-117.33098"
"05/04/2024","AQS","060659001","1","0.043","ppm","40","Lake Elsinore","68","400.0000","44201","Ozone","014","40140","Riverside-San Bernardino-Ontario, CA","06","California","065","Riverside","33.67649","-117.33098"
"05/05/2024","AQS","060659001","1","0.047","ppm","44","Lake Elsinore","68","400.0000","44201","Ozone","014","40140","Riverside-San Bernardino-Ontario, CA","06","California","065","Riverside","33.67649","-117.33098"
"05/06/2024","AQS","060659001","1","0.055","ppm","51","Lake Elsinore","68","400.0000","44201","Ozone","014","40140","Riverside-San Bernardino-Ontario, CA","06","California","065","Riverside","33.67649","-117.33098"
"05/07/2024","AQS","060659001","1","0.057","ppm","58","Lake Elsinore","68","400.0000","44201","Ozone","014","40140","Riverside-San Bernardino-Ontario, CA","06","California","065","Riverside","33.67649","-117.33098"
"05/08/2024","AQS","060659001","1","0.057","ppm","58","Lake Elsinore","68","400.0000","44201","Ozone","014","40140","Riverside-San Bernardino-Ontario, CA","06","California","065","Riverside","33.67649","-117.33098"
"05/09/2024","AQS","060659001","1","0.054","ppm","50","Lake Elsinore","68","400.0000","44201","Ozone","014","40140","Riverside-San Bernardino-Ontario, CA","06","California","065","Riverside","33.67649","-117.33098"
"05/10/2024","AQS","060659001","1","0.053","ppm","49","Lake Elsinore","68","400.0000","44201","Ozone","014","40140","Riverside-San Bernardino-Ontario, CA","06","California","065","Riverside","33.67649","-117.33098"
"05/11/2024","AQS","060659001","1","0.053","ppm","49","Lake Elsinore","68","400.0000","44201","Ozone","014","40140","Riverside-San Bernardino-Ontario, CA","06","California","065","Riverside","33.67649","-117.33098"
"05/12/2024","AQS","060659001","1","0.061","ppm","71","Lake Elsinore","68","400.0000","44201","Ozone","014","40140","Riverside-San Bernardino-Ontario, CA","06","California","065","Riverside","33.67649","-117.33098"
"05/13/2024","AQS","060659001","1","0.051","ppm","47","Lake Elsinore","68","400.0000","44201","Ozone","014","40140","Riverside-San Bernardino-Ontario, CA","06","California","065","Riverside","33.67649","-117.33098"
"05/14/2024","AQS","060659001","1","0.048","ppm","44","Lake Elsinore","68","400.0000","44201","Ozone","014","40140","Riverside-San Bernardino-Ontario, CA","06","California","065","Riverside","33.67649","-117.33098"
"05/15/2024","AQS","060659001","1","0.049","ppm","45","Lake Elsinore","68","400.0000","44201","Ozone","014","40140","Riverside-San Bernardino-Ontario, CA","06","California","065","Riverside","33.67649","-117.33098"
"05/16/2024","AQS","060659001","1","0.046","ppm","43","Lake Elsinore","68","400.0000","44201","Ozone","014","40140","Riverside-San Bernardino-Ontario, CA","06","California","065","Riverside","33.67649","-117.33098"
"05/17/2024","AQS","060659001","1","0.049","ppm","45","Lake Elsinore","68","400.0000","44201","Ozone","014","40140","Riverside-San Bernardino-Ontario, CA","06","California","065","Riverside","33.67649","-117.33098"
"05/18/2024","AQS","060659001","1","0.045","ppm","42","Lake Elsinore","68","400.0000","44201","Ozone","014","40140","Riverside-San Bernardino-Ontario, CA","06","California","065","Riverside","33.67649","-117.33098"
"05/19/2024","AQS","060659001","1","0.046","ppm","43","Lake Elsinore","68","400.0000","44201","Ozone","014","40140","Riverside-San Bernardino-Ontario, CA","06","California","065","Riverside","33.67649","-117.33098"
"05/20/2024","AQS","060659001","1","0.046","ppm","43","Lake Elsinore","68","400.0000","44201","Ozone","014","40140","Riverside-San Bernardino-Ontario, CA","06","California","065","Riverside","33.67649","-117.33098"
"05/21/2024","AQS","060659001","1","0.055","ppm","51","Lake Elsinore","68","400.0000","44201","Ozone","014","40140","Riverside-San Bernardino-Ontario, CA","06","California","065","Riverside","33.67649","-117.33098"
"05/22/2024","AQS","060659001","1","0.051","ppm","47","Lake Elsinore","68","400.0000","44201","Ozone","014","40140","Riverside-San Bernardino-Ontario, CA","06","California","065","Riverside","33.67649","-117.33098"
"05/23/2024","AQS","060659001","1","0.052","ppm","48","Lake Elsinore","68","400.0000","44201","Ozone","014","40140","Riverside-San Bernardino-Ontario, CA","06","California","065","Riverside","33.67649","-117.33098"
"05/24/2024","AQS","060659001","1","0.042","ppm","39","Lake Elsinore","68","400.0000","44201","Ozone","014","40140","Riverside-San Bernardino-Ontario, CA","06","California","065","Riverside","33.67649","-117.33098"
"05/25/2024","AQS","060659001","1","0.037","ppm","34","Lake Elsinore","68","400.0000","44201","Ozone","014","40140","Riverside-San Bernardino-Ontario, CA","06","California","065","Riverside","33.67649","-117.33098"
"05/26/2024","AQS","060659001","1","0.044","ppm","41","Lake Elsinore","68","400.0000","44201","Ozone","014","40140","Riverside-San Bernardino-Ontario, CA","06","California","065","Riverside","33.67649","-117.33098"
"05/27/2024","AQS","060659001","1","0.05","ppm","46","Lake Elsinore","68","400.0000","44201","Ozone","014","40140","Riverside-San Bernardino-Ontario, CA","06","California","065","Riverside","33.67649","-117.33098"
"05/28/2024","AQS","060659001","1","0.052","ppm","48","Lake Elsinore","68","400.0000","44201","Ozone","014","40140","Riverside-San Bernardino-Ontario, CA","06","California","065","Riverside","33.67649","-117.33098"
"05/29/2024","AQS","060659001","1","0.051","ppm","47","Lake Elsinore","68","400.0000","44201","Ozone","014","40140","Riverside-San Bernardino-Ontario, CA","06","California","065","Riverside","33.67649","-117.33098"
"05/30/2024","AQS","060659001","1","0.065","ppm","84","Lake Elsinore","68","400.0000","44201","Ozone","014","40140","Riverside-San Bernardino-Ontario, CA","06","California","065","Riverside","33.67649","-117.33098"
"05/31/2024","AQS","060659001","1","0.066","ppm","87","Lake Elsinore","68","400.0000","44201","Ozone","014","40140","Riverside-San Bernardino-Ontario, CA","06","California","065","Riverside","33.67649","-117.33098"
"06/01/2024","AQS","060659001","1","0.05","ppm","46","Lake Elsinore","68","400.0000","44201","Ozone","014","40140","Riverside-San Bernardino-Ontario, CA","06","California","065","Riverside","33.67649","-117.33098"
"06/02/2024","AQS","060659001","1","0.048","ppm","44","Lake Elsinore","68","400.0000","44201","Ozone","014","40140","Riverside-San Bernardino-Ontario, CA","06","California","065","Riverside","33.67649","-117.33098"
"06/03/2024","AQS","060659001","1","0.058","ppm","61","Lake Elsinore","68","400.0000","44201","Ozone","014","40140","Riverside-San Bernardino-Ontario, CA","06","California","065","Riverside","33.67649","-117.33098"
"06/04/2024","AQS","060659001","1","0.076","ppm","119","Lake Elsinore","68","400.0000","44201","Ozone","014","40140","Riverside-San Bernardino-Ontario, CA","06","California","065","Riverside","33.67649","-117.33098"
"06/05/2024","AQS","060659001","1","0.072","ppm","105","Lake Elsinore","68","400.0000","44201","Ozone","014","40140","Riverside-San Bernardino-Ontario, CA","06","California","065","Riverside","33.67649","-117.33098"
"06/06/2024","AQS","060659001","1","0.069","ppm","97","Lake Elsinore","68","400.0000","44201","Ozone","014","40140","Riverside-San Bernardino-Ontario, CA","06","California","065","Riverside","33.67649","-117.33098"
"06/07/2024","AQS","060659001","1","0.052","ppm","48","Lake Elsinore","68","400.0000","44201","Ozone","014","40140","Riverside-San Bernardino-Ontario, CA","06","California","065","Riverside","33.67649","-117.33098"
"06/08/2024","AQS","060659001","1","0.039","ppm","36","Lake Elsinore","68","400.0000","44201","Ozone","014","40140","Riverside-San Bernardino-Ontario, CA","06","California","065","Riverside","33.67649","-117.33098"
"06/09/2024","AQS","060659001","1","0.034","ppm","31","Lake Elsinore","68","400.0000","44201","Ozone","014","40140","Riverside-San Bernardino-Ontario, CA","06","California","065","Riverside","33.67649","-117.33098"
"06/10/2024","AQS","060659001","1","0.067","ppm","90","Lake Elsinore","68","400.0000","44201","Ozone","014","40140","Riverside-San Bernardino-Ontario, CA","06","California","065","Riverside","33.67649","-117.33098"
"06/11/2024","AQS","060659001","1","0.057","ppm","58","Lake Elsinore","60","353.0000","44201","Ozone","014","40140","Riverside-San Bernardino-Ontario, CA","06","California","065","Riverside","33.67649","-117.33098"
"06/12/2024","AQS","060659001","1","0.049","ppm","45","Lake Elsinore","68","400.0000","44201","Ozone","014","40140","Riverside-San Bernardino-Ontario, CA","06","California","065","Riverside","33.67649","-117.33098"
"06/13/2024","AQS","060659001","1","0.057","ppm","58","Lake Elsinore","68","400.0000","44201","Ozone","014","40140","Riverside-San Bernardino-Ontario, CA","06","California","065","Riverside","33.67649","-117.33098"
"06/14/2024","AQS","060659001","1","0.079","ppm","129","Lake Elsinore","68","400.0000","44201","Ozone","014","40140","Riverside-San Bernardino-Ontario, CA","06","California","065","Riverside","33.67649","-117.33098"
"06/15/2024","AQS","060659001","1","0.069","ppm","97","Lake Elsinore","68","400.0000","44201","Ozone","014","40140","Riverside-San Bernardino-Ontario, CA","06","California","065","Riverside","33.67649","-117.33098"
"06/16/2024","AQS","060659001","1","0.05","ppm","46","Lake Elsinore","68","400.0000","44201","Ozone","014","40140","Riverside-San Bernardino-Ontario, CA","06","California","065","Riverside","33.67649","-117.33098"
"06/17/2024","AQS","060659001","1","0.047","ppm","44","Lake Elsinore","68","400.0000","44201","Ozone","014","40140","Riverside-San Bernardino-Ontario, CA","06","California","065","Riverside","33.67649","-117.33098"
"06/18/2024","AQS","060659001","1","0.06","ppm","67","Lake Elsinore","68","400.0000","44201","Ozone","014","40140","Riverside-San Bernardino-Ontario, CA","06","California","065","Riverside","33.67649","-117.33098"
"06/19/2024","AQS","060659001","1","0.057","ppm","58","Lake Elsinore","68","400.0000","44201","Ozone","014","40140","Riverside-San Bernardino-Ontario, CA","06","California","065","Riverside","33.67649","-117.33098"
"06/20/2024","AQS","060659001","1","0.064","ppm","80","Lake Elsinore","68","400.0000","44201","Ozone","014","40140","Riverside-San Bernardino-Ontario, CA","06","California","065","Riverside","33.67649","-117.33098"
"06/21/2024","AQS","060659001","1","0.075","ppm","115","Lake Elsinore","68","400.0000","44201","Ozone","014","40140","Riverside-San Bernardino-Ontario, CA","06","California","065","Riverside","33.67649","-117.33098"
"06/22/2024","AQS","060659001","1","0.065","ppm","84","Lake Elsinore","68","400.0000","44201","Ozone","014","40140","Riverside-San Bernardino-Ontario, CA","06","California","065","Riverside","33.67649","-117.33098"
"06/23/2024","AQS","060659001","1","0.061","ppm","71","Lake Elsinore","68","400.0000","44201","Ozone","014","40140","Riverside-San Bernardino-Ontario, CA","06","California","065","Riverside","33.67649","-117.33098"
"06/24/2024","AQS","060659001","1","0.061","ppm","71","Lake Elsinore","68","400.0000","44201","Ozone","014","40140","Riverside-San Bernardino-Ontario, CA","06","California","065","Riverside","33.67649","-117.33098"
"06/25/2024","AQS","060659001","1","0.058","ppm","61","Lake Elsinore","68","400.0000","44201","Ozone","014","40140","Riverside-San Bernardino-Ontario, CA","06","California","065","Riverside","33.67649","-117.33098"
"06/26/2024","AQS","060659001","1","0.061","ppm","71","Lake Elsinore","68","400.0000","44201","Ozone","014","40140","Riverside-San Bernardino-Ontario, CA","06","California","065","Riverside","33.67649","-117.33098"
"06/27/2024","AQS","060659001","1","0.068","ppm","93","Lake Elsinore","68","400.0000","44201","Ozone","014","40140","Riverside-San Bernardino-Ontario, CA","06","California","065","Riverside","33.67649","-117.33098"
"06/28/2024","AQS","060659001","1","0.047","ppm","44","Lake Elsinore","68","400.0000","44201","Ozone","014","40140","Riverside-San Bernardino-Ontario, CA","06","California","065","Riverside","33.67649","-117.33098"
"06/29/2024","AQS","060659001","1","0.06","ppm","67","Lake Elsinore","68","400.0000","44201","Ozone","014","40140","Riverside-San Bernardino-Ontario, CA","06","California","065","Riverside","33.67649","-117.33098"
"06/30/2024","AQS","060659001","1","0.058","ppm","61","Lake Elsinore","68","400.0000","44201","Ozone","014","40140","Riverside-San Bernardino-Ontario, CA","06","California","065","Riverside","33.67649","-117.33098"
"07/01/2024","AQS","060659001","1","0.051","ppm","47","Lake Elsinore","17","100.0000","44201","Ozone","087","40140","Riverside-San Bernardino-Ontario, CA","06","California","065","Riverside","33.67649","-117.33098"
"07/02/2024","AQS","060659001","1","0.069","ppm","97","Lake Elsinore","17","100.0000","44201","Ozone","087","40140","Riverside-San Bernardino-Ontario, CA","06","California","065","Riverside","33.67649","-117.33098"
"07/03/2024","AQS","060659001","1","0.098","ppm","182","Lake Elsinore","17","100.0000","44201","Ozone","087","40140","Riverside-San Bernardino-Ontario, CA","06","California","065","Riverside","33.67649","-117.33098"
"07/04/2024","AQS","060659001","1","0.076","ppm","119","Lake Elsinore","17","100.0000","44201","Ozone","087","40140","Riverside-San Bernardino-Ontario, CA","06","California","065","Riverside","33.67649","-117.33098"
"07/05/2024","AQS","060659001","1","0.094","ppm","172","Lake Elsinore","17","100.0000","44201","Ozone","087","40140","Riverside-San Bernardino-Ontario, CA","06","California","065","Riverside","33.67649","-117.33098"
"07/06/2024","AQS","060659001","1","0.054","ppm","50","Lake Elsinore","17","100.0000","44201","Ozone","087","40140","Riverside-San Bernardino-Ontario, CA","06","California","065","Riverside","33.67649","-117.33098"
"07/07/2024","AQS","060659001","1","0.057","ppm","58","Lake Elsinore","17","100.0000","44201","Ozone","087","40140","Riverside-San Bernardino-Ontario, CA","06","California","065","Riverside","33.67649","-117.33098"
"07/08/2024","AQS","060659001","1","0.077","ppm","122","Lake Elsinore","17","100.0000","44201","Ozone","087","40140","Riverside-San Bernardino-Ontario, CA","06","California","065","Riverside","33.67649","-117.33098"
"07/09/2024","AQS","060659001","1","0.095","ppm","174","Lake Elsinore","17","100.0000","44201","Ozone","087","40140","Riverside-San Bernardino-Ontario, CA","06","California","065","Riverside","33.67649","-117.33098"
"07/10/2024","AQS","060659001","1","0.097","ppm","179","Lake Elsinore","17","100.0000","44201","Ozone","087","40140","Riverside-San Bernardino-Ontario, CA","06","California","065","Riverside","33.67649","-117.33098"
"07/11/2024","AQS","060659001","1","0.099","ppm","185","Lake Elsinore","17","100.0000","44201","Ozone","087","40140","Riverside-San Bernardino-Ontario, CA","06","California","065","Riverside","33.67649","-117.33098"
"07/12/2024","AQS","060659001","1","0.077","ppm","122","Lake Elsinore","17","100.0000","44201","Ozone","087","40140","Riverside-San Bernardino-Ontario, CA","06","California","065","Riverside","33.67649","-117.33098"
"07/13/2024","AQS","060659001","1","0.056","ppm","54","Lake Elsinore","17","100.0000","44201","Ozone","087","40140","Riverside-San Bernardino-Ontario, CA","06","California","065","Riverside","33.67649","-117.33098"
"07/14/2024","AQS","060659001","1","0.055","ppm","51","Lake Elsinore","17","100.0000","44201","Ozone","087","40140","Riverside-San Bernardino-Ontario, CA","06","California","065","Riverside","33.67649","-117.33098"
"07/15/2024","AQS","060659001","1","0.076","ppm","119","Lake Elsinore","17","100.0000","44201","Ozone","087","40140","Riverside-San Bernardino-Ontario, CA","06","California","065","Riverside","33.67649","-117.33098"
"07/16/2024","AQS","060659001","1","0.074","ppm","112","Lake Elsinore","17","100.0000","44201","Ozone","087","40140","Riverside-San Bernardino-Ontario, CA","06","California","065","Riverside","33.67649","-117.33098"
"07/17/2024","AQS","060659001","1","0.074","ppm","112","Lake Elsinore","17","100.0000","44201","Ozone","087","40140","Riverside-San Bernardino-Ontario, CA","06","California","065","Riverside","33.67649","-117.33098"
"07/18/2024","AQS","060659001","1","0.082","ppm","140","Lake Elsinore","17","100.0000","44201","Ozone","087","40140","Riverside-San Bernardino-Ontario, CA","06","California","065","Riverside","33.67649","-117.33098"
"07/19/2024","AQS","060659001","1","0.069","ppm","97","Lake Elsinore","15","88.0000","44201","Ozone","087","40140","Riverside-San Bernardino-Ontario, CA","06","California","065","Riverside","33.67649","-117.33098"
"07/20/2024","AQS","060659001","1","0.067","ppm","90","Lake Elsinore","17","100.0000","44201","Ozone","087","40140","Riverside-San Bernardino-Ontario, CA","06","California","065","Riverside","33.67649","-117.33098"
"07/21/2024","AQS","060659001","1","0.063","ppm","77","Lake Elsinore","17","100.0000","44201","Ozone","087","40140","Riverside-San Bernardino-Ontario, CA","06","California","065","Riverside","33.67649","-117.33098"
"07/22/2024","AQS","060659001","1","0.084","ppm","147","Lake Elsinore","16","94.0000","44201","Ozone","087","40140","Riverside-San Bernardino-Ontario, CA","06","California","065","Riverside","33.67649","-117.33098"
"07/23/2024","AQS","060659001","1","0.076","ppm","119","Lake Elsinore","13","76.0000","44201","Ozone","087","40140","Riverside-San Bernardino-Ontario, CA","06","California","065","Riverside","33.67649","-117.33098"
"07/24/2024","AQS","060659001","1","0.094","ppm","172","Lake Elsinore","17","100.0000","44201","Ozone","087","40140","Riverside-San Bernardino-Ontario, CA","06","California","065","Riverside","33.67649","-117.33098"
"07/25/2024","AQS","060659001","1","0.081","ppm","136","Lake Elsinore","17","100.0000","44201","Ozone","087","40140","Riverside-San Bernardino-Ontario, CA","06","California","065","Riverside","33.67649","-117.33098"
"07/26/2024","AQS","060659001","1","0.044","ppm","41","Lake Elsinore","17","100.0000","44201","Ozone","087","40140","Riverside-San Bernardino-Ontario, CA","06","California","065","Riverside","33.67649","-117.33098"
"07/27/2024","AQS","060659001","1","0.047","ppm","44","Lake Elsinore","17","100.0000","44201","Ozone","087","40140","Riverside-San Bernardino-Ontario, CA","06","California","065","Riverside","33.67649","-117.33098"
"07/28/2024","AQS","060659001","1","0.044","ppm","41","Lake Elsinore","17","100.0000","44201","Ozone","087","40140","Riverside-San Bernardino-Ontario, CA","06","California","065","Riverside","33.67649","-117.33098"
"07/29/2024","AQS","060659001","1","0.054","ppm","50","Lake Elsinore","17","100.0000","44201","Ozone","087","40140","Riverside-San Bernardino-Ontario, CA","06","California","065","Riverside","33.67649","-117.33098"
"07/30/2024","AQS","060659001","1","0.062","ppm","74","Lake Elsinore","17","100.0000","44201","Ozone","087","40140","Riverside-San Bernardino-Ontario, CA","06","California","065","Riverside","33.67649","-117.33098"
"07/31/2024","AQS","060659001","1","0.087","ppm","154","Lake Elsinore","17","100.0000","44201","Ozone","087","40140","Riverside-San Bernardino-Ontario, CA","06","California","065","Riverside","33.67649","-117.33098"
"08/01/2024","AQS","060659001","1","0.065","ppm","84","Lake Elsinore","17","100.0000","44201","Ozone","087","40140","Riverside-San Bernardino-Ontario, CA","06","California","065","Riverside","33.67649","-117.33098"
"08/02/2024","AQS","060659001","1","0.069","ppm","97","Lake Elsinore","17","100.0000","44201","Ozone","087","40140","Riverside-San Bernardino-Ontario, CA","06","California","065","Riverside","33.67649","-117.33098"
"08/03/2024","AQS","060659001","1","0.075","ppm","115","Lake Elsinore","17","100.0000","44201","Ozone","087","40140","Riverside-San Bernardino-Ontario, CA","06","California","065","Riverside","33.67649","-117.33098"
"08/04/2024","AQS","060659001","1","0.069","ppm","97","Lake Elsinore","17","100.0000","44201","Ozone","087","40140","Riverside-San Bernardino-Ontario, CA","06","California","065","Riverside","33.67649","-117.33098"
"08/05/2024","AQS","060659001","1","0.07","ppm","100","Lake Elsinore","17","100.0000","44201","Ozone","087","40140","Riverside-San Bernardino-Ontario, CA","06","California","065","Riverside","33.67649","-117.33098"
"08/06/2024","AQS","060659001","1","0.072","ppm","105","Lake Elsinore","17","100.0000","44201","Ozone","087","40140","Riverside-San Bernardino-Ontario, CA","06","California","065","Riverside","33.67649","-117.33098"
"08/07/2024","AQS","060659001","1","0.049","ppm","45","Lake Elsinore","17","100.0000","44201","Ozone","087","40140","Riverside-San Bernardino-Ontario, CA","06","California","065","Riverside","33.67649","-117.33098"
"08/08/2024","AQS","060659001","1","0.054","ppm","50","Lake Elsinore","17","100.0000","44201","Ozone","087","40140","Riverside-San Bernardino-Ontario, CA","06","California","065","Riverside","33.67649","-117.33098"
"08/09/2024","AQS","060659001","1","0.078","ppm","126","Lake Elsinore","17","100.0000","44201","Ozone","087","40140","Riverside-San Bernardino-Ontario, CA","06","California","065","Riverside","33.67649","-117.33098"
"08/10/2024","AQS","060659001","1","0.067","ppm","90","Lake Elsinore","17","100.0000","44201","Ozone","087","40140","Riverside-San Bernardino-Ontario, CA","06","California","065","Riverside","33.67649","-117.33098"
"08/11/2024","AQS","060659001","1","0.048","ppm","44","Lake Elsinore","17","100.0000","44201","Ozone","087","40140","Riverside-San Bernardino-Ontario, CA","06","California","065","Riverside","33.67649","-117.33098"
"08/12/2024","AQS","060659001","1","0.044","ppm","41","Lake Elsinore","17","100.0000","44201","Ozone","087","40140","Riverside-San Bernardino-Ontario, CA","06","California","065","Riverside","33.67649","-117.33098"
"08/13/2024","AQS","060659001","1","0.046","ppm","43","Lake Elsinore","17","100.0000","44201","Ozone","087","40140","Riverside-San Bernardino-Ontario, CA","06","California","065","Riverside","33.67649","-117.33098"
"08/14/2024","AQS","060659001","1","0.054","ppm","50","Lake Elsinore","17","100.0000","44201","Ozone","087","40140","Riverside-San Bernardino-Ontario, CA","06","California","065","Riverside","33.67649","-117.33098"
"08/15/2024","AirNow","060659001","1","0.051","ppm","47","Lake Elsinore","18","75.0000","44201","Ozone","","40140","Riverside-San Bernardino-Ontario, CA","06","California","065","Riverside","33.67649","-117.33098"
"08/16/2024","AQS","060659001","1","0.056","ppm","54","Lake Elsinore","17","100.0000","44201","Ozone","087","40140","Riverside-San Bernardino-Ontario, CA","06","California","065","Riverside","33.67649","-117.33098"
"08/17/2024","AQS","060659001","1","0.045","ppm","42","Lake Elsinore","17","100.0000","44201","Ozone","087","40140","Riverside-San Bernardino-Ontario, CA","06","California","065","Riverside","33.67649","-117.33098"
"08/18/2024","AQS","060659001","1","0.052","ppm","48","Lake Elsinore","17","100.0000","44201","Ozone","087","40140","Riverside-San Bernardino-Ontario, CA","06","California","065","Riverside","33.67649","-117.33098"
"08/19/2024","AQS","060659001","1","0.072","ppm","105","Lake Elsinore","17","100.0000","44201","Ozone","087","40140","Riverside-San Bernardino-Ontario, CA","06","California","065","Riverside","33.67649","-117.33098"
"08/20/2024","AQS","060659001","1","0.066","ppm","87","Lake Elsinore","17","100.0000","44201","Ozone","087","40140","Riverside-San Bernardino-Ontario, CA","06","California","065","Riverside","33.67649","-117.33098"
"08/21/2024","AQS","060659001","1","0.065","ppm","84","Lake Elsinore","17","100.0000","44201","Ozone","087","40140","Riverside-San Bernardino-Ontario, CA","06","California","065","Riverside","33.67649","-117.33098"
"08/22/2024","AQS","060659001","1","0.053","ppm","49","Lake Elsinore","17","100.0000","44201","Ozone","087","40140","Riverside-San Bernardino-Ontario, CA","06","California","065","Riverside","33.67649","-117.33098"
"08/23/2024","AQS","060659001","1","0.044","ppm","41","Lake Elsinore","17","100.0000","44201","Ozone","087","40140","Riverside-San Bernardino-Ontario, CA","06","California","065","Riverside","33.67649","-117.33098"
"08/24/2024","AQS","060659001","1","0.042","ppm","39","Lake Elsinore","17","100.0000","44201","Ozone","087","40140","Riverside-San Bernardino-Ontario, CA","06","California","065","Riverside","33.67649","-117.33098"
"08/25/2024","AQS","060659001","1","0.054","ppm","50","Lake Elsinore","17","100.0000","44201","Ozone","087","40140","Riverside-San Bernardino-Ontario, CA","06","California","065","Riverside","33.67649","-117.33098"
"08/26/2024","AQS","060659001","1","0.065","ppm","84","Lake Elsinore","17","100.0000","44201","Ozone","087","40140","Riverside-San Bernardino-Ontario, CA","06","California","065","Riverside","33.67649","-117.33098"
"08/27/2024","AQS","060659001","1","0.051","ppm","47","Lake Elsinore","17","100.0000","44201","Ozone","087","40140","Riverside-San Bernardino-Ontario, CA","06","California","065","Riverside","33.67649","-117.33098"
"08/28/2024","AQS","060659001","1","0.059","ppm","64","Lake Elsinore","17","100.0000","44201","Ozone","087","40140","Riverside-San Bernardino-Ontario, CA","06","California","065","Riverside","33.67649","-117.33098"
"08/29/2024","AQS","060659001","1","0.077","ppm","122","Lake Elsinore","17","100.0000","44201","Ozone","087","40140","Riverside-San Bernardino-Ontario, CA","06","California","065","Riverside","33.67649","-117.33098"
"08/30/2024","AQS","060659001","1","0.077","ppm","122","Lake Elsinore","17","100.0000","44201","Ozone","087","40140","Riverside-San Bernardino-Ontario, CA","06","California","065","Riverside","33.67649","-117.33098"
"08/31/2024","AQS","060659001","1","0.085","ppm","150","Lake Elsinore","17","100.0000","44201","Ozone","087","40140","Riverside-San Bernardino-Ontario, CA","06","California","065","Riverside","33.67649","-117.33098"
"09/01/2024","AQS","060659001","1","0.075","ppm","115","Lake Elsinore","17","100.0000","44201","Ozone","087","40140","Riverside-San Bernardino-Ontario, CA","06","California","065","Riverside","33.67649","-117.33098"
"09/02/2024","AQS","060659001","1","0.068","ppm","93","Lake Elsinore","17","100.0000","44201","Ozone","087","40140","Riverside-San Bernardino-Ontario, CA","06","California","065","Riverside","33.67649","-117.33098"
"09/03/2024","AQS","060659001","1","0.068","ppm","93","Lake Elsinore","17","100.0000","44201","Ozone","087","40140","Riverside-San Bernardino-Ontario, CA","06","California","065","Riverside","33.67649","-117.33098"
"09/04/2024","AQS","060659001","1","0.073","ppm","108","Lake Elsinore","17","100.0000","44201","Ozone","087","40140","Riverside-San Bernardino-Ontario, CA","06","California","065","Riverside","33.67649","-117.33098"
"09/05/2024","AQS","060659001","1","0.073","ppm","108","Lake Elsinore","17","100.0000","44201","Ozone","087","40140","Riverside-San Bernardino-Ontario, CA","06","California","065","Riverside","33.67649","-117.33098"
"09/06/2024","AQS","060659001","1","0.073","ppm","108","Lake Elsinore","17","100.0000","44201","Ozone","087","40140","Riverside-San Bernardino-Ontario, CA","06","California","065","Riverside","33.67649","-117.33098"
"09/07/2024","AQS","060659001","1","0.07","ppm","100","Lake Elsinore","17","100.0000","44201","Ozone","087","40140","Riverside-San Bernardino-Ontario, CA","06","California","065","Riverside","33.67649","-117.33098"
"09/08/2024","AQS","060659001","1","0.056","ppm","54","Lake Elsinore","17","100.0000","44201","Ozone","087","40140","Riverside-San Bernardino-Ontario, CA","06","California","065","Riverside","33.67649","-117.33098"
"09/09/2024","AQS","060659001","1","0.079","ppm","129","Lake Elsinore","17","100.0000","44201","Ozone","087","40140","Riverside-San Bernardino-Ontario, CA","06","California","065","Riverside","33.67649","-117.33098"
"09/10/2024","AQS","060659001","1","0.05","ppm","46","Lake Elsinore","17","100.0000","44201","Ozone","087","40140","Riverside-San Bernardino-Ontario, CA","06","California","065","Riverside","33.67649","-117.33098"
"09/11/2024","AQS","060659001","1","0.042","ppm","39","Lake Elsinore","17","100.0000","44201","Ozone","087","40140","Riverside-San Bernardino-Ontario, CA","06","California","065","Riverside","33.67649","-117.33098"
"09/12/2024","AQS","060659001","1","0.044","ppm","41","Lake Elsinore","17","100.0000","44201","Ozone","087","40140","Riverside-San Bernardino-Ontario, CA","06","California","065","Riverside","33.67649","-117.33098"
"09/13/2024","AQS","060659001","1","0.052","ppm","48","Lake Elsinore","17","100.0000","44201","Ozone","087","40140","Riverside-San Bernardino-Ontario, CA","06","California","065","Riverside","33.67649","-117.33098"
"09/14/2024","AQS","060659001","1","0.052","ppm","48","Lake Elsinore","17","100.0000","44201","Ozone","087","40140","Riverside-San Bernardino-Ontario, CA","06","California","065","Riverside","33.67649","-117.33098"
"09/15/2024","AQS","060659001","1","0.05","ppm","46","Lake Elsinore","17","100.0000","44201","Ozone","087","40140","Riverside-San Bernardino-Ontario, CA","06","California","065","Riverside","33.67649","-117.33098"
"09/16/2024","AQS","060659001","1","0.043","ppm","40","Lake Elsinore","17","100.0000","44201","Ozone","087","40140","Riverside-San Bernardino-Ontario, CA","06","California","065","Riverside","33.67649","-117.33098"
"09/17/2024","AQS","060659001","1","0.04","ppm","37","Lake Elsinore","17","100.0000","44201","Ozone","087","40140","Riverside-San Bernardino-Ontario, CA","06","California","065","Riverside","33.67649","-117.33098"
"09/18/2024","AQS","060659001","1","0.048","ppm","44","Lake Elsinore","17","100.0000","44201","Ozone","087","40140","Riverside-San Bernardino-Ontario, CA","06","California","065","Riverside","33.67649","-117.33098"
"09/19/2024","AQS","060659001","1","0.046","ppm","43","Lake Elsinore","17","100.0000","44201","Ozone","087","40140","Riverside-San Bernardino-Ontario, CA","06","California","065","Riverside","33.67649","-117.33098"
"09/20/2024","AQS","060659001","1","0.048","ppm","44","Lake Elsinore","17","100.0000","44201","Ozone","087","40140","Riverside-San Bernardino-Ontario, CA","06","California","065","Riverside","33.67649","-117.33098"
"09/21/2024","AQS","060659001","1","0.059","ppm","64","Lake Elsinore","17","100.0000","44201","Ozone","087","40140","Riverside-San Bernardino-Ontario, CA","06","California","065","Riverside","33.67649","-117.33098"
"09/22/2024","AQS","060659001","1","0.078","ppm","126","Lake Elsinore","17","100.0000","44201","Ozone","087","40140","Riverside-San Bernardino-Ontario, CA","06","California","065","Riverside","33.67649","-117.33098"
"09/23/2024","AQS","060659001","1","0.079","ppm","129","Lake Elsinore","17","100.0000","44201","Ozone","087","40140","Riverside-San Bernardino-Ontario, CA","06","California","065","Riverside","33.67649","-117.33098"
"09/24/2024","AQS","060659001","1","0.074","ppm","112","Lake Elsinore","16","94.0000","44201","Ozone","087","40140","Riverside-San Bernardino-Ontario, CA","06","California","065","Riverside","33.67649","-117.33098"
"09/25/2024","AQS","060659001","1","0.077","ppm","122","Lake Elsinore","14","82.0000","44201","Ozone","087","40140","Riverside-San Bernardino-Ontario, CA","06","California","065","Riverside","33.67649","-117.33098"
"09/26/2024","AQS","060659001","1","0.078","ppm","126","Lake Elsinore","17","100.0000","44201","Ozone","087","40140","Riverside-San Bernardino-Ontario, CA","06","California","065","Riverside","33.67649","-117.33098"
"09/27/2024","AQS","060659001","1","0.075","ppm","115","Lake Elsinore","17","100.0000","44201","Ozone","087","40140","Riverside-San Bernardino-Ontario, CA","06","California","065","Riverside","33.67649","-117.33098"
"09/28/2024","AQS","060659001","1","0.066","ppm","87","Lake Elsinore","17","100.0000","44201","Ozone","087","40140","Riverside-San Bernardino-Ontario, CA","06","California","065","Riverside","33.67649","-117.33098"
"09/29/2024","AQS","060659001","1","0.058","ppm","61","Lake Elsinore","17","100.0000","44201","Ozone","087","40140","Riverside-San Bernardino-Ontario, CA","06","California","065","Riverside","33.67649","-117.33098"
"09/30/2024","AQS","060659001","1","0.083","ppm","143","Lake Elsinore","17","100.0000","44201","Ozone","087","40140","Riverside-San Bernardino-Ontario, CA","06","California","065","Riverside","33.67649","-117.33098"
"10/01/2024","AQS","060659001","1","0.083","ppm","143","Lake Elsinore","12","71.0000","44201","Ozone","087","40140","Riverside-San Bernardino-Ontario, CA","06","California","065","Riverside","33.67649","-117.33098"
"10/03/2024","AQS","060659001","1","0.084","ppm","147","Lake Elsinore","17","100.0000","44201","Ozone","087","40140","Riverside-San Bernardino-Ontario, CA","06","California","065","Riverside","33.67649","-117.33098"
"10/04/2024","AQS","060659001","1","0.088","ppm","156","Lake Elsinore","17","100.0000","44201","Ozone","087","40140","Riverside-San Bernardino-Ontario, CA","06","California","065","Riverside","33.67649","-117.33098"
"10/05/2024","AQS","060659001","1","0.085","ppm","150","Lake Elsinore","17","100.0000","44201","Ozone","087","40140","Riverside-San Bernardino-Ontario, CA","06","California","065","Riverside","33.67649","-117.33098"
"10/06/2024","AQS","060659001","1","0.075","ppm","115","Lake Elsinore","17","100.0000","44201","Ozone","087","40140","Riverside-San Bernardino-Ontario, CA","06","California","065","Riverside","33.67649","-117.33098"
"10/07/2024","AQS","060659001","1","0.07","ppm","100","Lake Elsinore","17","100.0000","44201","Ozone","087","40140","Riverside-San Bernardino-Ontario, CA","06","California","065","Riverside","33.67649","-117.33098"
"10/08/2024","AQS","060659001","1","0.06","ppm","67","Lake Elsinore","17","100.0000","44201","Ozone","087","40140","Riverside-San Bernardino-Ontario, CA","06","California","065","Riverside","33.67649","-117.33098"
"10/09/2024","AQS","060659001","1","0.057","ppm","58","Lake Elsinore","17","100.0000","44201","Ozone","087","40140","Riverside-San Bernardino-Ontario, CA","06","California","065","Riverside","33.67649","-117.33098"
"10/10/2024","AQS","060659001","1","0.053","ppm","49","Lake Elsinore","17","100.0000","44201","Ozone","087","40140","Riverside-San Bernardino-Ontario, CA","06","California","065","Riverside","33.67649","-117.33098"
"10/11/2024","AQS","060659001","1","0.061","ppm","71","Lake Elsinore","17","100.0000","44201","Ozone","087","40140","Riverside-San Bernardino-Ontario, CA","06","California","065","Riverside","33.67649","-117.33098"
"10/12/2024","AQS","060659001","1","0.056","ppm","54","Lake Elsinore","17","100.0000","44201","Ozone","087","40140","Riverside-San Bernardino-Ontario, CA","06","California","065","Riverside","33.67649","-117.33098"
"10/13/2024","AQS","060659001","1","0.056","ppm","54","Lake Elsinore","17","100.0000","44201","Ozone","087","40140","Riverside-San Bernardino-Ontario, CA","06","California","065","Riverside","33.67649","-117.33098"
"10/14/2024","AQS","060659001","1","0.041","ppm","38","Lake Elsinore","17","100.0000","44201","Ozone","087","40140","Riverside-San Bernardino-Ontario, CA","06","California","065","Riverside","33.67649","-117.33098"
"10/15/2024","AQS","060659001","1","0.05","ppm","46","Lake Elsinore","17","100.0000","44201","Ozone","087","40140","Riverside-San Bernardino-Ontario, CA","06","California","065","Riverside","33.67649","-117.33098"
"10/16/2024","AQS","060659001","1","0.043","ppm","40","Lake Elsinore","17","100.0000","44201","Ozone","087","40140","Riverside-San Bernardino-Ontario, CA","06","California","065","Riverside","33.67649","-117.33098"
"10/17/2024","AQS","060659001","1","0.042","ppm","39","Lake Elsinore","17","100.0000","44201","Ozone","087","40140","Riverside-San Bernardino-Ontario, CA","06","California","065","Riverside","33.67649","-117.33098"
"10/18/2024","AQS","060659001","1","0.045","ppm","42","Lake Elsinore","17","100.0000","44201","Ozone","087","40140","Riverside-San Bernardino-Ontario, CA","06","California","065","Riverside","33.67649","-117.33098"
"10/19/2024","AQS","060659001","1","0.049","ppm","45","Lake Elsinore","17","100.0000","44201","Ozone","087","40140","Riverside-San Bernardino-Ontario, CA","06","California","065","Riverside","33.67649","-117.33098"
"10/20/2024","AQS","060659001","1","0.056","ppm","54","Lake Elsinore","17","100.0000","44201","Ozone","087","40140","Riverside-San Bernardino-Ontario, CA","06","California","065","Riverside","33.67649","-117.33098"
"10/21/2024","AQS","060659001","1","0.062","ppm","74","Lake Elsinore","17","100.0000","44201","Ozone","087","40140","Riverside-San Bernardino-Ontario, CA","06","California","065","Riverside","33.67649","-117.33098"
"10/22/2024","AQS","060659001","1","0.064","ppm","80","Lake Elsinore","17","100.0000","44201","Ozone","087","40140","Riverside-San Bernardino-Ontario, CA","06","California","065","Riverside","33.67649","-117.33098"
"10/23/2024","AQS","060659001","1","0.076","ppm","119","Lake Elsinore","17","100.0000","44201","Ozone","087","40140","Riverside-San Bernardino-Ontario, CA","06","California","065","Riverside","33.67649","-117.33098"
"10/24/2024","AQS","060659001","1","0.073","ppm","108","Lake Elsinore","17","100.0000","44201","Ozone","087","40140","Riverside-San Bernardino-Ontario, CA","06","California","065","Riverside","33.67649","-117.33098"
"10/25/2024","AQS","060659001","1","0.08","ppm","133","Lake Elsinore","17","100.0000","44201","Ozone","087","40140","Riverside-San Bernardino-Ontario, CA","06","California","065","Riverside","33.67649","-117.33098"
"10/26/2024","AQS","060659001","1","0.084","ppm","147","Lake Elsinore","17","100.0000","44201","Ozone","087","40140","Riverside-San Bernardino-Ontario, CA","06","California","065","Riverside","33.67649","-117.33098"
"10/27/2024","AQS","060659001","1","0.064","ppm","80","Lake Elsinore","17","100.0000","44201","Ozone","087","40140","Riverside-San Bernardino-Ontario, CA","06","California","065","Riverside","33.67649","-117.33098"
"10/28/2024","AQS","060659001","1","0.041","ppm","38","Lake Elsinore","17","100.0000","44201","Ozone","087","40140","Riverside-San Bernardino-Ontario, CA","06","California","065","Riverside","33.67649","-117.33098"
"10/29/2024","AQS","060659001","1","0.044","ppm","41","Lake Elsinore","17","100.0000","44201","Ozone","087","40140","Riverside-San Bernardino-Ontario, CA","06","California","065","Riverside","33.67649","-117.33098"
"10/30/2024","AQS","060659001","1","0.047","ppm","44","Lake Elsinore","17","100.0000","44201","Ozone","087","40140","Riverside-San Bernardino-Ontario, CA","06","California","065","Riverside","33.67649","-117.33098"
"10/31/2024","AirNow","060659001","1","0.054","ppm","50","Lake Elsinore","24","100.0000","44201","Ozone","","40140","Riverside-San Bernardino-Ontario, CA","06","California","065","Riverside","33.67649","-117.33098"
"11/01/2024","AirNow","060659001","1","0.055","ppm","51","Lake Elsinore","24","100.0000","44201","Ozone","","40140","Riverside-San Bernardino-Ontario, CA","06","California","065","Riverside","33.67649","-117.33098"
"11/02/2024","AirNow","060659001","1","0.047","ppm","44","Lake Elsinore","24","100.0000","44201","Ozone","","40140","Riverside-San Bernardino-Ontario, CA","06","California","065","Riverside","33.67649","-117.33098"
"11/03/2024","AirNow","060659001","1","0.046","ppm","43","Lake Elsinore","24","100.0000","44201","Ozone","","40140","Riverside-San Bernardino-Ontario, CA","06","California","065","Riverside","33.67649","-117.33098"
"11/04/2024","AirNow","060659001","1","0.041","ppm","38","Lake Elsinore","24","100.0000","44201","Ozone","","40140","Riverside-San Bernardino-Ontario, CA","06","California","065","Riverside","33.67649","-117.33098"
"11/05/2024","AirNow","060659001","1","0.046","ppm","43","Lake Elsinore","24","100.0000","44201","Ozone","","40140","Riverside-San Bernardino-Ontario, CA","06","California","065","Riverside","33.67649","-117.33098"
"11/06/2024","AirNow","060659001","1","0.042","ppm","39","Lake Elsinore","24","100.0000","44201","Ozone","","40140","Riverside-San Bernardino-Ontario, CA","06","California","065","Riverside","33.67649","-117.33098"
"11/07/2024","AirNow","060659001","1","0.036","ppm","33","Lake Elsinore","24","100.0000","44201","Ozone","","40140","Riverside-San Bernardino-Ontario, CA","06","California","065","Riverside","33.67649","-117.33098"
"11/08/2024","AirNow","060659001","1","0.042","ppm","39","Lake Elsinore","24","100.0000","44201","Ozone","","40140","Riverside-San Bernardino-Ontario, CA","06","California","065","Riverside","33.67649","-117.33098"
"11/09/2024","AirNow","060659001","1","0.052","ppm","48","Lake Elsinore","24","100.0000","44201","Ozone","","40140","Riverside-San Bernardino-Ontario, CA","06","California","065","Riverside","33.67649","-117.33098"
"11/10/2024","AirNow","060659001","1","0.06","ppm","67","Lake Elsinore","24","100.0000","44201","Ozone","","40140","Riverside-San Bernardino-Ontario, CA","06","California","065","Riverside","33.67649","-117.33098"
"11/11/2024","AirNow","060659001","1","0.06","ppm","67","Lake Elsinore","24","100.0000","44201","Ozone","","40140","Riverside-San Bernardino-Ontario, CA","06","California","065","Riverside","33.67649","-117.33098"
"11/12/2024","AirNow","060659001","1","0.044","ppm","41","Lake Elsinore","24","100.0000","44201","Ozone","","40140","Riverside-San Bernardino-Ontario, CA","06","California","065","Riverside","33.67649","-117.33098"
"11/13/2024","AirNow","060659001","1","0.044","ppm","41","Lake Elsinore","24","100.0000","44201","Ozone","","40140","Riverside-San Bernardino-Ontario, CA","06","California","065","Riverside","33.67649","-117.33098"
"11/15/2024","AirNow","060659001","1","0.039","ppm","36","Lake Elsinore","24","100.0000","44201","Ozone","","40140","Riverside-San Bernardino-Ontario, CA","06","California","065","Riverside","33.67649","-117.33098"
"11/16/2024","AirNow","060659001","1","0.038","ppm","35","Lake Elsinore","24","100.0000","44201","Ozone","","40140","Riverside-San Bernardino-Ontario, CA","06","California","065","Riverside","33.67649","-117.33098"
"11/17/2024","AirNow","060659001","1","0.042","ppm","39","Lake Elsinore","24","100.0000","44201","Ozone","","40140","Riverside-San Bernardino-Ontario, CA","06","California","065","Riverside","33.67649","-117.33098"
"11/18/2024","AirNow","060659001","1","0.043","ppm","40","Lake Elsinore","24","100.0000","44201","Ozone","","40140","Riverside-San Bernardino-Ontario, CA","06","California","065","Riverside","33.67649","-117.33098"
"11/19/2024","AirNow","060659001","1","0.04","ppm","37","Lake Elsinore","24","100.0000","44201","Ozone","","40140","Riverside-San Bernardino-Ontario, CA","06","California","065","Riverside","33.67649","-117.33098"
"11/20/2024","AirNow","060659001","1","0.045","ppm","42","Lake Elsinore","24","100.0000","44201","Ozone","","40140","Riverside-San Bernardino-Ontario, CA","06","California","065","Riverside","33.67649","-117.33098"
"11/21/2024","AirNow","060659001","1","0.047","ppm","44","Lake Elsinore","24","100.0000","44201","Ozone","","40140","Riverside-San Bernardino-Ontario, CA","06","California","065","Riverside","33.67649","-117.33098"
"11/22/2024","AirNow","060659001","1","0.046","ppm","43","Lake Elsinore","24","100.0000","44201","Ozone","","40140","Riverside-San Bernardino-Ontario, CA","06","California","065","Riverside","33.67649","-117.33098"
"11/23/2024","AirNow","060659001","1","0.04","ppm","37","Lake Elsinore","24","100.0000","44201","Ozone","","40140","Riverside-San Bernardino-Ontario, CA","06","California","065","Riverside","33.67649","-117.33098"
"11/24/2024","AirNow","060659001","1","0.038","ppm","35","Lake Elsinore","24","100.0000","44201","Ozone","","40140","Riverside-San Bernardino-Ontario, CA","06","California","065","Riverside","33.67649","-117.33098"
"11/25/2024","AirNow","060659001","1","0.036","ppm","33","Lake Elsinore","24","100.0000","44201","Ozone","","40140","Riverside-San Bernardino-Ontario, CA","06","California","065","Riverside","33.67649","-117.33098"
"11/26/2024","AirNow","060659001","1","0.035","ppm","32","Lake Elsinore","24","100.0000","44201","Ozone","","40140","Riverside-San Bernardino-Ontario, CA","06","California","065","Riverside","33.67649","-117.33098"
"11/27/2024","AirNow","060659001","1","0.027","ppm","25","Lake Elsinore","24","100.0000","44201","Ozone","","40140","Riverside-San Bernardino-Ontario, CA","06","California","065","Riverside","33.67649","-117.33098"
"11/28/2024","AirNow","060659001","1","0.039","ppm","36","Lake Elsinore","24","100.0000","44201","Ozone","","40140","Riverside-San Bernardino-Ontario, CA","06","California","065","Riverside","33.67649","-117.33098"
"11/29/2024","AirNow","060659001","1","0.036","ppm","33","Lake Elsinore","24","100.0000","44201","Ozone","","40140","Riverside-San Bernardino-Ontario, CA","06","California","065","Riverside","33.67649","-117.33098"
"11/30/2024","AirNow","060659001","1","0.044","ppm","41","Lake Elsinore","24","100.0000","44201","Ozone","","40140","Riverside-San Bernardino-Ontario, CA","06","California","065","Riverside","33.67649","-117.33098"
"12/01/2024","AirNow","060659001","1","0.046","ppm","43","Lake Elsinore","24","100.0000","44201","Ozone","","40140","Riverside-San Bernardino-Ontario, CA","06","California","065","Riverside","33.67649","-117.33098"
"12/02/2024","AirNow","060659001","1","0.041","ppm","38","Lake Elsinore","24","100.0000","44201","Ozone","","40140","Riverside-San Bernardino-Ontario, CA","06","California","065","Riverside","33.67649","-117.33098"
"12/03/2024","AirNow","060659001","1","0.039","ppm","36","Lake Elsinore","24","100.0000","44201","Ozone","","40140","Riverside-San Bernardino-Ontario, CA","06","California","065","Riverside","33.67649","-117.33098"
"12/04/2024","AirNow","060659001","1","0.048","ppm","44","Lake Elsinore","24","100.0000","44201","Ozone","","40140","Riverside-San Bernardino-Ontario, CA","06","California","065","Riverside","33.67649","-117.33098"
"12/05/2024","AirNow","060659001","1","0.04","ppm","37","Lake Elsinore","24","100.0000","44201","Ozone","","40140","Riverside-San Bernardino-Ontario, CA","06","California","065","Riverside","33.67649","-117.33098"
"12/07/2024","AirNow","060659001","1","0.043","ppm","40","Lake Elsinore","24","100.0000","44201","Ozone","","40140","Riverside-San Bernardino-Ontario, CA","06","California","065","Riverside","33.67649","-117.33098"
"12/08/2024","AirNow","060659001","1","0.046","ppm","43","Lake Elsinore","24","100.0000","44201","Ozone","","40140","Riverside-San Bernardino-Ontario, CA","06","California","065","Riverside","33.67649","-117.33098"
"12/09/2024","AirNow","060659001","1","0.043","ppm","40","Lake Elsinore","24","100.0000","44201","Ozone","","40140","Riverside-San Bernardino-Ontario, CA","06","California","065","Riverside","33.67649","-117.33098"
"12/10/2024","AirNow","060659001","1","0.044","ppm","41","Lake Elsinore","24","100.0000","44201","Ozone","","40140","Riverside-San Bernardino-Ontario, CA","06","California","065","Riverside","33.67649","-117.33098"
"12/11/2024","AirNow","060659001","1","0.041","ppm","38","Lake Elsinore","24","100.0000","44201","Ozone","","40140","Riverside-San Bernardino-Ontario, CA","06","California","065","Riverside","33.67649","-117.33098"
"12/12/2024","AirNow","060659001","1","0.04","ppm","37","Lake Elsinore","24","100.0000","44201","Ozone","","40140","Riverside-San Bernardino-Ontario, CA","06","California","065","Riverside","33.67649","-117.33098"
"12/13/2024","AirNow","060659001","1","0.036","ppm","33","Lake Elsinore","24","100.0000","44201","Ozone","","40140","Riverside-San Bernardino-Ontario, CA","06","California","065","Riverside","33.67649","-117.33098"
"12/14/2024","AirNow","060659001","1","0.041","ppm","38","Lake Elsinore","24","100.0000","44201","Ozone","","40140","Riverside-San Bernardino-Ontario, CA","06","California","065","Riverside","33.67649","-117.33098"
"12/15/2024","AirNow","060659001","1","0.045","ppm","42","Lake Elsinore","24","100.0000","44201","Ozone","","40140","Riverside-San Bernardino-Ontario, CA","06","California","065","Riverside","33.67649","-117.33098"
"12/16/2024","AirNow","060659001","1","0.041","ppm","38","Lake Elsinore","24","100.0000","44201","Ozone","","40140","Riverside-San Bernardino-Ontario, CA","06","California","065","Riverside","33.67649","-117.33098"
"12/17/2024","AirNow","060659001","1","0.04","ppm","37","Lake Elsinore","24","100.0000","44201","Ozone","","40140","Riverside-San Bernardino-Ontario, CA","06","California","065","Riverside","33.67649","-117.33098"
"12/18/2024","AirNow","060659001","1","0.043","ppm","40","Lake Elsinore","24","100.0000","44201","Ozone","","40140","Riverside-San Bernardino-Ontario, CA","06","California","065","Riverside","33.67649","-117.33098"
"12/19/2024","AirNow","060659001","1","0.038","ppm","35","Lake Elsinore","24","100.0000","44201","Ozone","","40140","Riverside-San Bernardino-Ontario, CA","06","California","065","Riverside","33.67649","-117.33098"
"12/20/2024","AirNow","060659001","1","0.044","ppm","41","Lake Elsinore","24","100.0000","44201","Ozone","","40140","Riverside-San Bernardino-Ontario, CA","06","California","065","Riverside","33.67649","-117.33098"
"12/21/2024","AirNow","060659001","1","0.051","ppm","47","Lake Elsinore","24","100.0000","44201","Ozone","","40140","Riverside-San Bernardino-Ontario, CA","06","California","065","Riverside","33.67649","-117.33098"
"12/22/2024","AirNow","060659001","1","0.043","ppm","40","Lake Elsinore","24","100.0000","44201","Ozone","","40140","Riverside-San Bernardino-Ontario, CA","06","California","065","Riverside","33.67649","-117.33098"
"12/23/2024","AirNow","060659001","1","0.042","ppm","39","Lake Elsinore","24","100.0000","44201","Ozone","","40140","Riverside-San Bernardino-Ontario, CA","06","California","065","Riverside","33.67649","-117.33098"
"12/24/2024","AirNow","060659001","1","0.036","ppm","33","Lake Elsinore","24","100.0000","44201","Ozone","","40140","Riverside-San Bernardino-Ontario, CA","06","California","065","Riverside","33.67649","-117.33098"
"12/25/2024","AirNow","060659001","1","0.041","ppm","38","Lake Elsinore","24","100.0000","44201","Ozone","","40140","Riverside-San Bernardino-Ontario, CA","06","California","065","Riverside","33.67649","-117.33098"
"12/28/2024","AirNow","060659001","1","0.039","ppm","36","Lake Elsinore","24","100.0000","44201","Ozone","","40140","Riverside-San Bernardino-Ontario, CA","06","California","065","Riverside","33.67649","-117.33098"
"12/29/2024","AirNow","060659001","1","0.045","ppm","42","Lake Elsinore","24","100.0000","44201","Ozone","","40140","Riverside-San Bernardino-Ontario, CA","06","California","065","Riverside","33.67649","-117.33098"
"12/30/2024","AirNow","060659001","1","0.037","ppm","34","Lake Elsinore","24","100.0000","44201","Ozone","","40140","Riverside-San Bernardino-Ontario, CA","06","California","065","Riverside","33.67649","-117.33098"
"12/31/2024","AirNow","060659001","1","0.036","ppm","33","Lake Elsinore","19","79.0000","44201","Ozone","","40140","Riverside-San Bernardino-Ontario, CA","06","California","065","Riverside","33.67649","-117.33098"
"01/01/2024","AQS","060659003","1","0.03","ppm","28","Blythe-445 W Murphy Street","17","100.0000","44201","Ozone","087","40140","Riverside-San Bernardino-Ontario, CA","06","California","065","Riverside","33.61235","-114.60209"
"01/02/2024","AQS","060659003","1","0.032","ppm","30","Blythe-445 W Murphy Street","17","100.0000","44201","Ozone","087","40140","Riverside-San Bernardino-Ontario, CA","06","California","065","Riverside","33.61235","-114.60209"
"01/03/2024","AQS","060659003","1","0.026","ppm","24","Blythe-445 W Murphy Street","17","100.0000","44201","Ozone","087","40140","Riverside-San Bernardino-Ontario, CA","06","California","065","Riverside","33.61235","-114.60209"
"01/04/2024","AQS","060659003","1","0.033","ppm","31","Blythe-445 W Murphy Street","17","100.0000","44201","Ozone","087","40140","Riverside-San Bernardino-Ontario, CA","06","California","065","Riverside","33.61235","-114.60209"
"01/05/2024","AQS","060659003","1","0.023","ppm","21","Blythe-445 W Murphy Street","17","100.0000","44201","Ozone","087","40140","Riverside-San Bernardino-Ontario, CA","06","California","065","Riverside","33.61235","-114.60209"
"01/06/2024","AQS","060659003","1","0.032","ppm","30","Blythe-445 W Murphy Street","17","100.0000","44201","Ozone","087","40140","Riverside-San Bernardino-Ontario, CA","06","California","065","Riverside","33.61235","-114.60209"
"01/07/2024","AQS","060659003","1","0.038","ppm","35","Blythe-445 W Murphy Street","17","100.0000","44201","Ozone","087","40140","Riverside-San Bernardino-Ontario, CA","06","California","065","Riverside","33.61235","-114.60209"
"01/08/2024","AQS","060659003","1","0.036","ppm","33","Blythe-445 W Murphy Street","17","100.0000","44201","Ozone","087","40140","Riverside-San Bernardino-Ontario, CA","06","California","065","Riverside","33.61235","-114.60209"
"01/09/2024","AQS","060659003","1","0.031","ppm","29","Blythe-445 W Murphy Street","17","100.0000","44201","Ozone","087","40140","Riverside-San Bernardino-Ontario, CA","06","California","065","Riverside","33.61235","-114.60209"
"01/10/2024","AQS","060659003","1","0.028","ppm","26","Blythe-445 W Murphy Street","17","100.0000","44201","Ozone","087","40140","Riverside-San Bernardino-Ontario, CA","06","California","065","Riverside","33.61235","-114.60209"
"01/11/2024","AQS","060659003","1","0.039","ppm","36","Blythe-445 W Murphy Street","17","100.0000","44201","Ozone","087","40140","Riverside-San Bernardino-Ontario, CA","06","California","065","Riverside","33.61235","-114.60209"
"01/12/2024","AQS","060659003","1","0.031","ppm","29","Blythe-445 W Murphy Street","17","100.0000","44201","Ozone","087","40140","Riverside-San Bernardino-Ontario, CA","06","California","065","Riverside","33.61235","-114.60209"
"01/13/2024","AQS","060659003","1","0.033","ppm","31","Blythe-445 W Murphy Street","17","100.0000","44201","Ozone","087","40140","Riverside-San Bernardino-Ontario, CA","06","California","065","Riverside","33.61235","-114.60209"
"01/14/2024","AQS","060659003","1","0.038","ppm","35","Blythe-445 W Murphy Street","17","100.0000","44201","Ozone","087","40140","Riverside-San Bernardino-Ontario, CA","06","California","065","Riverside","33.61235","-114.60209"
"01/15/2024","AQS","060659003","1","0.036","ppm","33","Blythe-445 W Murphy Street","17","100.0000","44201","Ozone","087","40140","Riverside-San Bernardino-Ontario, CA","06","California","065","Riverside","33.61235","-114.60209"
"01/16/2024","AQS","060659003","1","0.032","ppm","30","Blythe-445 W Murphy Street","17","100.0000","44201","Ozone","087","40140","Riverside-San Bernardino-Ontario, CA","06","California","065","Riverside","33.61235","-114.60209"
"01/17/2024","AQS","060659003","1","0.03","ppm","28","Blythe-445 W Murphy Street","17","100.0000","44201","Ozone","087","40140","Riverside-San Bernardino-Ontario, CA","06","California","065","Riverside","33.61235","-114.60209"
"01/18/2024","AQS","060659003","1","0.039","ppm","36","Blythe-445 W Murphy Street","17","100.0000","44201","Ozone","087","40140","Riverside-San Bernardino-Ontario, CA","06","California","065","Riverside","33.61235","-114.60209"
"01/19/2024","AirNow","060659003","1","0.025","ppm","23","Blythe-445 W Murphy Street","18","75.0000","44201","Ozone","","40140","Riverside-San Bernardino-Ontario, CA","06","California","065","Riverside","33.61235","-114.60209"
"01/20/2024","AQS","060659003","1","0.027","ppm","25","Blythe-445 W Murphy Street","17","100.0000","44201","Ozone","087","40140","Riverside-San Bernardino-Ontario, CA","06","California","065","Riverside","33.61235","-114.60209"
"01/21/2024","AQS","060659003","1","0.03","ppm","28","Blythe-445 W Murphy Street","17","100.0000","44201","Ozone","087","40140","Riverside-San Bernardino-Ontario, CA","06","California","065","Riverside","33.61235","-114.60209"
"01/22/2024","AQS","060659003","1","0.022","ppm","20","Blythe-445 W Murphy Street","17","100.0000","44201","Ozone","087","40140","Riverside-San Bernardino-Ontario, CA","06","California","065","Riverside","33.61235","-114.60209"
"01/23/2024","AQS","060659003","1","0.028","ppm","26","Blythe-445 W Murphy Street","17","100.0000","44201","Ozone","087","40140","Riverside-San Bernardino-Ontario, CA","06","California","065","Riverside","33.61235","-114.60209"
"01/24/2024","AQS","060659003","1","0.023","ppm","21","Blythe-445 W Murphy Street","17","100.0000","44201","Ozone","087","40140","Riverside-San Bernardino-Ontario, CA","06","California","065","Riverside","33.61235","-114.60209"
"01/25/2024","AQS","060659003","1","0.035","ppm","32","Blythe-445 W Murphy Street","17","100.0000","44201","Ozone","087","40140","Riverside-San Bernardino-Ontario, CA","06","California","065","Riverside","33.61235","-114.60209"
"01/26/2024","AQS","060659003","1","0.038","ppm","35","Blythe-445 W Murphy Street","17","100.0000","44201","Ozone","087","40140","Riverside-San Bernardino-Ontario, CA","06","California","065","Riverside","33.61235","-114.60209"
"01/27/2024","AQS","060659003","1","0.035","ppm","32","Blythe-445 W Murphy Street","17","100.0000","44201","Ozone","087","40140","Riverside-San Bernardino-Ontario, CA","06","California","065","Riverside","33.61235","-114.60209"
"01/28/2024","AQS","060659003","1","0.03","ppm","28","Blythe-445 W Murphy Street","17","100.0000","44201","Ozone","087","40140","Riverside-San Bernardino-Ontario, CA","06","California","065","Riverside","33.61235","-114.60209"
"01/29/2024","AQS","060659003","1","0.031","ppm","29","Blythe-445 W Murphy Street","17","100.0000","44201","Ozone","087","40140","Riverside-San Bernardino-Ontario, CA","06","California","065","Riverside","33.61235","-114.60209"
"01/30/2024","AQS","060659003","1","0.032","ppm","30","Blythe-445 W Murphy Street","17","100.0000","44201","Ozone","087","40140","Riverside-San Bernardino-Ontario, CA","06","California","065","Riverside","33.61235","-114.60209"
"01/31/2024","AQS","060659003","1","0.031","ppm","29","Blythe-445 W Murphy Street","17","100.0000","44201","Ozone","087","40140","Riverside-San Bernardino-Ontario, CA","06","California","065","Riverside","33.61235","-114.60209"
"02/01/2024","AQS","060659003","1","0.028","ppm","26","Blythe-445 W Murphy Street","17","100.0000","44201","Ozone","087","40140","Riverside-San Bernardino-Ontario, CA","06","California","065","Riverside","33.61235","-114.60209"
"02/02/2024","AQS","060659003","1","0.038","ppm","35","Blythe-445 W Murphy Street","17","100.0000","44201","Ozone","087","40140","Riverside-San Bernardino-Ontario, CA","06","California","065","Riverside","33.61235","-114.60209"
"02/03/2024","AQS","060659003","1","0.038","ppm","35","Blythe-445 W Murphy Street","17","100.0000","44201","Ozone","087","40140","Riverside-San Bernardino-Ontario, CA","06","California","065","Riverside","33.61235","-114.60209"
"02/04/2024","AQS","060659003","1","0.039","ppm","36","Blythe-445 W Murphy Street","17","100.0000","44201","Ozone","087","40140","Riverside-San Bernardino-Ontario, CA","06","California","065","Riverside","33.61235","-114.60209"
"02/05/2024","AQS","060659003","1","0.031","ppm","29","Blythe-445 W Murphy Street","17","100.0000","44201","Ozone","087","40140","Riverside-San Bernardino-Ontario, CA","06","California","065","Riverside","33.61235","-114.60209"
"02/06/2024","AQS","060659003","1","0.032","ppm","30","Blythe-445 W Murphy Street","17","100.0000","44201","Ozone","087","40140","Riverside-San Bernardino-Ontario, CA","06","California","065","Riverside","33.61235","-114.60209"
"02/07/2024","AQS","060659003","1","0.035","ppm","32","Blythe-445 W Murphy Street","17","100.0000","44201","Ozone","087","40140","Riverside-San Bernardino-Ontario, CA","06","California","065","Riverside","33.61235","-114.60209"
"02/08/2024","AQS","060659003","1","0.041","ppm","38","Blythe-445 W Murphy Street","17","100.0000","44201","Ozone","087","40140","Riverside-San Bernardino-Ontario, CA","06","California","065","Riverside","33.61235","-114.60209"
"02/09/2024","AQS","060659003","1","0.036","ppm","33","Blythe-445 W Murphy Street","17","100.0000","44201","Ozone","087","40140","Riverside-San Bernardino-Ontario, CA","06","California","065","Riverside","33.61235","-114.60209"
"02/10/2024","AQS","060659003","1","0.035","ppm","32","Blythe-445 W Murphy Street","17","100.0000","44201","Ozone","087","40140","Riverside-San Bernardino-Ontario, CA","06","California","065","Riverside","33.61235","-114.60209"
"02/11/2024","AQS","060659003","1","0.034","ppm","31","Blythe-445 W Murphy Street","17","100.0000","44201","Ozone","087","40140","Riverside-San Bernardino-Ontario, CA","06","California","065","Riverside","33.61235","-114.60209"
"02/12/2024","AQS","060659003","1","0.034","ppm","31","Blythe-445 W Murphy Street","17","100.0000","44201","Ozone","087","40140","Riverside-San Bernardino-Ontario, CA","06","California","065","Riverside","33.61235","-114.60209"
"02/13/2024","AQS","060659003","1","0.034","ppm","31","Blythe-445 W Murphy Street","17","100.0000","44201","Ozone","087","40140","Riverside-San Bernardino-Ontario, CA","06","California","065","Riverside","33.61235","-114.60209"
"02/14/2024","AQS","060659003","1","0.046","ppm","43","Blythe-445 W Murphy Street","17","100.0000","44201","Ozone","087","40140","Riverside-San Bernardino-Ontario, CA","06","California","065","Riverside","33.61235","-114.60209"
"02/15/2024","AQS","060659003","1","0.048","ppm","44","Blythe-445 W Murphy Street","17","100.0000","44201","Ozone","087","40140","Riverside-San Bernardino-Ontario, CA","06","California","065","Riverside","33.61235","-114.60209"
"02/16/2024","AQS","060659003","1","0.042","ppm","39","Blythe-445 W Murphy Street","17","100.0000","44201","Ozone","087","40140","Riverside-San Bernardino-Ontario, CA","06","California","065","Riverside","33.61235","-114.60209"
"02/17/2024","AQS","060659003","1","0.042","ppm","39","Blythe-445 W Murphy Street","17","100.0000","44201","Ozone","087","40140","Riverside-San Bernardino-Ontario, CA","06","California","065","Riverside","33.61235","-114.60209"
"02/18/2024","AQS","060659003","1","0.045","ppm","42","Blythe-445 W Murphy Street","17","100.0000","44201","Ozone","087","40140","Riverside-San Bernardino-Ontario, CA","06","California","065","Riverside","33.61235","-114.60209"
"02/19/2024","AQS","060659003","1","0.04","ppm","37","Blythe-445 W Murphy Street","17","100.0000","44201","Ozone","087","40140","Riverside-San Bernardino-Ontario, CA","06","California","065","Riverside","33.61235","-114.60209"
"02/20/2024","AQS","060659003","1","0.033","ppm","31","Blythe-445 W Murphy Street","17","100.0000","44201","Ozone","087","40140","Riverside-San Bernardino-Ontario, CA","06","California","065","Riverside","33.61235","-114.60209"
"02/21/2024","AQS","060659003","1","0.036","ppm","33","Blythe-445 W Murphy Street","17","100.0000","44201","Ozone","087","40140","Riverside-San Bernardino-Ontario, CA","06","California","065","Riverside","33.61235","-114.60209"
"02/22/2024","AQS","060659003","1","0.04","ppm","37","Blythe-445 W Murphy Street","17","100.0000","44201","Ozone","087","40140","Riverside-San Bernardino-Ontario, CA","06","California","065","Riverside","33.61235","-114.60209"
"02/23/2024","AQS","060659003","1","0.038","ppm","35","Blythe-445 W Murphy Street","17","100.0000","44201","Ozone","087","40140","Riverside-San Bernardino-Ontario, CA","06","California","065","Riverside","33.61235","-114.60209"
"02/24/2024","AQS","060659003","1","0.037","ppm","34","Blythe-445 W Murphy Street","17","100.0000","44201","Ozone","087","40140","Riverside-San Bernardino-Ontario, CA","06","California","065","Riverside","33.61235","-114.60209"
"02/25/2024","AQS","060659003","1","0.036","ppm","33","Blythe-445 W Murphy Street","17","100.0000","44201","Ozone","087","40140","Riverside-San Bernardino-Ontario, CA","06","California","065","Riverside","33.61235","-114.60209"
"02/26/2024","AQS","060659003","1","0.034","ppm","31","Blythe-445 W Murphy Street","17","100.0000","44201","Ozone","087","40140","Riverside-San Bernardino-Ontario, CA","06","California","065","Riverside","33.61235","-114.60209"
"02/27/2024","AQS","060659003","1","0.037","ppm","34","Blythe-445 W Murphy Street","17","100.0000","44201","Ozone","087","40140","Riverside-San Bernardino-Ontario, CA","06","California","065","Riverside","33.61235","-114.60209"
"02/28/2024","AQS","060659003","1","0.04","ppm","37","Blythe-445 W Murphy Street","17","100.0000","44201","Ozone","087","40140","Riverside-San Bernardino-Ontario, CA","06","California","065","Riverside","33.61235","-114.60209"
"02/29/2024","AQS","060659003","1","0.04","ppm","37","Blythe-445 W Murphy Street","17","100.0000","44201","Ozone","087","40140","Riverside-San Bernardino-Ontario, CA","06","California","065","Riverside","33.61235","-114.60209"
"03/01/2024","AQS","060659003","1","0.037","ppm","34","Blythe-445 W Murphy Street","17","100.0000","44201","Ozone","087","40140","Riverside-San Bernardino-Ontario, CA","06","California","065","Riverside","33.61235","-114.60209"
"03/02/2024","AQS","060659003","1","0.034","ppm","31","Blythe-445 W Murphy Street","17","100.0000","44201","Ozone","087","40140","Riverside-San Bernardino-Ontario, CA","06","California","065","Riverside","33.61235","-114.60209"
"03/03/2024","AQS","060659003","1","0.037","ppm","34","Blythe-445 W Murphy Street","17","100.0000","44201","Ozone","087","40140","Riverside-San Bernardino-Ontario, CA","06","California","065","Riverside","33.61235","-114.60209"
"03/04/2024","AQS","060659003","1","0.042","ppm","39","Blythe-445 W Murphy Street","17","100.0000","44201","Ozone","087","40140","Riverside-San Bernardino-Ontario, CA","06","California","065","Riverside","33.61235","-114.60209"
"03/05/2024","AQS","060659003","1","0.04","ppm","37","Blythe-445 W Murphy Street","17","100.0000","44201","Ozone","087","40140","Riverside-San Bernardino-Ontario, CA","06","California","065","Riverside","33.61235","-114.60209"
"03/06/2024","AQS","060659003","1","0.039","ppm","36","Blythe-445 W Murphy Street","17","100.0000","44201","Ozone","087","40140","Riverside-San Bernardino-Ontario, CA","06","California","065","Riverside","33.61235","-114.60209"
"03/07/2024","AQS","060659003","1","0.036","ppm","33","Blythe-445 W Murphy Street","17","100.0000","44201","Ozone","087","40140","Riverside-San Bernardino-Ontario, CA","06","California","065","Riverside","33.61235","-114.60209"
"03/08/2024","AQS","060659003","1","0.037","ppm","34","Blythe-445 W Murphy Street","17","100.0000","44201","Ozone","087","40140","Riverside-San Bernardino-Ontario, CA","06","California","065","Riverside","33.61235","-114.60209"
"03/09/2024","AQS","060659003","1","0.041","ppm","38","Blythe-445 W Murphy Street","17","100.0000","44201","Ozone","087","40140","Riverside-San Bernardino-Ontario, CA","06","California","065","Riverside","33.61235","-114.60209"
"03/10/2024","AQS","060659003","1","0.04","ppm","37","Blythe-445 W Murphy Street","17","100.0000","44201","Ozone","087","40140","Riverside-San Bernardino-Ontario, CA","06","California","065","Riverside","33.61235","-114.60209"
"03/11/2024","AQS","060659003","1","0.042","ppm","39","Blythe-445 W Murphy Street","17","100.0000","44201","Ozone","087","40140","Riverside-San Bernardino-Ontario, CA","06","California","065","Riverside","33.61235","-114.60209"
"03/12/2024","AQS","060659003","1","0.044","ppm","41","Blythe-445 W Murphy Street","17","100.0000","44201","Ozone","087","40140","Riverside-San Bernardino-Ontario, CA","06","California","065","Riverside","33.61235","-114.60209"
"03/13/2024","AQS","060659003","1","0.042","ppm","39","Blythe-445 W Murphy Street","17","100.0000","44201","Ozone","087","40140","Riverside-San Bernardino-Ontario, CA","06","California","065","Riverside","33.61235","-114.60209"
"03/14/2024","AQS","060659003","1","0.04","ppm","37","Blythe-445 W Murphy Street","17","100.0000","44201","Ozone","087","40140","Riverside-San Bernardino-Ontario, CA","06","California","065","Riverside","33.61235","-114.60209"
"03/15/2024","AQS","060659003","1","0.041","ppm","38","Blythe-445 W Murphy Street","17","100.0000","44201","Ozone","087","40140","Riverside-San Bernardino-Ontario, CA","06","California","065","Riverside","33.61235","-114.60209"
"03/16/2024","AQS","060659003","1","0.035","ppm","32","Blythe-445 W Murphy Street","17","100.0000","44201","Ozone","087","40140","Riverside-San Bernardino-Ontario, CA","06","California","065","Riverside","33.61235","-114.60209"
"03/17/2024","AQS","060659003","1","0.041","ppm","38","Blythe-445 W Murphy Street","17","100.0000","44201","Ozone","087","40140","Riverside-San Bernardino-Ontario, CA","06","California","065","Riverside","33.61235","-114.60209"
"03/18/2024","AQS","060659003","1","0.043","ppm","40","Blythe-445 W Murphy Street","17","100.0000","44201","Ozone","087","40140","Riverside-San Bernardino-Ontario, CA","06","California","065","Riverside","33.61235","-114.60209"
"03/19/2024","AQS","060659003","1","0.044","ppm","41","Blythe-445 W Murphy Street","17","100.0000","44201","Ozone","087","40140","Riverside-San Bernardino-Ontario, CA","06","California","065","Riverside","33.61235","-114.60209"
"03/20/2024","AQS","060659003","1","0.045","ppm","42","Blythe-445 W Murphy Street","17","100.0000","44201","Ozone","087","40140","Riverside-San Bernardino-Ontario, CA","06","California","065","Riverside","33.61235","-114.60209"
"03/21/2024","AQS","060659003","1","0.049","ppm","45","Blythe-445 W Murphy Street","17","100.0000","44201","Ozone","087","40140","Riverside-San Bernardino-Ontario, CA","06","California","065","Riverside","33.61235","-114.60209"
"03/22/2024","AQS","060659003","1","0.046","ppm","43","Blythe-445 W Murphy Street","17","100.0000","44201","Ozone","087","40140","Riverside-San Bernardino-Ontario, CA","06","California","065","Riverside","33.61235","-114.60209"
"03/23/2024","AQS","060659003","1","0.037","ppm","34","Blythe-445 W Murphy Street","17","100.0000","44201","Ozone","087","40140","Riverside-San Bernardino-Ontario, CA","06","California","065","Riverside","33.61235","-114.60209"
"03/24/2024","AQS","060659003","1","0.04","ppm","37","Blythe-445 W Murphy Street","17","100.0000","44201","Ozone","087","40140","Riverside-San Bernardino-Ontario, CA","06","California","065","Riverside","33.61235","-114.60209"
"03/25/2024","AQS","060659003","1","0.038","ppm","35","Blythe-445 W Murphy Street","17","100.0000","44201","Ozone","087","40140","Riverside-San Bernardino-Ontario, CA","06","California","065","Riverside","33.61235","-114.60209"
"03/26/2024","AQS","060659003","1","0.043","ppm","40","Blythe-445 W Murphy Street","17","100.0000","44201","Ozone","087","40140","Riverside-San Bernardino-Ontario, CA","06","California","065","Riverside","33.61235","-114.60209"
"03/27/2024","AQS","060659003","1","0.044","ppm","41","Blythe-445 W Murphy Street","17","100.0000","44201","Ozone","087","40140","Riverside-San Bernardino-Ontario, CA","06","California","065","Riverside","33.61235","-114.60209"
"03/28/2024","AQS","060659003","1","0.043","ppm","40","Blythe-445 W Murphy Street","17","100.0000","44201","Ozone","087","40140","Riverside-San Bernardino-Ontario, CA","06","California","065","Riverside","33.61235","-114.60209"
"03/29/2024","AQS","060659003","1","0.044","ppm","41","Blythe-445 W Murphy Street","17","100.0000","44201","Ozone","087","40140","Riverside-San Bernardino-Ontario, CA","06","California","065","Riverside","33.61235","-114.60209"
"03/30/2024","AQS","060659003","1","0.035","ppm","32","Blythe-445 W Murphy Street","17","100.0000","44201","Ozone","087","40140","Riverside-San Bernardino-Ontario, CA","06","California","065","Riverside","33.61235","-114.60209"
"03/31/2024","AQS","060659003","1","0.039","ppm","36","Blythe-445 W Murphy Street","17","100.0000","44201","Ozone","087","40140","Riverside-San Bernardino-Ontario, CA","06","California","065","Riverside","33.61235","-114.60209"
"04/01/2024","AQS","060659003","1","0.039","ppm","36","Blythe-445 W Murphy Street","34","200.0000","44201","Ozone","087","40140","Riverside-San Bernardino-Ontario, CA","06","California","065","Riverside","33.61235","-114.60209"
"04/02/2024","AQS","060659003","1","0.04","ppm","37","Blythe-445 W Murphy Street","34","200.0000","44201","Ozone","087","40140","Riverside-San Bernardino-Ontario, CA","06","California","065","Riverside","33.61235","-114.60209"
"04/03/2024","AQS","060659003","1","0.045","ppm","42","Blythe-445 W Murphy Street","34","200.0000","44201","Ozone","087","40140","Riverside-San Bernardino-Ontario, CA","06","California","065","Riverside","33.61235","-114.60209"
"04/04/2024","AQS","060659003","1","0.048","ppm","44","Blythe-445 W Murphy Street","34","200.0000","44201","Ozone","087","40140","Riverside-San Bernardino-Ontario, CA","06","California","065","Riverside","33.61235","-114.60209"
"04/05/2024","AQS","060659003","1","0.043","ppm","40","Blythe-445 W Murphy Street","34","200.0000","44201","Ozone","087","40140","Riverside-San Bernardino-Ontario, CA","06","California","065","Riverside","33.61235","-114.60209"
"04/06/2024","AQS","060659003","1","0.042","ppm","39","Blythe-445 W Murphy Street","34","200.0000","44201","Ozone","087","40140","Riverside-San Bernardino-Ontario, CA","06","California","065","Riverside","33.61235","-114.60209"
"04/07/2024","AQS","060659003","1","0.046","ppm","43","Blythe-445 W Murphy Street","34","200.0000","44201","Ozone","087","40140","Riverside-San Bernardino-Ontario, CA","06","California","065","Riverside","33.61235","-114.60209"
"04/08/2024","AQS","060659003","1","0.047","ppm","44","Blythe-445 W Murphy Street","34","200.0000","44201","Ozone","087","40140","Riverside-San Bernardino-Ontario, CA","06","California","065","Riverside","33.61235","-114.60209"
"04/09/2024","AQS","060659003","1","0.046","ppm","43","Blythe-445 W Murphy Street","34","200.0000","44201","Ozone","087","40140","Riverside-San Bernardino-Ontario, CA","06","California","065","Riverside","33.61235","-114.60209"
"04/10/2024","AQS","060659003","1","0.042","ppm","39","Blythe-445 W Murphy Street","34","200.0000","44201","Ozone","087","40140","Riverside-San Bernardino-Ontario, CA","06","California","065","Riverside","33.61235","-114.60209"
"04/11/2024","AQS","060659003","1","0.043","ppm","40","Blythe-445 W Murphy Street","34","200.0000","44201","Ozone","087","40140","Riverside-San Bernardino-Ontario, CA","06","California","065","Riverside","33.61235","-114.60209"
"04/12/2024","AQS","060659003","1","0.046","ppm","43","Blythe-445 W Murphy Street","34","200.0000","44201","Ozone","087","40140","Riverside-San Bernardino-Ontario, CA","06","California","065","Riverside","33.61235","-114.60209"
"04/13/2024","AQS","060659003","1","0.048","ppm","44","Blythe-445 W Murphy Street","34","200.0000","44201","Ozone","087","40140","Riverside-San Bernardino-Ontario, CA","06","California","065","Riverside","33.61235","-114.60209"
"04/14/2024","AQS","060659003","1","0.045","ppm","42","Blythe-445 W Murphy Street","34","200.0000","44201","Ozone","087","40140","Riverside-San Bernardino-Ontario, CA","06","California","065","Riverside","33.61235","-114.60209"
"04/15/2024","AQS","060659003","1","0.05","ppm","46","Blythe-445 W Murphy Street","34","200.0000","44201","Ozone","087","40140","Riverside-San Bernardino-Ontario, CA","06","California","065","Riverside","33.61235","-114.60209"
"04/16/2024","AQS","060659003","1","0.047","ppm","44","Blythe-445 W Murphy Street","34","200.0000","44201","Ozone","087","40140","Riverside-San Bernardino-Ontario, CA","06","California","065","Riverside","33.61235","-114.60209"
"04/17/2024","AQS","060659003","1","0.051","ppm","47","Blythe-445 W Murphy Street","34","200.0000","44201","Ozone","087","40140","Riverside-San Bernardino-Ontario, CA","06","California","065","Riverside","33.61235","-114.60209"
"04/18/2024","AQS","060659003","1","0.051","ppm","47","Blythe-445 W Murphy Street","34","200.0000","44201","Ozone","087","40140","Riverside-San Bernardino-Ontario, CA","06","California","065","Riverside","33.61235","-114.60209"
"04/19/2024","AQS","060659003","1","0.052","ppm","48","Blythe-445 W Murphy Street","34","200.0000","44201","Ozone","087","40140","Riverside-San Bernardino-Ontario, CA","06","California","065","Riverside","33.61235","-114.60209"
"04/20/2024","AQS","060659003","1","0.049","ppm","45","Blythe-445 W Murphy Street","34","200.0000","44201","Ozone","087","40140","Riverside-San Bernardino-Ontario, CA","06","California","065","Riverside","33.61235","-114.60209"
"04/21/2024","AQS","060659003","1","0.046","ppm","43","Blythe-445 W Murphy Street","34","200.0000","44201","Ozone","087","40140","Riverside-San Bernardino-Ontario, CA","06","California","065","Riverside","33.61235","-114.60209"
"04/22/2024","AQS","060659003","1","0.041","ppm","38","Blythe-445 W Murphy Street","34","200.0000","44201","Ozone","087","40140","Riverside-San Bernardino-Ontario, CA","06","California","065","Riverside","33.61235","-114.60209"
"04/23/2024","AQS","060659003","1","0.04","ppm","37","Blythe-445 W Murphy Street","34","200.0000","44201","Ozone","087","40140","Riverside-San Bernardino-Ontario, CA","06","California","065","Riverside","33.61235","-114.60209"
"04/24/2024","AQS","060659003","1","0.044","ppm","41","Blythe-445 W Murphy Street","34","200.0000","44201","Ozone","087","40140","Riverside-San Bernardino-Ontario, CA","06","California","065","Riverside","33.61235","-114.60209"
"04/25/2024","AQS","060659003","1","0.04","ppm","37","Blythe-445 W Murphy Street","34","200.0000","44201","Ozone","087","40140","Riverside-San Bernardino-Ontario, CA","06","California","065","Riverside","33.61235","-114.60209"
"04/26/2024","AQS","060659003","1","0.043","ppm","40","Blythe-445 W Murphy Street","34","200.0000","44201","Ozone","087","40140","Riverside-San Bernardino-Ontario, CA","06","California","065","Riverside","33.61235","-114.60209"
"04/27/2024","AQS","060659003","1","0.038","ppm","35","Blythe-445 W Murphy Street","34","200.0000","44201","Ozone","087","40140","Riverside-San Bernardino-Ontario, CA","06","California","065","Riverside","33.61235","-114.60209"
"04/28/2024","AQS","060659003","1","0.041","ppm","38","Blythe-445 W Murphy Street","34","200.0000","44201","Ozone","087","40140","Riverside-San Bernardino-Ontario, CA","06","California","065","Riverside","33.61235","-114.60209"
"04/29/2024","AQS","060659003","1","0.042","ppm","39","Blythe-445 W Murphy Street","34","200.0000","44201","Ozone","087","40140","Riverside-San Bernardino-Ontario, CA","06","California","065","Riverside","33.61235","-114.60209"
"04/30/2024","AQS","060659003","1","0.04","ppm","37","Blythe-445 W Murphy Street","34","200.0000","44201","Ozone","087","40140","Riverside-San Bernardino-Ontario, CA","06","California","065","Riverside","33.61235","-114.60209"
"05/01/2024","AQS","060659003","1","0.045","ppm","42","Blythe-445 W Murphy Street","34","200.0000","44201","Ozone","087","40140","Riverside-San Bernardino-Ontario, CA","06","California","065","Riverside","33.61235","-114.60209"
"05/02/2024","AQS","060659003","1","0.047","ppm","44","Blythe-445 W Murphy Street","34","200.0000","44201","Ozone","087","40140","Riverside-San Bernardino-Ontario, CA","06","California","065","Riverside","33.61235","-114.60209"
"05/03/2024","AQS","060659003","1","0.046","ppm","43","Blythe-445 W Murphy Street","34","200.0000","44201","Ozone","087","40140","Riverside-San Bernardino-Ontario, CA","06","California","065","Riverside","33.61235","-114.60209"
"05/04/2024","AQS","060659003","1","0.044","ppm","41","Blythe-445 W Murphy Street","34","200.0000","44201","Ozone","087","40140","Riverside-San Bernardino-Ontario, CA","06","California","065","Riverside","33.61235","-114.60209"
"05/05/2024","AQS","060659003","1","0.049","ppm","45","Blythe-445 W Murphy Street","34","200.0000","44201","Ozone","087","40140","Riverside-San Bernardino-Ontario, CA","06","California","065","Riverside","33.61235","-114.60209"
"05/06/2024","AQS","060659003","1","0.045","ppm","42","Blythe-445 W Murphy Street","34","200.0000","44201","Ozone","087","40140","Riverside-San Bernardino-Ontario, CA","06","California","065","Riverside","33.61235","-114.60209"
"05/07/2024","AQS","060659003","1","0.047","ppm","44","Blythe-445 W Murphy Street","34","200.0000","44201","Ozone","087","40140","Riverside-San Bernardino-Ontario, CA","06","California","065","Riverside","33.61235","-114.60209"
"05/08/2024","AQS","060659003","1","0.046","ppm","43","Blythe-445 W Murphy Street","34","200.0000","44201","Ozone","087","40140","Riverside-San Bernardino-Ontario, CA","06","California","065","Riverside","33.61235","-114.60209"
"05/09/2024","AQS","060659003","1","0.041","ppm","38","Blythe-445 W Murphy Street","34","200.0000","44201","Ozone","087","40140","Riverside-San Bernardino-Ontario, CA","06","California","065","Riverside","33.61235","-114.60209"
"05/10/2024","AQS","060659003","1","0.04","ppm","37","Blythe-445 W Murphy Street","30","176.0000","44201","Ozone","087","40140","Riverside-San Bernardino-Ontario, CA","06","California","065","Riverside","33.61235","-114.60209"
"05/22/2024","AQS","060659003","1","0.053","ppm","49","Blythe-445 W Murphy Street","34","200.0000","44201","Ozone","087","40140","Riverside-San Bernardino-Ontario, CA","06","California","065","Riverside","33.61235","-114.60209"
"05/23/2024","AQS","060659003","1","0.052","ppm","48","Blythe-445 W Murphy Street","34","200.0000","44201","Ozone","087","40140","Riverside-San Bernardino-Ontario, CA","06","California","065","Riverside","33.61235","-114.60209"
"05/24/2024","AQS","060659003","1","0.043","ppm","40","Blythe-445 W Murphy Street","34","200.0000","44201","Ozone","087","40140","Riverside-San Bernardino-Ontario, CA","06","California","065","Riverside","33.61235","-114.60209"
"05/25/2024","AQS","060659003","1","0.039","ppm","36","Blythe-445 W Murphy Street","34","200.0000","44201","Ozone","087","40140","Riverside-San Bernardino-Ontario, CA","06","California","065","Riverside","33.61235","-114.60209"
"05/26/2024","AQS","060659003","1","0.044","ppm","41","Blythe-445 W Murphy Street","34","200.0000","44201","Ozone","087","40140","Riverside-San Bernardino-Ontario, CA","06","California","065","Riverside","33.61235","-114.60209"
"05/27/2024","AQS","060659003","1","0.045","ppm","42","Blythe-445 W Murphy Street","34","200.0000","44201","Ozone","087","40140","Riverside-San Bernardino-Ontario, CA","06","California","065","Riverside","33.61235","-114.60209"
"05/28/2024","AQS","060659003","1","0.047","ppm","44","Blythe-445 W Murphy Street","34","200.0000","44201","Ozone","087","40140","Riverside-San Bernardino-Ontario, CA","06","California","065","Riverside","33.61235","-114.60209"
"05/29/2024","AQS","060659003","1","0.052","ppm","48","Blythe-445 W Murphy Street","34","200.0000","44201","Ozone","087","40140","Riverside-San Bernardino-Ontario, CA","06","California","065","Riverside","33.61235","-114.60209"
"05/30/2024","AQS","060659003","1","0.053","ppm","49","Blythe-445 W Murphy Street","34","200.0000","44201","Ozone","087","40140","Riverside-San Bernardino-Ontario, CA","06","California","065","Riverside","33.61235","-114.60209"
"05/31/2024","AQS","060659003","1","0.044","ppm","41","Blythe-445 W Murphy Street","34","200.0000","44201","Ozone","087","40140","Riverside-San Bernardino-Ontario, CA","06","California","065","Riverside","33.61235","-114.60209"
"06/01/2024","AirNow","060659003","1","0.049","ppm","45","Blythe-445 W Murphy Street","24","100.0000","44201","Ozone","","40140","Riverside-San Bernardino-Ontario, CA","06","California","065","Riverside","33.61235","-114.60209"
"06/02/2024","AQS","060659003","1","0.04","ppm","37","Blythe-445 W Murphy Street","34","200.0000","44201","Ozone","087","40140","Riverside-San Bernardino-Ontario, CA","06","California","065","Riverside","33.61235","-114.60209"
"06/03/2024","AQS","060659003","1","0.038","ppm","35","Blythe-445 W Murphy Street","34","200.0000","44201","Ozone","087","40140","Riverside-San Bernardino-Ontario, CA","06","California","065","Riverside","33.61235","-114.60209"
"06/04/2024","AQS","060659003","1","0.036","ppm","33","Blythe-445 W Murphy Street","34","200.0000","44201","Ozone","087","40140","Riverside-San Bernardino-Ontario, CA","06","California","065","Riverside","33.61235","-114.60209"
"06/05/2024","AQS","060659003","1","0.036","ppm","33","Blythe-445 W Murphy Street","34","200.0000","44201","Ozone","087","40140","Riverside-San Bernardino-Ontario, CA","06","California","065","Riverside","33.61235","-114.60209"
"06/06/2024","AQS","060659003","1","0.038","ppm","35","Blythe-445 W Murphy Street","34","200.0000","44201","Ozone","087","40140","Riverside-San Bernardino-Ontario, CA","06","California","065","Riverside","33.61235","-114.60209"
"06/07/2024","AQS","060659003","1","0.04","ppm","37","Blythe-445 W Murphy Street","34","200.0000","44201","Ozone","087","40140","Riverside-San Bernardino-Ontario, CA","06","California","065","Riverside","33.61235","-114.60209"
"06/08/2024","AQS","060659003","1","0.04","ppm","37","Blythe-445 W Murphy Street","34","200.0000","44201","Ozone","087","40140","Riverside-San Bernardino-Ontario, CA","06","California","065","Riverside","33.61235","-114.60209"
"06/09/2024","AQS","060659003","1","0.031","ppm","29","Blythe-445 W Murphy Street","34","200.0000","44201","Ozone","087","40140","Riverside-San Bernardino-Ontario, CA","06","California","065","Riverside","33.61235","-114.60209"
"06/10/2024","AQS","060659003","1","0.037","ppm","34","Blythe-445 W Murphy Street","34","200.0000","44201","Ozone","087","40140","Riverside-San Bernardino-Ontario, CA","06","California","065","Riverside","33.61235","-114.60209"
"06/11/2024","AQS","060659003","1","0.037","ppm","34","Blythe-445 W Murphy Street","34","200.0000","44201","Ozone","087","40140","Riverside-San Bernardino-Ontario, CA","06","California","065","Riverside","33.61235","-114.60209"
"06/12/2024","AQS","060659003","1","0.035","ppm","32","Blythe-445 W Murphy Street","34","200.0000","44201","Ozone","087","40140","Riverside-San Bernardino-Ontario, CA","06","California","065","Riverside","33.61235","-114.60209"
"06/13/2024","AQS","060659003","1","0.038","ppm","35","Blythe-445 W Murphy Street","34","200.0000","44201","Ozone","087","40140","Riverside-San Bernardino-Ontario, CA","06","California","065","Riverside","33.61235","-114.60209"
"06/14/2024","AQS","060659003","1","0.054","ppm","50","Blythe-445 W Murphy Street","34","200.0000","44201","Ozone","087","40140","Riverside-San Bernardino-Ontario, CA","06","California","065","Riverside","33.61235","-114.60209"
"06/15/2024","AQS","060659003","1","0.047","ppm","44","Blythe-445 W Murphy Street","34","200.0000","44201","Ozone","087","40140","Riverside-San Bernardino-Ontario, CA","06","California","065","Riverside","33.61235","-114.60209"
"06/16/2024","AQS","060659003","1","0.05","ppm","46","Blythe-445 W Murphy Street","34","200.0000","44201","Ozone","087","40140","Riverside-San Bernardino-Ontario, CA","06","California","065","Riverside","33.61235","-114.60209"
"06/17/2024","AQS","060659003","1","0.052","ppm","48","Blythe-445 W Murphy Street","34","200.0000","44201","Ozone","087","40140","Riverside-San Bernardino-Ontario, CA","06","California","065","Riverside","33.61235","-114.60209"
"06/18/2024","AQS","060659003","1","0.048","ppm","44","Blythe-445 W Murphy Street","34","200.0000","44201","Ozone","087","40140","Riverside-San Bernardino-Ontario, CA","06","California","065","Riverside","33.61235","-114.60209"
"06/19/2024","AQS","060659003","1","0.049","ppm","45","Blythe-445 W Murphy Street","34","200.0000","44201","Ozone","087","40140","Riverside-San Bernardino-Ontario, CA","06","California","065","Riverside","33.61235","-114.60209"
"06/20/2024","AQS","060659003","1","0.054","ppm","50","Blythe-445 W Murphy Street","34","200.0000","44201","Ozone","087","40140","Riverside-San Bernardino-Ontario, CA","06","California","065","Riverside","33.61235","-114.60209"
"06/21/2024","AQS","060659003","1","0.047","ppm","44","Blythe-445 W Murphy Street","34","200.0000","44201","Ozone","087","40140","Riverside-San Bernardino-Ontario, CA","06","California","065","Riverside","33.61235","-114.60209"
"06/22/2024","AQS","060659003","1","0.037","ppm","34","Blythe-445 W Murphy Street","34","200.0000","44201","Ozone","087","40140","Riverside-San Bernardino-Ontario, CA","06","California","065","Riverside","33.61235","-114.60209"
"06/23/2024","AQS","060659003","1","0.035","ppm","32","Blythe-445 W Murphy Street","34","200.0000","44201","Ozone","087","40140","Riverside-San Bernardino-Ontario, CA","06","California","065","Riverside","33.61235","-114.60209"
"06/24/2024","AQS","060659003","1","0.036","ppm","33","Blythe-445 W Murphy Street","34","200.0000","44201","Ozone","087","40140","Riverside-San Bernardino-Ontario, CA","06","California","065","Riverside","33.61235","-114.60209"
"06/25/2024","AQS","060659003","1","0.036","ppm","33","Blythe-445 W Murphy Street","34","200.0000","44201","Ozone","087","40140","Riverside-San Bernardino-Ontario, CA","06","California","065","Riverside","33.61235","-114.60209"
"06/26/2024","AQS","060659003","1","0.039","ppm","36","Blythe-445 W Murphy Street","34","200.0000","44201","Ozone","087","40140","Riverside-San Bernardino-Ontario, CA","06","California","065","Riverside","33.61235","-114.60209"
"06/27/2024","AQS","060659003","1","0.041","ppm","38","Blythe-445 W Murphy Street","34","200.0000","44201","Ozone","087","40140","Riverside-San Bernardino-Ontario, CA","06","California","065","Riverside","33.61235","-114.60209"
"06/28/2024","AQS","060659003","1","0.038","ppm","35","Blythe-445 W Murphy Street","34","200.0000","44201","Ozone","087","40140","Riverside-San Bernardino-Ontario, CA","06","California","065","Riverside","33.61235","-114.60209"
"06/29/2024","AQS","060659003","1","0.035","ppm","32","Blythe-445 W Murphy Street","34","200.0000","44201","Ozone","087","40140","Riverside-San Bernardino-Ontario, CA","06","California","065","Riverside","33.61235","-114.60209"
"06/30/2024","AQS","060659003","1","0.038","ppm","35","Blythe-445 W Murphy Street","34","200.0000","44201","Ozone","087","40140","Riverside-San Bernardino-Ontario, CA","06","California","065","Riverside","33.61235","-114.60209"
"07/01/2024","AQS","060659003","1","0.036","ppm","33","Blythe-445 W Murphy Street","34","200.0000","44201","Ozone","087","40140","Riverside-San Bernardino-Ontario, CA","06","California","065","Riverside","33.61235","-114.60209"
"07/02/2024","AQS","060659003","1","0.046","ppm","43","Blythe-445 W Murphy Street","34","200.0000","44201","Ozone","087","40140","Riverside-San Bernardino-Ontario, CA","06","California","065","Riverside","33.61235","-114.60209"
"07/03/2024","AQS","060659003","1","0.038","ppm","35","Blythe-445 W Murphy Street","34","200.0000","44201","Ozone","087","40140","Riverside-San Bernardino-Ontario, CA","06","California","065","Riverside","33.61235","-114.60209"
"07/04/2024","AQS","060659003","1","0.048","ppm","44","Blythe-445 W Murphy Street","34","200.0000","44201","Ozone","087","40140","Riverside-San Bernardino-Ontario, CA","06","California","065","Riverside","33.61235","-114.60209"
"07/05/2024","AQS","060659003","1","0.049","ppm","45","Blythe-445 W Murphy Street","34","200.0000","44201","Ozone","087","40140","Riverside-San Bernardino-Ontario, CA","06","California","065","Riverside","33.61235","-114.60209"
"07/06/2024","AQS","060659003","1","0.044","ppm","41","Blythe-445 W Murphy Street","34","200.0000","44201","Ozone","087","40140","Riverside-San Bernardino-Ontario, CA","06","California","065","Riverside","33.61235","-114.60209"
"07/07/2024","AQS","060659003","1","0.045","ppm","42","Blythe-445 W Murphy Street","34","200.0000","44201","Ozone","087","40140","Riverside-San Bernardino-Ontario, CA","06","California","065","Riverside","33.61235","-114.60209"
"07/08/2024","AQS","060659003","1","0.055","ppm","51","Blythe-445 W Murphy Street","34","200.0000","44201","Ozone","087","40140","Riverside-San Bernardino-Ontario, CA","06","California","065","Riverside","33.61235","-114.60209"
"07/09/2024","AQS","060659003","1","0.045","ppm","42","Blythe-445 W Murphy Street","34","200.0000","44201","Ozone","087","40140","Riverside-San Bernardino-Ontario, CA","06","California","065","Riverside","33.61235","-114.60209"
"07/10/2024","AQS","060659003","1","0.048","ppm","44","Blythe-445 W Murphy Street","34","200.0000","44201","Ozone","087","40140","Riverside-San Bernardino-Ontario, CA","06","California","065","Riverside","33.61235","-114.60209"
"07/11/2024","AQS","060659003","1","0.047","ppm","44","Blythe-445 W Murphy Street","34","200.0000","44201","Ozone","087","40140","Riverside-San Bernardino-Ontario, CA","06","California","065","Riverside","33.61235","-114.60209"
"07/12/2024","AQS","060659003","1","0.045","ppm","42","Blythe-445 W Murphy Street","34","200.0000","44201","Ozone","087","40140","Riverside-San Bernardino-Ontario, CA","06","California","065","Riverside","33.61235","-114.60209"
"07/13/2024","AQS","060659003","1","0.046","ppm","43","Blythe-445 W Murphy Street","34","200.0000","44201","Ozone","087","40140","Riverside-San Bernardino-Ontario, CA","06","California","065","Riverside","33.61235","-114.60209"
"07/14/2024","AQS","060659003","1","0.034","ppm","31","Blythe-445 W Murphy Street","34","200.0000","44201","Ozone","087","40140","Riverside-San Bernardino-Ontario, CA","06","California","065","Riverside","33.61235","-114.60209"
"07/15/2024","AQS","060659003","1","0.044","ppm","41","Blythe-445 W Murphy Street","34","200.0000","44201","Ozone","087","40140","Riverside-San Bernardino-Ontario, CA","06","California","065","Riverside","33.61235","-114.60209"
"07/16/2024","AQS","060659003","1","0.043","ppm","40","Blythe-445 W Murphy Street","34","200.0000","44201","Ozone","087","40140","Riverside-San Bernardino-Ontario, CA","06","California","065","Riverside","33.61235","-114.60209"
"07/17/2024","AQS","060659003","1","0.042","ppm","39","Blythe-445 W Murphy Street","34","200.0000","44201","Ozone","087","40140","Riverside-San Bernardino-Ontario, CA","06","California","065","Riverside","33.61235","-114.60209"
"07/18/2024","AQS","060659003","1","0.039","ppm","36","Blythe-445 W Murphy Street","34","200.0000","44201","Ozone","087","40140","Riverside-San Bernardino-Ontario, CA","06","California","065","Riverside","33.61235","-114.60209"
"07/19/2024","AQS","060659003","1","0.045","ppm","42","Blythe-445 W Murphy Street","34","200.0000","44201","Ozone","087","40140","Riverside-San Bernardino-Ontario, CA","06","California","065","Riverside","33.61235","-114.60209"
"07/20/2024","AQS","060659003","1","0.047","ppm","44","Blythe-445 W Murphy Street","34","200.0000","44201","Ozone","087","40140","Riverside-San Bernardino-Ontario, CA","06","California","065","Riverside","33.61235","-114.60209"
"07/21/2024","AQS","060659003","1","0.043","ppm","40","Blythe-445 W Murphy Street","34","200.0000","44201","Ozone","087","40140","Riverside-San Bernardino-Ontario, CA","06","California","065","Riverside","33.61235","-114.60209"
"07/22/2024","AQS","060659003","1","0.04","ppm","37","Blythe-445 W Murphy Street","34","200.0000","44201","Ozone","087","40140","Riverside-San Bernardino-Ontario, CA","06","California","065","Riverside","33.61235","-114.60209"
"07/23/2024","AQS","060659003","1","0.043","ppm","40","Blythe-445 W Murphy Street","34","200.0000","44201","Ozone","087","40140","Riverside-San Bernardino-Ontario, CA","06","California","065","Riverside","33.61235","-114.60209"
"07/24/2024","AQS","060659003","1","0.046","ppm","43","Blythe-445 W Murphy Street","34","200.0000","44201","Ozone","087","40140","Riverside-San Bernardino-Ontario, CA","06","California","065","Riverside","33.61235","-114.60209"
"07/25/2024","AQS","060659003","1","0.054","ppm","50","Blythe-445 W Murphy Street","34","200.0000","44201","Ozone","087","40140","Riverside-San Bernardino-Ontario, CA","06","California","065","Riverside","33.61235","-114.60209"
"07/26/2024","AQS","060659003","1","0.053","ppm","49","Blythe-445 W Murphy Street","34","200.0000","44201","Ozone","087","40140","Riverside-San Bernardino-Ontario, CA","06","California","065","Riverside","33.61235","-114.60209"
"07/27/2024","AQS","060659003","1","0.043","ppm","40","Blythe-445 W Murphy Street","34","200.0000","44201","Ozone","087","40140","Riverside-San Bernardino-Ontario, CA","06","California","065","Riverside","33.61235","-114.60209"
"07/28/2024","AQS","060659003","1","0.044","ppm","41","Blythe-445 W Murphy Street","34","200.0000","44201","Ozone","087","40140","Riverside-San Bernardino-Ontario, CA","06","California","065","Riverside","33.61235","-114.60209"
"07/29/2024","AQS","060659003","1","0.043","ppm","40","Blythe-445 W Murphy Street","34","200.0000","44201","Ozone","087","40140","Riverside-San Bernardino-Ontario, CA","06","California","065","Riverside","33.61235","-114.60209"
"07/30/2024","AQS","060659003","1","0.05","ppm","46","Blythe-445 W Murphy Street","34","200.0000","44201","Ozone","087","40140","Riverside-San Bernardino-Ontario, CA","06","California","065","Riverside","33.61235","-114.60209"
"07/31/2024","AQS","060659003","1","0.047","ppm","44","Blythe-445 W Murphy Street","34","200.0000","44201","Ozone","087","40140","Riverside-San Bernardino-Ontario, CA","06","California","065","Riverside","33.61235","-114.60209"
"08/01/2024","AQS","060659003","1","0.047","ppm","44","Blythe-445 W Murphy Street","34","200.0000","44201","Ozone","087","40140","Riverside-San Bernardino-Ontario, CA","06","California","065","Riverside","33.61235","-114.60209"
"08/02/2024","AQS","060659003","1","0.046","ppm","43","Blythe-445 W Murphy Street","34","200.0000","44201","Ozone","087","40140","Riverside-San Bernardino-Ontario, CA","06","California","065","Riverside","33.61235","-114.60209"
"08/03/2024","AQS","060659003","1","0.05","ppm","46","Blythe-445 W Murphy Street","34","200.0000","44201","Ozone","087","40140","Riverside-San Bernardino-Ontario, CA","06","California","065","Riverside","33.61235","-114.60209"
"08/04/2024","AQS","060659003","1","0.055","ppm","51","Blythe-445 W Murphy Street","34","200.0000","44201","Ozone","087","40140","Riverside-San Bernardino-Ontario, CA","06","California","065","Riverside","33.61235","-114.60209"
"08/05/2024","AQS","060659003","1","0.039","ppm","36","Blythe-445 W Murphy Street","34","200.0000","44201","Ozone","087","40140","Riverside-San Bernardino-Ontario, CA","06","California","065","Riverside","33.61235","-114.60209"
"08/06/2024","AQS","060659003","1","0.042","ppm","39","Blythe-445 W Murphy Street","34","200.0000","44201","Ozone","087","40140","Riverside-San Bernardino-Ontario, CA","06","California","065","Riverside","33.61235","-114.60209"
"08/07/2024","AQS","060659003","1","0.044","ppm","41","Blythe-445 W Murphy Street","34","200.0000","44201","Ozone","087","40140","Riverside-San Bernardino-Ontario, CA","06","California","065","Riverside","33.61235","-114.60209"
"08/08/2024","AQS","060659003","1","0.044","ppm","41","Blythe-445 W Murphy Street","34","200.0000","44201","Ozone","087","40140","Riverside-San Bernardino-Ontario, CA","06","California","065","Riverside","33.61235","-114.60209"
"08/13/2024","AQS","060659003","1","0.023","ppm","21","Blythe-445 W Murphy Street","20","118.0000","44201","Ozone","087","40140","Riverside-San Bernardino-Ontario, CA","06","California","065","Riverside","33.61235","-114.60209"
"08/14/2024","AQS","060659003","1","0.03","ppm","28","Blythe-445 W Murphy Street","34","200.0000","44201","Ozone","087","40140","Riverside-San Bernardino-Ontario, CA","06","California","065","Riverside","33.61235","-114.60209"
"08/15/2024","AQS","060659003","1","0.044","ppm","41","Blythe-445 W Murphy Street","34","200.0000","44201","Ozone","087","40140","Riverside-San Bernardino-Ontario, CA","06","California","065","Riverside","33.61235","-114.60209"
"08/16/2024","AQS","060659003","1","0.038","ppm","35","Blythe-445 W Murphy Street","34","200.0000","44201","Ozone","087","40140","Riverside-San Bernardino-Ontario, CA","06","California","065","Riverside","33.61235","-114.60209"
"08/17/2024","AQS","060659003","1","0.033","ppm","31","Blythe-445 W Murphy Street","34","200.0000","44201","Ozone","087","40140","Riverside-San Bernardino-Ontario, CA","06","California","065","Riverside","33.61235","-114.60209"
"08/18/2024","AQS","060659003","1","0.041","ppm","38","Blythe-445 W Murphy Street","34","200.0000","44201","Ozone","087","40140","Riverside-San Bernardino-Ontario, CA","06","California","065","Riverside","33.61235","-114.60209"
"08/19/2024","AQS","060659003","1","0.04","ppm","37","Blythe-445 W Murphy Street","34","200.0000","44201","Ozone","087","40140","Riverside-San Bernardino-Ontario, CA","06","California","065","Riverside","33.61235","-114.60209"
"08/20/2024","AQS","060659003","1","0.039","ppm","36","Blythe-445 W Murphy Street","34","200.0000","44201","Ozone","087","40140","Riverside-San Bernardino-Ontario, CA","06","California","065","Riverside","33.61235","-114.60209"
"08/21/2024","AQS","060659003","1","0.041","ppm","38","Blythe-445 W Murphy Street","34","200.0000","44201","Ozone","087","40140","Riverside-San Bernardino-Ontario, CA","06","California","065","Riverside","33.61235","-114.60209"
"08/22/2024","AQS","060659003","1","0.037","ppm","34","Blythe-445 W Murphy Street","34","200.0000","44201","Ozone","087","40140","Riverside-San Bernardino-Ontario, CA","06","California","065","Riverside","33.61235","-114.60209"
"08/23/2024","AQS","060659003","1","0.049","ppm","45","Blythe-445 W Murphy Street","34","200.0000","44201","Ozone","087","40140","Riverside-San Bernardino-Ontario, CA","06","California","065","Riverside","33.61235","-114.60209"
"08/24/2024","AQS","060659003","1","0.048","ppm","44","Blythe-445 W Murphy Street","34","200.0000","44201","Ozone","087","40140","Riverside-San Bernardino-Ontario, CA","06","California","065","Riverside","33.61235","-114.60209"
"08/25/2024","AQS","060659003","1","0.052","ppm","48","Blythe-445 W Murphy Street","34","200.0000","44201","Ozone","087","40140","Riverside-San Bernardino-Ontario, CA","06","California","065","Riverside","33.61235","-114.60209"
"08/26/2024","AQS","060659003","1","0.049","ppm","45","Blythe-445 W Murphy Street","34","200.0000","44201","Ozone","087","40140","Riverside-San Bernardino-Ontario, CA","06","California","065","Riverside","33.61235","-114.60209"
"08/27/2024","AQS","060659003","1","0.043","ppm","40","Blythe-445 W Murphy Street","34","200.0000","44201","Ozone","087","40140","Riverside-San Bernardino-Ontario, CA","06","California","065","Riverside","33.61235","-114.60209"
"08/28/2024","AQS","060659003","1","0.041","ppm","38","Blythe-445 W Murphy Street","34","200.0000","44201","Ozone","087","40140","Riverside-San Bernardino-Ontario, CA","06","California","065","Riverside","33.61235","-114.60209"
"08/29/2024","AQS","060659003","1","0.037","ppm","34","Blythe-445 W Murphy Street","34","200.0000","44201","Ozone","087","40140","Riverside-San Bernardino-Ontario, CA","06","California","065","Riverside","33.61235","-114.60209"
"08/30/2024","AQS","060659003","1","0.04","ppm","37","Blythe-445 W Murphy Street","34","200.0000","44201","Ozone","087","40140","Riverside-San Bernardino-Ontario, CA","06","California","065","Riverside","33.61235","-114.60209"
"08/31/2024","AQS","060659003","1","0.043","ppm","40","Blythe-445 W Murphy Street","34","200.0000","44201","Ozone","087","40140","Riverside-San Bernardino-Ontario, CA","06","California","065","Riverside","33.61235","-114.60209"
"09/01/2024","AQS","060659003","1","0.051","ppm","47","Blythe-445 W Murphy Street","34","200.0000","44201","Ozone","087","40140","Riverside-San Bernardino-Ontario, CA","06","California","065","Riverside","33.61235","-114.60209"
"09/02/2024","AQS","060659003","1","0.06","ppm","67","Blythe-445 W Murphy Street","34","200.0000","44201","Ozone","087","40140","Riverside-San Bernardino-Ontario, CA","06","California","065","Riverside","33.61235","-114.60209"
"09/03/2024","AQS","060659003","1","0.053","ppm","49","Blythe-445 W Murphy Street","34","200.0000","44201","Ozone","087","40140","Riverside-San Bernardino-Ontario, CA","06","California","065","Riverside","33.61235","-114.60209"
"09/04/2024","AQS","060659003","1","0.055","ppm","51","Blythe-445 W Murphy Street","34","200.0000","44201","Ozone","087","40140","Riverside-San Bernardino-Ontario, CA","06","California","065","Riverside","33.61235","-114.60209"
"09/05/2024","AQS","060659003","1","0.051","ppm","47","Blythe-445 W Murphy Street","34","200.0000","44201","Ozone","087","40140","Riverside-San Bernardino-Ontario, CA","06","California","065","Riverside","33.61235","-114.60209"
"09/06/2024","AQS","060659003","1","0.048","ppm","44","Blythe-445 W Murphy Street","34","200.0000","44201","Ozone","087","40140","Riverside-San Bernardino-Ontario, CA","06","California","065","Riverside","33.61235","-114.60209"
"09/07/2024","AQS","060659003","1","0.05","ppm","46","Blythe-445 W Murphy Street","34","200.0000","44201","Ozone","087","40140","Riverside-San Bernardino-Ontario, CA","06","California","065","Riverside","33.61235","-114.60209"
"09/08/2024","AQS","060659003","1","0.048","ppm","44","Blythe-445 W Murphy Street","34","200.0000","44201","Ozone","087","40140","Riverside-San Bernardino-Ontario, CA","06","California","065","Riverside","33.61235","-114.60209"
"09/09/2024","AQS","060659003","1","0.053","ppm","49","Blythe-445 W Murphy Street","34","200.0000","44201","Ozone","087","40140","Riverside-San Bernardino-Ontario, CA","06","California","065","Riverside","33.61235","-114.60209"
"09/10/2024","AQS","060659003","1","0.05","ppm","46","Blythe-445 W Murphy Street","34","200.0000","44201","Ozone","087","40140","Riverside-San Bernardino-Ontario, CA","06","California","065","Riverside","33.61235","-114.60209"
"09/11/2024","AQS","060659003","1","0.043","ppm","40","Blythe-445 W Murphy Street","34","200.0000","44201","Ozone","087","40140","Riverside-San Bernardino-Ontario, CA","06","California","065","Riverside","33.61235","-114.60209"
"09/12/2024","AQS","060659003","1","0.058","ppm","61","Blythe-445 W Murphy Street","34","200.0000","44201","Ozone","087","40140","Riverside-San Bernardino-Ontario, CA","06","California","065","Riverside","33.61235","-114.60209"
"09/13/2024","AQS","060659003","1","0.039","ppm","36","Blythe-445 W Murphy Street","34","200.0000","44201","Ozone","087","40140","Riverside-San Bernardino-Ontario, CA","06","California","065","Riverside","33.61235","-114.60209"
"09/14/2024","AQS","060659003","1","0.037","ppm","34","Blythe-445 W Murphy Street","34","200.0000","44201","Ozone","087","40140","Riverside-San Bernardino-Ontario, CA","06","California","065","Riverside","33.61235","-114.60209"
"09/15/2024","AQS","060659003","1","0.043","ppm","40","Blythe-445 W Murphy Street","34","200.0000","44201","Ozone","087","40140","Riverside-San Bernardino-Ontario, CA","06","California","065","Riverside","33.61235","-114.60209"
"09/16/2024","AQS","060659003","1","0.04","ppm","37","Blythe-445 W Murphy Street","34","200.0000","44201","Ozone","087","40140","Riverside-San Bernardino-Ontario, CA","06","California","065","Riverside","33.61235","-114.60209"
"09/17/2024","AQS","060659003","1","0.047","ppm","44","Blythe-445 W Murphy Street","34","200.0000","44201","Ozone","087","40140","Riverside-San Bernardino-Ontario, CA","06","California","065","Riverside","33.61235","-114.60209"
"09/18/2024","AQS","060659003","1","0.05","ppm","46","Blythe-445 W Murphy Street","34","200.0000","44201","Ozone","087","40140","Riverside-San Bernardino-Ontario, CA","06","California","065","Riverside","33.61235","-114.60209"
"09/19/2024","AQS","060659003","1","0.037","ppm","34","Blythe-445 W Murphy Street","34","200.0000","44201","Ozone","087","40140","Riverside-San Bernardino-Ontario, CA","06","California","065","Riverside","33.61235","-114.60209"
"09/20/2024","AQS","060659003","1","0.048","ppm","44","Blythe-445 W Murphy Street","34","200.0000","44201","Ozone","087","40140","Riverside-San Bernardino-Ontario, CA","06","California","065","Riverside","33.61235","-114.60209"
"09/21/2024","AQS","060659003","1","0.053","ppm","49","Blythe-445 W Murphy Street","34","200.0000","44201","Ozone","087","40140","Riverside-San Bernardino-Ontario, CA","06","California","065","Riverside","33.61235","-114.60209"
"09/22/2024","AQS","060659003","1","0.055","ppm","51","Blythe-445 W Murphy Street","34","200.0000","44201","Ozone","087","40140","Riverside-San Bernardino-Ontario, CA","06","California","065","Riverside","33.61235","-114.60209"
"09/23/2024","AQS","060659003","1","0.049","ppm","45","Blythe-445 W Murphy Street","34","200.0000","44201","Ozone","087","40140","Riverside-San Bernardino-Ontario, CA","06","California","065","Riverside","33.61235","-114.60209"
"09/24/2024","AQS","060659003","1","0.047","ppm","44","Blythe-445 W Murphy Street","34","200.0000","44201","Ozone","087","40140","Riverside-San Bernardino-Ontario, CA","06","California","065","Riverside","33.61235","-114.60209"
"09/25/2024","AQS","060659003","1","0.045","ppm","42","Blythe-445 W Murphy Street","34","200.0000","44201","Ozone","087","40140","Riverside-San Bernardino-Ontario, CA","06","California","065","Riverside","33.61235","-114.60209"
"09/26/2024","AQS","060659003","1","0.05","ppm","46","Blythe-445 W Murphy Street","34","200.0000","44201","Ozone","087","40140","Riverside-San Bernardino-Ontario, CA","06","California","065","Riverside","33.61235","-114.60209"
"09/27/2024","AQS","060659003","1","0.051","ppm","47","Blythe-445 W Murphy Street","34","200.0000","44201","Ozone","087","40140","Riverside-San Bernardino-Ontario, CA","06","California","065","Riverside","33.61235","-114.60209"
"09/28/2024","AQS","060659003","1","0.045","ppm","42","Blythe-445 W Murphy Street","34","200.0000","44201","Ozone","087","40140","Riverside-San Bernardino-Ontario, CA","06","California","065","Riverside","33.61235","-114.60209"
"09/29/2024","AQS","060659003","1","0.047","ppm","44","Blythe-445 W Murphy Street","34","200.0000","44201","Ozone","087","40140","Riverside-San Bernardino-Ontario, CA","06","California","065","Riverside","33.61235","-114.60209"
"09/30/2024","AQS","060659003","1","0.044","ppm","41","Blythe-445 W Murphy Street","34","200.0000","44201","Ozone","087","40140","Riverside-San Bernardino-Ontario, CA","06","California","065","Riverside","33.61235","-114.60209"
"10/01/2024","AQS","060659003","1","0.044","ppm","41","Blythe-445 W Murphy Street","17","100.0000","44201","Ozone","087","40140","Riverside-San Bernardino-Ontario, CA","06","California","065","Riverside","33.61235","-114.60209"
"10/02/2024","AQS","060659003","1","0.05","ppm","46","Blythe-445 W Murphy Street","17","100.0000","44201","Ozone","087","40140","Riverside-San Bernardino-Ontario, CA","06","California","065","Riverside","33.61235","-114.60209"
"10/03/2024","AQS","060659003","1","0.049","ppm","45","Blythe-445 W Murphy Street","17","100.0000","44201","Ozone","087","40140","Riverside-San Bernardino-Ontario, CA","06","California","065","Riverside","33.61235","-114.60209"
"10/04/2024","AQS","060659003","1","0.051","ppm","47","Blythe-445 W Murphy Street","17","100.0000","44201","Ozone","087","40140","Riverside-San Bernardino-Ontario, CA","06","California","065","Riverside","33.61235","-114.60209"
"10/05/2024","AQS","060659003","1","0.047","ppm","44","Blythe-445 W Murphy Street","17","100.0000","44201","Ozone","087","40140","Riverside-San Bernardino-Ontario, CA","06","California","065","Riverside","33.61235","-114.60209"
"10/06/2024","AQS","060659003","1","0.042","ppm","39","Blythe-445 W Murphy Street","17","100.0000","44201","Ozone","087","40140","Riverside-San Bernardino-Ontario, CA","06","California","065","Riverside","33.61235","-114.60209"
"10/07/2024","AQS","060659003","1","0.043","ppm","40","Blythe-445 W Murphy Street","17","100.0000","44201","Ozone","087","40140","Riverside-San Bernardino-Ontario, CA","06","California","065","Riverside","33.61235","-114.60209"
"10/08/2024","AQS","060659003","1","0.045","ppm","42","Blythe-445 W Murphy Street","17","100.0000","44201","Ozone","087","40140","Riverside-San Bernardino-Ontario, CA","06","California","065","Riverside","33.61235","-114.60209"
"10/09/2024","AQS","060659003","1","0.045","ppm","42","Blythe-445 W Murphy Street","17","100.0000","44201","Ozone","087","40140","Riverside-San Bernardino-Ontario, CA","06","California","065","Riverside","33.61235","-114.60209"
"10/10/2024","AQS","060659003","1","0.045","ppm","42","Blythe-445 W Murphy Street","17","100.0000","44201","Ozone","087","40140","Riverside-San Bernardino-Ontario, CA","06","California","065","Riverside","33.61235","-114.60209"
"10/11/2024","AQS","060659003","1","0.045","ppm","42","Blythe-445 W Murphy Street","17","100.0000","44201","Ozone","087","40140","Riverside-San Bernardino-Ontario, CA","06","California","065","Riverside","33.61235","-114.60209"
"10/12/2024","AQS","060659003","1","0.043","ppm","40","Blythe-445 W Murphy Street","17","100.0000","44201","Ozone","087","40140","Riverside-San Bernardino-Ontario, CA","06","California","065","Riverside","33.61235","-114.60209"
"10/13/2024","AQS","060659003","1","0.044","ppm","41","Blythe-445 W Murphy Street","17","100.0000","44201","Ozone","087","40140","Riverside-San Bernardino-Ontario, CA","06","California","065","Riverside","33.61235","-114.60209"
"10/14/2024","AQS","060659003","1","0.042","ppm","39","Blythe-445 W Murphy Street","17","100.0000","44201","Ozone","087","40140","Riverside-San Bernardino-Ontario, CA","06","California","065","Riverside","33.61235","-114.60209"
"10/15/2024","AQS","060659003","1","0.045","ppm","42","Blythe-445 W Murphy Street","17","100.0000","44201","Ozone","087","40140","Riverside-San Bernardino-Ontario, CA","06","California","065","Riverside","33.61235","-114.60209"
"10/16/2024","AQS","060659003","1","0.033","ppm","31","Blythe-445 W Murphy Street","17","100.0000","44201","Ozone","087","40140","Riverside-San Bernardino-Ontario, CA","06","California","065","Riverside","33.61235","-114.60209"
"10/17/2024","AQS","060659003","1","0.037","ppm","34","Blythe-445 W Murphy Street","17","100.0000","44201","Ozone","087","40140","Riverside-San Bernardino-Ontario, CA","06","California","065","Riverside","33.61235","-114.60209"
"10/18/2024","AQS","060659003","1","0.035","ppm","32","Blythe-445 W Murphy Street","17","100.0000","44201","Ozone","087","40140","Riverside-San Bernardino-Ontario, CA","06","California","065","Riverside","33.61235","-114.60209"
"10/19/2024","AQS","060659003","1","0.042","ppm","39","Blythe-445 W Murphy Street","17","100.0000","44201","Ozone","087","40140","Riverside-San Bernardino-Ontario, CA","06","California","065","Riverside","33.61235","-114.60209"
"10/20/2024","AQS","060659003","1","0.04","ppm","37","Blythe-445 W Murphy Street","17","100.0000","44201","Ozone","087","40140","Riverside-San Bernardino-Ontario, CA","06","California","065","Riverside","33.61235","-114.60209"
"10/21/2024","AQS","060659003","1","0.043","ppm","40","Blythe-445 W Murphy Street","17","100.0000","44201","Ozone","087","40140","Riverside-San Bernardino-Ontario, CA","06","California","065","Riverside","33.61235","-114.60209"
"10/22/2024","AQS","060659003","1","0.041","ppm","38","Blythe-445 W Murphy Street","17","100.0000","44201","Ozone","087","40140","Riverside-San Bernardino-Ontario, CA","06","California","065","Riverside","33.61235","-114.60209"
"10/23/2024","AQS","060659003","1","0.039","ppm","36","Blythe-445 W Murphy Street","17","100.0000","44201","Ozone","087","40140","Riverside-San Bernardino-Ontario, CA","06","California","065","Riverside","33.61235","-114.60209"
"10/24/2024","AQS","060659003","1","0.043","ppm","40","Blythe-445 W Murphy Street","17","100.0000","44201","Ozone","087","40140","Riverside-San Bernardino-Ontario, CA","06","California","065","Riverside","33.61235","-114.60209"
"10/25/2024","AQS","060659003","1","0.043","ppm","40","Blythe-445 W Murphy Street","17","100.0000","44201","Ozone","087","40140","Riverside-San Bernardino-Ontario, CA","06","California","065","Riverside","33.61235","-114.60209"
"10/26/2024","AQS","060659003","1","0.038","ppm","35","Blythe-445 W Murphy Street","17","100.0000","44201","Ozone","087","40140","Riverside-San Bernardino-Ontario, CA","06","California","065","Riverside","33.61235","-114.60209"
"10/27/2024","AQS","060659003","1","0.036","ppm","33","Blythe-445 W Murphy Street","17","100.0000","44201","Ozone","087","40140","Riverside-San Bernardino-Ontario, CA","06","California","065","Riverside","33.61235","-114.60209"
"10/28/2024","AQS","060659003","1","0.035","ppm","32","Blythe-445 W Murphy Street","17","100.0000","44201","Ozone","087","40140","Riverside-San Bernardino-Ontario, CA","06","California","065","Riverside","33.61235","-114.60209"
"10/29/2024","AQS","060659003","1","0.039","ppm","36","Blythe-445 W Murphy Street","17","100.0000","44201","Ozone","087","40140","Riverside-San Bernardino-Ontario, CA","06","California","065","Riverside","33.61235","-114.60209"
"10/30/2024","AQS","060659003","1","0.035","ppm","32","Blythe-445 W Murphy Street","17","100.0000","44201","Ozone","087","40140","Riverside-San Bernardino-Ontario, CA","06","California","065","Riverside","33.61235","-114.60209"
"10/31/2024","AQS","060659003","1","0.037","ppm","34","Blythe-445 W Murphy Street","17","100.0000","44201","Ozone","087","40140","Riverside-San Bernardino-Ontario, CA","06","California","065","Riverside","33.61235","-114.60209"
"11/01/2024","AQS","060659003","1","0.042","ppm","39","Blythe-445 W Murphy Street","17","100.0000","44201","Ozone","087","40140","Riverside-San Bernardino-Ontario, CA","06","California","065","Riverside","33.61235","-114.60209"
"11/02/2024","AQS","060659003","1","0.044","ppm","41","Blythe-445 W Murphy Street","17","100.0000","44201","Ozone","087","40140","Riverside-San Bernardino-Ontario, CA","06","California","065","Riverside","33.61235","-114.60209"
"11/03/2024","AQS","060659003","1","0.04","ppm","37","Blythe-445 W Murphy Street","17","100.0000","44201","Ozone","087","40140","Riverside-San Bernardino-Ontario, CA","06","California","065","Riverside","33.61235","-114.60209"
"11/04/2024","AQS","060659003","1","0.035","ppm","32","Blythe-445 W Murphy Street","17","100.0000","44201","Ozone","087","40140","Riverside-San Bernardino-Ontario, CA","06","California","065","Riverside","33.61235","-114.60209"
"11/05/2024","AQS","060659003","1","0.031","ppm","29","Blythe-445 W Murphy Street","17","100.0000","44201","Ozone","087","40140","Riverside-San Bernardino-Ontario, CA","06","California","065","Riverside","33.61235","-114.60209"
"11/06/2024","AQS","060659003","1","0.035","ppm","32","Blythe-445 W Murphy Street","17","100.0000","44201","Ozone","087","40140","Riverside-San Bernardino-Ontario, CA","06","California","065","Riverside","33.61235","-114.60209"
"11/07/2024","AQS","060659003","1","0.033","ppm","31","Blythe-445 W Murphy Street","17","100.0000","44201","Ozone","087","40140","Riverside-San Bernardino-Ontario, CA","06","California","065","Riverside","33.61235","-114.60209"
"11/08/2024","AQS","060659003","1","0.028","ppm","26","Blythe-445 W Murphy Street","17","100.0000","44201","Ozone","087","40140","Riverside-San Bernardino-Ontario, CA","06","California","065","Riverside","33.61235","-114.60209"
"11/09/2024","AQS","060659003","1","0.034","ppm","31","Blythe-445 W Murphy Street","17","100.0000","44201","Ozone","087","40140","Riverside-San Bernardino-Ontario, CA","06","California","065","Riverside","33.61235","-114.60209"
"11/10/2024","AQS","060659003","1","0.035","ppm","32","Blythe-445 W Murphy Street","17","100.0000","44201","Ozone","087","40140","Riverside-San Bernardino-Ontario, CA","06","California","065","Riverside","33.61235","-114.60209"
"11/11/2024","AQS","060659003","1","0.034","ppm","31","Blythe-445 W Murphy Street","17","100.0000","44201","Ozone","087","40140","Riverside-San Bernardino-Ontario, CA","06","California","065","Riverside","33.61235","-114.60209"
"11/12/2024","AQS","060659003","1","0.04","ppm","37","Blythe-445 W Murphy Street","17","100.0000","44201","Ozone","087","40140","Riverside-San Bernardino-Ontario, CA","06","California","065","Riverside","33.61235","-114.60209"
"11/13/2024","AirNow","060659003","1","0.03","ppm","28","Blythe-445 W Murphy Street","19","79.0000","44201","Ozone","","40140","Riverside-San Bernardino-Ontario, CA","06","California","065","Riverside","33.61235","-114.60209"
"11/14/2024","AQS","060659003","1","0.034","ppm","31","Blythe-445 W Murphy Street","17","100.0000","44201","Ozone","087","40140","Riverside-San Bernardino-Ontario, CA","06","California","065","Riverside","33.61235","-114.60209"
"11/15/2024","AQS","060659003","1","0.038","ppm","35","Blythe-445 W Murphy Street","17","100.0000","44201","Ozone","087","40140","Riverside-San Bernardino-Ontario, CA","06","California","065","Riverside","33.61235","-114.60209"
"11/16/2024","AQS","060659003","1","0.038","ppm","35","Blythe-445 W Murphy Street","17","100.0000","44201","Ozone","087","40140","Riverside-San Bernardino-Ontario, CA","06","California","065","Riverside","33.61235","-114.60209"
"11/17/2024","AQS","060659003","1","0.037","ppm","34","Blythe-445 W Murphy Street","17","100.0000","44201","Ozone","087","40140","Riverside-San Bernardino-Ontario, CA","06","California","065","Riverside","33.61235","-114.60209"
"11/18/2024","AQS","060659003","1","0.038","ppm","35","Blythe-445 W Murphy Street","17","100.0000","44201","Ozone","087","40140","Riverside-San Bernardino-Ontario, CA","06","California","065","Riverside","33.61235","-114.60209"
"11/19/2024","AQS","060659003","1","0.036","ppm","33","Blythe-445 W Murphy Street","17","100.0000","44201","Ozone","087","40140","Riverside-San Bernardino-Ontario, CA","06","California","065","Riverside","33.61235","-114.60209"
"11/20/2024","AQS","060659003","1","0.034","ppm","31","Blythe-445 W Murphy Street","13","76.0000","44201","Ozone","087","40140","Riverside-San Bernardino-Ontario, CA","06","California","065","Riverside","33.61235","-114.60209"
"11/21/2024","AQS","060659003","1","0.035","ppm","32","Blythe-445 W Murphy Street","16","94.0000","44201","Ozone","087","40140","Riverside-San Bernardino-Ontario, CA","06","California","065","Riverside","33.61235","-114.60209"
"11/22/2024","AQS","060659003","1","0.035","ppm","32","Blythe-445 W Murphy Street","17","100.0000","44201","Ozone","087","40140","Riverside-San Bernardino-Ontario, CA","06","California","065","Riverside","33.61235","-114.60209"
"11/23/2024","AQS","060659003","1","0.035","ppm","32","Blythe-445 W Murphy Street","17","100.0000","44201","Ozone","087","40140","Riverside-San Bernardino-Ontario, CA","06","California","065","Riverside","33.61235","-114.60209"
"11/24/2024","AQS","060659003","1","0.034","ppm","31","Blythe-445 W Murphy Street","17","100.0000","44201","Ozone","087","40140","Riverside-San Bernardino-Ontario, CA","06","California","065","Riverside","33.61235","-114.60209"
"11/25/2024","AQS","060659003","1","0.036","ppm","33","Blythe-445 W Murphy Street","17","100.0000","44201","Ozone","087","40140","Riverside-San Bernardino-Ontario, CA","06","California","065","Riverside","33.61235","-114.60209"
"11/26/2024","AQS","060659003","1","0.029","ppm","27","Blythe-445 W Murphy Street","17","100.0000","44201","Ozone","087","40140","Riverside-San Bernardino-Ontario, CA","06","California","065","Riverside","33.61235","-114.60209"
"11/27/2024","AQS","060659003","1","0.034","ppm","31","Blythe-445 W Murphy Street","17","100.0000","44201","Ozone","087","40140","Riverside-San Bernardino-Ontario, CA","06","California","065","Riverside","33.61235","-114.60209"
"11/28/2024","AQS","060659003","1","0.035","ppm","32","Blythe-445 W Murphy Street","17","100.0000","44201","Ozone","087","40140","Riverside-San Bernardino-Ontario, CA","06","California","065","Riverside","33.61235","-114.60209"
"11/29/2024","AQS","060659003","1","0.032","ppm","30","Blythe-445 W Murphy Street","17","100.0000","44201","Ozone","087","40140","Riverside-San Bernardino-Ontario, CA","06","California","065","Riverside","33.61235","-114.60209"
"11/30/2024","AQS","060659003","1","0.033","ppm","31","Blythe-445 W Murphy Street","17","100.0000","44201","Ozone","087","40140","Riverside-San Bernardino-Ontario, CA","06","California","065","Riverside","33.61235","-114.60209"
"12/01/2024","AQS","060659003","1","0.03","ppm","28","Blythe-445 W Murphy Street","17","100.0000","44201","Ozone","087","40140","Riverside-San Bernardino-Ontario, CA","06","California","065","Riverside","33.61235","-114.60209"
"12/02/2024","AQS","060659003","1","0.03","ppm","28","Blythe-445 W Murphy Street","17","100.0000","44201","Ozone","087","40140","Riverside-San Bernardino-Ontario, CA","06","California","065","Riverside","33.61235","-114.60209"
"12/03/2024","AQS","060659003","1","0.03","ppm","28","Blythe-445 W Murphy Street","17","100.0000","44201","Ozone","087","40140","Riverside-San Bernardino-Ontario, CA","06","California","065","Riverside","33.61235","-114.60209"
"12/04/2024","AQS","060659003","1","0.028","ppm","26","Blythe-445 W Murphy Street","17","100.0000","44201","Ozone","087","40140","Riverside-San Bernardino-Ontario, CA","06","California","065","Riverside","33.61235","-114.60209"
"12/05/2024","AQS","060659003","1","0.03","ppm","28","Blythe-445 W Murphy Street","17","100.0000","44201","Ozone","087","40140","Riverside-San Bernardino-Ontario, CA","06","California","065","Riverside","33.61235","-114.60209"
"12/06/2024","AQS","060659003","1","0.033","ppm","31","Blythe-445 W Murphy Street","17","100.0000","44201","Ozone","087","40140","Riverside-San Bernardino-Ontario, CA","06","California","065","Riverside","33.61235","-114.60209"
"12/07/2024","AQS","060659003","1","0.032","ppm","30","Blythe-445 W Murphy Street","17","100.0000","44201","Ozone","087","40140","Riverside-San Bernardino-Ontario, CA","06","California","065","Riverside","33.61235","-114.60209"
"12/08/2024","AQS","060659003","1","0.029","ppm","27","Blythe-445 W Murphy Street","17","100.0000","44201","Ozone","087","40140","Riverside-San Bernardino-Ontario, CA","06","California","065","Riverside","33.61235","-114.60209"
"12/09/2024","AQS","060659003","1","0.041","ppm","38","Blythe-445 W Murphy Street","17","100.0000","44201","Ozone","087","40140","Riverside-San Bernardino-Ontario, CA","06","California","065","Riverside","33.61235","-114.60209"
"12/10/2024","AQS","060659003","1","0.035","ppm","32","Blythe-445 W Murphy Street","17","100.0000","44201","Ozone","087","40140","Riverside-San Bernardino-Ontario, CA","06","California","065","Riverside","33.61235","-114.60209"
"12/11/2024","AQS","060659003","1","0.028","ppm","26","Blythe-445 W Murphy Street","17","100.0000","44201","Ozone","087","40140","Riverside-San Bernardino-Ontario, CA","06","California","065","Riverside","33.61235","-114.60209"
"12/12/2024","AQS","060659003","1","0.026","ppm","24","Blythe-445 W Murphy Street","17","100.0000","44201","Ozone","087","40140","Riverside-San Bernardino-Ontario, CA","06","California","065","Riverside","33.61235","-114.60209"
"12/13/2024","AQS","060659003","1","0.034","ppm","31","Blythe-445 W Murphy Street","17","100.0000","44201","Ozone","087","40140","Riverside-San Bernardino-Ontario, CA","06","California","065","Riverside","33.61235","-114.60209"
"12/14/2024","AQS","060659003","1","0.029","ppm","27","Blythe-445 W Murphy Street","17","100.0000","44201","Ozone","087","40140","Riverside-San Bernardino-Ontario, CA","06","California","065","Riverside","33.61235","-114.60209"
"12/15/2024","AQS","060659003","1","0.038","ppm","35","Blythe-445 W Murphy Street","17","100.0000","44201","Ozone","087","40140","Riverside-San Bernardino-Ontario, CA","06","California","065","Riverside","33.61235","-114.60209"
"12/16/2024","AQS","060659003","1","0.032","ppm","30","Blythe-445 W Murphy Street","17","100.0000","44201","Ozone","087","40140","Riverside-San Bernardino-Ontario, CA","06","California","065","Riverside","33.61235","-114.60209"
"12/17/2024","AQS","060659003","1","0.034","ppm","31","Blythe-445 W Murphy Street","17","100.0000","44201","Ozone","087","40140","Riverside-San Bernardino-Ontario, CA","06","California","065","Riverside","33.61235","-114.60209"
"12/18/2024","AQS","060659003","1","0.033","ppm","31","Blythe-445 W Murphy Street","17","100.0000","44201","Ozone","087","40140","Riverside-San Bernardino-Ontario, CA","06","California","065","Riverside","33.61235","-114.60209"
"12/19/2024","AQS","060659003","1","0.03","ppm","28","Blythe-445 W Murphy Street","17","100.0000","44201","Ozone","087","40140","Riverside-San Bernardino-Ontario, CA","06","California","065","Riverside","33.61235","-114.60209"
"12/20/2024","AQS","060659003","1","0.029","ppm","27","Blythe-445 W Murphy Street","17","100.0000","44201","Ozone","087","40140","Riverside-San Bernardino-Ontario, CA","06","California","065","Riverside","33.61235","-114.60209"
"12/21/2024","AQS","060659003","1","0.028","ppm","26","Blythe-445 W Murphy Street","17","100.0000","44201","Ozone","087","40140","Riverside-San Bernardino-Ontario, CA","06","California","065","Riverside","33.61235","-114.60209"
"12/22/2024","AQS","060659003","1","0.023","ppm","21","Blythe-445 W Murphy Street","17","100.0000","44201","Ozone","087","40140","Riverside-San Bernardino-Ontario, CA","06","California","065","Riverside","33.61235","-114.60209"
"12/23/2024","AQS","060659003","1","0.028","ppm","26","Blythe-445 W Murphy Street","17","100.0000","44201","Ozone","087","40140","Riverside-San Bernardino-Ontario, CA","06","California","065","Riverside","33.61235","-114.60209"
"12/24/2024","AQS","060659003","1","0.03","ppm","28","Blythe-445 W Murphy Street","17","100.0000","44201","Ozone","087","40140","Riverside-San Bernardino-Ontario, CA","06","California","065","Riverside","33.61235","-114.60209"
"12/25/2024","AQS","060659003","1","0.038","ppm","35","Blythe-445 W Murphy Street","17","100.0000","44201","Ozone","087","40140","Riverside-San Bernardino-Ontario, CA","06","California","065","Riverside","33.61235","-114.60209"
"12/26/2024","AQS","060659003","1","0.026","ppm","24","Blythe-445 W Murphy Street","17","100.0000","44201","Ozone","087","40140","Riverside-San Bernardino-Ontario, CA","06","California","065","Riverside","33.61235","-114.60209"
"12/27/2024","AQS","060659003","1","0.029","ppm","27","Blythe-445 W Murphy Street","17","100.0000","44201","Ozone","087","40140","Riverside-San Bernardino-Ontario, CA","06","California","065","Riverside","33.61235","-114.60209"
"12/28/2024","AQS","060659003","1","0.031","ppm","29","Blythe-445 W Murphy Street","17","100.0000","44201","Ozone","087","40140","Riverside-San Bernardino-Ontario, CA","06","California","065","Riverside","33.61235","-114.60209"
"12/29/2024","AQS","060659003","1","0.03","ppm","28","Blythe-445 W Murphy Street","17","100.0000","44201","Ozone","087","40140","Riverside-San Bernardino-Ontario, CA","06","California","065","Riverside","33.61235","-114.60209"
"12/30/2024","AQS","060659003","1","0.032","ppm","30","Blythe-445 W Murphy Street","17","100.0000","44201","Ozone","087","40140","Riverside-San Bernardino-Ontario, CA","06","California","065","Riverside","33.61235","-114.60209"
"12/31/2024","AirNow","060659003","1","0.031","ppm","29","Blythe-445 W Murphy Street","19","79.0000","44201","Ozone","","40140","Riverside-San Bernardino-Ontario, CA","06","California","065","Riverside","33.61235","-114.60209"
