"Date","Source","Site ID","POC","Daily Max 8-hour Ozone Concentration","Units","Daily AQI Value","Local Site Name","Daily Obs Count","Percent Complete","AQS Parameter Code","AQS Parameter Description","Method Code","CBSA Code","CBSA Name","State FIPS Code","State","County FIPS Code","County","Site Latitude","Site Longitude"
"01/01/2024","AQS","060710001","1","0.032","ppm","30","Barstow","68","400.0000","44201","Ozone","011","40140","Riverside-San Bernardino-Ontario, CA","06","California","071","San Bernardino","34.89405","-117.02471"
"01/02/2024","AQS","060710001","1","0.032","ppm","30","Barstow","68","400.0000","44201","Ozone","011","40140","Riverside-San Bernardino-Ontario, CA","06","California","071","San Bernardino","34.89405","-117.02471"
"01/03/2024","AQS","060710001","1","0.043","ppm","40","Barstow","68","400.0000","44201","Ozone","011","40140","Riverside-San Bernardino-Ontario, CA","06","California","071","San Bernardino","34.89405","-117.02471"
"01/04/2024","AQS","060710001","1","0.041","ppm","38","Barstow","68","400.0000","44201","Ozone","011","40140","Riverside-San Bernardino-Ontario, CA","06","California","071","San Bernardino","34.89405","-117.02471"
"01/05/2024","AQS","060710001","1","0.024","ppm","22","Barstow","68","400.0000","44201","Ozone","011","40140","Riverside-San Bernardino-Ontario, CA","06","California","071","San Bernardino","34.89405","-117.02471"
"01/06/2024","AQS","060710001","1","0.04","ppm","37","Barstow","68","400.0000","44201","Ozone","011","40140","Riverside-San Bernardino-Ontario, CA","06","California","071","San Bernardino","34.89405","-117.02471"
"01/07/2024","AQS","060710001","1","0.039","ppm","36","Barstow","68","400.0000","44201","Ozone","011","40140","Riverside-San Bernardino-Ontario, CA","06","California","071","San Bernardino","34.89405","-117.02471"
"01/08/2024","AQS","060710001","1","0.032","ppm","30","Barstow","68","400.0000","44201","Ozone","011","40140","Riverside-San Bernardino-Ontario, CA","06","California","071","San Bernardino","34.89405","-117.02471"
"01/09/2024","AQS","060710001","1","0.033","ppm","31","Barstow","68","400.0000","44201","Ozone","011","40140","Riverside-San Bernardino-Ontario, CA","06","California","071","San Bernardino","34.89405","-117.02471"
"01/10/2024","AQS","060710001","1","0.04","ppm","37","Barstow","68","400.0000","44201","Ozone","011","40140","Riverside-San Bernardino-Ontario, CA","06","California","071","San Bernardino","34.89405","-117.02471"
"01/11/2024","AQS","060710001","1","0.042","ppm","39","Barstow","68","400.0000","44201","Ozone","011","40140","Riverside-San Bernardino-Ontario, CA","06","California","071","San Bernardino","34.89405","-117.02471"
"01/12/2024","AQS","060710001","1","0.032","ppm","30","Barstow","68","400.0000","44201","Ozone","011","40140","Riverside-San Bernardino-Ontario, CA","06","California","071","San Bernardino","34.89405","-117.02471"
"01/13/2024","AQS","060710001","1","0.038","ppm","35","Barstow","68","400.0000","44201","Ozone","011","40140","Riverside-San Bernardino-Ontario, CA","06","California","071","San Bernardino","34.89405","-117.02471"
"01/14/2024","AQS","060710001","1","0.039","ppm","36","Barstow","68","400.0000","44201","Ozone","011","40140","Riverside-San Bernardino-Ontario, CA","06","California","071","San Bernardino","34.89405","-117.02471"
"01/15/2024","AQS","060710001","1","0.026","ppm","24","Barstow","68","400.0000","44201","Ozone","011","40140","Riverside-San Bernardino-Ontario, CA","06","California","071","San Bernardino","34.89405","-117.02471"
"01/16/2024","AQS","060710001","1","0.027","ppm","25","Barstow","68","400.0000","44201","Ozone","011","40140","Riverside-San Bernardino-Ontario, CA","06","California","071","San Bernardino","34.89405","-117.02471"
"01/17/2024","AQS","060710001","1","0.039","ppm","36","Barstow","68","400.0000","44201","Ozone","011","40140","Riverside-San Bernardino-Ontario, CA","06","California","071","San Bernardino","34.89405","-117.02471"
"01/18/2024","AQS","060710001","1","0.033","ppm","31","Barstow","68","400.0000","44201","Ozone","011","40140","Riverside-San Bernardino-Ontario, CA","06","California","071","San Bernardino","34.89405","-117.02471"
"01/19/2024","AQS","060710001","1","0.032","ppm","30","Barstow","68","400.0000","44201","Ozone","011","40140","Riverside-San Bernardino-Ontario, CA","06","California","071","San Bernardino","34.89405","-117.02471"
"01/20/2024","AQS","060710001","1","0.022","ppm","20","Barstow","68","400.0000","44201","Ozone","011","40140","Riverside-San Bernardino-Ontario, CA","06","California","071","San Bernardino","34.89405","-117.02471"
"01/21/2024","AQS","060710001","1","0.039","ppm","36","Barstow","68","400.0000","44201","Ozone","011","40140","Riverside-San Bernardino-Ontario, CA","06","California","071","San Bernardino","34.89405","-117.02471"
"01/22/2024","AQS","060710001","1","0.026","ppm","24","Barstow","68","400.0000","44201","Ozone","011","40140","Riverside-San Bernardino-Ontario, CA","06","California","071","San Bernardino","34.89405","-117.02471"
"01/23/2024","AQS","060710001","1","0.035","ppm","32","Barstow","68","400.0000","44201","Ozone","011","40140","Riverside-San Bernardino-Ontario, CA","06","California","071","San Bernardino","34.89405","-117.02471"
"01/24/2024","AQS","060710001","1","0.023","ppm","21","Barstow","68","400.0000","44201","Ozone","011","40140","Riverside-San Bernardino-Ontario, CA","06","California","071","San Bernardino","34.89405","-117.02471"
"01/25/2024","AQS","060710001","1","0.04","ppm","37","Barstow","68","400.0000","44201","Ozone","011","40140","Riverside-San Bernardino-Ontario, CA","06","California","071","San Bernardino","34.89405","-117.02471"
"01/26/2024","AQS","060710001","1","0.036","ppm","33","Barstow","68","400.0000","44201","Ozone","011","40140","Riverside-San Bernardino-Ontario, CA","06","California","071","San Bernardino","34.89405","-117.02471"
"01/27/2024","AQS","060710001","1","0.035","ppm","32","Barstow","68","400.0000","44201","Ozone","011","40140","Riverside-San Bernardino-Ontario, CA","06","California","071","San Bernardino","34.89405","-117.02471"
"01/28/2024","AQS","060710001","1","0.03","ppm","28","Barstow","68","400.0000","44201","Ozone","011","40140","Riverside-San Bernardino-Ontario, CA","06","California","071","San Bernardino","34.89405","-117.02471"
"01/29/2024","AQS","060710001","1","0.033","ppm","31","Barstow","68","400.0000","44201","Ozone","011","40140","Riverside-San Bernardino-Ontario, CA","06","California","071","San Bernardino","34.89405","-117.02471"
"01/30/2024","AQS","060710001","1","0.031","ppm","29","Barstow","68","400.0000","44201","Ozone","011","40140","Riverside-San Bernardino-Ontario, CA","06","California","071","San Bernardino","34.89405","-117.02471"
"01/31/2024","AQS","060710001","1","0.048","ppm","44","Barstow","68","400.0000","44201","Ozone","011","40140","Riverside-San Bernardino-Ontario, CA","06","California","071","San Bernardino","34.89405","-117.02471"
"02/01/2024","AQS","060710001","1","0.039","ppm","36","Barstow","68","400.0000","44201","Ozone","011","40140","Riverside-San Bernardino-Ontario, CA","06","California","071","San Bernardino","34.89405","-117.02471"
"02/02/2024","AQS","060710001","1","0.044","ppm","41","Barstow","68","400.0000","44201","Ozone","011","40140","Riverside-San Bernardino-Ontario, CA","06","California","071","San Bernardino","34.89405","-117.02471"
"02/03/2024","AQS","060710001","1","0.042","ppm","39","Barstow","68","400.0000","44201","Ozone","011","40140","Riverside-San Bernardino-Ontario, CA","06","California","071","San Bernardino","34.89405","-117.02471"
"02/04/2024","AQS","060710001","1","0.04","ppm","37","Barstow","68","400.0000","44201","Ozone","011","40140","Riverside-San Bernardino-Ontario, CA","06","California","071","San Bernardino","34.89405","-117.02471"
"02/05/2024","AQS","060710001","1","0.032","ppm","30","Barstow","68","400.0000","44201","Ozone","011","40140","Riverside-San Bernardino-Ontario, CA","06","California","071","San Bernardino","34.89405","-117.02471"
"02/06/2024","AQS","060710001","1","0.038","ppm","35","Barstow","68","400.0000","44201","Ozone","011","40140","Riverside-San Bernardino-Ontario, CA","06","California","071","San Bernardino","34.89405","-117.02471"
"02/07/2024","AQS","060710001","1","0.042","ppm","39","Barstow","68","400.0000","44201","Ozone","011","40140","Riverside-San Bernardino-Ontario, CA","06","California","071","San Bernardino","34.89405","-117.02471"
"02/08/2024","AQS","060710001","1","0.044","ppm","41","Barstow","68","400.0000","44201","Ozone","011","40140","Riverside-San Bernardino-Ontario, CA","06","California","071","San Bernardino","34.89405","-117.02471"
"02/09/2024","AQS","060710001","1","0.038","ppm","35","Barstow","68","400.0000","44201","Ozone","011","40140","Riverside-San Bernardino-Ontario, CA","06","California","071","San Bernardino","34.89405","-117.02471"
"02/10/2024","AQS","060710001","1","0.04","ppm","37","Barstow","68","400.0000","44201","Ozone","011","40140","Riverside-San Bernardino-Ontario, CA","06","California","071","San Bernardino","34.89405","-117.02471"
"02/11/2024","AQS","060710001","1","0.039","ppm","36","Barstow","68","400.0000","44201","Ozone","011","40140","Riverside-San Bernardino-Ontario, CA","06","California","071","San Bernardino","34.89405","-117.02471"
"02/12/2024","AQS","060710001","1","0.038","ppm","35","Barstow","68","400.0000","44201","Ozone","011","40140","Riverside-San Bernardino-Ontario, CA","06","California","071","San Bernardino","34.89405","-117.02471"
"02/13/2024","AQS","060710001","1","0.034","ppm","31","Barstow","68","400.0000","44201","Ozone","011","40140","Riverside-San Bernardino-Ontario, CA","06","California","071","San Bernardino","34.89405","-117.02471"
"02/14/2024","AQS","060710001","1","0.041","ppm","38","Barstow","68","400.0000","44201","Ozone","011","40140","Riverside-San Bernardino-Ontario, CA","06","California","071","San Bernardino","34.89405","-117.02471"
"02/15/2024","AQS","060710001","1","0.043","ppm","40","Barstow","68","400.0000","44201","Ozone","011","40140","Riverside-San Bernardino-Ontario, CA","06","California","071","San Bernardino","34.89405","-117.02471"
"02/16/2024","AQS","060710001","1","0.034","ppm","31","Barstow","68","400.0000","44201","Ozone","011","40140","Riverside-San Bernardino-Ontario, CA","06","California","071","San Bernardino","34.89405","-117.02471"
"02/17/2024","AQS","060710001","1","0.049","ppm","45","Barstow","68","400.0000","44201","Ozone","011","40140","Riverside-San Bernardino-Ontario, CA","06","California","071","San Bernardino","34.89405","-117.02471"
"02/18/2024","AQS","060710001","1","0.047","ppm","44","Barstow","68","400.0000","44201","Ozone","011","40140","Riverside-San Bernardino-Ontario, CA","06","California","071","San Bernardino","34.89405","-117.02471"
"02/19/2024","AQS","060710001","1","0.036","ppm","33","Barstow","68","400.0000","44201","Ozone","011","40140","Riverside-San Bernardino-Ontario, CA","06","California","071","San Bernardino","34.89405","-117.02471"
"02/20/2024","AQS","060710001","1","0.034","ppm","31","Barstow","68","400.0000","44201","Ozone","011","40140","Riverside-San Bernardino-Ontario, CA","06","California","071","San Bernardino","34.89405","-117.02471"
"02/21/2024","AQS","060710001","1","0.042","ppm","39","Barstow","68","400.0000","44201","Ozone","011","40140","Riverside-San Bernardino-Ontario, CA","06","California","071","San Bernardino","34.89405","-117.02471"
"02/22/2024","AQS","060710001","1","0.042","ppm","39","Barstow","68","400.0000","44201","Ozone","011","40140","Riverside-San Bernardino-Ontario, CA","06","California","071","San Bernardino","34.89405","-117.02471"
"02/23/2024","AQS","060710001","1","0.04","ppm","37","Barstow","68","400.0000","44201","Ozone","011","40140","Riverside-San Bernardino-Ontario, CA","06","California","071","San Bernardino","34.89405","-117.02471"
"02/24/2024","AQS","060710001","1","0.039","ppm","36","Barstow","68","400.0000","44201","Ozone","011","40140","Riverside-San Bernardino-Ontario, CA","06","California","071","San Bernardino","34.89405","-117.02471"
"02/25/2024","AQS","060710001","1","0.036","ppm","33","Barstow","68","400.0000","44201","Ozone","011","40140","Riverside-San Bernardino-Ontario, CA","06","California","071","San Bernardino","34.89405","-117.02471"
"02/26/2024","AQS","060710001","1","0.043","ppm","40","Barstow","68","400.0000","44201","Ozone","011","40140","Riverside-San Bernardino-Ontario, CA","06","California","071","San Bernardino","34.89405","-117.02471"
"02/27/2024","AQS","060710001","1","0.044","ppm","41","Barstow","68","400.0000","44201","Ozone","011","40140","Riverside-San Bernardino-Ontario, CA","06","California","071","San Bernardino","34.89405","-117.02471"
"02/28/2024","AQS","060710001","1","0.042","ppm","39","Barstow","68","400.0000","44201","Ozone","011","40140","Riverside-San Bernardino-Ontario, CA","06","California","071","San Bernardino","34.89405","-117.02471"
"02/29/2024","AQS","060710001","1","0.047","ppm","44","Barstow","68","400.0000","44201","Ozone","011","40140","Riverside-San Bernardino-Ontario, CA","06","California","071","San Bernardino","34.89405","-117.02471"
"03/01/2024","AQS","060710001","1","0.046","ppm","43","Barstow","68","400.0000","44201","Ozone","011","40140","Riverside-San Bernardino-Ontario, CA","06","California","071","San Bernardino","34.89405","-117.02471"
"03/02/2024","AQS","060710001","1","0.043","ppm","40","Barstow","68","400.0000","44201","Ozone","011","40140","Riverside-San Bernardino-Ontario, CA","06","California","071","San Bernardino","34.89405","-117.02471"
"03/03/2024","AQS","060710001","1","0.045","ppm","42","Barstow","68","400.0000","44201","Ozone","011","40140","Riverside-San Bernardino-Ontario, CA","06","California","071","San Bernardino","34.89405","-117.02471"
"03/04/2024","AQS","060710001","1","0.045","ppm","42","Barstow","68","400.0000","44201","Ozone","011","40140","Riverside-San Bernardino-Ontario, CA","06","California","071","San Bernardino","34.89405","-117.02471"
"03/05/2024","AQS","060710001","1","0.044","ppm","41","Barstow","68","400.0000","44201","Ozone","011","40140","Riverside-San Bernardino-Ontario, CA","06","California","071","San Bernardino","34.89405","-117.02471"
"03/06/2024","AQS","060710001","1","0.04","ppm","37","Barstow","68","400.0000","44201","Ozone","011","40140","Riverside-San Bernardino-Ontario, CA","06","California","071","San Bernardino","34.89405","-117.02471"
"03/07/2024","AQS","060710001","1","0.042","ppm","39","Barstow","68","400.0000","44201","Ozone","011","40140","Riverside-San Bernardino-Ontario, CA","06","California","071","San Bernardino","34.89405","-117.02471"
"03/08/2024","AQS","060710001","1","0.023","ppm","21","Barstow","28","165.0000","44201","Ozone","011","40140","Riverside-San Bernardino-Ontario, CA","06","California","071","San Bernardino","34.89405","-117.02471"
"03/09/2024","AQS","060710001","1","0.045","ppm","42","Barstow","68","400.0000","44201","Ozone","011","40140","Riverside-San Bernardino-Ontario, CA","06","California","071","San Bernardino","34.89405","-117.02471"
"03/10/2024","AQS","060710001","1","0.05","ppm","46","Barstow","68","400.0000","44201","Ozone","011","40140","Riverside-San Bernardino-Ontario, CA","06","California","071","San Bernardino","34.89405","-117.02471"
"03/11/2024","AQS","060710001","1","0.046","ppm","43","Barstow","68","400.0000","44201","Ozone","011","40140","Riverside-San Bernardino-Ontario, CA","06","California","071","San Bernardino","34.89405","-117.02471"
"03/12/2024","AQS","060710001","1","0.042","ppm","39","Barstow","68","400.0000","44201","Ozone","011","40140","Riverside-San Bernardino-Ontario, CA","06","California","071","San Bernardino","34.89405","-117.02471"
"03/13/2024","AQS","060710001","1","0.046","ppm","43","Barstow","40","235.0000","44201","Ozone","011","40140","Riverside-San Bernardino-Ontario, CA","06","California","071","San Bernardino","34.89405","-117.02471"
"03/14/2024","AQS","060710001","1","0.045","ppm","42","Barstow","64","376.0000","44201","Ozone","011","40140","Riverside-San Bernardino-Ontario, CA","06","California","071","San Bernardino","34.89405","-117.02471"
"03/15/2024","AQS","060710001","1","0.039","ppm","36","Barstow","68","400.0000","44201","Ozone","011","40140","Riverside-San Bernardino-Ontario, CA","06","California","071","San Bernardino","34.89405","-117.02471"
"03/16/2024","AQS","060710001","1","0.037","ppm","34","Barstow","68","400.0000","44201","Ozone","011","40140","Riverside-San Bernardino-Ontario, CA","06","California","071","San Bernardino","34.89405","-117.02471"
"03/17/2024","AQS","060710001","1","0.044","ppm","41","Barstow","68","400.0000","44201","Ozone","011","40140","Riverside-San Bernardino-Ontario, CA","06","California","071","San Bernardino","34.89405","-117.02471"
"03/18/2024","AQS","060710001","1","0.047","ppm","44","Barstow","68","400.0000","44201","Ozone","011","40140","Riverside-San Bernardino-Ontario, CA","06","California","071","San Bernardino","34.89405","-117.02471"
"03/19/2024","AQS","060710001","1","0.049","ppm","45","Barstow","68","400.0000","44201","Ozone","011","40140","Riverside-San Bernardino-Ontario, CA","06","California","071","San Bernardino","34.89405","-117.02471"
"03/20/2024","AQS","060710001","1","0.053","ppm","49","Barstow","68","400.0000","44201","Ozone","011","40140","Riverside-San Bernardino-Ontario, CA","06","California","071","San Bernardino","34.89405","-117.02471"
"03/21/2024","AQS","060710001","1","0.052","ppm","48","Barstow","52","306.0000","44201","Ozone","011","40140","Riverside-San Bernardino-Ontario, CA","06","California","071","San Bernardino","34.89405","-117.02471"
"03/22/2024","AQS","060710001","1","0.055","ppm","51","Barstow","68","400.0000","44201","Ozone","011","40140","Riverside-San Bernardino-Ontario, CA","06","California","071","San Bernardino","34.89405","-117.02471"
"03/23/2024","AQS","060710001","1","0.045","ppm","42","Barstow","68","400.0000","44201","Ozone","011","40140","Riverside-San Bernardino-Ontario, CA","06","California","071","San Bernardino","34.89405","-117.02471"
"03/24/2024","AQS","060710001","1","0.044","ppm","41","Barstow","68","400.0000","44201","Ozone","011","40140","Riverside-San Bernardino-Ontario, CA","06","California","071","San Bernardino","34.89405","-117.02471"
"03/25/2024","AQS","060710001","1","0.046","ppm","43","Barstow","68","400.0000","44201","Ozone","011","40140","Riverside-San Bernardino-Ontario, CA","06","California","071","San Bernardino","34.89405","-117.02471"
"03/26/2024","AQS","060710001","1","0.05","ppm","46","Barstow","68","400.0000","44201","Ozone","011","40140","Riverside-San Bernardino-Ontario, CA","06","California","071","San Bernardino","34.89405","-117.02471"
"03/27/2024","AQS","060710001","1","0.06","ppm","67","Barstow","68","400.0000","44201","Ozone","011","40140","Riverside-San Bernardino-Ontario, CA","06","California","071","San Bernardino","34.89405","-117.02471"
"03/28/2024","AQS","060710001","1","0.042","ppm","39","Barstow","68","400.0000","44201","Ozone","011","40140","Riverside-San Bernardino-Ontario, CA","06","California","071","San Bernardino","34.89405","-117.02471"
"03/29/2024","AQS","060710001","1","0.054","ppm","50","Barstow","68","400.0000","44201","Ozone","011","40140","Riverside-San Bernardino-Ontario, CA","06","California","071","San Bernardino","34.89405","-117.02471"
"03/30/2024","AQS","060710001","1","0.041","ppm","38","Barstow","68","400.0000","44201","Ozone","011","40140","Riverside-San Bernardino-Ontario, CA","06","California","071","San Bernardino","34.89405","-117.02471"
"03/31/2024","AQS","060710001","1","0.047","ppm","44","Barstow","68","400.0000","44201","Ozone","011","40140","Riverside-San Bernardino-Ontario, CA","06","California","071","San Bernardino","34.89405","-117.02471"
"04/01/2024","AQS","060710001","1","0.045","ppm","42","Barstow","68","400.0000","44201","Ozone","011","40140","Riverside-San Bernardino-Ontario, CA","06","California","071","San Bernardino","34.89405","-117.02471"
"04/02/2024","AQS","060710001","1","0.048","ppm","44","Barstow","68","400.0000","44201","Ozone","011","40140","Riverside-San Bernardino-Ontario, CA","06","California","071","San Bernardino","34.89405","-117.02471"
"04/03/2024","AQS","060710001","1","0.062","ppm","74","Barstow","68","400.0000","44201","Ozone","011","40140","Riverside-San Bernardino-Ontario, CA","06","California","071","San Bernardino","34.89405","-117.02471"
"04/04/2024","AQS","060710001","1","0.051","ppm","47","Barstow","68","400.0000","44201","Ozone","011","40140","Riverside-San Bernardino-Ontario, CA","06","California","071","San Bernardino","34.89405","-117.02471"
"04/05/2024","AQS","060710001","1","0.049","ppm","45","Barstow","68","400.0000","44201","Ozone","011","40140","Riverside-San Bernardino-Ontario, CA","06","California","071","San Bernardino","34.89405","-117.02471"
"04/06/2024","AQS","060710001","1","0.05","ppm","46","Barstow","68","400.0000","44201","Ozone","011","40140","Riverside-San Bernardino-Ontario, CA","06","California","071","San Bernardino","34.89405","-117.02471"
"04/07/2024","AQS","060710001","1","0.054","ppm","50","Barstow","68","400.0000","44201","Ozone","011","40140","Riverside-San Bernardino-Ontario, CA","06","California","071","San Bernardino","34.89405","-117.02471"
"04/08/2024","AQS","060710001","1","0.055","ppm","51","Barstow","68","400.0000","44201","Ozone","011","40140","Riverside-San Bernardino-Ontario, CA","06","California","071","San Bernardino","34.89405","-117.02471"
"04/09/2024","AQS","060710001","1","0.055","ppm","51","Barstow","68","400.0000","44201","Ozone","011","40140","Riverside-San Bernardino-Ontario, CA","06","California","071","San Bernardino","34.89405","-117.02471"
"04/10/2024","AQS","060710001","1","0.052","ppm","48","Barstow","68","400.0000","44201","Ozone","011","40140","Riverside-San Bernardino-Ontario, CA","06","California","071","San Bernardino","34.89405","-117.02471"
"04/11/2024","AQS","060710001","1","0.058","ppm","61","Barstow","68","400.0000","44201","Ozone","011","40140","Riverside-San Bernardino-Ontario, CA","06","California","071","San Bernardino","34.89405","-117.02471"
"04/12/2024","AQS","060710001","1","0.065","ppm","84","Barstow","68","400.0000","44201","Ozone","011","40140","Riverside-San Bernardino-Ontario, CA","06","California","071","San Bernardino","34.89405","-117.02471"
"04/13/2024","AQS","060710001","1","0.057","ppm","58","Barstow","68","400.0000","44201","Ozone","011","40140","Riverside-San Bernardino-Ontario, CA","06","California","071","San Bernardino","34.89405","-117.02471"
"04/14/2024","AQS","060710001","1","0.052","ppm","48","Barstow","68","400.0000","44201","Ozone","011","40140","Riverside-San Bernardino-Ontario, CA","06","California","071","San Bernardino","34.89405","-117.02471"
"04/15/2024","AQS","060710001","1","0.056","ppm","54","Barstow","68","400.0000","44201","Ozone","011","40140","Riverside-San Bernardino-Ontario, CA","06","California","071","San Bernardino","34.89405","-117.02471"
"04/16/2024","AQS","060710001","1","0.057","ppm","58","Barstow","68","400.0000","44201","Ozone","011","40140","Riverside-San Bernardino-Ontario, CA","06","California","071","San Bernardino","34.89405","-117.02471"
"04/17/2024","AQS","060710001","1","0.056","ppm","54","Barstow","68","400.0000","44201","Ozone","011","40140","Riverside-San Bernardino-Ontario, CA","06","California","071","San Bernardino","34.89405","-117.02471"
"04/18/2024","AQS","060710001","1","0.056","ppm","54","Barstow","68","400.0000","44201","Ozone","011","40140","Riverside-San Bernardino-Ontario, CA","06","California","071","San Bernardino","34.89405","-117.02471"
"04/19/2024","AQS","060710001","1","0.054","ppm","50","Barstow","68","400.0000","44201","Ozone","011","40140","Riverside-San Bernardino-Ontario, CA","06","California","071","San Bernardino","34.89405","-117.02471"
"04/20/2024","AQS","060710001","1","0.058","ppm","61","Barstow","68","400.0000","44201","Ozone","011","40140","Riverside-San Bernardino-Ontario, CA","06","California","071","San Bernardino","34.89405","-117.02471"
"04/21/2024","AQS","060710001","1","0.062","ppm","74","Barstow","68","400.0000","44201","Ozone","011","40140","Riverside-San Bernardino-Ontario, CA","06","California","071","San Bernardino","34.89405","-117.02471"
"04/22/2024","AQS","060710001","1","0.062","ppm","74","Barstow","68","400.0000","44201","Ozone","011","40140","Riverside-San Bernardino-Ontario, CA","06","California","071","San Bernardino","34.89405","-117.02471"
"04/23/2024","AQS","060710001","1","0.056","ppm","54","Barstow","68","400.0000","44201","Ozone","011","40140","Riverside-San Bernardino-Ontario, CA","06","California","071","San Bernardino","34.89405","-117.02471"
"04/24/2024","AQS","060710001","1","0.053","ppm","49","Barstow","68","400.0000","44201","Ozone","011","40140","Riverside-San Bernardino-Ontario, CA","06","California","071","San Bernardino","34.89405","-117.02471"
"04/25/2024","AQS","060710001","1","0.05","ppm","46","Barstow","68","400.0000","44201","Ozone","011","40140","Riverside-San Bernardino-Ontario, CA","06","California","071","San Bernardino","34.89405","-117.02471"
"04/26/2024","AQS","060710001","1","0.049","ppm","45","Barstow","68","400.0000","44201","Ozone","011","40140","Riverside-San Bernardino-Ontario, CA","06","California","071","San Bernardino","34.89405","-117.02471"
"04/27/2024","AQS","060710001","1","0.047","ppm","44","Barstow","68","400.0000","44201","Ozone","011","40140","Riverside-San Bernardino-Ontario, CA","06","California","071","San Bernardino","34.89405","-117.02471"
"04/28/2024","AQS","060710001","1","0.052","ppm","48","Barstow","68","400.0000","44201","Ozone","011","40140","Riverside-San Bernardino-Ontario, CA","06","California","071","San Bernardino","34.89405","-117.02471"
"04/29/2024","AQS","060710001","1","0.062","ppm","74","Barstow","68","400.0000","44201","Ozone","011","40140","Riverside-San Bernardino-Ontario, CA","06","California","071","San Bernardino","34.89405","-117.02471"
"04/30/2024","AQS","060710001","1","0.063","ppm","77","Barstow","68","400.0000","44201","Ozone","011","40140","Riverside-San Bernardino-Ontario, CA","06","California","071","San Bernardino","34.89405","-117.02471"
"05/01/2024","AQS","060710001","1","0.056","ppm","54","Barstow","68","400.0000","44201","Ozone","011","40140","Riverside-San Bernardino-Ontario, CA","06","California","071","San Bernardino","34.89405","-117.02471"
"05/02/2024","AQS","060710001","1","0.06","ppm","67","Barstow","68","400.0000","44201","Ozone","011","40140","Riverside-San Bernardino-Ontario, CA","06","California","071","San Bernardino","34.89405","-117.02471"
"05/03/2024","AQS","060710001","1","0.061","ppm","71","Barstow","68","400.0000","44201","Ozone","011","40140","Riverside-San Bernardino-Ontario, CA","06","California","071","San Bernardino","34.89405","-117.02471"
"05/04/2024","AQS","060710001","1","0.053","ppm","49","Barstow","68","400.0000","44201","Ozone","011","40140","Riverside-San Bernardino-Ontario, CA","06","California","071","San Bernardino","34.89405","-117.02471"
"05/05/2024","AQS","060710001","1","0.053","ppm","49","Barstow","68","400.0000","44201","Ozone","011","40140","Riverside-San Bernardino-Ontario, CA","06","California","071","San Bernardino","34.89405","-117.02471"
"05/06/2024","AQS","060710001","1","0.051","ppm","47","Barstow","68","400.0000","44201","Ozone","011","40140","Riverside-San Bernardino-Ontario, CA","06","California","071","San Bernardino","34.89405","-117.02471"
"05/08/2024","AQS","060710001","1","0.052","ppm","48","Barstow","68","400.0000","44201","Ozone","011","40140","Riverside-San Bernardino-Ontario, CA","06","California","071","San Bernardino","34.89405","-117.02471"
"05/09/2024","AQS","060710001","1","0.046","ppm","43","Barstow","64","376.0000","44201","Ozone","011","40140","Riverside-San Bernardino-Ontario, CA","06","California","071","San Bernardino","34.89405","-117.02471"
"05/10/2024","AQS","060710001","1","0.048","ppm","44","Barstow","68","400.0000","44201","Ozone","011","40140","Riverside-San Bernardino-Ontario, CA","06","California","071","San Bernardino","34.89405","-117.02471"
"05/11/2024","AQS","060710001","1","0.054","ppm","50","Barstow","68","400.0000","44201","Ozone","011","40140","Riverside-San Bernardino-Ontario, CA","06","California","071","San Bernardino","34.89405","-117.02471"
"05/12/2024","AQS","060710001","1","0.064","ppm","80","Barstow","68","400.0000","44201","Ozone","011","40140","Riverside-San Bernardino-Ontario, CA","06","California","071","San Bernardino","34.89405","-117.02471"
"05/13/2024","AQS","060710001","1","0.071","ppm","101","Barstow","68","400.0000","44201","Ozone","011","40140","Riverside-San Bernardino-Ontario, CA","06","California","071","San Bernardino","34.89405","-117.02471"
"05/14/2024","AQS","060710001","1","0.073","ppm","108","Barstow","68","400.0000","44201","Ozone","011","40140","Riverside-San Bernardino-Ontario, CA","06","California","071","San Bernardino","34.89405","-117.02471"
"05/15/2024","AQS","060710001","1","0.067","ppm","90","Barstow","68","400.0000","44201","Ozone","011","40140","Riverside-San Bernardino-Ontario, CA","06","California","071","San Bernardino","34.89405","-117.02471"
"05/16/2024","AQS","060710001","1","0.065","ppm","84","Barstow","68","400.0000","44201","Ozone","011","40140","Riverside-San Bernardino-Ontario, CA","06","California","071","San Bernardino","34.89405","-117.02471"
"05/17/2024","AQS","060710001","1","0.065","ppm","84","Barstow","68","400.0000","44201","Ozone","011","40140","Riverside-San Bernardino-Ontario, CA","06","California","071","San Bernardino","34.89405","-117.02471"
"05/18/2024","AQS","060710001","1","0.072","ppm","105","Barstow","68","400.0000","44201","Ozone","011","40140","Riverside-San Bernardino-Ontario, CA","06","California","071","San Bernardino","34.89405","-117.02471"
"05/19/2024","AQS","060710001","1","0.065","ppm","84","Barstow","68","400.0000","44201","Ozone","011","40140","Riverside-San Bernardino-Ontario, CA","06","California","071","San Bernardino","34.89405","-117.02471"
"05/20/2024","AQS","060710001","1","0.062","ppm","74","Barstow","68","400.0000","44201","Ozone","011","40140","Riverside-San Bernardino-Ontario, CA","06","California","071","San Bernardino","34.89405","-117.02471"
"05/21/2024","AQS","060710001","1","0.059","ppm","64","Barstow","68","400.0000","44201","Ozone","011","40140","Riverside-San Bernardino-Ontario, CA","06","California","071","San Bernardino","34.89405","-117.02471"
"05/22/2024","AQS","060710001","1","0.071","ppm","101","Barstow","68","400.0000","44201","Ozone","011","40140","Riverside-San Bernardino-Ontario, CA","06","California","071","San Bernardino","34.89405","-117.02471"
"05/23/2024","AQS","060710001","1","0.061","ppm","71","Barstow","68","400.0000","44201","Ozone","011","40140","Riverside-San Bernardino-Ontario, CA","06","California","071","San Bernardino","34.89405","-117.02471"
"05/24/2024","AQS","060710001","1","0.06","ppm","67","Barstow","68","400.0000","44201","Ozone","011","40140","Riverside-San Bernardino-Ontario, CA","06","California","071","San Bernardino","34.89405","-117.02471"
"05/25/2024","AQS","060710001","1","0.057","ppm","58","Barstow","68","400.0000","44201","Ozone","011","40140","Riverside-San Bernardino-Ontario, CA","06","California","071","San Bernardino","34.89405","-117.02471"
"05/26/2024","AQS","060710001","1","0.063","ppm","77","Barstow","68","400.0000","44201","Ozone","011","40140","Riverside-San Bernardino-Ontario, CA","06","California","071","San Bernardino","34.89405","-117.02471"
"05/27/2024","AQS","060710001","1","0.057","ppm","58","Barstow","68","400.0000","44201","Ozone","011","40140","Riverside-San Bernardino-Ontario, CA","06","California","071","San Bernardino","34.89405","-117.02471"
"05/28/2024","AQS","060710001","1","0.067","ppm","90","Barstow","68","400.0000","44201","Ozone","011","40140","Riverside-San Bernardino-Ontario, CA","06","California","071","San Bernardino","34.89405","-117.02471"
"05/29/2024","AQS","060710001","1","0.058","ppm","61","Barstow","68","400.0000","44201","Ozone","011","40140","Riverside-San Bernardino-Ontario, CA","06","California","071","San Bernardino","34.89405","-117.02471"
"05/30/2024","AQS","060710001","1","0.07","ppm","100","Barstow","68","400.0000","44201","Ozone","011","40140","Riverside-San Bernardino-Ontario, CA","06","California","071","San Bernardino","34.89405","-117.02471"
"05/31/2024","AQS","060710001","1","0.077","ppm","122","Barstow","68","400.0000","44201","Ozone","011","40140","Riverside-San Bernardino-Ontario, CA","06","California","071","San Bernardino","34.89405","-117.02471"
"06/01/2024","AQS","060710001","1","0.064","ppm","80","Barstow","68","400.0000","44201","Ozone","011","40140","Riverside-San Bernardino-Ontario, CA","06","California","071","San Bernardino","34.89405","-117.02471"
"06/02/2024","AQS","060710001","1","0.059","ppm","64","Barstow","68","400.0000","44201","Ozone","011","40140","Riverside-San Bernardino-Ontario, CA","06","California","071","San Bernardino","34.89405","-117.02471"
"06/03/2024","AQS","060710001","1","0.056","ppm","54","Barstow","68","400.0000","44201","Ozone","011","40140","Riverside-San Bernardino-Ontario, CA","06","California","071","San Bernardino","34.89405","-117.02471"
"06/04/2024","AQS","060710001","1","0.052","ppm","48","Barstow","68","400.0000","44201","Ozone","011","40140","Riverside-San Bernardino-Ontario, CA","06","California","071","San Bernardino","34.89405","-117.02471"
"06/05/2024","AQS","060710001","1","0.056","ppm","54","Barstow","68","400.0000","44201","Ozone","011","40140","Riverside-San Bernardino-Ontario, CA","06","California","071","San Bernardino","34.89405","-117.02471"
"06/06/2024","AQS","060710001","1","0.066","ppm","87","Barstow","68","400.0000","44201","Ozone","011","40140","Riverside-San Bernardino-Ontario, CA","06","California","071","San Bernardino","34.89405","-117.02471"
"06/07/2024","AQS","060710001","1","0.067","ppm","90","Barstow","68","400.0000","44201","Ozone","011","40140","Riverside-San Bernardino-Ontario, CA","06","California","071","San Bernardino","34.89405","-117.02471"
"06/08/2024","AQS","060710001","1","0.061","ppm","71","Barstow","68","400.0000","44201","Ozone","011","40140","Riverside-San Bernardino-Ontario, CA","06","California","071","San Bernardino","34.89405","-117.02471"
"06/09/2024","AQS","060710001","1","0.058","ppm","61","Barstow","68","400.0000","44201","Ozone","011","40140","Riverside-San Bernardino-Ontario, CA","06","California","071","San Bernardino","34.89405","-117.02471"
"06/10/2024","AQS","060710001","1","0.062","ppm","74","Barstow","68","400.0000","44201","Ozone","011","40140","Riverside-San Bernardino-Ontario, CA","06","California","071","San Bernardino","34.89405","-117.02471"
"06/11/2024","AQS","060710001","1","0.058","ppm","61","Barstow","68","400.0000","44201","Ozone","011","40140","Riverside-San Bernardino-Ontario, CA","06","California","071","San Bernardino","34.89405","-117.02471"
"06/12/2024","AQS","060710001","1","0.073","ppm","108","Barstow","68","400.0000","44201","Ozone","011","40140","Riverside-San Bernardino-Ontario, CA","06","California","071","San Bernardino","34.89405","-117.02471"
"06/13/2024","AQS","060710001","1","0.07","ppm","100","Barstow","60","353.0000","44201","Ozone","011","40140","Riverside-San Bernardino-Ontario, CA","06","California","071","San Bernardino","34.89405","-117.02471"
"06/14/2024","AQS","060710001","1","0.067","ppm","90","Barstow","68","400.0000","44201","Ozone","011","40140","Riverside-San Bernardino-Ontario, CA","06","California","071","San Bernardino","34.89405","-117.02471"
"06/15/2024","AQS","060710001","1","0.062","ppm","74","Barstow","68","400.0000","44201","Ozone","011","40140","Riverside-San Bernardino-Ontario, CA","06","California","071","San Bernardino","34.89405","-117.02471"
"06/16/2024","AQS","060710001","1","0.065","ppm","84","Barstow","68","400.0000","44201","Ozone","011","40140","Riverside-San Bernardino-Ontario, CA","06","California","071","San Bernardino","34.89405","-117.02471"
"06/17/2024","AQS","060710001","1","0.054","ppm","50","Barstow","68","400.0000","44201","Ozone","011","40140","Riverside-San Bernardino-Ontario, CA","06","California","071","San Bernardino","34.89405","-117.02471"
"06/18/2024","AQS","060710001","1","0.06","ppm","67","Barstow","68","400.0000","44201","Ozone","011","40140","Riverside-San Bernardino-Ontario, CA","06","California","071","San Bernardino","34.89405","-117.02471"
"06/19/2024","AQS","060710001","1","0.063","ppm","77","Barstow","68","400.0000","44201","Ozone","011","40140","Riverside-San Bernardino-Ontario, CA","06","California","071","San Bernardino","34.89405","-117.02471"
"06/20/2024","AQS","060710001","1","0.068","ppm","93","Barstow","68","400.0000","44201","Ozone","011","40140","Riverside-San Bernardino-Ontario, CA","06","California","071","San Bernardino","34.89405","-117.02471"
"06/21/2024","AQS","060710001","1","0.078","ppm","126","Barstow","68","400.0000","44201","Ozone","011","40140","Riverside-San Bernardino-Ontario, CA","06","California","071","San Bernardino","34.89405","-117.02471"
"06/22/2024","AQS","060710001","1","0.071","ppm","101","Barstow","68","400.0000","44201","Ozone","011","40140","Riverside-San Bernardino-Ontario, CA","06","California","071","San Bernardino","34.89405","-117.02471"
"06/23/2024","AQS","060710001","1","0.048","ppm","44","Barstow","68","400.0000","44201","Ozone","011","40140","Riverside-San Bernardino-Ontario, CA","06","California","071","San Bernardino","34.89405","-117.02471"
"06/24/2024","AQS","060710001","1","0.054","ppm","50","Barstow","68","400.0000","44201","Ozone","011","40140","Riverside-San Bernardino-Ontario, CA","06","California","071","San Bernardino","34.89405","-117.02471"
"06/25/2024","AQS","060710001","1","0.062","ppm","74","Barstow","68","400.0000","44201","Ozone","011","40140","Riverside-San Bernardino-Ontario, CA","06","California","071","San Bernardino","34.89405","-117.02471"
"06/26/2024","AQS","060710001","1","0.06","ppm","67","Barstow","68","400.0000","44201","Ozone","011","40140","Riverside-San Bernardino-Ontario, CA","06","California","071","San Bernardino","34.89405","-117.02471"
"06/27/2024","AQS","060710001","1","0.058","ppm","61","Barstow","68","400.0000","44201","Ozone","011","40140","Riverside-San Bernardino-Ontario, CA","06","California","071","San Bernardino","34.89405","-117.02471"
"06/28/2024","AQS","060710001","1","0.08","ppm","133","Barstow","68","400.0000","44201","Ozone","011","40140","Riverside-San Bernardino-Ontario, CA","06","California","071","San Bernardino","34.89405","-117.02471"
"06/29/2024","AQS","060710001","1","0.066","ppm","87","Barstow","68","400.0000","44201","Ozone","011","40140","Riverside-San Bernardino-Ontario, CA","06","California","071","San Bernardino","34.89405","-117.02471"
"06/30/2024","AQS","060710001","1","0.062","ppm","74","Barstow","68","400.0000","44201","Ozone","011","40140","Riverside-San Bernardino-Ontario, CA","06","California","071","San Bernardino","34.89405","-117.02471"
"07/01/2024","AQS","060710001","1","0.078","ppm","126","Barstow","68","400.0000","44201","Ozone","011","40140","Riverside-San Bernardino-Ontario, CA","06","California","071","San Bernardino","34.89405","-117.02471"
"07/02/2024","AQS","060710001","1","0.082","ppm","140","Barstow","68","400.0000","44201","Ozone","011","40140","Riverside-San Bernardino-Ontario, CA","06","California","071","San Bernardino","34.89405","-117.02471"
"07/03/2024","AQS","060710001","1","0.066","ppm","87","Barstow","68","400.0000","44201","Ozone","011","40140","Riverside-San Bernardino-Ontario, CA","06","California","071","San Bernardino","34.89405","-117.02471"
"07/04/2024","AQS","060710001","1","0.074","ppm","112","Barstow","68","400.0000","44201","Ozone","011","40140","Riverside-San Bernardino-Ontario, CA","06","California","071","San Bernardino","34.89405","-117.02471"
"07/05/2024","AQS","060710001","1","0.062","ppm","74","Barstow","68","400.0000","44201","Ozone","011","40140","Riverside-San Bernardino-Ontario, CA","06","California","071","San Bernardino","34.89405","-117.02471"
"07/06/2024","AQS","060710001","1","0.062","ppm","74","Barstow","68","400.0000","44201","Ozone","011","40140","Riverside-San Bernardino-Ontario, CA","06","California","071","San Bernardino","34.89405","-117.02471"
"07/07/2024","AQS","060710001","1","0.064","ppm","80","Barstow","68","400.0000","44201","Ozone","011","40140","Riverside-San Bernardino-Ontario, CA","06","California","071","San Bernardino","34.89405","-117.02471"
"07/08/2024","AQS","060710001","1","0.067","ppm","90","Barstow","68","400.0000","44201","Ozone","011","40140","Riverside-San Bernardino-Ontario, CA","06","California","071","San Bernardino","34.89405","-117.02471"
"07/09/2024","AQS","060710001","1","0.069","ppm","97","Barstow","68","400.0000","44201","Ozone","011","40140","Riverside-San Bernardino-Ontario, CA","06","California","071","San Bernardino","34.89405","-117.02471"
"07/10/2024","AQS","060710001","1","0.072","ppm","105","Barstow","68","400.0000","44201","Ozone","011","40140","Riverside-San Bernardino-Ontario, CA","06","California","071","San Bernardino","34.89405","-117.02471"
"07/11/2024","AQS","060710001","1","0.07","ppm","100","Barstow","68","400.0000","44201","Ozone","011","40140","Riverside-San Bernardino-Ontario, CA","06","California","071","San Bernardino","34.89405","-117.02471"
"07/12/2024","AQS","060710001","1","0.075","ppm","115","Barstow","32","188.0000","44201","Ozone","011","40140","Riverside-San Bernardino-Ontario, CA","06","California","071","San Bernardino","34.89405","-117.02471"
"07/13/2024","AQS","060710001","1","0.032","ppm","30","Barstow","28","165.0000","44201","Ozone","011","40140","Riverside-San Bernardino-Ontario, CA","06","California","071","San Bernardino","34.89405","-117.02471"
"07/14/2024","AQS","060710001","1","0.078","ppm","126","Barstow","68","400.0000","44201","Ozone","011","40140","Riverside-San Bernardino-Ontario, CA","06","California","071","San Bernardino","34.89405","-117.02471"
"07/15/2024","AQS","060710001","1","0.075","ppm","115","Barstow","68","400.0000","44201","Ozone","011","40140","Riverside-San Bernardino-Ontario, CA","06","California","071","San Bernardino","34.89405","-117.02471"
"07/16/2024","AQS","060710001","1","0.071","ppm","101","Barstow","68","400.0000","44201","Ozone","011","40140","Riverside-San Bernardino-Ontario, CA","06","California","071","San Bernardino","34.89405","-117.02471"
"07/17/2024","AQS","060710001","1","0.066","ppm","87","Barstow","68","400.0000","44201","Ozone","011","40140","Riverside-San Bernardino-Ontario, CA","06","California","071","San Bernardino","34.89405","-117.02471"
"07/18/2024","AQS","060710001","1","0.068","ppm","93","Barstow","68","400.0000","44201","Ozone","011","40140","Riverside-San Bernardino-Ontario, CA","06","California","071","San Bernardino","34.89405","-117.02471"
"07/19/2024","AQS","060710001","1","0.065","ppm","84","Barstow","56","329.0000","44201","Ozone","011","40140","Riverside-San Bernardino-Ontario, CA","06","California","071","San Bernardino","34.89405","-117.02471"
"07/20/2024","AQS","060710001","1","0.058","ppm","61","Barstow","68","400.0000","44201","Ozone","011","40140","Riverside-San Bernardino-Ontario, CA","06","California","071","San Bernardino","34.89405","-117.02471"
"07/21/2024","AQS","060710001","1","0.06","ppm","67","Barstow","68","400.0000","44201","Ozone","011","40140","Riverside-San Bernardino-Ontario, CA","06","California","071","San Bernardino","34.89405","-117.02471"
"07/22/2024","AQS","060710001","1","0.064","ppm","80","Barstow","68","400.0000","44201","Ozone","011","40140","Riverside-San Bernardino-Ontario, CA","06","California","071","San Bernardino","34.89405","-117.02471"
"07/23/2024","AQS","060710001","1","0.048","ppm","44","Barstow","28","165.0000","44201","Ozone","011","40140","Riverside-San Bernardino-Ontario, CA","06","California","071","San Bernardino","34.89405","-117.02471"
"07/24/2024","AQS","060710001","1","0.073","ppm","108","Barstow","44","259.0000","44201","Ozone","011","40140","Riverside-San Bernardino-Ontario, CA","06","California","071","San Bernardino","34.89405","-117.02471"
"07/25/2024","AQS","060710001","1","0.072","ppm","105","Barstow","68","400.0000","44201","Ozone","011","40140","Riverside-San Bernardino-Ontario, CA","06","California","071","San Bernardino","34.89405","-117.02471"
"07/26/2024","AQS","060710001","1","0.066","ppm","87","Barstow","68","400.0000","44201","Ozone","011","40140","Riverside-San Bernardino-Ontario, CA","06","California","071","San Bernardino","34.89405","-117.02471"
"07/27/2024","AQS","060710001","1","0.058","ppm","61","Barstow","68","400.0000","44201","Ozone","011","40140","Riverside-San Bernardino-Ontario, CA","06","California","071","San Bernardino","34.89405","-117.02471"
"07/28/2024","AQS","060710001","1","0.065","ppm","84","Barstow","68","400.0000","44201","Ozone","011","40140","Riverside-San Bernardino-Ontario, CA","06","California","071","San Bernardino","34.89405","-117.02471"
"07/29/2024","AQS","060710001","1","0.065","ppm","84","Barstow","68","400.0000","44201","Ozone","011","40140","Riverside-San Bernardino-Ontario, CA","06","California","071","San Bernardino","34.89405","-117.02471"
"07/30/2024","AQS","060710001","1","0.071","ppm","101","Barstow","68","400.0000","44201","Ozone","011","40140","Riverside-San Bernardino-Ontario, CA","06","California","071","San Bernardino","34.89405","-117.02471"
"07/31/2024","AQS","060710001","1","0.074","ppm","112","Barstow","68","400.0000","44201","Ozone","011","40140","Riverside-San Bernardino-Ontario, CA","06","California","071","San Bernardino","34.89405","-117.02471"
"08/01/2024","AQS","060710001","1","0.057","ppm","58","Barstow","68","400.0000","44201","Ozone","011","40140","Riverside-San Bernardino-Ontario, CA","06","California","071","San Bernardino","34.89405","-117.02471"
"08/02/2024","AQS","060710001","1","0.059","ppm","64","Barstow","68","400.0000","44201","Ozone","011","40140","Riverside-San Bernardino-Ontario, CA","06","California","071","San Bernardino","34.89405","-117.02471"
"08/03/2024","AQS","060710001","1","0.066","ppm","87","Barstow","68","400.0000","44201","Ozone","011","40140","Riverside-San Bernardino-Ontario, CA","06","California","071","San Bernardino","34.89405","-117.02471"
"08/04/2024","AQS","060710001","1","0.066","ppm","87","Barstow","68","400.0000","44201","Ozone","011","40140","Riverside-San Bernardino-Ontario, CA","06","California","071","San Bernardino","34.89405","-117.02471"
"08/05/2024","AQS","060710001","1","0.061","ppm","71","Barstow","68","400.0000","44201","Ozone","011","40140","Riverside-San Bernardino-Ontario, CA","06","California","071","San Bernardino","34.89405","-117.02471"
"08/06/2024","AQS","060710001","1","0.059","ppm","64","Barstow","68","400.0000","44201","Ozone","011","40140","Riverside-San Bernardino-Ontario, CA","06","California","071","San Bernardino","34.89405","-117.02471"
"08/07/2024","AQS","060710001","1","0.069","ppm","97","Barstow","68","400.0000","44201","Ozone","011","40140","Riverside-San Bernardino-Ontario, CA","06","California","071","San Bernardino","34.89405","-117.02471"
"08/08/2024","AQS","060710001","1","0.064","ppm","80","Barstow","68","400.0000","44201","Ozone","011","40140","Riverside-San Bernardino-Ontario, CA","06","California","071","San Bernardino","34.89405","-117.02471"
"08/09/2024","AQS","060710001","1","0.074","ppm","112","Barstow","68","400.0000","44201","Ozone","011","40140","Riverside-San Bernardino-Ontario, CA","06","California","071","San Bernardino","34.89405","-117.02471"
"08/10/2024","AQS","060710001","1","0.067","ppm","90","Barstow","68","400.0000","44201","Ozone","011","40140","Riverside-San Bernardino-Ontario, CA","06","California","071","San Bernardino","34.89405","-117.02471"
"08/11/2024","AQS","060710001","1","0.061","ppm","71","Barstow","68","400.0000","44201","Ozone","011","40140","Riverside-San Bernardino-Ontario, CA","06","California","071","San Bernardino","34.89405","-117.02471"
"08/12/2024","AQS","060710001","1","0.053","ppm","49","Barstow","68","400.0000","44201","Ozone","011","40140","Riverside-San Bernardino-Ontario, CA","06","California","071","San Bernardino","34.89405","-117.02471"
"08/13/2024","AQS","060710001","1","0.058","ppm","61","Barstow","68","400.0000","44201","Ozone","011","40140","Riverside-San Bernardino-Ontario, CA","06","California","071","San Bernardino","34.89405","-117.02471"
"08/14/2024","AQS","060710001","1","0.055","ppm","51","Barstow","68","400.0000","44201","Ozone","011","40140","Riverside-San Bernardino-Ontario, CA","06","California","071","San Bernardino","34.89405","-117.02471"
"08/15/2024","AQS","060710001","1","0.053","ppm","49","Barstow","68","400.0000","44201","Ozone","011","40140","Riverside-San Bernardino-Ontario, CA","06","California","071","San Bernardino","34.89405","-117.02471"
"08/16/2024","AQS","060710001","1","0.07","ppm","100","Barstow","68","400.0000","44201","Ozone","011","40140","Riverside-San Bernardino-Ontario, CA","06","California","071","San Bernardino","34.89405","-117.02471"
"08/17/2024","AQS","060710001","1","0.06","ppm","67","Barstow","68","400.0000","44201","Ozone","011","40140","Riverside-San Bernardino-Ontario, CA","06","California","071","San Bernardino","34.89405","-117.02471"
"08/18/2024","AQS","060710001","1","0.058","ppm","61","Barstow","68","400.0000","44201","Ozone","011","40140","Riverside-San Bernardino-Ontario, CA","06","California","071","San Bernardino","34.89405","-117.02471"
"08/19/2024","AQS","060710001","1","0.066","ppm","87","Barstow","68","400.0000","44201","Ozone","011","40140","Riverside-San Bernardino-Ontario, CA","06","California","071","San Bernardino","34.89405","-117.02471"
"08/20/2024","AQS","060710001","1","0.068","ppm","93","Barstow","68","400.0000","44201","Ozone","011","40140","Riverside-San Bernardino-Ontario, CA","06","California","071","San Bernardino","34.89405","-117.02471"
"08/21/2024","AQS","060710001","1","0.071","ppm","101","Barstow","68","400.0000","44201","Ozone","011","40140","Riverside-San Bernardino-Ontario, CA","06","California","071","San Bernardino","34.89405","-117.02471"
"08/22/2024","AQS","060710001","1","0.067","ppm","90","Barstow","68","400.0000","44201","Ozone","011","40140","Riverside-San Bernardino-Ontario, CA","06","California","071","San Bernardino","34.89405","-117.02471"
"08/23/2024","AQS","060710001","1","0.068","ppm","93","Barstow","68","400.0000","44201","Ozone","011","40140","Riverside-San Bernardino-Ontario, CA","06","California","071","San Bernardino","34.89405","-117.02471"
"08/24/2024","AQS","060710001","1","0.063","ppm","77","Barstow","68","400.0000","44201","Ozone","011","40140","Riverside-San Bernardino-Ontario, CA","06","California","071","San Bernardino","34.89405","-117.02471"
"08/25/2024","AQS","060710001","1","0.057","ppm","58","Barstow","68","400.0000","44201","Ozone","011","40140","Riverside-San Bernardino-Ontario, CA","06","California","071","San Bernardino","34.89405","-117.02471"
"08/26/2024","AQS","060710001","1","0.057","ppm","58","Barstow","68","400.0000","44201","Ozone","011","40140","Riverside-San Bernardino-Ontario, CA","06","California","071","San Bernardino","34.89405","-117.02471"
"08/27/2024","AQS","060710001","1","0.068","ppm","93","Barstow","68","400.0000","44201","Ozone","011","40140","Riverside-San Bernardino-Ontario, CA","06","California","071","San Bernardino","34.89405","-117.02471"
"08/28/2024","AQS","060710001","1","0.064","ppm","80","Barstow","68","400.0000","44201","Ozone","011","40140","Riverside-San Bernardino-Ontario, CA","06","California","071","San Bernardino","34.89405","-117.02471"
"08/29/2024","AQS","060710001","1","0.063","ppm","77","Barstow","68","400.0000","44201","Ozone","011","40140","Riverside-San Bernardino-Ontario, CA","06","California","071","San Bernardino","34.89405","-117.02471"
"08/30/2024","AQS","060710001","1","0.063","ppm","77","Barstow","68","400.0000","44201","Ozone","011","40140","Riverside-San Bernardino-Ontario, CA","06","California","071","San Bernardino","34.89405","-117.02471"
"08/31/2024","AQS","060710001","1","0.059","ppm","64","Barstow","68","400.0000","44201","Ozone","011","40140","Riverside-San Bernardino-Ontario, CA","06","California","071","San Bernardino","34.89405","-117.02471"
"09/01/2024","AQS","060710001","1","0.059","ppm","64","Barstow","68","400.0000","44201","Ozone","011","40140","Riverside-San Bernardino-Ontario, CA","06","California","071","San Bernardino","34.89405","-117.02471"
"09/02/2024","AQS","060710001","1","0.06","ppm","67","Barstow","68","400.0000","44201","Ozone","011","40140","Riverside-San Bernardino-Ontario, CA","06","California","071","San Bernardino","34.89405","-117.02471"
"09/03/2024","AQS","060710001","1","0.063","ppm","77","Barstow","68","400.0000","44201","Ozone","011","40140","Riverside-San Bernardino-Ontario, CA","06","California","071","San Bernardino","34.89405","-117.02471"
"09/04/2024","AQS","060710001","1","0.066","ppm","87","Barstow","68","400.0000","44201","Ozone","011","40140","Riverside-San Bernardino-Ontario, CA","06","California","071","San Bernardino","34.89405","-117.02471"
"09/05/2024","AQS","060710001","1","0.063","ppm","77","Barstow","68","400.0000","44201","Ozone","011","40140","Riverside-San Bernardino-Ontario, CA","06","California","071","San Bernardino","34.89405","-117.02471"
"09/06/2024","AQS","060710001","1","0.067","ppm","90","Barstow","68","400.0000","44201","Ozone","011","40140","Riverside-San Bernardino-Ontario, CA","06","California","071","San Bernardino","34.89405","-117.02471"
"09/07/2024","AQS","060710001","1","0.067","ppm","90","Barstow","68","400.0000","44201","Ozone","011","40140","Riverside-San Bernardino-Ontario, CA","06","California","071","San Bernardino","34.89405","-117.02471"
"09/08/2024","AQS","060710001","1","0.07","ppm","100","Barstow","68","400.0000","44201","Ozone","011","40140","Riverside-San Bernardino-Ontario, CA","06","California","071","San Bernardino","34.89405","-117.02471"
"09/09/2024","AQS","060710001","1","0.061","ppm","71","Barstow","68","400.0000","44201","Ozone","011","40140","Riverside-San Bernardino-Ontario, CA","06","California","071","San Bernardino","34.89405","-117.02471"
"09/10/2024","AQS","060710001","1","0.061","ppm","71","Barstow","68","400.0000","44201","Ozone","011","40140","Riverside-San Bernardino-Ontario, CA","06","California","071","San Bernardino","34.89405","-117.02471"
"09/11/2024","AQS","060710001","1","0.058","ppm","61","Barstow","68","400.0000","44201","Ozone","011","40140","Riverside-San Bernardino-Ontario, CA","06","California","071","San Bernardino","34.89405","-117.02471"
"09/12/2024","AQS","060710001","1","0.054","ppm","50","Barstow","68","400.0000","44201","Ozone","011","40140","Riverside-San Bernardino-Ontario, CA","06","California","071","San Bernardino","34.89405","-117.02471"
"09/13/2024","AQS","060710001","1","0.062","ppm","74","Barstow","68","400.0000","44201","Ozone","011","40140","Riverside-San Bernardino-Ontario, CA","06","California","071","San Bernardino","34.89405","-117.02471"
"09/14/2024","AQS","060710001","1","0.081","ppm","136","Barstow","68","400.0000","44201","Ozone","011","40140","Riverside-San Bernardino-Ontario, CA","06","California","071","San Bernardino","34.89405","-117.02471"
"09/15/2024","AQS","060710001","1","0.065","ppm","84","Barstow","68","400.0000","44201","Ozone","011","40140","Riverside-San Bernardino-Ontario, CA","06","California","071","San Bernardino","34.89405","-117.02471"
"09/16/2024","AQS","060710001","1","0.057","ppm","58","Barstow","68","400.0000","44201","Ozone","011","40140","Riverside-San Bernardino-Ontario, CA","06","California","071","San Bernardino","34.89405","-117.02471"
"09/17/2024","AQS","060710001","1","0.05","ppm","46","Barstow","68","400.0000","44201","Ozone","011","40140","Riverside-San Bernardino-Ontario, CA","06","California","071","San Bernardino","34.89405","-117.02471"
"09/18/2024","AQS","060710001","1","0.064","ppm","80","Barstow","68","400.0000","44201","Ozone","011","40140","Riverside-San Bernardino-Ontario, CA","06","California","071","San Bernardino","34.89405","-117.02471"
"09/19/2024","AQS","060710001","1","0.066","ppm","87","Barstow","68","400.0000","44201","Ozone","011","40140","Riverside-San Bernardino-Ontario, CA","06","California","071","San Bernardino","34.89405","-117.02471"
"09/20/2024","AQS","060710001","1","0.058","ppm","61","Barstow","68","400.0000","44201","Ozone","011","40140","Riverside-San Bernardino-Ontario, CA","06","California","071","San Bernardino","34.89405","-117.02471"
"09/21/2024","AQS","060710001","1","0.065","ppm","84","Barstow","68","400.0000","44201","Ozone","011","40140","Riverside-San Bernardino-Ontario, CA","06","California","071","San Bernardino","34.89405","-117.02471"
"09/22/2024","AQS","060710001","1","0.065","ppm","84","Barstow","68","400.0000","44201","Ozone","011","40140","Riverside-San Bernardino-Ontario, CA","06","California","071","San Bernardino","34.89405","-117.02471"
"09/23/2024","AQS","060710001","1","0.06","ppm","67","Barstow","68","400.0000","44201","Ozone","011","40140","Riverside-San Bernardino-Ontario, CA","06","California","071","San Bernardino","34.89405","-117.02471"
"09/24/2024","AQS","060710001","1","0.053","ppm","49","Barstow","68","400.0000","44201","Ozone","011","40140","Riverside-San Bernardino-Ontario, CA","06","California","071","San Bernardino","34.89405","-117.02471"
"09/25/2024","AQS","060710001","1","0.062","ppm","74","Barstow","68","400.0000","44201","Ozone","011","40140","Riverside-San Bernardino-Ontario, CA","06","California","071","San Bernardino","34.89405","-117.02471"
"09/26/2024","AQS","060710001","1","0.063","ppm","77","Barstow","68","400.0000","44201","Ozone","011","40140","Riverside-San Bernardino-Ontario, CA","06","California","071","San Bernardino","34.89405","-117.02471"
"09/27/2024","AQS","060710001","1","0.059","ppm","64","Barstow","68","400.0000","44201","Ozone","011","40140","Riverside-San Bernardino-Ontario, CA","06","California","071","San Bernardino","34.89405","-117.02471"
"09/28/2024","AQS","060710001","1","0.069","ppm","97","Barstow","68","400.0000","44201","Ozone","011","40140","Riverside-San Bernardino-Ontario, CA","06","California","071","San Bernardino","34.89405","-117.02471"
"09/29/2024","AQS","060710001","1","0.065","ppm","84","Barstow","68","400.0000","44201","Ozone","011","40140","Riverside-San Bernardino-Ontario, CA","06","California","071","San Bernardino","34.89405","-117.02471"
"09/30/2024","AQS","060710001","1","0.054","ppm","50","Barstow","40","235.0000","44201","Ozone","011","40140","Riverside-San Bernardino-Ontario, CA","06","California","071","San Bernardino","34.89405","-117.02471"
"10/01/2024","AirNow","060710001","1","0.055","ppm","51","Barstow","24","100.0000","44201","Ozone","","40140","Riverside-San Bernardino-Ontario, CA","06","California","071","San Bernardino","34.89405","-117.02471"
"10/02/2024","AirNow","060710001","1","0.052","ppm","48","Barstow","24","100.0000","44201","Ozone","","40140","Riverside-San Bernardino-Ontario, CA","06","California","071","San Bernardino","34.89405","-117.02471"
"10/03/2024","AirNow","060710001","1","0.062","ppm","74","Barstow","24","100.0000","44201","Ozone","","40140","Riverside-San Bernardino-Ontario, CA","06","California","071","San Bernardino","34.89405","-117.02471"
"10/04/2024","AirNow","060710001","1","0.058","ppm","61","Barstow","24","100.0000","44201","Ozone","","40140","Riverside-San Bernardino-Ontario, CA","06","California","071","San Bernardino","34.89405","-117.02471"
"10/05/2024","AirNow","060710001","1","0.053","ppm","49","Barstow","24","100.0000","44201","Ozone","","40140","Riverside-San Bernardino-Ontario, CA","06","California","071","San Bernardino","34.89405","-117.02471"
"10/06/2024","AirNow","060710001","1","0.055","ppm","51","Barstow","24","100.0000","44201","Ozone","","40140","Riverside-San Bernardino-Ontario, CA","06","California","071","San Bernardino","34.89405","-117.02471"
"10/07/2024","AirNow","060710001","1","0.058","ppm","61","Barstow","24","100.0000","44201","Ozone","","40140","Riverside-San Bernardino-Ontario, CA","06","California","071","San Bernardino","34.89405","-117.02471"
"10/08/2024","AirNow","060710001","1","0.062","ppm","74","Barstow","24","100.0000","44201","Ozone","","40140","Riverside-San Bernardino-Ontario, CA","06","California","071","San Bernardino","34.89405","-117.02471"
"10/09/2024","AirNow","060710001","1","0.065","ppm","84","Barstow","24","100.0000","44201","Ozone","","40140","Riverside-San Bernardino-Ontario, CA","06","California","071","San Bernardino","34.89405","-117.02471"
"10/10/2024","AirNow","060710001","1","0.064","ppm","80","Barstow","24","100.0000","44201","Ozone","","40140","Riverside-San Bernardino-Ontario, CA","06","California","071","San Bernardino","34.89405","-117.02471"
"10/11/2024","AirNow","060710001","1","0.06","ppm","67","Barstow","24","100.0000","44201","Ozone","","40140","Riverside-San Bernardino-Ontario, CA","06","California","071","San Bernardino","34.89405","-117.02471"
"10/12/2024","AirNow","060710001","1","0.048","ppm","44","Barstow","24","100.0000","44201","Ozone","","40140","Riverside-San Bernardino-Ontario, CA","06","California","071","San Bernardino","34.89405","-117.02471"
"10/13/2024","AirNow","060710001","1","0.059","ppm","64","Barstow","24","100.0000","44201","Ozone","","40140","Riverside-San Bernardino-Ontario, CA","06","California","071","San Bernardino","34.89405","-117.02471"
"10/14/2024","AirNow","060710001","1","0.054","ppm","50","Barstow","24","100.0000","44201","Ozone","","40140","Riverside-San Bernardino-Ontario, CA","06","California","071","San Bernardino","34.89405","-117.02471"
"10/15/2024","AirNow","060710001","1","0.056","ppm","54","Barstow","24","100.0000","44201","Ozone","","40140","Riverside-San Bernardino-Ontario, CA","06","California","071","San Bernardino","34.89405","-117.02471"
"10/16/2024","AirNow","060710001","1","0.062","ppm","74","Barstow","24","100.0000","44201","Ozone","","40140","Riverside-San Bernardino-Ontario, CA","06","California","071","San Bernardino","34.89405","-117.02471"
"10/17/2024","AirNow","060710001","1","0.051","ppm","47","Barstow","24","100.0000","44201","Ozone","","40140","Riverside-San Bernardino-Ontario, CA","06","California","071","San Bernardino","34.89405","-117.02471"
"10/18/2024","AirNow","060710001","1","0.043","ppm","40","Barstow","24","100.0000","44201","Ozone","","40140","Riverside-San Bernardino-Ontario, CA","06","California","071","San Bernardino","34.89405","-117.02471"
"10/19/2024","AirNow","060710001","1","0.044","ppm","41","Barstow","24","100.0000","44201","Ozone","","40140","Riverside-San Bernardino-Ontario, CA","06","California","071","San Bernardino","34.89405","-117.02471"
"10/20/2024","AirNow","060710001","1","0.042","ppm","39","Barstow","24","100.0000","44201","Ozone","","40140","Riverside-San Bernardino-Ontario, CA","06","California","071","San Bernardino","34.89405","-117.02471"
"10/21/2024","AirNow","060710001","1","0.052","ppm","48","Barstow","24","100.0000","44201","Ozone","","40140","Riverside-San Bernardino-Ontario, CA","06","California","071","San Bernardino","34.89405","-117.02471"
"10/22/2024","AirNow","060710001","1","0.051","ppm","47","Barstow","24","100.0000","44201","Ozone","","40140","Riverside-San Bernardino-Ontario, CA","06","California","071","San Bernardino","34.89405","-117.02471"
"10/23/2024","AirNow","060710001","1","0.051","ppm","47","Barstow","24","100.0000","44201","Ozone","","40140","Riverside-San Bernardino-Ontario, CA","06","California","071","San Bernardino","34.89405","-117.02471"
"10/24/2024","AirNow","060710001","1","0.047","ppm","44","Barstow","24","100.0000","44201","Ozone","","40140","Riverside-San Bernardino-Ontario, CA","06","California","071","San Bernardino","34.89405","-117.02471"
"10/25/2024","AirNow","060710001","1","0.047","ppm","44","Barstow","24","100.0000","44201","Ozone","","40140","Riverside-San Bernardino-Ontario, CA","06","California","071","San Bernardino","34.89405","-117.02471"
"10/26/2024","AirNow","060710001","1","0.058","ppm","61","Barstow","24","100.0000","44201","Ozone","","40140","Riverside-San Bernardino-Ontario, CA","06","California","071","San Bernardino","34.89405","-117.02471"
"10/27/2024","AirNow","060710001","1","0.044","ppm","41","Barstow","24","100.0000","44201","Ozone","","40140","Riverside-San Bernardino-Ontario, CA","06","California","071","San Bernardino","34.89405","-117.02471"
"10/28/2024","AirNow","060710001","1","0.044","ppm","41","Barstow","24","100.0000","44201","Ozone","","40140","Riverside-San Bernardino-Ontario, CA","06","California","071","San Bernardino","34.89405","-117.02471"
"10/29/2024","AirNow","060710001","1","0.045","ppm","42","Barstow","24","100.0000","44201","Ozone","","40140","Riverside-San Bernardino-Ontario, CA","06","California","071","San Bernardino","34.89405","-117.02471"
"10/30/2024","AirNow","060710001","1","0.04","ppm","37","Barstow","24","100.0000","44201","Ozone","","40140","Riverside-San Bernardino-Ontario, CA","06","California","071","San Bernardino","34.89405","-117.02471"
"10/31/2024","AirNow","060710001","1","0.05","ppm","46","Barstow","24","100.0000","44201","Ozone","","40140","Riverside-San Bernardino-Ontario, CA","06","California","071","San Bernardino","34.89405","-117.02471"
"11/01/2024","AirNow","060710001","1","0.05","ppm","46","Barstow","24","100.0000","44201","Ozone","","40140","Riverside-San Bernardino-Ontario, CA","06","California","071","San Bernardino","34.89405","-117.02471"
"11/02/2024","AirNow","060710001","1","0.046","ppm","43","Barstow","24","100.0000","44201","Ozone","","40140","Riverside-San Bernardino-Ontario, CA","06","California","071","San Bernardino","34.89405","-117.02471"
"11/03/2024","AirNow","060710001","1","0.044","ppm","41","Barstow","24","100.0000","44201","Ozone","","40140","Riverside-San Bernardino-Ontario, CA","06","California","071","San Bernardino","34.89405","-117.02471"
"11/04/2024","AirNow","060710001","1","0.04","ppm","37","Barstow","24","100.0000","44201","Ozone","","40140","Riverside-San Bernardino-Ontario, CA","06","California","071","San Bernardino","34.89405","-117.02471"
"11/05/2024","AirNow","060710001","1","0.039","ppm","36","Barstow","24","100.0000","44201","Ozone","","40140","Riverside-San Bernardino-Ontario, CA","06","California","071","San Bernardino","34.89405","-117.02471"
"11/06/2024","AirNow","060710001","1","0.04","ppm","37","Barstow","24","100.0000","44201","Ozone","","40140","Riverside-San Bernardino-Ontario, CA","06","California","071","San Bernardino","34.89405","-117.02471"
"11/07/2024","AirNow","060710001","1","0.036","ppm","33","Barstow","24","100.0000","44201","Ozone","","40140","Riverside-San Bernardino-Ontario, CA","06","California","071","San Bernardino","34.89405","-117.02471"
"11/08/2024","AirNow","060710001","1","0.028","ppm","26","Barstow","24","100.0000","44201","Ozone","","40140","Riverside-San Bernardino-Ontario, CA","06","California","071","San Bernardino","34.89405","-117.02471"
"11/09/2024","AirNow","060710001","1","0.032","ppm","30","Barstow","24","100.0000","44201","Ozone","","40140","Riverside-San Bernardino-Ontario, CA","06","California","071","San Bernardino","34.89405","-117.02471"
"11/10/2024","AirNow","060710001","1","0.031","ppm","29","Barstow","24","100.0000","44201","Ozone","","40140","Riverside-San Bernardino-Ontario, CA","06","California","071","San Bernardino","34.89405","-117.02471"
"11/11/2024","AirNow","060710001","1","0.055","ppm","51","Barstow","24","100.0000","44201","Ozone","","40140","Riverside-San Bernardino-Ontario, CA","06","California","071","San Bernardino","34.89405","-117.02471"
"11/12/2024","AirNow","060710001","1","0.045","ppm","42","Barstow","24","100.0000","44201","Ozone","","40140","Riverside-San Bernardino-Ontario, CA","06","California","071","San Bernardino","34.89405","-117.02471"
"11/13/2024","AirNow","060710001","1","0.031","ppm","29","Barstow","24","100.0000","44201","Ozone","","40140","Riverside-San Bernardino-Ontario, CA","06","California","071","San Bernardino","34.89405","-117.02471"
"11/14/2024","AirNow","060710001","1","0.038","ppm","35","Barstow","24","100.0000","44201","Ozone","","40140","Riverside-San Bernardino-Ontario, CA","06","California","071","San Bernardino","34.89405","-117.02471"
"11/15/2024","AirNow","060710001","1","0.041","ppm","38","Barstow","24","100.0000","44201","Ozone","","40140","Riverside-San Bernardino-Ontario, CA","06","California","071","San Bernardino","34.89405","-117.02471"
"11/16/2024","AirNow","060710001","1","0.037","ppm","34","Barstow","24","100.0000","44201","Ozone","","40140","Riverside-San Bernardino-Ontario, CA","06","California","071","San Bernardino","34.89405","-117.02471"
"11/17/2024","AirNow","060710001","1","0.034","ppm","31","Barstow","24","100.0000","44201","Ozone","","40140","Riverside-San Bernardino-Ontario, CA","06","California","071","San Bernardino","34.89405","-117.02471"
"11/20/2024","AirNow","060710001","1","0.017","ppm","16","Barstow","18","75.0000","44201","Ozone","","40140","Riverside-San Bernardino-Ontario, CA","06","California","071","San Bernardino","34.89405","-117.02471"
"11/21/2024","AirNow","060710001","1","0.03","ppm","28","Barstow","24","100.0000","44201","Ozone","","40140","Riverside-San Bernardino-Ontario, CA","06","California","071","San Bernardino","34.89405","-117.02471"
"11/22/2024","AirNow","060710001","1","0.035","ppm","32","Barstow","24","100.0000","44201","Ozone","","40140","Riverside-San Bernardino-Ontario, CA","06","California","071","San Bernardino","34.89405","-117.02471"
"11/23/2024","AirNow","060710001","1","0.032","ppm","30","Barstow","24","100.0000","44201","Ozone","","40140","Riverside-San Bernardino-Ontario, CA","06","California","071","San Bernardino","34.89405","-117.02471"
"11/24/2024","AirNow","060710001","1","0.04","ppm","37","Barstow","24","100.0000","44201","Ozone","","40140","Riverside-San Bernardino-Ontario, CA","06","California","071","San Bernardino","34.89405","-117.02471"
"11/25/2024","AirNow","060710001","1","0.018","ppm","17","Barstow","24","100.0000","44201","Ozone","","40140","Riverside-San Bernardino-Ontario, CA","06","California","071","San Bernardino","34.89405","-117.02471"
"11/27/2024","AirNow","060710001","1","0.04","ppm","37","Barstow","24","100.0000","44201","Ozone","","40140","Riverside-San Bernardino-Ontario, CA","06","California","071","San Bernardino","34.89405","-117.02471"
"11/28/2024","AirNow","060710001","1","0.038","ppm","35","Barstow","24","100.0000","44201","Ozone","","40140","Riverside-San Bernardino-Ontario, CA","06","California","071","San Bernardino","34.89405","-117.02471"
"11/29/2024","AirNow","060710001","1","0.024","ppm","22","Barstow","24","100.0000","44201","Ozone","","40140","Riverside-San Bernardino-Ontario, CA","06","California","071","San Bernardino","34.89405","-117.02471"
"11/30/2024","AirNow","060710001","1","0.026","ppm","24","Barstow","24","100.0000","44201","Ozone","","40140","Riverside-San Bernardino-Ontario, CA","06","California","071","San Bernardino","34.89405","-117.02471"
"12/01/2024","AirNow","060710001","1","0.031","ppm","29","Barstow","24","100.0000","44201","Ozone","","40140","Riverside-San Bernardino-Ontario, CA","06","California","071","San Bernardino","34.89405","-117.02471"
"12/02/2024","AirNow","060710001","1","0.03","ppm","28","Barstow","24","100.0000","44201","Ozone","","40140","Riverside-San Bernardino-Ontario, CA","06","California","071","San Bernardino","34.89405","-117.02471"
"12/03/2024","AirNow","060710001","1","0.016","ppm","15","Barstow","24","100.0000","44201","Ozone","","40140","Riverside-San Bernardino-Ontario, CA","06","California","071","San Bernardino","34.89405","-117.02471"
"12/04/2024","AirNow","060710001","1","0.02","ppm","19","Barstow","24","100.0000","44201","Ozone","","40140","Riverside-San Bernardino-Ontario, CA","06","California","071","San Bernardino","34.89405","-117.02471"
"12/05/2024","AirNow","060710001","1","0.02","ppm","19","Barstow","24","100.0000","44201","Ozone","","40140","Riverside-San Bernardino-Ontario, CA","06","California","071","San Bernardino","34.89405","-117.02471"
"12/06/2024","AirNow","060710001","1","0.02","ppm","19","Barstow","24","100.0000","44201","Ozone","","40140","Riverside-San Bernardino-Ontario, CA","06","California","071","San Bernardino","34.89405","-117.02471"
"12/07/2024","AirNow","060710001","1","0.022","ppm","20","Barstow","24","100.0000","44201","Ozone","","40140","Riverside-San Bernardino-Ontario, CA","06","California","071","San Bernardino","34.89405","-117.02471"
"12/08/2024","AirNow","060710001","1","0.027","ppm","25","Barstow","24","100.0000","44201","Ozone","","40140","Riverside-San Bernardino-Ontario, CA","06","California","071","San Bernardino","34.89405","-117.02471"
"12/09/2024","AirNow","060710001","1","0.041","ppm","38","Barstow","24","100.0000","44201","Ozone","","40140","Riverside-San Bernardino-Ontario, CA","06","California","071","San Bernardino","34.89405","-117.02471"
"12/10/2024","AirNow","060710001","1","0.036","ppm","33","Barstow","24","100.0000","44201","Ozone","","40140","Riverside-San Bernardino-Ontario, CA","06","California","071","San Bernardino","34.89405","-117.02471"
"12/11/2024","AirNow","060710001","1","0.025","ppm","23","Barstow","24","100.0000","44201","Ozone","","40140","Riverside-San Bernardino-Ontario, CA","06","California","071","San Bernardino","34.89405","-117.02471"
"12/12/2024","AirNow","060710001","1","0.036","ppm","33","Barstow","18","75.0000","44201","Ozone","","40140","Riverside-San Bernardino-Ontario, CA","06","California","071","San Bernardino","34.89405","-117.02471"
"12/13/2024","AirNow","060710001","1","0.039","ppm","36","Barstow","24","100.0000","44201","Ozone","","40140","Riverside-San Bernardino-Ontario, CA","06","California","071","San Bernardino","34.89405","-117.02471"
"12/14/2024","AirNow","060710001","1","0.042","ppm","39","Barstow","24","100.0000","44201","Ozone","","40140","Riverside-San Bernardino-Ontario, CA","06","California","071","San Bernardino","34.89405","-117.02471"
"12/16/2024","AirNow","060710001","1","0.03","ppm","28","Barstow","18","75.0000","44201","Ozone","","40140","Riverside-San Bernardino-Ontario, CA","06","California","071","San Bernardino","34.89405","-117.02471"
"12/17/2024","AirNow","060710001","1","0.035","ppm","32","Barstow","24","100.0000","44201","Ozone","","40140","Riverside-San Bernardino-Ontario, CA","06","California","071","San Bernardino","34.89405","-117.02471"
"12/18/2024","AirNow","060710001","1","0.029","ppm","27","Barstow","24","100.0000","44201","Ozone","","40140","Riverside-San Bernardino-Ontario, CA","06","California","071","San Bernardino","34.89405","-117.02471"
"12/19/2024","AirNow","060710001","1","0.026","ppm","24","Barstow","24","100.0000","44201","Ozone","","40140","Riverside-San Bernardino-Ontario, CA","06","California","071","San Bernardino","34.89405","-117.02471"
"12/20/2024","AirNow","060710001","1","0.026","ppm","24","Barstow","24","100.0000","44201","Ozone","","40140","Riverside-San Bernardino-Ontario, CA","06","California","071","San Bernardino","34.89405","-117.02471"
"12/21/2024","AirNow","060710001","1","0.017","ppm","16","Barstow","24","100.0000","44201","Ozone","","40140","Riverside-San Bernardino-Ontario, CA","06","California","071","San Bernardino","34.89405","-117.02471"
"12/22/2024","AirNow","060710001","1","0.032","ppm","30","Barstow","24","100.0000","44201","Ozone","","40140","Riverside-San Bernardino-Ontario, CA","06","California","071","San Bernardino","34.89405","-117.02471"
"12/23/2024","AirNow","060710001","1","0.028","ppm","26","Barstow","24","100.0000","44201","Ozone","","40140","Riverside-San Bernardino-Ontario, CA","06","California","071","San Bernardino","34.89405","-117.02471"
"12/24/2024","AirNow","060710001","1","0.043","ppm","40","Barstow","24","100.0000","44201","Ozone","","40140","Riverside-San Bernardino-Ontario, CA","06","California","071","San Bernardino","34.89405","-117.02471"
"12/25/2024","AirNow","060710001","1","0.04","ppm","37","Barstow","24","100.0000","44201","Ozone","","40140","Riverside-San Bernardino-Ontario, CA","06","California","071","San Bernardino","34.89405","-117.02471"
"12/26/2024","AirNow","060710001","1","0.041","ppm","38","Barstow","24","100.0000","44201","Ozone","","40140","Riverside-San Bernardino-Ontario, CA","06","California","071","San Bernardino","34.89405","-117.02471"
"12/27/2024","AirNow","060710001","1","0.041","ppm","38","Barstow","24","100.0000","44201","Ozone","","40140","Riverside-San Bernardino-Ontario, CA","06","California","071","San Bernardino","34.89405","-117.02471"
"12/28/2024","AirNow","060710001","1","0.034","ppm","31","Barstow","24","100.0000","44201","Ozone","","40140","Riverside-San Bernardino-Ontario, CA","06","California","071","San Bernardino","34.89405","-117.02471"
"12/29/2024","AirNow","060710001","1","0.038","ppm","35","Barstow","24","100.0000","44201","Ozone","","40140","Riverside-San Bernardino-Ontario, CA","06","California","071","San Bernardino","34.89405","-117.02471"
"12/30/2024","AirNow","060710001","1","0.038","ppm","35","Barstow","24","100.0000","44201","Ozone","","40140","Riverside-San Bernardino-Ontario, CA","06","California","071","San Bernardino","34.89405","-117.02471"
"01/01/2024","AQS","060710005","1","0.037","ppm","34","Crestline","17","100.0000","44201","Ozone","087","40140","Riverside-San Bernardino-Ontario, CA","06","California","071","San Bernardino","34.2431","-117.27235"
"01/02/2024","AQS","060710005","1","0.042","ppm","39","Crestline","17","100.0000","44201","Ozone","087","40140","Riverside-San Bernardino-Ontario, CA","06","California","071","San Bernardino","34.2431","-117.27235"
"01/03/2024","AQS","060710005","1","0.04","ppm","37","Crestline","17","100.0000","44201","Ozone","087","40140","Riverside-San Bernardino-Ontario, CA","06","California","071","San Bernardino","34.2431","-117.27235"
"01/04/2024","AQS","060710005","1","0.042","ppm","39","Crestline","17","100.0000","44201","Ozone","087","40140","Riverside-San Bernardino-Ontario, CA","06","California","071","San Bernardino","34.2431","-117.27235"
"01/05/2024","AQS","060710005","1","0.04","ppm","37","Crestline","17","100.0000","44201","Ozone","087","40140","Riverside-San Bernardino-Ontario, CA","06","California","071","San Bernardino","34.2431","-117.27235"
"01/06/2024","AQS","060710005","1","0.043","ppm","40","Crestline","17","100.0000","44201","Ozone","087","40140","Riverside-San Bernardino-Ontario, CA","06","California","071","San Bernardino","34.2431","-117.27235"
"01/07/2024","AQS","060710005","1","0.039","ppm","36","Crestline","17","100.0000","44201","Ozone","087","40140","Riverside-San Bernardino-Ontario, CA","06","California","071","San Bernardino","34.2431","-117.27235"
"01/08/2024","AQS","060710005","1","0.039","ppm","36","Crestline","17","100.0000","44201","Ozone","087","40140","Riverside-San Bernardino-Ontario, CA","06","California","071","San Bernardino","34.2431","-117.27235"
"01/09/2024","AQS","060710005","1","0.032","ppm","30","Crestline","17","100.0000","44201","Ozone","087","40140","Riverside-San Bernardino-Ontario, CA","06","California","071","San Bernardino","34.2431","-117.27235"
"01/10/2024","AQS","060710005","1","0.035","ppm","32","Crestline","17","100.0000","44201","Ozone","087","40140","Riverside-San Bernardino-Ontario, CA","06","California","071","San Bernardino","34.2431","-117.27235"
"01/11/2024","AQS","060710005","1","0.042","ppm","39","Crestline","17","100.0000","44201","Ozone","087","40140","Riverside-San Bernardino-Ontario, CA","06","California","071","San Bernardino","34.2431","-117.27235"
"01/12/2024","AQS","060710005","1","0.04","ppm","37","Crestline","17","100.0000","44201","Ozone","087","40140","Riverside-San Bernardino-Ontario, CA","06","California","071","San Bernardino","34.2431","-117.27235"
"01/13/2024","AQS","060710005","1","0.038","ppm","35","Crestline","17","100.0000","44201","Ozone","087","40140","Riverside-San Bernardino-Ontario, CA","06","California","071","San Bernardino","34.2431","-117.27235"
"01/14/2024","AQS","060710005","1","0.043","ppm","40","Crestline","17","100.0000","44201","Ozone","087","40140","Riverside-San Bernardino-Ontario, CA","06","California","071","San Bernardino","34.2431","-117.27235"
"01/15/2024","AQS","060710005","1","0.039","ppm","36","Crestline","17","100.0000","44201","Ozone","087","40140","Riverside-San Bernardino-Ontario, CA","06","California","071","San Bernardino","34.2431","-117.27235"
"01/16/2024","AQS","060710005","1","0.047","ppm","44","Crestline","17","100.0000","44201","Ozone","087","40140","Riverside-San Bernardino-Ontario, CA","06","California","071","San Bernardino","34.2431","-117.27235"
"01/17/2024","AQS","060710005","1","0.044","ppm","41","Crestline","17","100.0000","44201","Ozone","087","40140","Riverside-San Bernardino-Ontario, CA","06","California","071","San Bernardino","34.2431","-117.27235"
"01/18/2024","AQS","060710005","1","0.038","ppm","35","Crestline","17","100.0000","44201","Ozone","087","40140","Riverside-San Bernardino-Ontario, CA","06","California","071","San Bernardino","34.2431","-117.27235"
"01/19/2024","AQS","060710005","1","0.043","ppm","40","Crestline","17","100.0000","44201","Ozone","087","40140","Riverside-San Bernardino-Ontario, CA","06","California","071","San Bernardino","34.2431","-117.27235"
"01/20/2024","AirNow","060710005","1","0.039","ppm","36","Crestline","24","100.0000","44201","Ozone","","40140","Riverside-San Bernardino-Ontario, CA","06","California","071","San Bernardino","34.2431","-117.27235"
"01/21/2024","AirNow","060710005","1","0.041","ppm","38","Crestline","24","100.0000","44201","Ozone","","40140","Riverside-San Bernardino-Ontario, CA","06","California","071","San Bernardino","34.2431","-117.27235"
"01/22/2024","AirNow","060710005","1","0.039","ppm","36","Crestline","24","100.0000","44201","Ozone","","40140","Riverside-San Bernardino-Ontario, CA","06","California","071","San Bernardino","34.2431","-117.27235"
"01/23/2024","AQS","060710005","1","0.038","ppm","35","Crestline","17","100.0000","44201","Ozone","087","40140","Riverside-San Bernardino-Ontario, CA","06","California","071","San Bernardino","34.2431","-117.27235"
"01/24/2024","AQS","060710005","1","0.029","ppm","27","Crestline","17","100.0000","44201","Ozone","087","40140","Riverside-San Bernardino-Ontario, CA","06","California","071","San Bernardino","34.2431","-117.27235"
"01/25/2024","AQS","060710005","1","0.037","ppm","34","Crestline","17","100.0000","44201","Ozone","087","40140","Riverside-San Bernardino-Ontario, CA","06","California","071","San Bernardino","34.2431","-117.27235"
"01/26/2024","AQS","060710005","1","0.044","ppm","41","Crestline","17","100.0000","44201","Ozone","087","40140","Riverside-San Bernardino-Ontario, CA","06","California","071","San Bernardino","34.2431","-117.27235"
"01/27/2024","AQS","060710005","1","0.041","ppm","38","Crestline","17","100.0000","44201","Ozone","087","40140","Riverside-San Bernardino-Ontario, CA","06","California","071","San Bernardino","34.2431","-117.27235"
"01/28/2024","AQS","060710005","1","0.037","ppm","34","Crestline","17","100.0000","44201","Ozone","087","40140","Riverside-San Bernardino-Ontario, CA","06","California","071","San Bernardino","34.2431","-117.27235"
"01/29/2024","AQS","060710005","1","0.036","ppm","33","Crestline","17","100.0000","44201","Ozone","087","40140","Riverside-San Bernardino-Ontario, CA","06","California","071","San Bernardino","34.2431","-117.27235"
"01/30/2024","AQS","060710005","1","0.043","ppm","40","Crestline","17","100.0000","44201","Ozone","087","40140","Riverside-San Bernardino-Ontario, CA","06","California","071","San Bernardino","34.2431","-117.27235"
"01/31/2024","AQS","060710005","1","0.049","ppm","45","Crestline","17","100.0000","44201","Ozone","087","40140","Riverside-San Bernardino-Ontario, CA","06","California","071","San Bernardino","34.2431","-117.27235"
"02/01/2024","AQS","060710005","1","0.04","ppm","37","Crestline","17","100.0000","44201","Ozone","087","40140","Riverside-San Bernardino-Ontario, CA","06","California","071","San Bernardino","34.2431","-117.27235"
"02/02/2024","AQS","060710005","1","0.04","ppm","37","Crestline","17","100.0000","44201","Ozone","087","40140","Riverside-San Bernardino-Ontario, CA","06","California","071","San Bernardino","34.2431","-117.27235"
"02/03/2024","AQS","060710005","1","0.042","ppm","39","Crestline","17","100.0000","44201","Ozone","087","40140","Riverside-San Bernardino-Ontario, CA","06","California","071","San Bernardino","34.2431","-117.27235"
"02/04/2024","AQS","060710005","1","0.04","ppm","37","Crestline","17","100.0000","44201","Ozone","087","40140","Riverside-San Bernardino-Ontario, CA","06","California","071","San Bernardino","34.2431","-117.27235"
"02/05/2024","AQS","060710005","1","0.044","ppm","41","Crestline","17","100.0000","44201","Ozone","087","40140","Riverside-San Bernardino-Ontario, CA","06","California","071","San Bernardino","34.2431","-117.27235"
"02/06/2024","AQS","060710005","1","0.045","ppm","42","Crestline","17","100.0000","44201","Ozone","087","40140","Riverside-San Bernardino-Ontario, CA","06","California","071","San Bernardino","34.2431","-117.27235"
"02/07/2024","AQS","060710005","1","0.042","ppm","39","Crestline","17","100.0000","44201","Ozone","087","40140","Riverside-San Bernardino-Ontario, CA","06","California","071","San Bernardino","34.2431","-117.27235"
"02/08/2024","AQS","060710005","1","0.041","ppm","38","Crestline","17","100.0000","44201","Ozone","087","40140","Riverside-San Bernardino-Ontario, CA","06","California","071","San Bernardino","34.2431","-117.27235"
"02/09/2024","AQS","060710005","1","0.037","ppm","34","Crestline","17","100.0000","44201","Ozone","087","40140","Riverside-San Bernardino-Ontario, CA","06","California","071","San Bernardino","34.2431","-117.27235"
"02/10/2024","AQS","060710005","1","0.038","ppm","35","Crestline","17","100.0000","44201","Ozone","087","40140","Riverside-San Bernardino-Ontario, CA","06","California","071","San Bernardino","34.2431","-117.27235"
"02/11/2024","AQS","060710005","1","0.04","ppm","37","Crestline","17","100.0000","44201","Ozone","087","40140","Riverside-San Bernardino-Ontario, CA","06","California","071","San Bernardino","34.2431","-117.27235"
"02/12/2024","AQS","060710005","1","0.041","ppm","38","Crestline","17","100.0000","44201","Ozone","087","40140","Riverside-San Bernardino-Ontario, CA","06","California","071","San Bernardino","34.2431","-117.27235"
"02/13/2024","AQS","060710005","1","0.046","ppm","43","Crestline","17","100.0000","44201","Ozone","087","40140","Riverside-San Bernardino-Ontario, CA","06","California","071","San Bernardino","34.2431","-117.27235"
"02/14/2024","AQS","060710005","1","0.049","ppm","45","Crestline","17","100.0000","44201","Ozone","087","40140","Riverside-San Bernardino-Ontario, CA","06","California","071","San Bernardino","34.2431","-117.27235"
"02/15/2024","AQS","060710005","1","0.042","ppm","39","Crestline","17","100.0000","44201","Ozone","087","40140","Riverside-San Bernardino-Ontario, CA","06","California","071","San Bernardino","34.2431","-117.27235"
"02/16/2024","AQS","060710005","1","0.044","ppm","41","Crestline","17","100.0000","44201","Ozone","087","40140","Riverside-San Bernardino-Ontario, CA","06","California","071","San Bernardino","34.2431","-117.27235"
"02/17/2024","AQS","060710005","1","0.052","ppm","48","Crestline","17","100.0000","44201","Ozone","087","40140","Riverside-San Bernardino-Ontario, CA","06","California","071","San Bernardino","34.2431","-117.27235"
"02/18/2024","AQS","060710005","1","0.041","ppm","38","Crestline","17","100.0000","44201","Ozone","087","40140","Riverside-San Bernardino-Ontario, CA","06","California","071","San Bernardino","34.2431","-117.27235"
"02/19/2024","AQS","060710005","1","0.033","ppm","31","Crestline","17","100.0000","44201","Ozone","087","40140","Riverside-San Bernardino-Ontario, CA","06","California","071","San Bernardino","34.2431","-117.27235"
"02/20/2024","AQS","060710005","1","0.041","ppm","38","Crestline","17","100.0000","44201","Ozone","087","40140","Riverside-San Bernardino-Ontario, CA","06","California","071","San Bernardino","34.2431","-117.27235"
"02/21/2024","AQS","060710005","1","0.041","ppm","38","Crestline","17","100.0000","44201","Ozone","087","40140","Riverside-San Bernardino-Ontario, CA","06","California","071","San Bernardino","34.2431","-117.27235"
"02/22/2024","AQS","060710005","1","0.041","ppm","38","Crestline","17","100.0000","44201","Ozone","087","40140","Riverside-San Bernardino-Ontario, CA","06","California","071","San Bernardino","34.2431","-117.27235"
"02/23/2024","AQS","060710005","1","0.039","ppm","36","Crestline","17","100.0000","44201","Ozone","087","40140","Riverside-San Bernardino-Ontario, CA","06","California","071","San Bernardino","34.2431","-117.27235"
"02/24/2024","AQS","060710005","1","0.046","ppm","43","Crestline","17","100.0000","44201","Ozone","087","40140","Riverside-San Bernardino-Ontario, CA","06","California","071","San Bernardino","34.2431","-117.27235"
"02/25/2024","AQS","060710005","1","0.048","ppm","44","Crestline","17","100.0000","44201","Ozone","087","40140","Riverside-San Bernardino-Ontario, CA","06","California","071","San Bernardino","34.2431","-117.27235"
"02/26/2024","AQS","060710005","1","0.044","ppm","41","Crestline","17","100.0000","44201","Ozone","087","40140","Riverside-San Bernardino-Ontario, CA","06","California","071","San Bernardino","34.2431","-117.27235"
"02/27/2024","AQS","060710005","1","0.036","ppm","33","Crestline","17","100.0000","44201","Ozone","087","40140","Riverside-San Bernardino-Ontario, CA","06","California","071","San Bernardino","34.2431","-117.27235"
"02/28/2024","AQS","060710005","1","0.044","ppm","41","Crestline","17","100.0000","44201","Ozone","087","40140","Riverside-San Bernardino-Ontario, CA","06","California","071","San Bernardino","34.2431","-117.27235"
"02/29/2024","AQS","060710005","1","0.041","ppm","38","Crestline","17","100.0000","44201","Ozone","087","40140","Riverside-San Bernardino-Ontario, CA","06","California","071","San Bernardino","34.2431","-117.27235"
"03/01/2024","AQS","060710005","1","0.042","ppm","39","Crestline","17","100.0000","44201","Ozone","087","40140","Riverside-San Bernardino-Ontario, CA","06","California","071","San Bernardino","34.2431","-117.27235"
"03/02/2024","AQS","060710005","1","0.041","ppm","38","Crestline","17","100.0000","44201","Ozone","087","40140","Riverside-San Bernardino-Ontario, CA","06","California","071","San Bernardino","34.2431","-117.27235"
"03/03/2024","AQS","060710005","1","0.041","ppm","38","Crestline","17","100.0000","44201","Ozone","087","40140","Riverside-San Bernardino-Ontario, CA","06","California","071","San Bernardino","34.2431","-117.27235"
"03/04/2024","AQS","060710005","1","0.04","ppm","37","Crestline","17","100.0000","44201","Ozone","087","40140","Riverside-San Bernardino-Ontario, CA","06","California","071","San Bernardino","34.2431","-117.27235"
"03/05/2024","AQS","060710005","1","0.043","ppm","40","Crestline","17","100.0000","44201","Ozone","087","40140","Riverside-San Bernardino-Ontario, CA","06","California","071","San Bernardino","34.2431","-117.27235"
"03/06/2024","AQS","060710005","1","0.04","ppm","37","Crestline","17","100.0000","44201","Ozone","087","40140","Riverside-San Bernardino-Ontario, CA","06","California","071","San Bernardino","34.2431","-117.27235"
"03/07/2024","AQS","060710005","1","0.034","ppm","31","Crestline","17","100.0000","44201","Ozone","087","40140","Riverside-San Bernardino-Ontario, CA","06","California","071","San Bernardino","34.2431","-117.27235"
"03/08/2024","AQS","060710005","1","0.04","ppm","37","Crestline","17","100.0000","44201","Ozone","087","40140","Riverside-San Bernardino-Ontario, CA","06","California","071","San Bernardino","34.2431","-117.27235"
"03/09/2024","AQS","060710005","1","0.049","ppm","45","Crestline","17","100.0000","44201","Ozone","087","40140","Riverside-San Bernardino-Ontario, CA","06","California","071","San Bernardino","34.2431","-117.27235"
"03/10/2024","AQS","060710005","1","0.055","ppm","51","Crestline","17","100.0000","44201","Ozone","087","40140","Riverside-San Bernardino-Ontario, CA","06","California","071","San Bernardino","34.2431","-117.27235"
"03/11/2024","AQS","060710005","1","0.043","ppm","40","Crestline","17","100.0000","44201","Ozone","087","40140","Riverside-San Bernardino-Ontario, CA","06","California","071","San Bernardino","34.2431","-117.27235"
"03/12/2024","AQS","060710005","1","0.033","ppm","31","Crestline","17","100.0000","44201","Ozone","087","40140","Riverside-San Bernardino-Ontario, CA","06","California","071","San Bernardino","34.2431","-117.27235"
"03/13/2024","AQS","060710005","1","0.045","ppm","42","Crestline","17","100.0000","44201","Ozone","087","40140","Riverside-San Bernardino-Ontario, CA","06","California","071","San Bernardino","34.2431","-117.27235"
"03/14/2024","AQS","060710005","1","0.044","ppm","41","Crestline","17","100.0000","44201","Ozone","087","40140","Riverside-San Bernardino-Ontario, CA","06","California","071","San Bernardino","34.2431","-117.27235"
"03/15/2024","AQS","060710005","1","0.037","ppm","34","Crestline","17","100.0000","44201","Ozone","087","40140","Riverside-San Bernardino-Ontario, CA","06","California","071","San Bernardino","34.2431","-117.27235"
"03/16/2024","AQS","060710005","1","0.038","ppm","35","Crestline","17","100.0000","44201","Ozone","087","40140","Riverside-San Bernardino-Ontario, CA","06","California","071","San Bernardino","34.2431","-117.27235"
"03/17/2024","AQS","060710005","1","0.046","ppm","43","Crestline","17","100.0000","44201","Ozone","087","40140","Riverside-San Bernardino-Ontario, CA","06","California","071","San Bernardino","34.2431","-117.27235"
"03/18/2024","AQS","060710005","1","0.045","ppm","42","Crestline","17","100.0000","44201","Ozone","087","40140","Riverside-San Bernardino-Ontario, CA","06","California","071","San Bernardino","34.2431","-117.27235"
"03/19/2024","AQS","060710005","1","0.051","ppm","47","Crestline","17","100.0000","44201","Ozone","087","40140","Riverside-San Bernardino-Ontario, CA","06","California","071","San Bernardino","34.2431","-117.27235"
"03/20/2024","AQS","060710005","1","0.06","ppm","67","Crestline","17","100.0000","44201","Ozone","087","40140","Riverside-San Bernardino-Ontario, CA","06","California","071","San Bernardino","34.2431","-117.27235"
"03/21/2024","AQS","060710005","1","0.06","ppm","67","Crestline","17","100.0000","44201","Ozone","087","40140","Riverside-San Bernardino-Ontario, CA","06","California","071","San Bernardino","34.2431","-117.27235"
"03/22/2024","AQS","060710005","1","0.059","ppm","64","Crestline","17","100.0000","44201","Ozone","087","40140","Riverside-San Bernardino-Ontario, CA","06","California","071","San Bernardino","34.2431","-117.27235"
"03/23/2024","AQS","060710005","1","0.042","ppm","39","Crestline","17","100.0000","44201","Ozone","087","40140","Riverside-San Bernardino-Ontario, CA","06","California","071","San Bernardino","34.2431","-117.27235"
"03/24/2024","AQS","060710005","1","0.042","ppm","39","Crestline","17","100.0000","44201","Ozone","087","40140","Riverside-San Bernardino-Ontario, CA","06","California","071","San Bernardino","34.2431","-117.27235"
"03/25/2024","AQS","060710005","1","0.042","ppm","39","Crestline","17","100.0000","44201","Ozone","087","40140","Riverside-San Bernardino-Ontario, CA","06","California","071","San Bernardino","34.2431","-117.27235"
"03/26/2024","AQS","060710005","1","0.044","ppm","41","Crestline","17","100.0000","44201","Ozone","087","40140","Riverside-San Bernardino-Ontario, CA","06","California","071","San Bernardino","34.2431","-117.27235"
"03/27/2024","AQS","060710005","1","0.058","ppm","61","Crestline","17","100.0000","44201","Ozone","087","40140","Riverside-San Bernardino-Ontario, CA","06","California","071","San Bernardino","34.2431","-117.27235"
"03/28/2024","AQS","060710005","1","0.051","ppm","47","Crestline","17","100.0000","44201","Ozone","087","40140","Riverside-San Bernardino-Ontario, CA","06","California","071","San Bernardino","34.2431","-117.27235"
"03/29/2024","AQS","060710005","1","0.049","ppm","45","Crestline","17","100.0000","44201","Ozone","087","40140","Riverside-San Bernardino-Ontario, CA","06","California","071","San Bernardino","34.2431","-117.27235"
"03/30/2024","AQS","060710005","1","0.049","ppm","45","Crestline","17","100.0000","44201","Ozone","087","40140","Riverside-San Bernardino-Ontario, CA","06","California","071","San Bernardino","34.2431","-117.27235"
"03/31/2024","AQS","060710005","1","0.05","ppm","46","Crestline","17","100.0000","44201","Ozone","087","40140","Riverside-San Bernardino-Ontario, CA","06","California","071","San Bernardino","34.2431","-117.27235"
"04/01/2024","AQS","060710005","1","0.044","ppm","41","Crestline","68","400.0000","44201","Ozone","014","40140","Riverside-San Bernardino-Ontario, CA","06","California","071","San Bernardino","34.2431","-117.27235"
"04/02/2024","AQS","060710005","1","0.047","ppm","44","Crestline","68","400.0000","44201","Ozone","014","40140","Riverside-San Bernardino-Ontario, CA","06","California","071","San Bernardino","34.2431","-117.27235"
"04/03/2024","AQS","060710005","1","0.06","ppm","67","Crestline","68","400.0000","44201","Ozone","014","40140","Riverside-San Bernardino-Ontario, CA","06","California","071","San Bernardino","34.2431","-117.27235"
"04/04/2024","AQS","060710005","1","0.045","ppm","42","Crestline","68","400.0000","44201","Ozone","014","40140","Riverside-San Bernardino-Ontario, CA","06","California","071","San Bernardino","34.2431","-117.27235"
"04/05/2024","AQS","060710005","1","0.046","ppm","43","Crestline","68","400.0000","44201","Ozone","014","40140","Riverside-San Bernardino-Ontario, CA","06","California","071","San Bernardino","34.2431","-117.27235"
"04/06/2024","AQS","060710005","1","0.049","ppm","45","Crestline","68","400.0000","44201","Ozone","014","40140","Riverside-San Bernardino-Ontario, CA","06","California","071","San Bernardino","34.2431","-117.27235"
"04/07/2024","AQS","060710005","1","0.056","ppm","54","Crestline","68","400.0000","44201","Ozone","014","40140","Riverside-San Bernardino-Ontario, CA","06","California","071","San Bernardino","34.2431","-117.27235"
"04/08/2024","AQS","060710005","1","0.053","ppm","49","Crestline","68","400.0000","44201","Ozone","014","40140","Riverside-San Bernardino-Ontario, CA","06","California","071","San Bernardino","34.2431","-117.27235"
"04/09/2024","AQS","060710005","1","0.053","ppm","49","Crestline","68","400.0000","44201","Ozone","014","40140","Riverside-San Bernardino-Ontario, CA","06","California","071","San Bernardino","34.2431","-117.27235"
"04/10/2024","AQS","060710005","1","0.061","ppm","71","Crestline","68","400.0000","44201","Ozone","014","40140","Riverside-San Bernardino-Ontario, CA","06","California","071","San Bernardino","34.2431","-117.27235"
"04/11/2024","AQS","060710005","1","0.071","ppm","101","Crestline","68","400.0000","44201","Ozone","014","40140","Riverside-San Bernardino-Ontario, CA","06","California","071","San Bernardino","34.2431","-117.27235"
"04/12/2024","AQS","060710005","1","0.061","ppm","71","Crestline","68","400.0000","44201","Ozone","014","40140","Riverside-San Bernardino-Ontario, CA","06","California","071","San Bernardino","34.2431","-117.27235"
"04/13/2024","AQS","060710005","1","0.058","ppm","61","Crestline","68","400.0000","44201","Ozone","014","40140","Riverside-San Bernardino-Ontario, CA","06","California","071","San Bernardino","34.2431","-117.27235"
"04/14/2024","AQS","060710005","1","0.052","ppm","48","Crestline","68","400.0000","44201","Ozone","014","40140","Riverside-San Bernardino-Ontario, CA","06","California","071","San Bernardino","34.2431","-117.27235"
"04/15/2024","AQS","060710005","1","0.056","ppm","54","Crestline","68","400.0000","44201","Ozone","014","40140","Riverside-San Bernardino-Ontario, CA","06","California","071","San Bernardino","34.2431","-117.27235"
"04/16/2024","AQS","060710005","1","0.065","ppm","84","Crestline","68","400.0000","44201","Ozone","014","40140","Riverside-San Bernardino-Ontario, CA","06","California","071","San Bernardino","34.2431","-117.27235"
"04/17/2024","AQS","060710005","1","0.079","ppm","129","Crestline","68","400.0000","44201","Ozone","014","40140","Riverside-San Bernardino-Ontario, CA","06","California","071","San Bernardino","34.2431","-117.27235"
"04/18/2024","AQS","060710005","1","0.071","ppm","101","Crestline","68","400.0000","44201","Ozone","014","40140","Riverside-San Bernardino-Ontario, CA","06","California","071","San Bernardino","34.2431","-117.27235"
"04/19/2024","AQS","060710005","1","0.056","ppm","54","Crestline","68","400.0000","44201","Ozone","014","40140","Riverside-San Bernardino-Ontario, CA","06","California","071","San Bernardino","34.2431","-117.27235"
"04/20/2024","AQS","060710005","1","0.058","ppm","61","Crestline","68","400.0000","44201","Ozone","014","40140","Riverside-San Bernardino-Ontario, CA","06","California","071","San Bernardino","34.2431","-117.27235"
"04/21/2024","AQS","060710005","1","0.077","ppm","122","Crestline","68","400.0000","44201","Ozone","014","40140","Riverside-San Bernardino-Ontario, CA","06","California","071","San Bernardino","34.2431","-117.27235"
"04/22/2024","AQS","060710005","1","0.076","ppm","119","Crestline","68","400.0000","44201","Ozone","014","40140","Riverside-San Bernardino-Ontario, CA","06","California","071","San Bernardino","34.2431","-117.27235"
"04/24/2024","AQS","060710005","1","0.052","ppm","48","Crestline","56","329.0000","44201","Ozone","014","40140","Riverside-San Bernardino-Ontario, CA","06","California","071","San Bernardino","34.2431","-117.27235"
"04/25/2024","AQS","060710005","1","0.043","ppm","40","Crestline","68","400.0000","44201","Ozone","014","40140","Riverside-San Bernardino-Ontario, CA","06","California","071","San Bernardino","34.2431","-117.27235"
"04/26/2024","AQS","060710005","1","0.037","ppm","34","Crestline","68","400.0000","44201","Ozone","014","40140","Riverside-San Bernardino-Ontario, CA","06","California","071","San Bernardino","34.2431","-117.27235"
"04/27/2024","AQS","060710005","1","0.052","ppm","48","Crestline","68","400.0000","44201","Ozone","014","40140","Riverside-San Bernardino-Ontario, CA","06","California","071","San Bernardino","34.2431","-117.27235"
"04/28/2024","AQS","060710005","1","0.062","ppm","74","Crestline","68","400.0000","44201","Ozone","014","40140","Riverside-San Bernardino-Ontario, CA","06","California","071","San Bernardino","34.2431","-117.27235"
"04/29/2024","AQS","060710005","1","0.068","ppm","93","Crestline","68","400.0000","44201","Ozone","014","40140","Riverside-San Bernardino-Ontario, CA","06","California","071","San Bernardino","34.2431","-117.27235"
"04/30/2024","AQS","060710005","1","0.075","ppm","115","Crestline","68","400.0000","44201","Ozone","014","40140","Riverside-San Bernardino-Ontario, CA","06","California","071","San Bernardino","34.2431","-117.27235"
"05/01/2024","AQS","060710005","1","0.061","ppm","71","Crestline","68","400.0000","44201","Ozone","014","40140","Riverside-San Bernardino-Ontario, CA","06","California","071","San Bernardino","34.2431","-117.27235"
"05/02/2024","AQS","060710005","1","0.067","ppm","90","Crestline","56","329.0000","44201","Ozone","014","40140","Riverside-San Bernardino-Ontario, CA","06","California","071","San Bernardino","34.2431","-117.27235"
"05/03/2024","AQS","060710005","1","0.063","ppm","77","Crestline","68","400.0000","44201","Ozone","014","40140","Riverside-San Bernardino-Ontario, CA","06","California","071","San Bernardino","34.2431","-117.27235"
"05/04/2024","AQS","060710005","1","0.05","ppm","46","Crestline","68","400.0000","44201","Ozone","014","40140","Riverside-San Bernardino-Ontario, CA","06","California","071","San Bernardino","34.2431","-117.27235"
"05/05/2024","AQS","060710005","1","0.052","ppm","48","Crestline","68","400.0000","44201","Ozone","014","40140","Riverside-San Bernardino-Ontario, CA","06","California","071","San Bernardino","34.2431","-117.27235"
"05/06/2024","AQS","060710005","1","0.053","ppm","49","Crestline","68","400.0000","44201","Ozone","014","40140","Riverside-San Bernardino-Ontario, CA","06","California","071","San Bernardino","34.2431","-117.27235"
"05/07/2024","AQS","060710005","1","0.071","ppm","101","Crestline","68","400.0000","44201","Ozone","014","40140","Riverside-San Bernardino-Ontario, CA","06","California","071","San Bernardino","34.2431","-117.27235"
"05/08/2024","AQS","060710005","1","0.054","ppm","50","Crestline","68","400.0000","44201","Ozone","014","40140","Riverside-San Bernardino-Ontario, CA","06","California","071","San Bernardino","34.2431","-117.27235"
"05/09/2024","AQS","060710005","1","0.047","ppm","44","Crestline","68","400.0000","44201","Ozone","014","40140","Riverside-San Bernardino-Ontario, CA","06","California","071","San Bernardino","34.2431","-117.27235"
"05/10/2024","AQS","060710005","1","0.06","ppm","67","Crestline","60","353.0000","44201","Ozone","014","40140","Riverside-San Bernardino-Ontario, CA","06","California","071","San Bernardino","34.2431","-117.27235"
"05/11/2024","AQS","060710005","1","0.062","ppm","74","Crestline","68","400.0000","44201","Ozone","014","40140","Riverside-San Bernardino-Ontario, CA","06","California","071","San Bernardino","34.2431","-117.27235"
"05/12/2024","AQS","060710005","1","0.076","ppm","119","Crestline","68","400.0000","44201","Ozone","014","40140","Riverside-San Bernardino-Ontario, CA","06","California","071","San Bernardino","34.2431","-117.27235"
"05/13/2024","AQS","060710005","1","0.068","ppm","93","Crestline","68","400.0000","44201","Ozone","014","40140","Riverside-San Bernardino-Ontario, CA","06","California","071","San Bernardino","34.2431","-117.27235"
"05/14/2024","AQS","060710005","1","0.066","ppm","87","Crestline","68","400.0000","44201","Ozone","014","40140","Riverside-San Bernardino-Ontario, CA","06","California","071","San Bernardino","34.2431","-117.27235"
"05/15/2024","AQS","060710005","1","0.067","ppm","90","Crestline","68","400.0000","44201","Ozone","014","40140","Riverside-San Bernardino-Ontario, CA","06","California","071","San Bernardino","34.2431","-117.27235"
"05/16/2024","AQS","060710005","1","0.067","ppm","90","Crestline","68","400.0000","44201","Ozone","014","40140","Riverside-San Bernardino-Ontario, CA","06","California","071","San Bernardino","34.2431","-117.27235"
"05/17/2024","AQS","060710005","1","0.063","ppm","77","Crestline","68","400.0000","44201","Ozone","014","40140","Riverside-San Bernardino-Ontario, CA","06","California","071","San Bernardino","34.2431","-117.27235"
"05/18/2024","AQS","060710005","1","0.077","ppm","122","Crestline","68","400.0000","44201","Ozone","014","40140","Riverside-San Bernardino-Ontario, CA","06","California","071","San Bernardino","34.2431","-117.27235"
"05/19/2024","AQS","060710005","1","0.073","ppm","108","Crestline","68","400.0000","44201","Ozone","014","40140","Riverside-San Bernardino-Ontario, CA","06","California","071","San Bernardino","34.2431","-117.27235"
"05/20/2024","AQS","060710005","1","0.055","ppm","51","Crestline","68","400.0000","44201","Ozone","014","40140","Riverside-San Bernardino-Ontario, CA","06","California","071","San Bernardino","34.2431","-117.27235"
"05/21/2024","AQS","060710005","1","0.066","ppm","87","Crestline","68","400.0000","44201","Ozone","014","40140","Riverside-San Bernardino-Ontario, CA","06","California","071","San Bernardino","34.2431","-117.27235"
"05/22/2024","AQS","060710005","1","0.073","ppm","108","Crestline","68","400.0000","44201","Ozone","014","40140","Riverside-San Bernardino-Ontario, CA","06","California","071","San Bernardino","34.2431","-117.27235"
"05/23/2024","AQS","060710005","1","0.057","ppm","58","Crestline","68","400.0000","44201","Ozone","014","40140","Riverside-San Bernardino-Ontario, CA","06","California","071","San Bernardino","34.2431","-117.27235"
"05/24/2024","AQS","060710005","1","0.046","ppm","43","Crestline","68","400.0000","44201","Ozone","014","40140","Riverside-San Bernardino-Ontario, CA","06","California","071","San Bernardino","34.2431","-117.27235"
"05/25/2024","AQS","060710005","1","0.049","ppm","45","Crestline","68","400.0000","44201","Ozone","014","40140","Riverside-San Bernardino-Ontario, CA","06","California","071","San Bernardino","34.2431","-117.27235"
"05/26/2024","AQS","060710005","1","0.055","ppm","51","Crestline","68","400.0000","44201","Ozone","014","40140","Riverside-San Bernardino-Ontario, CA","06","California","071","San Bernardino","34.2431","-117.27235"
"05/27/2024","AQS","060710005","1","0.062","ppm","74","Crestline","68","400.0000","44201","Ozone","014","40140","Riverside-San Bernardino-Ontario, CA","06","California","071","San Bernardino","34.2431","-117.27235"
"05/28/2024","AQS","060710005","1","0.069","ppm","97","Crestline","68","400.0000","44201","Ozone","014","40140","Riverside-San Bernardino-Ontario, CA","06","California","071","San Bernardino","34.2431","-117.27235"
"05/29/2024","AQS","060710005","1","0.072","ppm","105","Crestline","68","400.0000","44201","Ozone","014","40140","Riverside-San Bernardino-Ontario, CA","06","California","071","San Bernardino","34.2431","-117.27235"
"05/30/2024","AQS","060710005","1","0.093","ppm","169","Crestline","56","329.0000","44201","Ozone","014","40140","Riverside-San Bernardino-Ontario, CA","06","California","071","San Bernardino","34.2431","-117.27235"
"05/31/2024","AQS","060710005","1","0.088","ppm","156","Crestline","68","400.0000","44201","Ozone","014","40140","Riverside-San Bernardino-Ontario, CA","06","California","071","San Bernardino","34.2431","-117.27235"
"06/01/2024","AQS","060710005","1","0.079","ppm","129","Crestline","68","400.0000","44201","Ozone","014","40140","Riverside-San Bernardino-Ontario, CA","06","California","071","San Bernardino","34.2431","-117.27235"
"06/02/2024","AQS","060710005","1","0.054","ppm","50","Crestline","68","400.0000","44201","Ozone","014","40140","Riverside-San Bernardino-Ontario, CA","06","California","071","San Bernardino","34.2431","-117.27235"
"06/03/2024","AQS","060710005","1","0.059","ppm","64","Crestline","68","400.0000","44201","Ozone","014","40140","Riverside-San Bernardino-Ontario, CA","06","California","071","San Bernardino","34.2431","-117.27235"
"06/04/2024","AQS","060710005","1","0.069","ppm","97","Crestline","68","400.0000","44201","Ozone","014","40140","Riverside-San Bernardino-Ontario, CA","06","California","071","San Bernardino","34.2431","-117.27235"
"06/05/2024","AQS","060710005","1","0.084","ppm","147","Crestline","68","400.0000","44201","Ozone","014","40140","Riverside-San Bernardino-Ontario, CA","06","California","071","San Bernardino","34.2431","-117.27235"
"06/06/2024","AQS","060710005","1","0.106","ppm","201","Crestline","68","400.0000","44201","Ozone","014","40140","Riverside-San Bernardino-Ontario, CA","06","California","071","San Bernardino","34.2431","-117.27235"
"06/07/2024","AQS","060710005","1","0.084","ppm","147","Crestline","68","400.0000","44201","Ozone","014","40140","Riverside-San Bernardino-Ontario, CA","06","California","071","San Bernardino","34.2431","-117.27235"
"06/08/2024","AQS","060710005","1","0.068","ppm","93","Crestline","68","400.0000","44201","Ozone","014","40140","Riverside-San Bernardino-Ontario, CA","06","California","071","San Bernardino","34.2431","-117.27235"
"06/09/2024","AQS","060710005","1","0.062","ppm","74","Crestline","68","400.0000","44201","Ozone","014","40140","Riverside-San Bernardino-Ontario, CA","06","California","071","San Bernardino","34.2431","-117.27235"
"06/10/2024","AQS","060710005","1","0.063","ppm","77","Crestline","68","400.0000","44201","Ozone","014","40140","Riverside-San Bernardino-Ontario, CA","06","California","071","San Bernardino","34.2431","-117.27235"
"06/11/2024","AQS","060710005","1","0.068","ppm","93","Crestline","68","400.0000","44201","Ozone","014","40140","Riverside-San Bernardino-Ontario, CA","06","California","071","San Bernardino","34.2431","-117.27235"
"06/12/2024","AQS","060710005","1","0.083","ppm","143","Crestline","68","400.0000","44201","Ozone","014","40140","Riverside-San Bernardino-Ontario, CA","06","California","071","San Bernardino","34.2431","-117.27235"
"06/13/2024","AQS","060710005","1","0.064","ppm","80","Crestline","68","400.0000","44201","Ozone","014","40140","Riverside-San Bernardino-Ontario, CA","06","California","071","San Bernardino","34.2431","-117.27235"
"06/14/2024","AQS","060710005","1","0.083","ppm","143","Crestline","44","259.0000","44201","Ozone","014","40140","Riverside-San Bernardino-Ontario, CA","06","California","071","San Bernardino","34.2431","-117.27235"
"06/15/2024","AQS","060710005","1","0.103","ppm","195","Crestline","68","400.0000","44201","Ozone","014","40140","Riverside-San Bernardino-Ontario, CA","06","California","071","San Bernardino","34.2431","-117.27235"
"06/16/2024","AQS","060710005","1","0.081","ppm","136","Crestline","68","400.0000","44201","Ozone","014","40140","Riverside-San Bernardino-Ontario, CA","06","California","071","San Bernardino","34.2431","-117.27235"
"06/17/2024","AQS","060710005","1","0.071","ppm","101","Crestline","68","400.0000","44201","Ozone","014","40140","Riverside-San Bernardino-Ontario, CA","06","California","071","San Bernardino","34.2431","-117.27235"
"06/18/2024","AQS","060710005","1","0.078","ppm","126","Crestline","68","400.0000","44201","Ozone","014","40140","Riverside-San Bernardino-Ontario, CA","06","California","071","San Bernardino","34.2431","-117.27235"
"06/19/2024","AQS","060710005","1","0.084","ppm","147","Crestline","68","400.0000","44201","Ozone","014","40140","Riverside-San Bernardino-Ontario, CA","06","California","071","San Bernardino","34.2431","-117.27235"
"06/20/2024","AQS","060710005","1","0.087","ppm","154","Crestline","68","400.0000","44201","Ozone","014","40140","Riverside-San Bernardino-Ontario, CA","06","California","071","San Bernardino","34.2431","-117.27235"
"06/21/2024","AQS","060710005","1","0.106","ppm","201","Crestline","68","400.0000","44201","Ozone","014","40140","Riverside-San Bernardino-Ontario, CA","06","California","071","San Bernardino","34.2431","-117.27235"
"06/22/2024","AQS","060710005","1","0.086","ppm","151","Crestline","68","400.0000","44201","Ozone","014","40140","Riverside-San Bernardino-Ontario, CA","06","California","071","San Bernardino","34.2431","-117.27235"
"06/23/2024","AQS","060710005","1","0.092","ppm","166","Crestline","68","400.0000","44201","Ozone","014","40140","Riverside-San Bernardino-Ontario, CA","06","California","071","San Bernardino","34.2431","-117.27235"
"06/24/2024","AQS","060710005","1","0.101","ppm","190","Crestline","68","400.0000","44201","Ozone","014","40140","Riverside-San Bernardino-Ontario, CA","06","California","071","San Bernardino","34.2431","-117.27235"
"06/25/2024","AQS","060710005","1","0.09","ppm","161","Crestline","68","400.0000","44201","Ozone","014","40140","Riverside-San Bernardino-Ontario, CA","06","California","071","San Bernardino","34.2431","-117.27235"
"06/26/2024","AQS","060710005","1","0.096","ppm","177","Crestline","68","400.0000","44201","Ozone","014","40140","Riverside-San Bernardino-Ontario, CA","06","California","071","San Bernardino","34.2431","-117.27235"
"06/27/2024","AQS","060710005","1","0.092","ppm","166","Crestline","68","400.0000","44201","Ozone","014","40140","Riverside-San Bernardino-Ontario, CA","06","California","071","San Bernardino","34.2431","-117.27235"
"06/28/2024","AQS","060710005","1","0.079","ppm","129","Crestline","68","400.0000","44201","Ozone","014","40140","Riverside-San Bernardino-Ontario, CA","06","California","071","San Bernardino","34.2431","-117.27235"
"06/29/2024","AQS","060710005","1","0.08","ppm","133","Crestline","68","400.0000","44201","Ozone","014","40140","Riverside-San Bernardino-Ontario, CA","06","California","071","San Bernardino","34.2431","-117.27235"
"06/30/2024","AQS","060710005","1","0.077","ppm","122","Crestline","68","400.0000","44201","Ozone","014","40140","Riverside-San Bernardino-Ontario, CA","06","California","071","San Bernardino","34.2431","-117.27235"
"07/01/2024","AQS","060710005","1","0.083","ppm","143","Crestline","17","100.0000","44201","Ozone","087","40140","Riverside-San Bernardino-Ontario, CA","06","California","071","San Bernardino","34.2431","-117.27235"
"07/02/2024","AQS","060710005","1","0.111","ppm","206","Crestline","17","100.0000","44201","Ozone","087","40140","Riverside-San Bernardino-Ontario, CA","06","California","071","San Bernardino","34.2431","-117.27235"
"07/03/2024","AQS","060710005","1","0.103","ppm","195","Crestline","17","100.0000","44201","Ozone","087","40140","Riverside-San Bernardino-Ontario, CA","06","California","071","San Bernardino","34.2431","-117.27235"
"07/04/2024","AQS","060710005","1","0.085","ppm","150","Crestline","17","100.0000","44201","Ozone","087","40140","Riverside-San Bernardino-Ontario, CA","06","California","071","San Bernardino","34.2431","-117.27235"
"07/05/2024","AQS","060710005","1","0.081","ppm","136","Crestline","17","100.0000","44201","Ozone","087","40140","Riverside-San Bernardino-Ontario, CA","06","California","071","San Bernardino","34.2431","-117.27235"
"07/06/2024","AQS","060710005","1","0.082","ppm","140","Crestline","17","100.0000","44201","Ozone","087","40140","Riverside-San Bernardino-Ontario, CA","06","California","071","San Bernardino","34.2431","-117.27235"
"07/07/2024","AQS","060710005","1","0.089","ppm","159","Crestline","17","100.0000","44201","Ozone","087","40140","Riverside-San Bernardino-Ontario, CA","06","California","071","San Bernardino","34.2431","-117.27235"
"07/08/2024","AQS","060710005","1","0.102","ppm","192","Crestline","17","100.0000","44201","Ozone","087","40140","Riverside-San Bernardino-Ontario, CA","06","California","071","San Bernardino","34.2431","-117.27235"
"07/09/2024","AQS","060710005","1","0.12","ppm","216","Crestline","17","100.0000","44201","Ozone","087","40140","Riverside-San Bernardino-Ontario, CA","06","California","071","San Bernardino","34.2431","-117.27235"
"07/10/2024","AQS","060710005","1","0.102","ppm","192","Crestline","17","100.0000","44201","Ozone","087","40140","Riverside-San Bernardino-Ontario, CA","06","California","071","San Bernardino","34.2431","-117.27235"
"07/11/2024","AQS","060710005","1","0.11","ppm","205","Crestline","17","100.0000","44201","Ozone","087","40140","Riverside-San Bernardino-Ontario, CA","06","California","071","San Bernardino","34.2431","-117.27235"
"07/12/2024","AQS","060710005","1","0.121","ppm","217","Crestline","17","100.0000","44201","Ozone","087","40140","Riverside-San Bernardino-Ontario, CA","06","California","071","San Bernardino","34.2431","-117.27235"
"07/13/2024","AQS","060710005","1","0.091","ppm","164","Crestline","17","100.0000","44201","Ozone","087","40140","Riverside-San Bernardino-Ontario, CA","06","California","071","San Bernardino","34.2431","-117.27235"
"07/14/2024","AQS","060710005","1","0.085","ppm","150","Crestline","17","100.0000","44201","Ozone","087","40140","Riverside-San Bernardino-Ontario, CA","06","California","071","San Bernardino","34.2431","-117.27235"
"07/15/2024","AQS","060710005","1","0.091","ppm","164","Crestline","17","100.0000","44201","Ozone","087","40140","Riverside-San Bernardino-Ontario, CA","06","California","071","San Bernardino","34.2431","-117.27235"
"07/16/2024","AQS","060710005","1","0.092","ppm","166","Crestline","17","100.0000","44201","Ozone","087","40140","Riverside-San Bernardino-Ontario, CA","06","California","071","San Bernardino","34.2431","-117.27235"
"07/17/2024","AQS","060710005","1","0.103","ppm","195","Crestline","17","100.0000","44201","Ozone","087","40140","Riverside-San Bernardino-Ontario, CA","06","California","071","San Bernardino","34.2431","-117.27235"
"07/18/2024","AQS","060710005","1","0.1","ppm","187","Crestline","17","100.0000","44201","Ozone","087","40140","Riverside-San Bernardino-Ontario, CA","06","California","071","San Bernardino","34.2431","-117.27235"
"07/19/2024","AQS","060710005","1","0.096","ppm","177","Crestline","17","100.0000","44201","Ozone","087","40140","Riverside-San Bernardino-Ontario, CA","06","California","071","San Bernardino","34.2431","-117.27235"
"07/20/2024","AQS","060710005","1","0.095","ppm","174","Crestline","17","100.0000","44201","Ozone","087","40140","Riverside-San Bernardino-Ontario, CA","06","California","071","San Bernardino","34.2431","-117.27235"
"07/21/2024","AQS","060710005","1","0.084","ppm","147","Crestline","17","100.0000","44201","Ozone","087","40140","Riverside-San Bernardino-Ontario, CA","06","California","071","San Bernardino","34.2431","-117.27235"
"07/22/2024","AQS","060710005","1","0.103","ppm","195","Crestline","17","100.0000","44201","Ozone","087","40140","Riverside-San Bernardino-Ontario, CA","06","California","071","San Bernardino","34.2431","-117.27235"
"07/23/2024","AQS","060710005","1","0.102","ppm","192","Crestline","17","100.0000","44201","Ozone","087","40140","Riverside-San Bernardino-Ontario, CA","06","California","071","San Bernardino","34.2431","-117.27235"
"07/24/2024","AQS","060710005","1","0.109","ppm","204","Crestline","17","100.0000","44201","Ozone","087","40140","Riverside-San Bernardino-Ontario, CA","06","California","071","San Bernardino","34.2431","-117.27235"
"07/25/2024","AQS","060710005","1","0.096","ppm","177","Crestline","17","100.0000","44201","Ozone","087","40140","Riverside-San Bernardino-Ontario, CA","06","California","071","San Bernardino","34.2431","-117.27235"
"07/26/2024","AQS","060710005","1","0.065","ppm","84","Crestline","17","100.0000","44201","Ozone","087","40140","Riverside-San Bernardino-Ontario, CA","06","California","071","San Bernardino","34.2431","-117.27235"
"07/27/2024","AQS","060710005","1","0.066","ppm","87","Crestline","17","100.0000","44201","Ozone","087","40140","Riverside-San Bernardino-Ontario, CA","06","California","071","San Bernardino","34.2431","-117.27235"
"07/28/2024","AQS","060710005","1","0.066","ppm","87","Crestline","17","100.0000","44201","Ozone","087","40140","Riverside-San Bernardino-Ontario, CA","06","California","071","San Bernardino","34.2431","-117.27235"
"07/29/2024","AQS","060710005","1","0.079","ppm","129","Crestline","17","100.0000","44201","Ozone","087","40140","Riverside-San Bernardino-Ontario, CA","06","California","071","San Bernardino","34.2431","-117.27235"
"07/30/2024","AQS","060710005","1","0.089","ppm","159","Crestline","17","100.0000","44201","Ozone","087","40140","Riverside-San Bernardino-Ontario, CA","06","California","071","San Bernardino","34.2431","-117.27235"
"07/31/2024","AQS","060710005","1","0.094","ppm","172","Crestline","17","100.0000","44201","Ozone","087","40140","Riverside-San Bernardino-Ontario, CA","06","California","071","San Bernardino","34.2431","-117.27235"
"08/01/2024","AQS","060710005","1","0.069","ppm","97","Crestline","17","100.0000","44201","Ozone","087","40140","Riverside-San Bernardino-Ontario, CA","06","California","071","San Bernardino","34.2431","-117.27235"
"08/02/2024","AQS","060710005","1","0.083","ppm","143","Crestline","17","100.0000","44201","Ozone","087","40140","Riverside-San Bernardino-Ontario, CA","06","California","071","San Bernardino","34.2431","-117.27235"
"08/03/2024","AQS","060710005","1","0.077","ppm","122","Crestline","17","100.0000","44201","Ozone","087","40140","Riverside-San Bernardino-Ontario, CA","06","California","071","San Bernardino","34.2431","-117.27235"
"08/04/2024","AQS","060710005","1","0.082","ppm","140","Crestline","17","100.0000","44201","Ozone","087","40140","Riverside-San Bernardino-Ontario, CA","06","California","071","San Bernardino","34.2431","-117.27235"
"08/05/2024","AQS","060710005","1","0.077","ppm","122","Crestline","17","100.0000","44201","Ozone","087","40140","Riverside-San Bernardino-Ontario, CA","06","California","071","San Bernardino","34.2431","-117.27235"
"08/06/2024","AQS","060710005","1","0.099","ppm","185","Crestline","17","100.0000","44201","Ozone","087","40140","Riverside-San Bernardino-Ontario, CA","06","California","071","San Bernardino","34.2431","-117.27235"
"08/07/2024","AQS","060710005","1","0.076","ppm","119","Crestline","17","100.0000","44201","Ozone","087","40140","Riverside-San Bernardino-Ontario, CA","06","California","071","San Bernardino","34.2431","-117.27235"
"08/08/2024","AQS","060710005","1","0.091","ppm","164","Crestline","17","100.0000","44201","Ozone","087","40140","Riverside-San Bernardino-Ontario, CA","06","California","071","San Bernardino","34.2431","-117.27235"
"08/09/2024","AQS","060710005","1","0.095","ppm","174","Crestline","17","100.0000","44201","Ozone","087","40140","Riverside-San Bernardino-Ontario, CA","06","California","071","San Bernardino","34.2431","-117.27235"
"08/10/2024","AQS","060710005","1","0.09","ppm","161","Crestline","17","100.0000","44201","Ozone","087","40140","Riverside-San Bernardino-Ontario, CA","06","California","071","San Bernardino","34.2431","-117.27235"
"08/11/2024","AQS","060710005","1","0.066","ppm","87","Crestline","17","100.0000","44201","Ozone","087","40140","Riverside-San Bernardino-Ontario, CA","06","California","071","San Bernardino","34.2431","-117.27235"
"08/12/2024","AQS","060710005","1","0.062","ppm","74","Crestline","17","100.0000","44201","Ozone","087","40140","Riverside-San Bernardino-Ontario, CA","06","California","071","San Bernardino","34.2431","-117.27235"
"08/13/2024","AQS","060710005","1","0.069","ppm","97","Crestline","17","100.0000","44201","Ozone","087","40140","Riverside-San Bernardino-Ontario, CA","06","California","071","San Bernardino","34.2431","-117.27235"
"08/14/2024","AQS","060710005","1","0.077","ppm","122","Crestline","17","100.0000","44201","Ozone","087","40140","Riverside-San Bernardino-Ontario, CA","06","California","071","San Bernardino","34.2431","-117.27235"
"08/15/2024","AQS","060710005","1","0.09","ppm","161","Crestline","17","100.0000","44201","Ozone","087","40140","Riverside-San Bernardino-Ontario, CA","06","California","071","San Bernardino","34.2431","-117.27235"
"08/16/2024","AQS","060710005","1","0.093","ppm","169","Crestline","17","100.0000","44201","Ozone","087","40140","Riverside-San Bernardino-Ontario, CA","06","California","071","San Bernardino","34.2431","-117.27235"
"08/17/2024","AQS","060710005","1","0.07","ppm","100","Crestline","17","100.0000","44201","Ozone","087","40140","Riverside-San Bernardino-Ontario, CA","06","California","071","San Bernardino","34.2431","-117.27235"
"08/18/2024","AQS","060710005","1","0.084","ppm","147","Crestline","17","100.0000","44201","Ozone","087","40140","Riverside-San Bernardino-Ontario, CA","06","California","071","San Bernardino","34.2431","-117.27235"
"08/19/2024","AQS","060710005","1","0.1","ppm","187","Crestline","17","100.0000","44201","Ozone","087","40140","Riverside-San Bernardino-Ontario, CA","06","California","071","San Bernardino","34.2431","-117.27235"
"08/20/2024","AQS","060710005","1","0.093","ppm","169","Crestline","17","100.0000","44201","Ozone","087","40140","Riverside-San Bernardino-Ontario, CA","06","California","071","San Bernardino","34.2431","-117.27235"
"08/21/2024","AQS","060710005","1","0.082","ppm","140","Crestline","17","100.0000","44201","Ozone","087","40140","Riverside-San Bernardino-Ontario, CA","06","California","071","San Bernardino","34.2431","-117.27235"
"08/22/2024","AQS","060710005","1","0.07","ppm","100","Crestline","17","100.0000","44201","Ozone","087","40140","Riverside-San Bernardino-Ontario, CA","06","California","071","San Bernardino","34.2431","-117.27235"
"08/23/2024","AQS","060710005","1","0.059","ppm","64","Crestline","17","100.0000","44201","Ozone","087","40140","Riverside-San Bernardino-Ontario, CA","06","California","071","San Bernardino","34.2431","-117.27235"
"08/24/2024","AQS","060710005","1","0.06","ppm","67","Crestline","17","100.0000","44201","Ozone","087","40140","Riverside-San Bernardino-Ontario, CA","06","California","071","San Bernardino","34.2431","-117.27235"
"08/25/2024","AQS","060710005","1","0.07","ppm","100","Crestline","17","100.0000","44201","Ozone","087","40140","Riverside-San Bernardino-Ontario, CA","06","California","071","San Bernardino","34.2431","-117.27235"
"08/26/2024","AQS","060710005","1","0.085","ppm","150","Crestline","17","100.0000","44201","Ozone","087","40140","Riverside-San Bernardino-Ontario, CA","06","California","071","San Bernardino","34.2431","-117.27235"
"08/27/2024","AQS","060710005","1","0.099","ppm","185","Crestline","17","100.0000","44201","Ozone","087","40140","Riverside-San Bernardino-Ontario, CA","06","California","071","San Bernardino","34.2431","-117.27235"
"08/28/2024","AQS","060710005","1","0.088","ppm","156","Crestline","17","100.0000","44201","Ozone","087","40140","Riverside-San Bernardino-Ontario, CA","06","California","071","San Bernardino","34.2431","-117.27235"
"08/29/2024","AQS","060710005","1","0.083","ppm","143","Crestline","17","100.0000","44201","Ozone","087","40140","Riverside-San Bernardino-Ontario, CA","06","California","071","San Bernardino","34.2431","-117.27235"
"08/30/2024","AQS","060710005","1","0.069","ppm","97","Crestline","17","100.0000","44201","Ozone","087","40140","Riverside-San Bernardino-Ontario, CA","06","California","071","San Bernardino","34.2431","-117.27235"
"08/31/2024","AQS","060710005","1","0.075","ppm","115","Crestline","17","100.0000","44201","Ozone","087","40140","Riverside-San Bernardino-Ontario, CA","06","California","071","San Bernardino","34.2431","-117.27235"
"09/01/2024","AQS","060710005","1","0.079","ppm","129","Crestline","17","100.0000","44201","Ozone","087","40140","Riverside-San Bernardino-Ontario, CA","06","California","071","San Bernardino","34.2431","-117.27235"
"09/02/2024","AQS","060710005","1","0.082","ppm","140","Crestline","17","100.0000","44201","Ozone","087","40140","Riverside-San Bernardino-Ontario, CA","06","California","071","San Bernardino","34.2431","-117.27235"
"09/03/2024","AQS","060710005","1","0.086","ppm","151","Crestline","17","100.0000","44201","Ozone","087","40140","Riverside-San Bernardino-Ontario, CA","06","California","071","San Bernardino","34.2431","-117.27235"
"09/04/2024","AQS","060710005","1","0.076","ppm","119","Crestline","17","100.0000","44201","Ozone","087","40140","Riverside-San Bernardino-Ontario, CA","06","California","071","San Bernardino","34.2431","-117.27235"
"09/05/2024","AQS","060710005","1","0.066","ppm","87","Crestline","17","100.0000","44201","Ozone","087","40140","Riverside-San Bernardino-Ontario, CA","06","California","071","San Bernardino","34.2431","-117.27235"
"09/06/2024","AQS","060710005","1","0.062","ppm","74","Crestline","17","100.0000","44201","Ozone","087","40140","Riverside-San Bernardino-Ontario, CA","06","California","071","San Bernardino","34.2431","-117.27235"
"09/07/2024","AQS","060710005","1","0.088","ppm","156","Crestline","17","100.0000","44201","Ozone","087","40140","Riverside-San Bernardino-Ontario, CA","06","California","071","San Bernardino","34.2431","-117.27235"
"09/08/2024","AQS","060710005","1","0.061","ppm","71","Crestline","17","100.0000","44201","Ozone","087","40140","Riverside-San Bernardino-Ontario, CA","06","California","071","San Bernardino","34.2431","-117.27235"
"09/09/2024","AQS","060710005","1","0.089","ppm","159","Crestline","17","100.0000","44201","Ozone","087","40140","Riverside-San Bernardino-Ontario, CA","06","California","071","San Bernardino","34.2431","-117.27235"
"09/10/2024","AQS","060710005","1","0.077","ppm","122","Crestline","17","100.0000","44201","Ozone","087","40140","Riverside-San Bernardino-Ontario, CA","06","California","071","San Bernardino","34.2431","-117.27235"
"09/11/2024","AQS","060710005","1","0.072","ppm","105","Crestline","17","100.0000","44201","Ozone","087","40140","Riverside-San Bernardino-Ontario, CA","06","California","071","San Bernardino","34.2431","-117.27235"
"09/12/2024","AQS","060710005","1","0.065","ppm","84","Crestline","17","100.0000","44201","Ozone","087","40140","Riverside-San Bernardino-Ontario, CA","06","California","071","San Bernardino","34.2431","-117.27235"
"09/13/2024","AQS","060710005","1","0.083","ppm","143","Crestline","17","100.0000","44201","Ozone","087","40140","Riverside-San Bernardino-Ontario, CA","06","California","071","San Bernardino","34.2431","-117.27235"
"09/14/2024","AQS","060710005","1","0.089","ppm","159","Crestline","17","100.0000","44201","Ozone","087","40140","Riverside-San Bernardino-Ontario, CA","06","California","071","San Bernardino","34.2431","-117.27235"
"09/15/2024","AQS","060710005","1","0.067","ppm","90","Crestline","17","100.0000","44201","Ozone","087","40140","Riverside-San Bernardino-Ontario, CA","06","California","071","San Bernardino","34.2431","-117.27235"
"09/16/2024","AQS","060710005","1","0.048","ppm","44","Crestline","17","100.0000","44201","Ozone","087","40140","Riverside-San Bernardino-Ontario, CA","06","California","071","San Bernardino","34.2431","-117.27235"
"09/17/2024","AQS","060710005","1","0.051","ppm","47","Crestline","17","100.0000","44201","Ozone","087","40140","Riverside-San Bernardino-Ontario, CA","06","California","071","San Bernardino","34.2431","-117.27235"
"09/18/2024","AQS","060710005","1","0.069","ppm","97","Crestline","17","100.0000","44201","Ozone","087","40140","Riverside-San Bernardino-Ontario, CA","06","California","071","San Bernardino","34.2431","-117.27235"
"09/19/2024","AQS","060710005","1","0.057","ppm","58","Crestline","17","100.0000","44201","Ozone","087","40140","Riverside-San Bernardino-Ontario, CA","06","California","071","San Bernardino","34.2431","-117.27235"
"09/20/2024","AQS","060710005","1","0.042","ppm","39","Crestline","17","100.0000","44201","Ozone","087","40140","Riverside-San Bernardino-Ontario, CA","06","California","071","San Bernardino","34.2431","-117.27235"
"09/21/2024","AQS","060710005","1","0.062","ppm","74","Crestline","17","100.0000","44201","Ozone","087","40140","Riverside-San Bernardino-Ontario, CA","06","California","071","San Bernardino","34.2431","-117.27235"
"09/22/2024","AQS","060710005","1","0.075","ppm","115","Crestline","17","100.0000","44201","Ozone","087","40140","Riverside-San Bernardino-Ontario, CA","06","California","071","San Bernardino","34.2431","-117.27235"
"09/23/2024","AQS","060710005","1","0.066","ppm","87","Crestline","17","100.0000","44201","Ozone","087","40140","Riverside-San Bernardino-Ontario, CA","06","California","071","San Bernardino","34.2431","-117.27235"
"09/24/2024","AQS","060710005","1","0.068","ppm","93","Crestline","17","100.0000","44201","Ozone","087","40140","Riverside-San Bernardino-Ontario, CA","06","California","071","San Bernardino","34.2431","-117.27235"
"09/25/2024","AQS","060710005","1","0.075","ppm","115","Crestline","17","100.0000","44201","Ozone","087","40140","Riverside-San Bernardino-Ontario, CA","06","California","071","San Bernardino","34.2431","-117.27235"
"09/26/2024","AQS","060710005","1","0.072","ppm","105","Crestline","17","100.0000","44201","Ozone","087","40140","Riverside-San Bernardino-Ontario, CA","06","California","071","San Bernardino","34.2431","-117.27235"
"09/27/2024","AQS","060710005","1","0.068","ppm","93","Crestline","17","100.0000","44201","Ozone","087","40140","Riverside-San Bernardino-Ontario, CA","06","California","071","San Bernardino","34.2431","-117.27235"
"09/28/2024","AQS","060710005","1","0.08","ppm","133","Crestline","17","100.0000","44201","Ozone","087","40140","Riverside-San Bernardino-Ontario, CA","06","California","071","San Bernardino","34.2431","-117.27235"
"09/29/2024","AQS","060710005","1","0.069","ppm","97","Crestline","17","100.0000","44201","Ozone","087","40140","Riverside-San Bernardino-Ontario, CA","06","California","071","San Bernardino","34.2431","-117.27235"
"09/30/2024","AQS","060710005","1","0.074","ppm","112","Crestline","17","100.0000","44201","Ozone","087","40140","Riverside-San Bernardino-Ontario, CA","06","California","071","San Bernardino","34.2431","-117.27235"
"10/01/2024","AQS","060710005","1","0.059","ppm","64","Crestline","17","100.0000","44201","Ozone","087","40140","Riverside-San Bernardino-Ontario, CA","06","California","071","San Bernardino","34.2431","-117.27235"
"10/02/2024","AQS","060710005","1","0.058","ppm","61","Crestline","17","100.0000","44201","Ozone","087","40140","Riverside-San Bernardino-Ontario, CA","06","California","071","San Bernardino","34.2431","-117.27235"
"10/03/2024","AQS","060710005","1","0.077","ppm","122","Crestline","17","100.0000","44201","Ozone","087","40140","Riverside-San Bernardino-Ontario, CA","06","California","071","San Bernardino","34.2431","-117.27235"
"10/04/2024","AQS","060710005","1","0.083","ppm","143","Crestline","17","100.0000","44201","Ozone","087","40140","Riverside-San Bernardino-Ontario, CA","06","California","071","San Bernardino","34.2431","-117.27235"
"10/05/2024","AQS","060710005","1","0.065","ppm","84","Crestline","17","100.0000","44201","Ozone","087","40140","Riverside-San Bernardino-Ontario, CA","06","California","071","San Bernardino","34.2431","-117.27235"
"10/06/2024","AQS","060710005","1","0.067","ppm","90","Crestline","17","100.0000","44201","Ozone","087","40140","Riverside-San Bernardino-Ontario, CA","06","California","071","San Bernardino","34.2431","-117.27235"
"10/07/2024","AQS","060710005","1","0.075","ppm","115","Crestline","17","100.0000","44201","Ozone","087","40140","Riverside-San Bernardino-Ontario, CA","06","California","071","San Bernardino","34.2431","-117.27235"
"10/08/2024","AQS","060710005","1","0.068","ppm","93","Crestline","17","100.0000","44201","Ozone","087","40140","Riverside-San Bernardino-Ontario, CA","06","California","071","San Bernardino","34.2431","-117.27235"
"10/09/2024","AQS","060710005","1","0.065","ppm","84","Crestline","17","100.0000","44201","Ozone","087","40140","Riverside-San Bernardino-Ontario, CA","06","California","071","San Bernardino","34.2431","-117.27235"
"10/10/2024","AQS","060710005","1","0.073","ppm","108","Crestline","17","100.0000","44201","Ozone","087","40140","Riverside-San Bernardino-Ontario, CA","06","California","071","San Bernardino","34.2431","-117.27235"
"10/11/2024","AQS","060710005","1","0.06","ppm","67","Crestline","17","100.0000","44201","Ozone","087","40140","Riverside-San Bernardino-Ontario, CA","06","California","071","San Bernardino","34.2431","-117.27235"
"10/12/2024","AQS","060710005","1","0.062","ppm","74","Crestline","17","100.0000","44201","Ozone","087","40140","Riverside-San Bernardino-Ontario, CA","06","California","071","San Bernardino","34.2431","-117.27235"
"10/13/2024","AQS","060710005","1","0.063","ppm","77","Crestline","17","100.0000","44201","Ozone","087","40140","Riverside-San Bernardino-Ontario, CA","06","California","071","San Bernardino","34.2431","-117.27235"
"10/14/2024","AQS","060710005","1","0.056","ppm","54","Crestline","17","100.0000","44201","Ozone","087","40140","Riverside-San Bernardino-Ontario, CA","06","California","071","San Bernardino","34.2431","-117.27235"
"10/15/2024","AQS","060710005","1","0.054","ppm","50","Crestline","17","100.0000","44201","Ozone","087","40140","Riverside-San Bernardino-Ontario, CA","06","California","071","San Bernardino","34.2431","-117.27235"
"10/16/2024","AQS","060710005","1","0.062","ppm","74","Crestline","17","100.0000","44201","Ozone","087","40140","Riverside-San Bernardino-Ontario, CA","06","California","071","San Bernardino","34.2431","-117.27235"
"10/17/2024","AQS","060710005","1","0.043","ppm","40","Crestline","17","100.0000","44201","Ozone","087","40140","Riverside-San Bernardino-Ontario, CA","06","California","071","San Bernardino","34.2431","-117.27235"
"10/18/2024","AQS","060710005","1","0.045","ppm","42","Crestline","17","100.0000","44201","Ozone","087","40140","Riverside-San Bernardino-Ontario, CA","06","California","071","San Bernardino","34.2431","-117.27235"
"10/19/2024","AQS","060710005","1","0.043","ppm","40","Crestline","17","100.0000","44201","Ozone","087","40140","Riverside-San Bernardino-Ontario, CA","06","California","071","San Bernardino","34.2431","-117.27235"
"10/20/2024","AQS","060710005","1","0.05","ppm","46","Crestline","17","100.0000","44201","Ozone","087","40140","Riverside-San Bernardino-Ontario, CA","06","California","071","San Bernardino","34.2431","-117.27235"
"10/21/2024","AQS","060710005","1","0.053","ppm","49","Crestline","17","100.0000","44201","Ozone","087","40140","Riverside-San Bernardino-Ontario, CA","06","California","071","San Bernardino","34.2431","-117.27235"
"10/22/2024","AQS","060710005","1","0.061","ppm","71","Crestline","17","100.0000","44201","Ozone","087","40140","Riverside-San Bernardino-Ontario, CA","06","California","071","San Bernardino","34.2431","-117.27235"
"10/23/2024","AQS","060710005","1","0.065","ppm","84","Crestline","17","100.0000","44201","Ozone","087","40140","Riverside-San Bernardino-Ontario, CA","06","California","071","San Bernardino","34.2431","-117.27235"
"10/24/2024","AQS","060710005","1","0.07","ppm","100","Crestline","17","100.0000","44201","Ozone","087","40140","Riverside-San Bernardino-Ontario, CA","06","California","071","San Bernardino","34.2431","-117.27235"
"10/25/2024","AQS","060710005","1","0.077","ppm","122","Crestline","17","100.0000","44201","Ozone","087","40140","Riverside-San Bernardino-Ontario, CA","06","California","071","San Bernardino","34.2431","-117.27235"
"10/26/2024","AQS","060710005","1","0.057","ppm","58","Crestline","17","100.0000","44201","Ozone","087","40140","Riverside-San Bernardino-Ontario, CA","06","California","071","San Bernardino","34.2431","-117.27235"
"10/27/2024","AQS","060710005","1","0.067","ppm","90","Crestline","17","100.0000","44201","Ozone","087","40140","Riverside-San Bernardino-Ontario, CA","06","California","071","San Bernardino","34.2431","-117.27235"
"10/28/2024","AQS","060710005","1","0.046","ppm","43","Crestline","17","100.0000","44201","Ozone","087","40140","Riverside-San Bernardino-Ontario, CA","06","California","071","San Bernardino","34.2431","-117.27235"
"10/29/2024","AQS","060710005","1","0.042","ppm","39","Crestline","17","100.0000","44201","Ozone","087","40140","Riverside-San Bernardino-Ontario, CA","06","California","071","San Bernardino","34.2431","-117.27235"
"10/30/2024","AQS","060710005","1","0.048","ppm","44","Crestline","17","100.0000","44201","Ozone","087","40140","Riverside-San Bernardino-Ontario, CA","06","California","071","San Bernardino","34.2431","-117.27235"
"10/31/2024","AirNow","060710005","1","0.051","ppm","47","Crestline","18","75.0000","44201","Ozone","","40140","Riverside-San Bernardino-Ontario, CA","06","California","071","San Bernardino","34.2431","-117.27235"
"11/01/2024","AirNow","060710005","1","0.051","ppm","47","Crestline","24","100.0000","44201","Ozone","","40140","Riverside-San Bernardino-Ontario, CA","06","California","071","San Bernardino","34.2431","-117.27235"
"11/02/2024","AirNow","060710005","1","0.044","ppm","41","Crestline","24","100.0000","44201","Ozone","","40140","Riverside-San Bernardino-Ontario, CA","06","California","071","San Bernardino","34.2431","-117.27235"
"11/03/2024","AirNow","060710005","1","0.043","ppm","40","Crestline","24","100.0000","44201","Ozone","","40140","Riverside-San Bernardino-Ontario, CA","06","California","071","San Bernardino","34.2431","-117.27235"
"11/04/2024","AirNow","060710005","1","0.041","ppm","38","Crestline","24","100.0000","44201","Ozone","","40140","Riverside-San Bernardino-Ontario, CA","06","California","071","San Bernardino","34.2431","-117.27235"
"11/05/2024","AirNow","060710005","1","0.041","ppm","38","Crestline","24","100.0000","44201","Ozone","","40140","Riverside-San Bernardino-Ontario, CA","06","California","071","San Bernardino","34.2431","-117.27235"
"11/06/2024","AirNow","060710005","1","0.041","ppm","38","Crestline","24","100.0000","44201","Ozone","","40140","Riverside-San Bernardino-Ontario, CA","06","California","071","San Bernardino","34.2431","-117.27235"
"11/07/2024","AirNow","060710005","1","0.037","ppm","34","Crestline","24","100.0000","44201","Ozone","","40140","Riverside-San Bernardino-Ontario, CA","06","California","071","San Bernardino","34.2431","-117.27235"
"11/08/2024","AirNow","060710005","1","0.039","ppm","36","Crestline","24","100.0000","44201","Ozone","","40140","Riverside-San Bernardino-Ontario, CA","06","California","071","San Bernardino","34.2431","-117.27235"
"11/09/2024","AirNow","060710005","1","0.043","ppm","40","Crestline","24","100.0000","44201","Ozone","","40140","Riverside-San Bernardino-Ontario, CA","06","California","071","San Bernardino","34.2431","-117.27235"
"11/10/2024","AirNow","060710005","1","0.047","ppm","44","Crestline","24","100.0000","44201","Ozone","","40140","Riverside-San Bernardino-Ontario, CA","06","California","071","San Bernardino","34.2431","-117.27235"
"11/11/2024","AirNow","060710005","1","0.06","ppm","67","Crestline","24","100.0000","44201","Ozone","","40140","Riverside-San Bernardino-Ontario, CA","06","California","071","San Bernardino","34.2431","-117.27235"
"11/12/2024","AirNow","060710005","1","0.046","ppm","43","Crestline","24","100.0000","44201","Ozone","","40140","Riverside-San Bernardino-Ontario, CA","06","California","071","San Bernardino","34.2431","-117.27235"
"11/13/2024","AirNow","060710005","1","0.043","ppm","40","Crestline","24","100.0000","44201","Ozone","","40140","Riverside-San Bernardino-Ontario, CA","06","California","071","San Bernardino","34.2431","-117.27235"
"11/14/2024","AirNow","060710005","1","0.048","ppm","44","Crestline","18","75.0000","44201","Ozone","","40140","Riverside-San Bernardino-Ontario, CA","06","California","071","San Bernardino","34.2431","-117.27235"
"11/15/2024","AirNow","060710005","1","0.038","ppm","35","Crestline","24","100.0000","44201","Ozone","","40140","Riverside-San Bernardino-Ontario, CA","06","California","071","San Bernardino","34.2431","-117.27235"
"11/16/2024","AirNow","060710005","1","0.037","ppm","34","Crestline","24","100.0000","44201","Ozone","","40140","Riverside-San Bernardino-Ontario, CA","06","California","071","San Bernardino","34.2431","-117.27235"
"11/17/2024","AirNow","060710005","1","0.038","ppm","35","Crestline","24","100.0000","44201","Ozone","","40140","Riverside-San Bernardino-Ontario, CA","06","California","071","San Bernardino","34.2431","-117.27235"
"11/18/2024","AirNow","060710005","1","0.04","ppm","37","Crestline","24","100.0000","44201","Ozone","","40140","Riverside-San Bernardino-Ontario, CA","06","California","071","San Bernardino","34.2431","-117.27235"
"11/19/2024","AirNow","060710005","1","0.038","ppm","35","Crestline","24","100.0000","44201","Ozone","","40140","Riverside-San Bernardino-Ontario, CA","06","California","071","San Bernardino","34.2431","-117.27235"
"11/20/2024","AirNow","060710005","1","0.049","ppm","45","Crestline","24","100.0000","44201","Ozone","","40140","Riverside-San Bernardino-Ontario, CA","06","California","071","San Bernardino","34.2431","-117.27235"
"11/21/2024","AirNow","060710005","1","0.056","ppm","54","Crestline","24","100.0000","44201","Ozone","","40140","Riverside-San Bernardino-Ontario, CA","06","California","071","San Bernardino","34.2431","-117.27235"
"11/22/2024","AirNow","060710005","1","0.056","ppm","54","Crestline","24","100.0000","44201","Ozone","","40140","Riverside-San Bernardino-Ontario, CA","06","California","071","San Bernardino","34.2431","-117.27235"
"11/23/2024","AirNow","060710005","1","0.052","ppm","48","Crestline","24","100.0000","44201","Ozone","","40140","Riverside-San Bernardino-Ontario, CA","06","California","071","San Bernardino","34.2431","-117.27235"
"11/24/2024","AirNow","060710005","1","0.037","ppm","34","Crestline","24","100.0000","44201","Ozone","","40140","Riverside-San Bernardino-Ontario, CA","06","California","071","San Bernardino","34.2431","-117.27235"
"11/25/2024","AirNow","060710005","1","0.043","ppm","40","Crestline","24","100.0000","44201","Ozone","","40140","Riverside-San Bernardino-Ontario, CA","06","California","071","San Bernardino","34.2431","-117.27235"
"11/26/2024","AirNow","060710005","1","0.037","ppm","34","Crestline","24","100.0000","44201","Ozone","","40140","Riverside-San Bernardino-Ontario, CA","06","California","071","San Bernardino","34.2431","-117.27235"
"11/29/2024","AirNow","060710005","1","0.035","ppm","32","Crestline","24","100.0000","44201","Ozone","","40140","Riverside-San Bernardino-Ontario, CA","06","California","071","San Bernardino","34.2431","-117.27235"
"11/30/2024","AirNow","060710005","1","0.032","ppm","30","Crestline","24","100.0000","44201","Ozone","","40140","Riverside-San Bernardino-Ontario, CA","06","California","071","San Bernardino","34.2431","-117.27235"
"12/01/2024","AirNow","060710005","1","0.034","ppm","31","Crestline","24","100.0000","44201","Ozone","","40140","Riverside-San Bernardino-Ontario, CA","06","California","071","San Bernardino","34.2431","-117.27235"
"12/02/2024","AirNow","060710005","1","0.032","ppm","30","Crestline","24","100.0000","44201","Ozone","","40140","Riverside-San Bernardino-Ontario, CA","06","California","071","San Bernardino","34.2431","-117.27235"
"12/03/2024","AirNow","060710005","1","0.029","ppm","27","Crestline","24","100.0000","44201","Ozone","","40140","Riverside-San Bernardino-Ontario, CA","06","California","071","San Bernardino","34.2431","-117.27235"
"12/04/2024","AirNow","060710005","1","0.039","ppm","36","Crestline","24","100.0000","44201","Ozone","","40140","Riverside-San Bernardino-Ontario, CA","06","California","071","San Bernardino","34.2431","-117.27235"
"12/05/2024","AirNow","060710005","1","0.04","ppm","37","Crestline","24","100.0000","44201","Ozone","","40140","Riverside-San Bernardino-Ontario, CA","06","California","071","San Bernardino","34.2431","-117.27235"
"12/06/2024","AirNow","060710005","1","0.038","ppm","35","Crestline","24","100.0000","44201","Ozone","","40140","Riverside-San Bernardino-Ontario, CA","06","California","071","San Bernardino","34.2431","-117.27235"
"12/07/2024","AirNow","060710005","1","0.037","ppm","34","Crestline","24","100.0000","44201","Ozone","","40140","Riverside-San Bernardino-Ontario, CA","06","California","071","San Bernardino","34.2431","-117.27235"
"12/08/2024","AirNow","060710005","1","0.045","ppm","42","Crestline","24","100.0000","44201","Ozone","","40140","Riverside-San Bernardino-Ontario, CA","06","California","071","San Bernardino","34.2431","-117.27235"
"12/09/2024","AirNow","060710005","1","0.043","ppm","40","Crestline","24","100.0000","44201","Ozone","","40140","Riverside-San Bernardino-Ontario, CA","06","California","071","San Bernardino","34.2431","-117.27235"
"12/10/2024","AirNow","060710005","1","0.042","ppm","39","Crestline","24","100.0000","44201","Ozone","","40140","Riverside-San Bernardino-Ontario, CA","06","California","071","San Bernardino","34.2431","-117.27235"
"12/11/2024","AirNow","060710005","1","0.04","ppm","37","Crestline","24","100.0000","44201","Ozone","","40140","Riverside-San Bernardino-Ontario, CA","06","California","071","San Bernardino","34.2431","-117.27235"
"12/12/2024","AirNow","060710005","1","0.046","ppm","43","Crestline","24","100.0000","44201","Ozone","","40140","Riverside-San Bernardino-Ontario, CA","06","California","071","San Bernardino","34.2431","-117.27235"
"12/13/2024","AirNow","060710005","1","0.035","ppm","32","Crestline","24","100.0000","44201","Ozone","","40140","Riverside-San Bernardino-Ontario, CA","06","California","071","San Bernardino","34.2431","-117.27235"
"12/14/2024","AirNow","060710005","1","0.043","ppm","40","Crestline","24","100.0000","44201","Ozone","","40140","Riverside-San Bernardino-Ontario, CA","06","California","071","San Bernardino","34.2431","-117.27235"
"12/15/2024","AirNow","060710005","1","0.045","ppm","42","Crestline","24","100.0000","44201","Ozone","","40140","Riverside-San Bernardino-Ontario, CA","06","California","071","San Bernardino","34.2431","-117.27235"
"12/16/2024","AirNow","060710005","1","0.039","ppm","36","Crestline","24","100.0000","44201","Ozone","","40140","Riverside-San Bernardino-Ontario, CA","06","California","071","San Bernardino","34.2431","-117.27235"
"12/17/2024","AirNow","060710005","1","0.044","ppm","41","Crestline","24","100.0000","44201","Ozone","","40140","Riverside-San Bernardino-Ontario, CA","06","California","071","San Bernardino","34.2431","-117.27235"
"12/18/2024","AirNow","060710005","1","0.041","ppm","38","Crestline","24","100.0000","44201","Ozone","","40140","Riverside-San Bernardino-Ontario, CA","06","California","071","San Bernardino","34.2431","-117.27235"
"12/19/2024","AirNow","060710005","1","0.034","ppm","31","Crestline","24","100.0000","44201","Ozone","","40140","Riverside-San Bernardino-Ontario, CA","06","California","071","San Bernardino","34.2431","-117.27235"
"12/20/2024","AirNow","060710005","1","0.04","ppm","37","Crestline","24","100.0000","44201","Ozone","","40140","Riverside-San Bernardino-Ontario, CA","06","California","071","San Bernardino","34.2431","-117.27235"
"12/21/2024","AirNow","060710005","1","0.044","ppm","41","Crestline","24","100.0000","44201","Ozone","","40140","Riverside-San Bernardino-Ontario, CA","06","California","071","San Bernardino","34.2431","-117.27235"
"12/22/2024","AirNow","060710005","1","0.042","ppm","39","Crestline","24","100.0000","44201","Ozone","","40140","Riverside-San Bernardino-Ontario, CA","06","California","071","San Bernardino","34.2431","-117.27235"
"12/23/2024","AirNow","060710005","1","0.037","ppm","34","Crestline","24","100.0000","44201","Ozone","","40140","Riverside-San Bernardino-Ontario, CA","06","California","071","San Bernardino","34.2431","-117.27235"
"12/24/2024","AirNow","060710005","1","0.043","ppm","40","Crestline","24","100.0000","44201","Ozone","","40140","Riverside-San Bernardino-Ontario, CA","06","California","071","San Bernardino","34.2431","-117.27235"
"12/25/2024","AirNow","060710005","1","0.043","ppm","40","Crestline","24","100.0000","44201","Ozone","","40140","Riverside-San Bernardino-Ontario, CA","06","California","071","San Bernardino","34.2431","-117.27235"
"12/26/2024","AirNow","060710005","1","0.044","ppm","41","Crestline","24","100.0000","44201","Ozone","","40140","Riverside-San Bernardino-Ontario, CA","06","California","071","San Bernardino","34.2431","-117.27235"
"12/27/2024","AirNow","060710005","1","0.036","ppm","33","Crestline","24","100.0000","44201","Ozone","","40140","Riverside-San Bernardino-Ontario, CA","06","California","071","San Bernardino","34.2431","-117.27235"
"12/28/2024","AirNow","060710005","1","0.034","ppm","31","Crestline","24","100.0000","44201","Ozone","","40140","Riverside-San Bernardino-Ontario, CA","06","California","071","San Bernardino","34.2431","-117.27235"
"12/29/2024","AirNow","060710005","1","0.036","ppm","33","Crestline","24","100.0000","44201","Ozone","","40140","Riverside-San Bernardino-Ontario, CA","06","California","071","San Bernardino","34.2431","-117.27235"
"12/30/2024","AirNow","060710005","1","0.04","ppm","37","Crestline","24","100.0000","44201","Ozone","","40140","Riverside-San Bernardino-Ontario, CA","06","California","071","San Bernardino","34.2431","-117.27235"
"12/31/2024","AirNow","060710005","1","0.04","ppm","37","Crestline","19","79.0000","44201","Ozone","","40140","Riverside-San Bernardino-Ontario, CA","06","California","071","San Bernardino","34.2431","-117.27235"
"01/01/2024","AQS","060710306","1","0.034","ppm","31","Victorville-Park Avenue","17","100.0000","44201","Ozone","087","40140","Riverside-San Bernardino-Ontario, CA","06","California","071","San Bernardino","34.5109611108812","-117.32554"
"01/02/2024","AQS","060710306","1","0.036","ppm","33","Victorville-Park Avenue","17","100.0000","44201","Ozone","087","40140","Riverside-San Bernardino-Ontario, CA","06","California","071","San Bernardino","34.5109611108812","-117.32554"
"01/03/2024","AQS","060710306","1","0.042","ppm","39","Victorville-Park Avenue","17","100.0000","44201","Ozone","087","40140","Riverside-San Bernardino-Ontario, CA","06","California","071","San Bernardino","34.5109611108812","-117.32554"
"01/04/2024","AQS","060710306","1","0.042","ppm","39","Victorville-Park Avenue","17","100.0000","44201","Ozone","087","40140","Riverside-San Bernardino-Ontario, CA","06","California","071","San Bernardino","34.5109611108812","-117.32554"
"01/05/2024","AQS","060710306","1","0.035","ppm","32","Victorville-Park Avenue","17","100.0000","44201","Ozone","087","40140","Riverside-San Bernardino-Ontario, CA","06","California","071","San Bernardino","34.5109611108812","-117.32554"
"01/06/2024","AQS","060710306","1","0.038","ppm","35","Victorville-Park Avenue","17","100.0000","44201","Ozone","087","40140","Riverside-San Bernardino-Ontario, CA","06","California","071","San Bernardino","34.5109611108812","-117.32554"
"01/07/2024","AQS","060710306","1","0.038","ppm","35","Victorville-Park Avenue","17","100.0000","44201","Ozone","087","40140","Riverside-San Bernardino-Ontario, CA","06","California","071","San Bernardino","34.5109611108812","-117.32554"
"01/08/2024","AQS","060710306","1","0.035","ppm","32","Victorville-Park Avenue","17","100.0000","44201","Ozone","087","40140","Riverside-San Bernardino-Ontario, CA","06","California","071","San Bernardino","34.5109611108812","-117.32554"
"01/09/2024","AQS","060710306","1","0.038","ppm","35","Victorville-Park Avenue","17","100.0000","44201","Ozone","087","40140","Riverside-San Bernardino-Ontario, CA","06","California","071","San Bernardino","34.5109611108812","-117.32554"
"01/10/2024","AQS","060710306","1","0.04","ppm","37","Victorville-Park Avenue","17","100.0000","44201","Ozone","087","40140","Riverside-San Bernardino-Ontario, CA","06","California","071","San Bernardino","34.5109611108812","-117.32554"
"01/11/2024","AQS","060710306","1","0.042","ppm","39","Victorville-Park Avenue","17","100.0000","44201","Ozone","087","40140","Riverside-San Bernardino-Ontario, CA","06","California","071","San Bernardino","34.5109611108812","-117.32554"
"01/12/2024","AQS","060710306","1","0.036","ppm","33","Victorville-Park Avenue","17","100.0000","44201","Ozone","087","40140","Riverside-San Bernardino-Ontario, CA","06","California","071","San Bernardino","34.5109611108812","-117.32554"
"01/13/2024","AQS","060710306","1","0.039","ppm","36","Victorville-Park Avenue","17","100.0000","44201","Ozone","087","40140","Riverside-San Bernardino-Ontario, CA","06","California","071","San Bernardino","34.5109611108812","-117.32554"
"01/14/2024","AQS","060710306","1","0.041","ppm","38","Victorville-Park Avenue","17","100.0000","44201","Ozone","087","40140","Riverside-San Bernardino-Ontario, CA","06","California","071","San Bernardino","34.5109611108812","-117.32554"
"01/15/2024","AQS","060710306","1","0.036","ppm","33","Victorville-Park Avenue","17","100.0000","44201","Ozone","087","40140","Riverside-San Bernardino-Ontario, CA","06","California","071","San Bernardino","34.5109611108812","-117.32554"
"01/16/2024","AQS","060710306","1","0.034","ppm","31","Victorville-Park Avenue","14","82.0000","44201","Ozone","087","40140","Riverside-San Bernardino-Ontario, CA","06","California","071","San Bernardino","34.5109611108812","-117.32554"
"01/17/2024","AQS","060710306","1","0.04","ppm","37","Victorville-Park Avenue","16","94.0000","44201","Ozone","087","40140","Riverside-San Bernardino-Ontario, CA","06","California","071","San Bernardino","34.5109611108812","-117.32554"
"01/18/2024","AQS","060710306","1","0.033","ppm","31","Victorville-Park Avenue","17","100.0000","44201","Ozone","087","40140","Riverside-San Bernardino-Ontario, CA","06","California","071","San Bernardino","34.5109611108812","-117.32554"
"01/19/2024","AQS","060710306","1","0.029","ppm","27","Victorville-Park Avenue","17","100.0000","44201","Ozone","087","40140","Riverside-San Bernardino-Ontario, CA","06","California","071","San Bernardino","34.5109611108812","-117.32554"
"01/20/2024","AQS","060710306","1","0.033","ppm","31","Victorville-Park Avenue","17","100.0000","44201","Ozone","087","40140","Riverside-San Bernardino-Ontario, CA","06","California","071","San Bernardino","34.5109611108812","-117.32554"
"01/21/2024","AQS","060710306","1","0.037","ppm","34","Victorville-Park Avenue","17","100.0000","44201","Ozone","087","40140","Riverside-San Bernardino-Ontario, CA","06","California","071","San Bernardino","34.5109611108812","-117.32554"
"01/22/2024","AQS","060710306","1","0.033","ppm","31","Victorville-Park Avenue","17","100.0000","44201","Ozone","087","40140","Riverside-San Bernardino-Ontario, CA","06","California","071","San Bernardino","34.5109611108812","-117.32554"
"01/23/2024","AQS","060710306","1","0.039","ppm","36","Victorville-Park Avenue","17","100.0000","44201","Ozone","087","40140","Riverside-San Bernardino-Ontario, CA","06","California","071","San Bernardino","34.5109611108812","-117.32554"
"01/24/2024","AQS","060710306","1","0.024","ppm","22","Victorville-Park Avenue","17","100.0000","44201","Ozone","087","40140","Riverside-San Bernardino-Ontario, CA","06","California","071","San Bernardino","34.5109611108812","-117.32554"
"01/25/2024","AQS","060710306","1","0.04","ppm","37","Victorville-Park Avenue","17","100.0000","44201","Ozone","087","40140","Riverside-San Bernardino-Ontario, CA","06","California","071","San Bernardino","34.5109611108812","-117.32554"
"01/26/2024","AQS","060710306","1","0.04","ppm","37","Victorville-Park Avenue","17","100.0000","44201","Ozone","087","40140","Riverside-San Bernardino-Ontario, CA","06","California","071","San Bernardino","34.5109611108812","-117.32554"
"01/27/2024","AQS","060710306","1","0.038","ppm","35","Victorville-Park Avenue","17","100.0000","44201","Ozone","087","40140","Riverside-San Bernardino-Ontario, CA","06","California","071","San Bernardino","34.5109611108812","-117.32554"
"01/28/2024","AQS","060710306","1","0.034","ppm","31","Victorville-Park Avenue","17","100.0000","44201","Ozone","087","40140","Riverside-San Bernardino-Ontario, CA","06","California","071","San Bernardino","34.5109611108812","-117.32554"
"01/29/2024","AQS","060710306","1","0.037","ppm","34","Victorville-Park Avenue","17","100.0000","44201","Ozone","087","40140","Riverside-San Bernardino-Ontario, CA","06","California","071","San Bernardino","34.5109611108812","-117.32554"
"01/30/2024","AQS","060710306","1","0.036","ppm","33","Victorville-Park Avenue","17","100.0000","44201","Ozone","087","40140","Riverside-San Bernardino-Ontario, CA","06","California","071","San Bernardino","34.5109611108812","-117.32554"
"01/31/2024","AQS","060710306","1","0.048","ppm","44","Victorville-Park Avenue","17","100.0000","44201","Ozone","087","40140","Riverside-San Bernardino-Ontario, CA","06","California","071","San Bernardino","34.5109611108812","-117.32554"
"02/01/2024","AQS","060710306","1","0.039","ppm","36","Victorville-Park Avenue","17","100.0000","44201","Ozone","087","40140","Riverside-San Bernardino-Ontario, CA","06","California","071","San Bernardino","34.5109611108812","-117.32554"
"02/02/2024","AQS","060710306","1","0.041","ppm","38","Victorville-Park Avenue","17","100.0000","44201","Ozone","087","40140","Riverside-San Bernardino-Ontario, CA","06","California","071","San Bernardino","34.5109611108812","-117.32554"
"02/03/2024","AQS","060710306","1","0.04","ppm","37","Victorville-Park Avenue","17","100.0000","44201","Ozone","087","40140","Riverside-San Bernardino-Ontario, CA","06","California","071","San Bernardino","34.5109611108812","-117.32554"
"02/04/2024","AQS","060710306","1","0.041","ppm","38","Victorville-Park Avenue","17","100.0000","44201","Ozone","087","40140","Riverside-San Bernardino-Ontario, CA","06","California","071","San Bernardino","34.5109611108812","-117.32554"
"02/05/2024","AQS","060710306","1","0.028","ppm","26","Victorville-Park Avenue","17","100.0000","44201","Ozone","087","40140","Riverside-San Bernardino-Ontario, CA","06","California","071","San Bernardino","34.5109611108812","-117.32554"
"02/06/2024","AQS","060710306","1","0.038","ppm","35","Victorville-Park Avenue","17","100.0000","44201","Ozone","087","40140","Riverside-San Bernardino-Ontario, CA","06","California","071","San Bernardino","34.5109611108812","-117.32554"
"02/07/2024","AQS","060710306","1","0.042","ppm","39","Victorville-Park Avenue","17","100.0000","44201","Ozone","087","40140","Riverside-San Bernardino-Ontario, CA","06","California","071","San Bernardino","34.5109611108812","-117.32554"
"02/08/2024","AQS","060710306","1","0.04","ppm","37","Victorville-Park Avenue","17","100.0000","44201","Ozone","087","40140","Riverside-San Bernardino-Ontario, CA","06","California","071","San Bernardino","34.5109611108812","-117.32554"
"02/09/2024","AQS","060710306","1","0.041","ppm","38","Victorville-Park Avenue","17","100.0000","44201","Ozone","087","40140","Riverside-San Bernardino-Ontario, CA","06","California","071","San Bernardino","34.5109611108812","-117.32554"
"02/10/2024","AQS","060710306","1","0.04","ppm","37","Victorville-Park Avenue","17","100.0000","44201","Ozone","087","40140","Riverside-San Bernardino-Ontario, CA","06","California","071","San Bernardino","34.5109611108812","-117.32554"
"02/11/2024","AQS","060710306","1","0.04","ppm","37","Victorville-Park Avenue","17","100.0000","44201","Ozone","087","40140","Riverside-San Bernardino-Ontario, CA","06","California","071","San Bernardino","34.5109611108812","-117.32554"
"02/12/2024","AQS","060710306","1","0.038","ppm","35","Victorville-Park Avenue","17","100.0000","44201","Ozone","087","40140","Riverside-San Bernardino-Ontario, CA","06","California","071","San Bernardino","34.5109611108812","-117.32554"
"02/13/2024","AQS","060710306","1","0.042","ppm","39","Victorville-Park Avenue","17","100.0000","44201","Ozone","087","40140","Riverside-San Bernardino-Ontario, CA","06","California","071","San Bernardino","34.5109611108812","-117.32554"
"02/14/2024","AQS","060710306","1","0.043","ppm","40","Victorville-Park Avenue","17","100.0000","44201","Ozone","087","40140","Riverside-San Bernardino-Ontario, CA","06","California","071","San Bernardino","34.5109611108812","-117.32554"
"02/15/2024","AQS","060710306","1","0.044","ppm","41","Victorville-Park Avenue","17","100.0000","44201","Ozone","087","40140","Riverside-San Bernardino-Ontario, CA","06","California","071","San Bernardino","34.5109611108812","-117.32554"
"02/16/2024","AQS","060710306","1","0.038","ppm","35","Victorville-Park Avenue","17","100.0000","44201","Ozone","087","40140","Riverside-San Bernardino-Ontario, CA","06","California","071","San Bernardino","34.5109611108812","-117.32554"
"02/17/2024","AQS","060710306","1","0.056","ppm","54","Victorville-Park Avenue","17","100.0000","44201","Ozone","087","40140","Riverside-San Bernardino-Ontario, CA","06","California","071","San Bernardino","34.5109611108812","-117.32554"
"02/18/2024","AQS","060710306","1","0.044","ppm","41","Victorville-Park Avenue","17","100.0000","44201","Ozone","087","40140","Riverside-San Bernardino-Ontario, CA","06","California","071","San Bernardino","34.5109611108812","-117.32554"
"02/19/2024","AQS","060710306","1","0.032","ppm","30","Victorville-Park Avenue","17","100.0000","44201","Ozone","087","40140","Riverside-San Bernardino-Ontario, CA","06","California","071","San Bernardino","34.5109611108812","-117.32554"
"02/20/2024","AQS","060710306","1","0.035","ppm","32","Victorville-Park Avenue","17","100.0000","44201","Ozone","087","40140","Riverside-San Bernardino-Ontario, CA","06","California","071","San Bernardino","34.5109611108812","-117.32554"
"02/21/2024","AQS","060710306","1","0.041","ppm","38","Victorville-Park Avenue","17","100.0000","44201","Ozone","087","40140","Riverside-San Bernardino-Ontario, CA","06","California","071","San Bernardino","34.5109611108812","-117.32554"
"02/22/2024","AQS","060710306","1","0.043","ppm","40","Victorville-Park Avenue","17","100.0000","44201","Ozone","087","40140","Riverside-San Bernardino-Ontario, CA","06","California","071","San Bernardino","34.5109611108812","-117.32554"
"02/23/2024","AQS","060710306","1","0.04","ppm","37","Victorville-Park Avenue","17","100.0000","44201","Ozone","087","40140","Riverside-San Bernardino-Ontario, CA","06","California","071","San Bernardino","34.5109611108812","-117.32554"
"02/24/2024","AQS","060710306","1","0.036","ppm","33","Victorville-Park Avenue","17","100.0000","44201","Ozone","087","40140","Riverside-San Bernardino-Ontario, CA","06","California","071","San Bernardino","34.5109611108812","-117.32554"
"02/25/2024","AirNow","060710306","1","0.046","ppm","43","Victorville-Park Avenue","24","100.0000","44201","Ozone","","40140","Riverside-San Bernardino-Ontario, CA","06","California","071","San Bernardino","34.5109611108812","-117.32554"
"02/26/2024","AQS","060710306","1","0.042","ppm","39","Victorville-Park Avenue","15","88.0000","44201","Ozone","087","40140","Riverside-San Bernardino-Ontario, CA","06","California","071","San Bernardino","34.5109611108812","-117.32554"
"02/27/2024","AQS","060710306","1","0.043","ppm","40","Victorville-Park Avenue","17","100.0000","44201","Ozone","087","40140","Riverside-San Bernardino-Ontario, CA","06","California","071","San Bernardino","34.5109611108812","-117.32554"
"02/28/2024","AQS","060710306","1","0.041","ppm","38","Victorville-Park Avenue","17","100.0000","44201","Ozone","087","40140","Riverside-San Bernardino-Ontario, CA","06","California","071","San Bernardino","34.5109611108812","-117.32554"
"02/29/2024","AQS","060710306","1","0.041","ppm","38","Victorville-Park Avenue","17","100.0000","44201","Ozone","087","40140","Riverside-San Bernardino-Ontario, CA","06","California","071","San Bernardino","34.5109611108812","-117.32554"
"03/01/2024","AQS","060710306","1","0.041","ppm","38","Victorville-Park Avenue","17","100.0000","44201","Ozone","087","40140","Riverside-San Bernardino-Ontario, CA","06","California","071","San Bernardino","34.5109611108812","-117.32554"
"03/02/2024","AQS","060710306","1","0.039","ppm","36","Victorville-Park Avenue","17","100.0000","44201","Ozone","087","40140","Riverside-San Bernardino-Ontario, CA","06","California","071","San Bernardino","34.5109611108812","-117.32554"
"03/03/2024","AQS","060710306","1","0.041","ppm","38","Victorville-Park Avenue","17","100.0000","44201","Ozone","087","40140","Riverside-San Bernardino-Ontario, CA","06","California","071","San Bernardino","34.5109611108812","-117.32554"
"03/04/2024","AQS","060710306","1","0.039","ppm","36","Victorville-Park Avenue","17","100.0000","44201","Ozone","087","40140","Riverside-San Bernardino-Ontario, CA","06","California","071","San Bernardino","34.5109611108812","-117.32554"
"03/05/2024","AQS","060710306","1","0.043","ppm","40","Victorville-Park Avenue","17","100.0000","44201","Ozone","087","40140","Riverside-San Bernardino-Ontario, CA","06","California","071","San Bernardino","34.5109611108812","-117.32554"
"03/07/2024","AQS","060710306","1","0.039","ppm","36","Victorville-Park Avenue","17","100.0000","44201","Ozone","087","40140","Riverside-San Bernardino-Ontario, CA","06","California","071","San Bernardino","34.5109611108812","-117.32554"
"03/08/2024","AQS","060710306","1","0.042","ppm","39","Victorville-Park Avenue","17","100.0000","44201","Ozone","087","40140","Riverside-San Bernardino-Ontario, CA","06","California","071","San Bernardino","34.5109611108812","-117.32554"
"03/09/2024","AirNow","060710306","1","0.049","ppm","45","Victorville-Park Avenue","24","100.0000","44201","Ozone","","40140","Riverside-San Bernardino-Ontario, CA","06","California","071","San Bernardino","34.5109611108812","-117.32554"
"03/13/2024","AQS","060710306","1","0.045","ppm","42","Victorville-Park Avenue","14","82.0000","44201","Ozone","087","40140","Riverside-San Bernardino-Ontario, CA","06","California","071","San Bernardino","34.5109611108812","-117.32554"
"03/14/2024","AQS","060710306","1","0.043","ppm","40","Victorville-Park Avenue","17","100.0000","44201","Ozone","087","40140","Riverside-San Bernardino-Ontario, CA","06","California","071","San Bernardino","34.5109611108812","-117.32554"
"03/15/2024","AQS","060710306","1","0.038","ppm","35","Victorville-Park Avenue","17","100.0000","44201","Ozone","087","40140","Riverside-San Bernardino-Ontario, CA","06","California","071","San Bernardino","34.5109611108812","-117.32554"
"03/16/2024","AQS","060710306","1","0.036","ppm","33","Victorville-Park Avenue","17","100.0000","44201","Ozone","087","40140","Riverside-San Bernardino-Ontario, CA","06","California","071","San Bernardino","34.5109611108812","-117.32554"
"03/17/2024","AQS","060710306","1","0.045","ppm","42","Victorville-Park Avenue","17","100.0000","44201","Ozone","087","40140","Riverside-San Bernardino-Ontario, CA","06","California","071","San Bernardino","34.5109611108812","-117.32554"
"03/19/2024","AQS","060710306","1","0.05","ppm","46","Victorville-Park Avenue","17","100.0000","44201","Ozone","087","40140","Riverside-San Bernardino-Ontario, CA","06","California","071","San Bernardino","34.5109611108812","-117.32554"
"03/20/2024","AQS","060710306","1","0.055","ppm","51","Victorville-Park Avenue","17","100.0000","44201","Ozone","087","40140","Riverside-San Bernardino-Ontario, CA","06","California","071","San Bernardino","34.5109611108812","-117.32554"
"03/21/2024","AQS","060710306","1","0.058","ppm","61","Victorville-Park Avenue","17","100.0000","44201","Ozone","087","40140","Riverside-San Bernardino-Ontario, CA","06","California","071","San Bernardino","34.5109611108812","-117.32554"
"03/22/2024","AQS","060710306","1","0.058","ppm","61","Victorville-Park Avenue","17","100.0000","44201","Ozone","087","40140","Riverside-San Bernardino-Ontario, CA","06","California","071","San Bernardino","34.5109611108812","-117.32554"
"03/23/2024","AQS","060710306","1","0.044","ppm","41","Victorville-Park Avenue","17","100.0000","44201","Ozone","087","40140","Riverside-San Bernardino-Ontario, CA","06","California","071","San Bernardino","34.5109611108812","-117.32554"
"03/24/2024","AQS","060710306","1","0.045","ppm","42","Victorville-Park Avenue","17","100.0000","44201","Ozone","087","40140","Riverside-San Bernardino-Ontario, CA","06","California","071","San Bernardino","34.5109611108812","-117.32554"
"03/25/2024","AQS","060710306","1","0.046","ppm","43","Victorville-Park Avenue","17","100.0000","44201","Ozone","087","40140","Riverside-San Bernardino-Ontario, CA","06","California","071","San Bernardino","34.5109611108812","-117.32554"
"03/26/2024","AQS","060710306","1","0.052","ppm","48","Victorville-Park Avenue","17","100.0000","44201","Ozone","087","40140","Riverside-San Bernardino-Ontario, CA","06","California","071","San Bernardino","34.5109611108812","-117.32554"
"03/27/2024","AQS","060710306","1","0.06","ppm","67","Victorville-Park Avenue","17","100.0000","44201","Ozone","087","40140","Riverside-San Bernardino-Ontario, CA","06","California","071","San Bernardino","34.5109611108812","-117.32554"
"03/29/2024","AQS","060710306","1","0.052","ppm","48","Victorville-Park Avenue","17","100.0000","44201","Ozone","087","40140","Riverside-San Bernardino-Ontario, CA","06","California","071","San Bernardino","34.5109611108812","-117.32554"
"03/30/2024","AQS","060710306","1","0.047","ppm","44","Victorville-Park Avenue","17","100.0000","44201","Ozone","087","40140","Riverside-San Bernardino-Ontario, CA","06","California","071","San Bernardino","34.5109611108812","-117.32554"
"03/31/2024","AQS","060710306","1","0.049","ppm","45","Victorville-Park Avenue","17","100.0000","44201","Ozone","087","40140","Riverside-San Bernardino-Ontario, CA","06","California","071","San Bernardino","34.5109611108812","-117.32554"
"04/01/2024","AQS","060710306","1","0.046","ppm","43","Victorville-Park Avenue","17","100.0000","44201","Ozone","087","40140","Riverside-San Bernardino-Ontario, CA","06","California","071","San Bernardino","34.5109611108812","-117.32554"
"04/02/2024","AQS","060710306","1","0.051","ppm","47","Victorville-Park Avenue","17","100.0000","44201","Ozone","087","40140","Riverside-San Bernardino-Ontario, CA","06","California","071","San Bernardino","34.5109611108812","-117.32554"
"04/03/2024","AQS","060710306","1","0.063","ppm","77","Victorville-Park Avenue","17","100.0000","44201","Ozone","087","40140","Riverside-San Bernardino-Ontario, CA","06","California","071","San Bernardino","34.5109611108812","-117.32554"
"04/04/2024","AQS","060710306","1","0.047","ppm","44","Victorville-Park Avenue","17","100.0000","44201","Ozone","087","40140","Riverside-San Bernardino-Ontario, CA","06","California","071","San Bernardino","34.5109611108812","-117.32554"
"04/05/2024","AQS","060710306","1","0.048","ppm","44","Victorville-Park Avenue","17","100.0000","44201","Ozone","087","40140","Riverside-San Bernardino-Ontario, CA","06","California","071","San Bernardino","34.5109611108812","-117.32554"
"04/06/2024","AQS","060710306","1","0.052","ppm","48","Victorville-Park Avenue","17","100.0000","44201","Ozone","087","40140","Riverside-San Bernardino-Ontario, CA","06","California","071","San Bernardino","34.5109611108812","-117.32554"
"04/07/2024","AQS","060710306","1","0.058","ppm","61","Victorville-Park Avenue","17","100.0000","44201","Ozone","087","40140","Riverside-San Bernardino-Ontario, CA","06","California","071","San Bernardino","34.5109611108812","-117.32554"
"04/08/2024","AQS","060710306","1","0.053","ppm","49","Victorville-Park Avenue","17","100.0000","44201","Ozone","087","40140","Riverside-San Bernardino-Ontario, CA","06","California","071","San Bernardino","34.5109611108812","-117.32554"
"04/09/2024","AQS","060710306","1","0.054","ppm","50","Victorville-Park Avenue","17","100.0000","44201","Ozone","087","40140","Riverside-San Bernardino-Ontario, CA","06","California","071","San Bernardino","34.5109611108812","-117.32554"
"04/10/2024","AQS","060710306","1","0.053","ppm","49","Victorville-Park Avenue","17","100.0000","44201","Ozone","087","40140","Riverside-San Bernardino-Ontario, CA","06","California","071","San Bernardino","34.5109611108812","-117.32554"
"04/11/2024","AQS","060710306","1","0.061","ppm","71","Victorville-Park Avenue","17","100.0000","44201","Ozone","087","40140","Riverside-San Bernardino-Ontario, CA","06","California","071","San Bernardino","34.5109611108812","-117.32554"
"04/12/2024","AQS","060710306","1","0.066","ppm","87","Victorville-Park Avenue","17","100.0000","44201","Ozone","087","40140","Riverside-San Bernardino-Ontario, CA","06","California","071","San Bernardino","34.5109611108812","-117.32554"
"04/13/2024","AQS","060710306","1","0.054","ppm","50","Victorville-Park Avenue","17","100.0000","44201","Ozone","087","40140","Riverside-San Bernardino-Ontario, CA","06","California","071","San Bernardino","34.5109611108812","-117.32554"
"04/14/2024","AQS","060710306","1","0.051","ppm","47","Victorville-Park Avenue","17","100.0000","44201","Ozone","087","40140","Riverside-San Bernardino-Ontario, CA","06","California","071","San Bernardino","34.5109611108812","-117.32554"
"04/15/2024","AirNow","060710306","1","0.058","ppm","61","Victorville-Park Avenue","18","75.0000","44201","Ozone","","40140","Riverside-San Bernardino-Ontario, CA","06","California","071","San Bernardino","34.5109611108812","-117.32554"
"04/16/2024","AQS","060710306","1","0.06","ppm","67","Victorville-Park Avenue","17","100.0000","44201","Ozone","087","40140","Riverside-San Bernardino-Ontario, CA","06","California","071","San Bernardino","34.5109611108812","-117.32554"
"04/17/2024","AQS","060710306","1","0.07","ppm","100","Victorville-Park Avenue","17","100.0000","44201","Ozone","087","40140","Riverside-San Bernardino-Ontario, CA","06","California","071","San Bernardino","34.5109611108812","-117.32554"
"04/18/2024","AQS","060710306","1","0.065","ppm","84","Victorville-Park Avenue","17","100.0000","44201","Ozone","087","40140","Riverside-San Bernardino-Ontario, CA","06","California","071","San Bernardino","34.5109611108812","-117.32554"
"04/19/2024","AQS","060710306","1","0.06","ppm","67","Victorville-Park Avenue","17","100.0000","44201","Ozone","087","40140","Riverside-San Bernardino-Ontario, CA","06","California","071","San Bernardino","34.5109611108812","-117.32554"
"04/20/2024","AQS","060710306","1","0.062","ppm","74","Victorville-Park Avenue","17","100.0000","44201","Ozone","087","40140","Riverside-San Bernardino-Ontario, CA","06","California","071","San Bernardino","34.5109611108812","-117.32554"
"04/21/2024","AQS","060710306","1","0.065","ppm","84","Victorville-Park Avenue","17","100.0000","44201","Ozone","087","40140","Riverside-San Bernardino-Ontario, CA","06","California","071","San Bernardino","34.5109611108812","-117.32554"
"04/22/2024","AQS","060710306","1","0.066","ppm","87","Victorville-Park Avenue","17","100.0000","44201","Ozone","087","40140","Riverside-San Bernardino-Ontario, CA","06","California","071","San Bernardino","34.5109611108812","-117.32554"
"04/23/2024","AQS","060710306","1","0.051","ppm","47","Victorville-Park Avenue","17","100.0000","44201","Ozone","087","40140","Riverside-San Bernardino-Ontario, CA","06","California","071","San Bernardino","34.5109611108812","-117.32554"
"04/24/2024","AQS","060710306","1","0.052","ppm","48","Victorville-Park Avenue","17","100.0000","44201","Ozone","087","40140","Riverside-San Bernardino-Ontario, CA","06","California","071","San Bernardino","34.5109611108812","-117.32554"
"04/25/2024","AirNow","060710306","1","0.046","ppm","43","Victorville-Park Avenue","24","100.0000","44201","Ozone","","40140","Riverside-San Bernardino-Ontario, CA","06","California","071","San Bernardino","34.5109611108812","-117.32554"
"04/26/2024","AQS","060710306","1","0.048","ppm","44","Victorville-Park Avenue","17","100.0000","44201","Ozone","087","40140","Riverside-San Bernardino-Ontario, CA","06","California","071","San Bernardino","34.5109611108812","-117.32554"
"04/27/2024","AQS","060710306","1","0.048","ppm","44","Victorville-Park Avenue","17","100.0000","44201","Ozone","087","40140","Riverside-San Bernardino-Ontario, CA","06","California","071","San Bernardino","34.5109611108812","-117.32554"
"04/28/2024","AQS","060710306","1","0.053","ppm","49","Victorville-Park Avenue","17","100.0000","44201","Ozone","087","40140","Riverside-San Bernardino-Ontario, CA","06","California","071","San Bernardino","34.5109611108812","-117.32554"
"04/29/2024","AQS","060710306","1","0.064","ppm","80","Victorville-Park Avenue","17","100.0000","44201","Ozone","087","40140","Riverside-San Bernardino-Ontario, CA","06","California","071","San Bernardino","34.5109611108812","-117.32554"
"04/30/2024","AQS","060710306","1","0.073","ppm","108","Victorville-Park Avenue","17","100.0000","44201","Ozone","087","40140","Riverside-San Bernardino-Ontario, CA","06","California","071","San Bernardino","34.5109611108812","-117.32554"
"05/01/2024","AQS","060710306","1","0.058","ppm","61","Victorville-Park Avenue","17","100.0000","44201","Ozone","087","40140","Riverside-San Bernardino-Ontario, CA","06","California","071","San Bernardino","34.5109611108812","-117.32554"
"05/02/2024","AQS","060710306","1","0.063","ppm","77","Victorville-Park Avenue","17","100.0000","44201","Ozone","087","40140","Riverside-San Bernardino-Ontario, CA","06","California","071","San Bernardino","34.5109611108812","-117.32554"
"05/03/2024","AQS","060710306","1","0.062","ppm","74","Victorville-Park Avenue","17","100.0000","44201","Ozone","087","40140","Riverside-San Bernardino-Ontario, CA","06","California","071","San Bernardino","34.5109611108812","-117.32554"
"05/04/2024","AQS","060710306","1","0.051","ppm","47","Victorville-Park Avenue","17","100.0000","44201","Ozone","087","40140","Riverside-San Bernardino-Ontario, CA","06","California","071","San Bernardino","34.5109611108812","-117.32554"
"05/05/2024","AQS","060710306","1","0.054","ppm","50","Victorville-Park Avenue","17","100.0000","44201","Ozone","087","40140","Riverside-San Bernardino-Ontario, CA","06","California","071","San Bernardino","34.5109611108812","-117.32554"
"05/06/2024","AQS","060710306","1","0.053","ppm","49","Victorville-Park Avenue","17","100.0000","44201","Ozone","087","40140","Riverside-San Bernardino-Ontario, CA","06","California","071","San Bernardino","34.5109611108812","-117.32554"
"05/07/2024","AQS","060710306","1","0.063","ppm","77","Victorville-Park Avenue","17","100.0000","44201","Ozone","087","40140","Riverside-San Bernardino-Ontario, CA","06","California","071","San Bernardino","34.5109611108812","-117.32554"
"05/08/2024","AQS","060710306","1","0.053","ppm","49","Victorville-Park Avenue","17","100.0000","44201","Ozone","087","40140","Riverside-San Bernardino-Ontario, CA","06","California","071","San Bernardino","34.5109611108812","-117.32554"
"05/09/2024","AQS","060710306","1","0.048","ppm","44","Victorville-Park Avenue","17","100.0000","44201","Ozone","087","40140","Riverside-San Bernardino-Ontario, CA","06","California","071","San Bernardino","34.5109611108812","-117.32554"
"05/10/2024","AQS","060710306","1","0.048","ppm","44","Victorville-Park Avenue","17","100.0000","44201","Ozone","087","40140","Riverside-San Bernardino-Ontario, CA","06","California","071","San Bernardino","34.5109611108812","-117.32554"
"05/11/2024","AQS","060710306","1","0.056","ppm","54","Victorville-Park Avenue","17","100.0000","44201","Ozone","087","40140","Riverside-San Bernardino-Ontario, CA","06","California","071","San Bernardino","34.5109611108812","-117.32554"
"05/12/2024","AQS","060710306","1","0.067","ppm","90","Victorville-Park Avenue","17","100.0000","44201","Ozone","087","40140","Riverside-San Bernardino-Ontario, CA","06","California","071","San Bernardino","34.5109611108812","-117.32554"
"05/13/2024","AQS","060710306","1","0.07","ppm","100","Victorville-Park Avenue","17","100.0000","44201","Ozone","087","40140","Riverside-San Bernardino-Ontario, CA","06","California","071","San Bernardino","34.5109611108812","-117.32554"
"05/14/2024","AQS","060710306","1","0.07","ppm","100","Victorville-Park Avenue","17","100.0000","44201","Ozone","087","40140","Riverside-San Bernardino-Ontario, CA","06","California","071","San Bernardino","34.5109611108812","-117.32554"
"05/15/2024","AQS","060710306","1","0.066","ppm","87","Victorville-Park Avenue","17","100.0000","44201","Ozone","087","40140","Riverside-San Bernardino-Ontario, CA","06","California","071","San Bernardino","34.5109611108812","-117.32554"
"05/16/2024","AQS","060710306","1","0.067","ppm","90","Victorville-Park Avenue","17","100.0000","44201","Ozone","087","40140","Riverside-San Bernardino-Ontario, CA","06","California","071","San Bernardino","34.5109611108812","-117.32554"
"05/17/2024","AQS","060710306","1","0.061","ppm","71","Victorville-Park Avenue","17","100.0000","44201","Ozone","087","40140","Riverside-San Bernardino-Ontario, CA","06","California","071","San Bernardino","34.5109611108812","-117.32554"
"05/18/2024","AQS","060710306","1","0.069","ppm","97","Victorville-Park Avenue","17","100.0000","44201","Ozone","087","40140","Riverside-San Bernardino-Ontario, CA","06","California","071","San Bernardino","34.5109611108812","-117.32554"
"05/19/2024","AQS","060710306","1","0.069","ppm","97","Victorville-Park Avenue","17","100.0000","44201","Ozone","087","40140","Riverside-San Bernardino-Ontario, CA","06","California","071","San Bernardino","34.5109611108812","-117.32554"
"05/22/2024","AQS","060710306","1","0.07","ppm","100","Victorville-Park Avenue","17","100.0000","44201","Ozone","087","40140","Riverside-San Bernardino-Ontario, CA","06","California","071","San Bernardino","34.5109611108812","-117.32554"
"05/23/2024","AQS","060710306","1","0.057","ppm","58","Victorville-Park Avenue","17","100.0000","44201","Ozone","087","40140","Riverside-San Bernardino-Ontario, CA","06","California","071","San Bernardino","34.5109611108812","-117.32554"
"05/24/2024","AQS","060710306","1","0.052","ppm","48","Victorville-Park Avenue","17","100.0000","44201","Ozone","087","40140","Riverside-San Bernardino-Ontario, CA","06","California","071","San Bernardino","34.5109611108812","-117.32554"
"05/25/2024","AQS","060710306","1","0.05","ppm","46","Victorville-Park Avenue","17","100.0000","44201","Ozone","087","40140","Riverside-San Bernardino-Ontario, CA","06","California","071","San Bernardino","34.5109611108812","-117.32554"
"05/26/2024","AQS","060710306","1","0.059","ppm","64","Victorville-Park Avenue","17","100.0000","44201","Ozone","087","40140","Riverside-San Bernardino-Ontario, CA","06","California","071","San Bernardino","34.5109611108812","-117.32554"
"05/27/2024","AQS","060710306","1","0.055","ppm","51","Victorville-Park Avenue","17","100.0000","44201","Ozone","087","40140","Riverside-San Bernardino-Ontario, CA","06","California","071","San Bernardino","34.5109611108812","-117.32554"
"05/28/2024","AQS","060710306","1","0.063","ppm","77","Victorville-Park Avenue","17","100.0000","44201","Ozone","087","40140","Riverside-San Bernardino-Ontario, CA","06","California","071","San Bernardino","34.5109611108812","-117.32554"
"05/29/2024","AQS","060710306","1","0.072","ppm","105","Victorville-Park Avenue","17","100.0000","44201","Ozone","087","40140","Riverside-San Bernardino-Ontario, CA","06","California","071","San Bernardino","34.5109611108812","-117.32554"
"05/30/2024","AQS","060710306","1","0.073","ppm","108","Victorville-Park Avenue","17","100.0000","44201","Ozone","087","40140","Riverside-San Bernardino-Ontario, CA","06","California","071","San Bernardino","34.5109611108812","-117.32554"
"05/31/2024","AQS","060710306","1","0.073","ppm","108","Victorville-Park Avenue","17","100.0000","44201","Ozone","087","40140","Riverside-San Bernardino-Ontario, CA","06","California","071","San Bernardino","34.5109611108812","-117.32554"
"06/01/2024","AQS","060710306","1","0.072","ppm","105","Victorville-Park Avenue","17","100.0000","44201","Ozone","087","40140","Riverside-San Bernardino-Ontario, CA","06","California","071","San Bernardino","34.5109611108812","-117.32554"
"06/02/2024","AQS","060710306","1","0.056","ppm","54","Victorville-Park Avenue","17","100.0000","44201","Ozone","087","40140","Riverside-San Bernardino-Ontario, CA","06","California","071","San Bernardino","34.5109611108812","-117.32554"
"06/03/2024","AQS","060710306","1","0.053","ppm","49","Victorville-Park Avenue","17","100.0000","44201","Ozone","087","40140","Riverside-San Bernardino-Ontario, CA","06","California","071","San Bernardino","34.5109611108812","-117.32554"
"06/04/2024","AQS","060710306","1","0.064","ppm","80","Victorville-Park Avenue","17","100.0000","44201","Ozone","087","40140","Riverside-San Bernardino-Ontario, CA","06","California","071","San Bernardino","34.5109611108812","-117.32554"
"06/05/2024","AQS","060710306","1","0.077","ppm","122","Victorville-Park Avenue","17","100.0000","44201","Ozone","087","40140","Riverside-San Bernardino-Ontario, CA","06","California","071","San Bernardino","34.5109611108812","-117.32554"
"06/06/2024","AQS","060710306","1","0.075","ppm","115","Victorville-Park Avenue","17","100.0000","44201","Ozone","087","40140","Riverside-San Bernardino-Ontario, CA","06","California","071","San Bernardino","34.5109611108812","-117.32554"
"06/07/2024","AQS","060710306","1","0.067","ppm","90","Victorville-Park Avenue","17","100.0000","44201","Ozone","087","40140","Riverside-San Bernardino-Ontario, CA","06","California","071","San Bernardino","34.5109611108812","-117.32554"
"06/08/2024","AQS","060710306","1","0.059","ppm","64","Victorville-Park Avenue","17","100.0000","44201","Ozone","087","40140","Riverside-San Bernardino-Ontario, CA","06","California","071","San Bernardino","34.5109611108812","-117.32554"
"06/09/2024","AQS","060710306","1","0.057","ppm","58","Victorville-Park Avenue","17","100.0000","44201","Ozone","087","40140","Riverside-San Bernardino-Ontario, CA","06","California","071","San Bernardino","34.5109611108812","-117.32554"
"06/10/2024","AQS","060710306","1","0.055","ppm","51","Victorville-Park Avenue","17","100.0000","44201","Ozone","087","40140","Riverside-San Bernardino-Ontario, CA","06","California","071","San Bernardino","34.5109611108812","-117.32554"
"06/11/2024","AQS","060710306","1","0.069","ppm","97","Victorville-Park Avenue","17","100.0000","44201","Ozone","087","40140","Riverside-San Bernardino-Ontario, CA","06","California","071","San Bernardino","34.5109611108812","-117.32554"
"06/12/2024","AQS","060710306","1","0.074","ppm","112","Victorville-Park Avenue","17","100.0000","44201","Ozone","087","40140","Riverside-San Bernardino-Ontario, CA","06","California","071","San Bernardino","34.5109611108812","-117.32554"
"06/13/2024","AQS","060710306","1","0.061","ppm","71","Victorville-Park Avenue","17","100.0000","44201","Ozone","087","40140","Riverside-San Bernardino-Ontario, CA","06","California","071","San Bernardino","34.5109611108812","-117.32554"
"06/14/2024","AQS","060710306","1","0.068","ppm","93","Victorville-Park Avenue","17","100.0000","44201","Ozone","087","40140","Riverside-San Bernardino-Ontario, CA","06","California","071","San Bernardino","34.5109611108812","-117.32554"
"06/15/2024","AQS","060710306","1","0.073","ppm","108","Victorville-Park Avenue","17","100.0000","44201","Ozone","087","40140","Riverside-San Bernardino-Ontario, CA","06","California","071","San Bernardino","34.5109611108812","-117.32554"
"06/16/2024","AQS","060710306","1","0.077","ppm","122","Victorville-Park Avenue","17","100.0000","44201","Ozone","087","40140","Riverside-San Bernardino-Ontario, CA","06","California","071","San Bernardino","34.5109611108812","-117.32554"
"06/17/2024","AQS","060710306","1","0.064","ppm","80","Victorville-Park Avenue","17","100.0000","44201","Ozone","087","40140","Riverside-San Bernardino-Ontario, CA","06","California","071","San Bernardino","34.5109611108812","-117.32554"
"06/18/2024","AQS","060710306","1","0.068","ppm","93","Victorville-Park Avenue","17","100.0000","44201","Ozone","087","40140","Riverside-San Bernardino-Ontario, CA","06","California","071","San Bernardino","34.5109611108812","-117.32554"
"06/19/2024","AirNow","060710306","1","0.061","ppm","71","Victorville-Park Avenue","24","100.0000","44201","Ozone","","40140","Riverside-San Bernardino-Ontario, CA","06","California","071","San Bernardino","34.5109611108812","-117.32554"
"06/20/2024","AQS","060710306","1","0.072","ppm","105","Victorville-Park Avenue","12","71.0000","44201","Ozone","087","40140","Riverside-San Bernardino-Ontario, CA","06","California","071","San Bernardino","34.5109611108812","-117.32554"
"06/21/2024","AQS","060710306","1","0.081","ppm","136","Victorville-Park Avenue","17","100.0000","44201","Ozone","087","40140","Riverside-San Bernardino-Ontario, CA","06","California","071","San Bernardino","34.5109611108812","-117.32554"
"06/22/2024","AQS","060710306","1","0.071","ppm","101","Victorville-Park Avenue","17","100.0000","44201","Ozone","087","40140","Riverside-San Bernardino-Ontario, CA","06","California","071","San Bernardino","34.5109611108812","-117.32554"
"06/23/2024","AQS","060710306","1","0.07","ppm","100","Victorville-Park Avenue","17","100.0000","44201","Ozone","087","40140","Riverside-San Bernardino-Ontario, CA","06","California","071","San Bernardino","34.5109611108812","-117.32554"
"06/24/2024","AQS","060710306","1","0.075","ppm","115","Victorville-Park Avenue","17","100.0000","44201","Ozone","087","40140","Riverside-San Bernardino-Ontario, CA","06","California","071","San Bernardino","34.5109611108812","-117.32554"
"06/25/2024","AQS","060710306","1","0.07","ppm","100","Victorville-Park Avenue","17","100.0000","44201","Ozone","087","40140","Riverside-San Bernardino-Ontario, CA","06","California","071","San Bernardino","34.5109611108812","-117.32554"
"06/26/2024","AQS","060710306","1","0.07","ppm","100","Victorville-Park Avenue","17","100.0000","44201","Ozone","087","40140","Riverside-San Bernardino-Ontario, CA","06","California","071","San Bernardino","34.5109611108812","-117.32554"
"06/27/2024","AQS","060710306","1","0.083","ppm","143","Victorville-Park Avenue","17","100.0000","44201","Ozone","087","40140","Riverside-San Bernardino-Ontario, CA","06","California","071","San Bernardino","34.5109611108812","-117.32554"
"06/28/2024","AQS","060710306","1","0.077","ppm","122","Victorville-Park Avenue","17","100.0000","44201","Ozone","087","40140","Riverside-San Bernardino-Ontario, CA","06","California","071","San Bernardino","34.5109611108812","-117.32554"
"06/29/2024","AQS","060710306","1","0.062","ppm","74","Victorville-Park Avenue","17","100.0000","44201","Ozone","087","40140","Riverside-San Bernardino-Ontario, CA","06","California","071","San Bernardino","34.5109611108812","-117.32554"
"06/30/2024","AQS","060710306","1","0.058","ppm","61","Victorville-Park Avenue","17","100.0000","44201","Ozone","087","40140","Riverside-San Bernardino-Ontario, CA","06","California","071","San Bernardino","34.5109611108812","-117.32554"
"07/01/2024","AQS","060710306","1","0.079","ppm","129","Victorville-Park Avenue","17","100.0000","44201","Ozone","087","40140","Riverside-San Bernardino-Ontario, CA","06","California","071","San Bernardino","34.5109611108812","-117.32554"
"07/02/2024","AQS","060710306","1","0.087","ppm","154","Victorville-Park Avenue","17","100.0000","44201","Ozone","087","40140","Riverside-San Bernardino-Ontario, CA","06","California","071","San Bernardino","34.5109611108812","-117.32554"
"07/03/2024","AQS","060710306","1","0.065","ppm","84","Victorville-Park Avenue","17","100.0000","44201","Ozone","087","40140","Riverside-San Bernardino-Ontario, CA","06","California","071","San Bernardino","34.5109611108812","-117.32554"
"07/04/2024","AQS","060710306","1","0.072","ppm","105","Victorville-Park Avenue","17","100.0000","44201","Ozone","087","40140","Riverside-San Bernardino-Ontario, CA","06","California","071","San Bernardino","34.5109611108812","-117.32554"
"07/05/2024","AQS","060710306","1","0.066","ppm","87","Victorville-Park Avenue","17","100.0000","44201","Ozone","087","40140","Riverside-San Bernardino-Ontario, CA","06","California","071","San Bernardino","34.5109611108812","-117.32554"
"07/06/2024","AQS","060710306","1","0.079","ppm","129","Victorville-Park Avenue","17","100.0000","44201","Ozone","087","40140","Riverside-San Bernardino-Ontario, CA","06","California","071","San Bernardino","34.5109611108812","-117.32554"
"07/07/2024","AQS","060710306","1","0.077","ppm","122","Victorville-Park Avenue","17","100.0000","44201","Ozone","087","40140","Riverside-San Bernardino-Ontario, CA","06","California","071","San Bernardino","34.5109611108812","-117.32554"
"07/08/2024","AQS","060710306","1","0.097","ppm","179","Victorville-Park Avenue","17","100.0000","44201","Ozone","087","40140","Riverside-San Bernardino-Ontario, CA","06","California","071","San Bernardino","34.5109611108812","-117.32554"
"07/09/2024","AQS","060710306","1","0.093","ppm","169","Victorville-Park Avenue","17","100.0000","44201","Ozone","087","40140","Riverside-San Bernardino-Ontario, CA","06","California","071","San Bernardino","34.5109611108812","-117.32554"
"07/10/2024","AQS","060710306","1","0.085","ppm","150","Victorville-Park Avenue","17","100.0000","44201","Ozone","087","40140","Riverside-San Bernardino-Ontario, CA","06","California","071","San Bernardino","34.5109611108812","-117.32554"
"07/11/2024","AQS","060710306","1","0.079","ppm","129","Victorville-Park Avenue","17","100.0000","44201","Ozone","087","40140","Riverside-San Bernardino-Ontario, CA","06","California","071","San Bernardino","34.5109611108812","-117.32554"
"07/12/2024","AQS","060710306","1","0.096","ppm","177","Victorville-Park Avenue","17","100.0000","44201","Ozone","087","40140","Riverside-San Bernardino-Ontario, CA","06","California","071","San Bernardino","34.5109611108812","-117.32554"
"07/13/2024","AQS","060710306","1","0.072","ppm","105","Victorville-Park Avenue","17","100.0000","44201","Ozone","087","40140","Riverside-San Bernardino-Ontario, CA","06","California","071","San Bernardino","34.5109611108812","-117.32554"
"07/14/2024","AQS","060710306","1","0.068","ppm","93","Victorville-Park Avenue","17","100.0000","44201","Ozone","087","40140","Riverside-San Bernardino-Ontario, CA","06","California","071","San Bernardino","34.5109611108812","-117.32554"
"07/15/2024","AQS","060710306","1","0.066","ppm","87","Victorville-Park Avenue","17","100.0000","44201","Ozone","087","40140","Riverside-San Bernardino-Ontario, CA","06","California","071","San Bernardino","34.5109611108812","-117.32554"
"07/16/2024","AQS","060710306","1","0.078","ppm","126","Victorville-Park Avenue","17","100.0000","44201","Ozone","087","40140","Riverside-San Bernardino-Ontario, CA","06","California","071","San Bernardino","34.5109611108812","-117.32554"
"07/17/2024","AQS","060710306","1","0.088","ppm","156","Victorville-Park Avenue","17","100.0000","44201","Ozone","087","40140","Riverside-San Bernardino-Ontario, CA","06","California","071","San Bernardino","34.5109611108812","-117.32554"
"07/18/2024","AQS","060710306","1","0.069","ppm","97","Victorville-Park Avenue","17","100.0000","44201","Ozone","087","40140","Riverside-San Bernardino-Ontario, CA","06","California","071","San Bernardino","34.5109611108812","-117.32554"
"07/19/2024","AQS","060710306","1","0.066","ppm","87","Victorville-Park Avenue","17","100.0000","44201","Ozone","087","40140","Riverside-San Bernardino-Ontario, CA","06","California","071","San Bernardino","34.5109611108812","-117.32554"
"07/20/2024","AQS","060710306","1","0.059","ppm","64","Victorville-Park Avenue","17","100.0000","44201","Ozone","087","40140","Riverside-San Bernardino-Ontario, CA","06","California","071","San Bernardino","34.5109611108812","-117.32554"
"07/21/2024","AQS","060710306","1","0.058","ppm","61","Victorville-Park Avenue","17","100.0000","44201","Ozone","087","40140","Riverside-San Bernardino-Ontario, CA","06","California","071","San Bernardino","34.5109611108812","-117.32554"
"07/23/2024","AQS","060710306","1","0.067","ppm","90","Victorville-Park Avenue","17","100.0000","44201","Ozone","087","40140","Riverside-San Bernardino-Ontario, CA","06","California","071","San Bernardino","34.5109611108812","-117.32554"
"07/24/2024","AQS","060710306","1","0.07","ppm","100","Victorville-Park Avenue","17","100.0000","44201","Ozone","087","40140","Riverside-San Bernardino-Ontario, CA","06","California","071","San Bernardino","34.5109611108812","-117.32554"
"07/25/2024","AQS","060710306","1","0.088","ppm","156","Victorville-Park Avenue","11","65.0000","44201","Ozone","087","40140","Riverside-San Bernardino-Ontario, CA","06","California","071","San Bernardino","34.5109611108812","-117.32554"
"07/26/2024","AQS","060710306","1","0.063","ppm","77","Victorville-Park Avenue","17","100.0000","44201","Ozone","087","40140","Riverside-San Bernardino-Ontario, CA","06","California","071","San Bernardino","34.5109611108812","-117.32554"
"07/27/2024","AQS","060710306","1","0.066","ppm","87","Victorville-Park Avenue","17","100.0000","44201","Ozone","087","40140","Riverside-San Bernardino-Ontario, CA","06","California","071","San Bernardino","34.5109611108812","-117.32554"
"07/28/2024","AQS","060710306","1","0.063","ppm","77","Victorville-Park Avenue","17","100.0000","44201","Ozone","087","40140","Riverside-San Bernardino-Ontario, CA","06","California","071","San Bernardino","34.5109611108812","-117.32554"
"07/29/2024","AQS","060710306","1","0.064","ppm","80","Victorville-Park Avenue","17","100.0000","44201","Ozone","087","40140","Riverside-San Bernardino-Ontario, CA","06","California","071","San Bernardino","34.5109611108812","-117.32554"
"07/30/2024","AQS","060710306","1","0.082","ppm","140","Victorville-Park Avenue","17","100.0000","44201","Ozone","087","40140","Riverside-San Bernardino-Ontario, CA","06","California","071","San Bernardino","34.5109611108812","-117.32554"
"07/31/2024","AQS","060710306","1","0.07","ppm","100","Victorville-Park Avenue","17","100.0000","44201","Ozone","087","40140","Riverside-San Bernardino-Ontario, CA","06","California","071","San Bernardino","34.5109611108812","-117.32554"
"08/01/2024","AQS","060710306","1","0.063","ppm","77","Victorville-Park Avenue","17","100.0000","44201","Ozone","087","40140","Riverside-San Bernardino-Ontario, CA","06","California","071","San Bernardino","34.5109611108812","-117.32554"
"08/02/2024","AQS","060710306","1","0.069","ppm","97","Victorville-Park Avenue","17","100.0000","44201","Ozone","087","40140","Riverside-San Bernardino-Ontario, CA","06","California","071","San Bernardino","34.5109611108812","-117.32554"
"08/03/2024","AQS","060710306","1","0.059","ppm","64","Victorville-Park Avenue","17","100.0000","44201","Ozone","087","40140","Riverside-San Bernardino-Ontario, CA","06","California","071","San Bernardino","34.5109611108812","-117.32554"
"08/04/2024","AQS","060710306","1","0.065","ppm","84","Victorville-Park Avenue","17","100.0000","44201","Ozone","087","40140","Riverside-San Bernardino-Ontario, CA","06","California","071","San Bernardino","34.5109611108812","-117.32554"
"08/05/2024","AQS","060710306","1","0.057","ppm","58","Victorville-Park Avenue","17","100.0000","44201","Ozone","087","40140","Riverside-San Bernardino-Ontario, CA","06","California","071","San Bernardino","34.5109611108812","-117.32554"
"08/06/2024","AQS","060710306","1","0.083","ppm","143","Victorville-Park Avenue","17","100.0000","44201","Ozone","087","40140","Riverside-San Bernardino-Ontario, CA","06","California","071","San Bernardino","34.5109611108812","-117.32554"
"08/07/2024","AQS","060710306","1","0.069","ppm","97","Victorville-Park Avenue","17","100.0000","44201","Ozone","087","40140","Riverside-San Bernardino-Ontario, CA","06","California","071","San Bernardino","34.5109611108812","-117.32554"
"08/08/2024","AQS","060710306","1","0.086","ppm","151","Victorville-Park Avenue","17","100.0000","44201","Ozone","087","40140","Riverside-San Bernardino-Ontario, CA","06","California","071","San Bernardino","34.5109611108812","-117.32554"
"08/09/2024","AQS","060710306","1","0.077","ppm","122","Victorville-Park Avenue","17","100.0000","44201","Ozone","087","40140","Riverside-San Bernardino-Ontario, CA","06","California","071","San Bernardino","34.5109611108812","-117.32554"
"08/10/2024","AQS","060710306","1","0.075","ppm","115","Victorville-Park Avenue","17","100.0000","44201","Ozone","087","40140","Riverside-San Bernardino-Ontario, CA","06","California","071","San Bernardino","34.5109611108812","-117.32554"
"08/11/2024","AQS","060710306","1","0.06","ppm","67","Victorville-Park Avenue","17","100.0000","44201","Ozone","087","40140","Riverside-San Bernardino-Ontario, CA","06","California","071","San Bernardino","34.5109611108812","-117.32554"
"08/12/2024","AQS","060710306","1","0.06","ppm","67","Victorville-Park Avenue","17","100.0000","44201","Ozone","087","40140","Riverside-San Bernardino-Ontario, CA","06","California","071","San Bernardino","34.5109611108812","-117.32554"
"08/13/2024","AQS","060710306","1","0.055","ppm","51","Victorville-Park Avenue","17","100.0000","44201","Ozone","087","40140","Riverside-San Bernardino-Ontario, CA","06","California","071","San Bernardino","34.5109611108812","-117.32554"
"08/14/2024","AQS","060710306","1","0.073","ppm","108","Victorville-Park Avenue","17","100.0000","44201","Ozone","087","40140","Riverside-San Bernardino-Ontario, CA","06","California","071","San Bernardino","34.5109611108812","-117.32554"
"08/15/2024","AQS","060710306","1","0.082","ppm","140","Victorville-Park Avenue","17","100.0000","44201","Ozone","087","40140","Riverside-San Bernardino-Ontario, CA","06","California","071","San Bernardino","34.5109611108812","-117.32554"
"08/16/2024","AQS","060710306","1","0.084","ppm","147","Victorville-Park Avenue","17","100.0000","44201","Ozone","087","40140","Riverside-San Bernardino-Ontario, CA","06","California","071","San Bernardino","34.5109611108812","-117.32554"
"08/17/2024","AQS","060710306","1","0.065","ppm","84","Victorville-Park Avenue","17","100.0000","44201","Ozone","087","40140","Riverside-San Bernardino-Ontario, CA","06","California","071","San Bernardino","34.5109611108812","-117.32554"
"08/18/2024","AQS","060710306","1","0.067","ppm","90","Victorville-Park Avenue","17","100.0000","44201","Ozone","087","40140","Riverside-San Bernardino-Ontario, CA","06","California","071","San Bernardino","34.5109611108812","-117.32554"
"08/19/2024","AQS","060710306","1","0.076","ppm","119","Victorville-Park Avenue","17","100.0000","44201","Ozone","087","40140","Riverside-San Bernardino-Ontario, CA","06","California","071","San Bernardino","34.5109611108812","-117.32554"
"08/20/2024","AQS","060710306","1","0.078","ppm","126","Victorville-Park Avenue","17","100.0000","44201","Ozone","087","40140","Riverside-San Bernardino-Ontario, CA","06","California","071","San Bernardino","34.5109611108812","-117.32554"
"08/21/2024","AQS","060710306","1","0.075","ppm","115","Victorville-Park Avenue","17","100.0000","44201","Ozone","087","40140","Riverside-San Bernardino-Ontario, CA","06","California","071","San Bernardino","34.5109611108812","-117.32554"
"08/22/2024","AQS","060710306","1","0.065","ppm","84","Victorville-Park Avenue","17","100.0000","44201","Ozone","087","40140","Riverside-San Bernardino-Ontario, CA","06","California","071","San Bernardino","34.5109611108812","-117.32554"
"08/23/2024","AQS","060710306","1","0.063","ppm","77","Victorville-Park Avenue","17","100.0000","44201","Ozone","087","40140","Riverside-San Bernardino-Ontario, CA","06","California","071","San Bernardino","34.5109611108812","-117.32554"
"08/24/2024","AQS","060710306","1","0.062","ppm","74","Victorville-Park Avenue","17","100.0000","44201","Ozone","087","40140","Riverside-San Bernardino-Ontario, CA","06","California","071","San Bernardino","34.5109611108812","-117.32554"
"08/25/2024","AQS","060710306","1","0.065","ppm","84","Victorville-Park Avenue","17","100.0000","44201","Ozone","087","40140","Riverside-San Bernardino-Ontario, CA","06","California","071","San Bernardino","34.5109611108812","-117.32554"
"08/26/2024","AQS","060710306","1","0.06","ppm","67","Victorville-Park Avenue","17","100.0000","44201","Ozone","087","40140","Riverside-San Bernardino-Ontario, CA","06","California","071","San Bernardino","34.5109611108812","-117.32554"
"08/27/2024","AQS","060710306","1","0.076","ppm","119","Victorville-Park Avenue","17","100.0000","44201","Ozone","087","40140","Riverside-San Bernardino-Ontario, CA","06","California","071","San Bernardino","34.5109611108812","-117.32554"
"08/28/2024","AQS","060710306","1","0.07","ppm","100","Victorville-Park Avenue","17","100.0000","44201","Ozone","087","40140","Riverside-San Bernardino-Ontario, CA","06","California","071","San Bernardino","34.5109611108812","-117.32554"
"08/29/2024","AQS","060710306","1","0.067","ppm","90","Victorville-Park Avenue","17","100.0000","44201","Ozone","087","40140","Riverside-San Bernardino-Ontario, CA","06","California","071","San Bernardino","34.5109611108812","-117.32554"
"08/30/2024","AQS","060710306","1","0.057","ppm","58","Victorville-Park Avenue","17","100.0000","44201","Ozone","087","40140","Riverside-San Bernardino-Ontario, CA","06","California","071","San Bernardino","34.5109611108812","-117.32554"
"08/31/2024","AQS","060710306","1","0.054","ppm","50","Victorville-Park Avenue","17","100.0000","44201","Ozone","087","40140","Riverside-San Bernardino-Ontario, CA","06","California","071","San Bernardino","34.5109611108812","-117.32554"
"09/01/2024","AQS","060710306","1","0.057","ppm","58","Victorville-Park Avenue","17","100.0000","44201","Ozone","087","40140","Riverside-San Bernardino-Ontario, CA","06","California","071","San Bernardino","34.5109611108812","-117.32554"
"09/02/2024","AQS","060710306","1","0.061","ppm","71","Victorville-Park Avenue","17","100.0000","44201","Ozone","087","40140","Riverside-San Bernardino-Ontario, CA","06","California","071","San Bernardino","34.5109611108812","-117.32554"
"09/03/2024","AQS","060710306","1","0.066","ppm","87","Victorville-Park Avenue","17","100.0000","44201","Ozone","087","40140","Riverside-San Bernardino-Ontario, CA","06","California","071","San Bernardino","34.5109611108812","-117.32554"
"09/04/2024","AQS","060710306","1","0.07","ppm","100","Victorville-Park Avenue","17","100.0000","44201","Ozone","087","40140","Riverside-San Bernardino-Ontario, CA","06","California","071","San Bernardino","34.5109611108812","-117.32554"
"09/05/2024","AQS","060710306","1","0.066","ppm","87","Victorville-Park Avenue","17","100.0000","44201","Ozone","087","40140","Riverside-San Bernardino-Ontario, CA","06","California","071","San Bernardino","34.5109611108812","-117.32554"
"09/06/2024","AQS","060710306","1","0.062","ppm","74","Victorville-Park Avenue","13","76.0000","44201","Ozone","087","40140","Riverside-San Bernardino-Ontario, CA","06","California","071","San Bernardino","34.5109611108812","-117.32554"
"09/07/2024","AQS","060710306","1","0.081","ppm","136","Victorville-Park Avenue","17","100.0000","44201","Ozone","087","40140","Riverside-San Bernardino-Ontario, CA","06","California","071","San Bernardino","34.5109611108812","-117.32554"
"09/08/2024","AQS","060710306","1","0.066","ppm","87","Victorville-Park Avenue","17","100.0000","44201","Ozone","087","40140","Riverside-San Bernardino-Ontario, CA","06","California","071","San Bernardino","34.5109611108812","-117.32554"
"09/09/2024","AQS","060710306","1","0.069","ppm","97","Victorville-Park Avenue","17","100.0000","44201","Ozone","087","40140","Riverside-San Bernardino-Ontario, CA","06","California","071","San Bernardino","34.5109611108812","-117.32554"
"09/10/2024","AQS","060710306","1","0.068","ppm","93","Victorville-Park Avenue","17","100.0000","44201","Ozone","087","40140","Riverside-San Bernardino-Ontario, CA","06","California","071","San Bernardino","34.5109611108812","-117.32554"
"09/11/2024","AQS","060710306","1","0.068","ppm","93","Victorville-Park Avenue","17","100.0000","44201","Ozone","087","40140","Riverside-San Bernardino-Ontario, CA","06","California","071","San Bernardino","34.5109611108812","-117.32554"
"09/12/2024","AQS","060710306","1","0.07","ppm","100","Victorville-Park Avenue","17","100.0000","44201","Ozone","087","40140","Riverside-San Bernardino-Ontario, CA","06","California","071","San Bernardino","34.5109611108812","-117.32554"
"09/13/2024","AQS","060710306","1","0.079","ppm","129","Victorville-Park Avenue","17","100.0000","44201","Ozone","087","40140","Riverside-San Bernardino-Ontario, CA","06","California","071","San Bernardino","34.5109611108812","-117.32554"
"09/14/2024","AQS","060710306","1","0.07","ppm","100","Victorville-Park Avenue","17","100.0000","44201","Ozone","087","40140","Riverside-San Bernardino-Ontario, CA","06","California","071","San Bernardino","34.5109611108812","-117.32554"
"09/15/2024","AQS","060710306","1","0.067","ppm","90","Victorville-Park Avenue","17","100.0000","44201","Ozone","087","40140","Riverside-San Bernardino-Ontario, CA","06","California","071","San Bernardino","34.5109611108812","-117.32554"
"09/16/2024","AQS","060710306","1","0.054","ppm","50","Victorville-Park Avenue","17","100.0000","44201","Ozone","087","40140","Riverside-San Bernardino-Ontario, CA","06","California","071","San Bernardino","34.5109611108812","-117.32554"
"09/17/2024","AQS","060710306","1","0.055","ppm","51","Victorville-Park Avenue","17","100.0000","44201","Ozone","087","40140","Riverside-San Bernardino-Ontario, CA","06","California","071","San Bernardino","34.5109611108812","-117.32554"
"09/18/2024","AQS","060710306","1","0.064","ppm","80","Victorville-Park Avenue","17","100.0000","44201","Ozone","087","40140","Riverside-San Bernardino-Ontario, CA","06","California","071","San Bernardino","34.5109611108812","-117.32554"
"09/19/2024","AQS","060710306","1","0.058","ppm","61","Victorville-Park Avenue","17","100.0000","44201","Ozone","087","40140","Riverside-San Bernardino-Ontario, CA","06","California","071","San Bernardino","34.5109611108812","-117.32554"
"09/20/2024","AQS","060710306","1","0.057","ppm","58","Victorville-Park Avenue","17","100.0000","44201","Ozone","087","40140","Riverside-San Bernardino-Ontario, CA","06","California","071","San Bernardino","34.5109611108812","-117.32554"
"09/21/2024","AQS","060710306","1","0.065","ppm","84","Victorville-Park Avenue","17","100.0000","44201","Ozone","087","40140","Riverside-San Bernardino-Ontario, CA","06","California","071","San Bernardino","34.5109611108812","-117.32554"
"09/22/2024","AQS","060710306","1","0.068","ppm","93","Victorville-Park Avenue","17","100.0000","44201","Ozone","087","40140","Riverside-San Bernardino-Ontario, CA","06","California","071","San Bernardino","34.5109611108812","-117.32554"
"09/23/2024","AQS","060710306","1","0.064","ppm","80","Victorville-Park Avenue","17","100.0000","44201","Ozone","087","40140","Riverside-San Bernardino-Ontario, CA","06","California","071","San Bernardino","34.5109611108812","-117.32554"
"09/24/2024","AQS","060710306","1","0.064","ppm","80","Victorville-Park Avenue","17","100.0000","44201","Ozone","087","40140","Riverside-San Bernardino-Ontario, CA","06","California","071","San Bernardino","34.5109611108812","-117.32554"
"09/25/2024","AQS","060710306","1","0.061","ppm","71","Victorville-Park Avenue","17","100.0000","44201","Ozone","087","40140","Riverside-San Bernardino-Ontario, CA","06","California","071","San Bernardino","34.5109611108812","-117.32554"
"09/26/2024","AQS","060710306","1","0.067","ppm","90","Victorville-Park Avenue","17","100.0000","44201","Ozone","087","40140","Riverside-San Bernardino-Ontario, CA","06","California","071","San Bernardino","34.5109611108812","-117.32554"
"09/27/2024","AQS","060710306","1","0.075","ppm","115","Victorville-Park Avenue","17","100.0000","44201","Ozone","087","40140","Riverside-San Bernardino-Ontario, CA","06","California","071","San Bernardino","34.5109611108812","-117.32554"
"09/28/2024","AQS","060710306","1","0.077","ppm","122","Victorville-Park Avenue","17","100.0000","44201","Ozone","087","40140","Riverside-San Bernardino-Ontario, CA","06","California","071","San Bernardino","34.5109611108812","-117.32554"
"09/29/2024","AQS","060710306","1","0.062","ppm","74","Victorville-Park Avenue","17","100.0000","44201","Ozone","087","40140","Riverside-San Bernardino-Ontario, CA","06","California","071","San Bernardino","34.5109611108812","-117.32554"
"09/30/2024","AirNow","060710306","1","0.062","ppm","74","Victorville-Park Avenue","24","100.0000","44201","Ozone","","40140","Riverside-San Bernardino-Ontario, CA","06","California","071","San Bernardino","34.5109611108812","-117.32554"
"10/01/2024","AirNow","060710306","1","0.057","ppm","58","Victorville-Park Avenue","24","100.0000","44201","Ozone","","40140","Riverside-San Bernardino-Ontario, CA","06","California","071","San Bernardino","34.5109611108812","-117.32554"
"10/02/2024","AirNow","060710306","1","0.058","ppm","61","Victorville-Park Avenue","24","100.0000","44201","Ozone","","40140","Riverside-San Bernardino-Ontario, CA","06","California","071","San Bernardino","34.5109611108812","-117.32554"
"10/03/2024","AirNow","060710306","1","0.061","ppm","71","Victorville-Park Avenue","24","100.0000","44201","Ozone","","40140","Riverside-San Bernardino-Ontario, CA","06","California","071","San Bernardino","34.5109611108812","-117.32554"
"10/04/2024","AirNow","060710306","1","0.067","ppm","90","Victorville-Park Avenue","24","100.0000","44201","Ozone","","40140","Riverside-San Bernardino-Ontario, CA","06","California","071","San Bernardino","34.5109611108812","-117.32554"
"10/05/2024","AirNow","060710306","1","0.062","ppm","74","Victorville-Park Avenue","24","100.0000","44201","Ozone","","40140","Riverside-San Bernardino-Ontario, CA","06","California","071","San Bernardino","34.5109611108812","-117.32554"
"10/06/2024","AirNow","060710306","1","0.062","ppm","74","Victorville-Park Avenue","24","100.0000","44201","Ozone","","40140","Riverside-San Bernardino-Ontario, CA","06","California","071","San Bernardino","34.5109611108812","-117.32554"
"10/07/2024","AirNow","060710306","1","0.065","ppm","84","Victorville-Park Avenue","24","100.0000","44201","Ozone","","40140","Riverside-San Bernardino-Ontario, CA","06","California","071","San Bernardino","34.5109611108812","-117.32554"
"10/08/2024","AirNow","060710306","1","0.062","ppm","74","Victorville-Park Avenue","24","100.0000","44201","Ozone","","40140","Riverside-San Bernardino-Ontario, CA","06","California","071","San Bernardino","34.5109611108812","-117.32554"
"10/09/2024","AirNow","060710306","1","0.062","ppm","74","Victorville-Park Avenue","24","100.0000","44201","Ozone","","40140","Riverside-San Bernardino-Ontario, CA","06","California","071","San Bernardino","34.5109611108812","-117.32554"
"10/10/2024","AirNow","060710306","1","0.066","ppm","87","Victorville-Park Avenue","24","100.0000","44201","Ozone","","40140","Riverside-San Bernardino-Ontario, CA","06","California","071","San Bernardino","34.5109611108812","-117.32554"
"10/11/2024","AirNow","060710306","1","0.054","ppm","50","Victorville-Park Avenue","24","100.0000","44201","Ozone","","40140","Riverside-San Bernardino-Ontario, CA","06","California","071","San Bernardino","34.5109611108812","-117.32554"
"10/12/2024","AirNow","060710306","1","0.051","ppm","47","Victorville-Park Avenue","24","100.0000","44201","Ozone","","40140","Riverside-San Bernardino-Ontario, CA","06","California","071","San Bernardino","34.5109611108812","-117.32554"
"10/13/2024","AirNow","060710306","1","0.06","ppm","67","Victorville-Park Avenue","24","100.0000","44201","Ozone","","40140","Riverside-San Bernardino-Ontario, CA","06","California","071","San Bernardino","34.5109611108812","-117.32554"
"10/14/2024","AirNow","060710306","1","0.055","ppm","51","Victorville-Park Avenue","24","100.0000","44201","Ozone","","40140","Riverside-San Bernardino-Ontario, CA","06","California","071","San Bernardino","34.5109611108812","-117.32554"
"10/15/2024","AirNow","060710306","1","0.058","ppm","61","Victorville-Park Avenue","24","100.0000","44201","Ozone","","40140","Riverside-San Bernardino-Ontario, CA","06","California","071","San Bernardino","34.5109611108812","-117.32554"
"10/16/2024","AirNow","060710306","1","0.064","ppm","80","Victorville-Park Avenue","24","100.0000","44201","Ozone","","40140","Riverside-San Bernardino-Ontario, CA","06","California","071","San Bernardino","34.5109611108812","-117.32554"
"10/17/2024","AirNow","060710306","1","0.048","ppm","44","Victorville-Park Avenue","24","100.0000","44201","Ozone","","40140","Riverside-San Bernardino-Ontario, CA","06","California","071","San Bernardino","34.5109611108812","-117.32554"
"10/18/2024","AirNow","060710306","1","0.044","ppm","41","Victorville-Park Avenue","24","100.0000","44201","Ozone","","40140","Riverside-San Bernardino-Ontario, CA","06","California","071","San Bernardino","34.5109611108812","-117.32554"
"10/19/2024","AirNow","060710306","1","0.045","ppm","42","Victorville-Park Avenue","24","100.0000","44201","Ozone","","40140","Riverside-San Bernardino-Ontario, CA","06","California","071","San Bernardino","34.5109611108812","-117.32554"
"10/20/2024","AirNow","060710306","1","0.048","ppm","44","Victorville-Park Avenue","24","100.0000","44201","Ozone","","40140","Riverside-San Bernardino-Ontario, CA","06","California","071","San Bernardino","34.5109611108812","-117.32554"
"10/21/2024","AirNow","060710306","1","0.054","ppm","50","Victorville-Park Avenue","24","100.0000","44201","Ozone","","40140","Riverside-San Bernardino-Ontario, CA","06","California","071","San Bernardino","34.5109611108812","-117.32554"
"10/22/2024","AirNow","060710306","1","0.058","ppm","61","Victorville-Park Avenue","24","100.0000","44201","Ozone","","40140","Riverside-San Bernardino-Ontario, CA","06","California","071","San Bernardino","34.5109611108812","-117.32554"
"10/23/2024","AirNow","060710306","1","0.064","ppm","80","Victorville-Park Avenue","18","75.0000","44201","Ozone","","40140","Riverside-San Bernardino-Ontario, CA","06","California","071","San Bernardino","34.5109611108812","-117.32554"
"10/25/2024","AirNow","060710306","1","0.059","ppm","64","Victorville-Park Avenue","24","100.0000","44201","Ozone","","40140","Riverside-San Bernardino-Ontario, CA","06","California","071","San Bernardino","34.5109611108812","-117.32554"
"10/26/2024","AirNow","060710306","1","0.064","ppm","80","Victorville-Park Avenue","24","100.0000","44201","Ozone","","40140","Riverside-San Bernardino-Ontario, CA","06","California","071","San Bernardino","34.5109611108812","-117.32554"
"10/27/2024","AirNow","060710306","1","0.057","ppm","58","Victorville-Park Avenue","24","100.0000","44201","Ozone","","40140","Riverside-San Bernardino-Ontario, CA","06","California","071","San Bernardino","34.5109611108812","-117.32554"
"10/28/2024","AirNow","060710306","1","0.046","ppm","43","Victorville-Park Avenue","24","100.0000","44201","Ozone","","40140","Riverside-San Bernardino-Ontario, CA","06","California","071","San Bernardino","34.5109611108812","-117.32554"
"10/30/2024","AirNow","060710306","1","0.045","ppm","42","Victorville-Park Avenue","24","100.0000","44201","Ozone","","40140","Riverside-San Bernardino-Ontario, CA","06","California","071","San Bernardino","34.5109611108812","-117.32554"
"10/31/2024","AirNow","060710306","1","0.05","ppm","46","Victorville-Park Avenue","24","100.0000","44201","Ozone","","40140","Riverside-San Bernardino-Ontario, CA","06","California","071","San Bernardino","34.5109611108812","-117.32554"
"11/01/2024","AirNow","060710306","1","0.053","ppm","49","Victorville-Park Avenue","24","100.0000","44201","Ozone","","40140","Riverside-San Bernardino-Ontario, CA","06","California","071","San Bernardino","34.5109611108812","-117.32554"
"11/02/2024","AirNow","060710306","1","0.045","ppm","42","Victorville-Park Avenue","24","100.0000","44201","Ozone","","40140","Riverside-San Bernardino-Ontario, CA","06","California","071","San Bernardino","34.5109611108812","-117.32554"
"11/03/2024","AirNow","060710306","1","0.045","ppm","42","Victorville-Park Avenue","24","100.0000","44201","Ozone","","40140","Riverside-San Bernardino-Ontario, CA","06","California","071","San Bernardino","34.5109611108812","-117.32554"
"11/04/2024","AirNow","060710306","1","0.04","ppm","37","Victorville-Park Avenue","24","100.0000","44201","Ozone","","40140","Riverside-San Bernardino-Ontario, CA","06","California","071","San Bernardino","34.5109611108812","-117.32554"
"11/05/2024","AirNow","060710306","1","0.043","ppm","40","Victorville-Park Avenue","24","100.0000","44201","Ozone","","40140","Riverside-San Bernardino-Ontario, CA","06","California","071","San Bernardino","34.5109611108812","-117.32554"
"11/06/2024","AirNow","060710306","1","0.039","ppm","36","Victorville-Park Avenue","24","100.0000","44201","Ozone","","40140","Riverside-San Bernardino-Ontario, CA","06","California","071","San Bernardino","34.5109611108812","-117.32554"
"11/07/2024","AirNow","060710306","1","0.036","ppm","33","Victorville-Park Avenue","24","100.0000","44201","Ozone","","40140","Riverside-San Bernardino-Ontario, CA","06","California","071","San Bernardino","34.5109611108812","-117.32554"
"11/08/2024","AirNow","060710306","1","0.034","ppm","31","Victorville-Park Avenue","24","100.0000","44201","Ozone","","40140","Riverside-San Bernardino-Ontario, CA","06","California","071","San Bernardino","34.5109611108812","-117.32554"
"11/09/2024","AirNow","060710306","1","0.039","ppm","36","Victorville-Park Avenue","24","100.0000","44201","Ozone","","40140","Riverside-San Bernardino-Ontario, CA","06","California","071","San Bernardino","34.5109611108812","-117.32554"
"11/10/2024","AirNow","060710306","1","0.037","ppm","34","Victorville-Park Avenue","24","100.0000","44201","Ozone","","40140","Riverside-San Bernardino-Ontario, CA","06","California","071","San Bernardino","34.5109611108812","-117.32554"
"11/11/2024","AirNow","060710306","1","0.054","ppm","50","Victorville-Park Avenue","24","100.0000","44201","Ozone","","40140","Riverside-San Bernardino-Ontario, CA","06","California","071","San Bernardino","34.5109611108812","-117.32554"
"11/12/2024","AirNow","060710306","1","0.046","ppm","43","Victorville-Park Avenue","24","100.0000","44201","Ozone","","40140","Riverside-San Bernardino-Ontario, CA","06","California","071","San Bernardino","34.5109611108812","-117.32554"
"11/13/2024","AirNow","060710306","1","0.037","ppm","34","Victorville-Park Avenue","24","100.0000","44201","Ozone","","40140","Riverside-San Bernardino-Ontario, CA","06","California","071","San Bernardino","34.5109611108812","-117.32554"
"11/14/2024","AirNow","060710306","1","0.047","ppm","44","Victorville-Park Avenue","24","100.0000","44201","Ozone","","40140","Riverside-San Bernardino-Ontario, CA","06","California","071","San Bernardino","34.5109611108812","-117.32554"
"11/15/2024","AirNow","060710306","1","0.043","ppm","40","Victorville-Park Avenue","24","100.0000","44201","Ozone","","40140","Riverside-San Bernardino-Ontario, CA","06","California","071","San Bernardino","34.5109611108812","-117.32554"
"11/16/2024","AirNow","060710306","1","0.039","ppm","36","Victorville-Park Avenue","24","100.0000","44201","Ozone","","40140","Riverside-San Bernardino-Ontario, CA","06","California","071","San Bernardino","34.5109611108812","-117.32554"
"11/17/2024","AirNow","060710306","1","0.038","ppm","35","Victorville-Park Avenue","24","100.0000","44201","Ozone","","40140","Riverside-San Bernardino-Ontario, CA","06","California","071","San Bernardino","34.5109611108812","-117.32554"
"11/18/2024","AirNow","060710306","1","0.041","ppm","38","Victorville-Park Avenue","24","100.0000","44201","Ozone","","40140","Riverside-San Bernardino-Ontario, CA","06","California","071","San Bernardino","34.5109611108812","-117.32554"
"11/19/2024","AirNow","060710306","1","0.037","ppm","34","Victorville-Park Avenue","24","100.0000","44201","Ozone","","40140","Riverside-San Bernardino-Ontario, CA","06","California","071","San Bernardino","34.5109611108812","-117.32554"
"11/20/2024","AirNow","060710306","1","0.034","ppm","31","Victorville-Park Avenue","24","100.0000","44201","Ozone","","40140","Riverside-San Bernardino-Ontario, CA","06","California","071","San Bernardino","34.5109611108812","-117.32554"
"11/21/2024","AirNow","060710306","1","0.039","ppm","36","Victorville-Park Avenue","24","100.0000","44201","Ozone","","40140","Riverside-San Bernardino-Ontario, CA","06","California","071","San Bernardino","34.5109611108812","-117.32554"
"11/22/2024","AirNow","060710306","1","0.052","ppm","48","Victorville-Park Avenue","24","100.0000","44201","Ozone","","40140","Riverside-San Bernardino-Ontario, CA","06","California","071","San Bernardino","34.5109611108812","-117.32554"
"11/23/2024","AirNow","060710306","1","0.037","ppm","34","Victorville-Park Avenue","24","100.0000","44201","Ozone","","40140","Riverside-San Bernardino-Ontario, CA","06","California","071","San Bernardino","34.5109611108812","-117.32554"
"11/24/2024","AirNow","060710306","1","0.039","ppm","36","Victorville-Park Avenue","24","100.0000","44201","Ozone","","40140","Riverside-San Bernardino-Ontario, CA","06","California","071","San Bernardino","34.5109611108812","-117.32554"
"11/25/2024","AirNow","060710306","1","0.037","ppm","34","Victorville-Park Avenue","24","100.0000","44201","Ozone","","40140","Riverside-San Bernardino-Ontario, CA","06","California","071","San Bernardino","34.5109611108812","-117.32554"
"11/26/2024","AirNow","060710306","1","0.037","ppm","34","Victorville-Park Avenue","24","100.0000","44201","Ozone","","40140","Riverside-San Bernardino-Ontario, CA","06","California","071","San Bernardino","34.5109611108812","-117.32554"
"11/27/2024","AirNow","060710306","1","0.039","ppm","36","Victorville-Park Avenue","24","100.0000","44201","Ozone","","40140","Riverside-San Bernardino-Ontario, CA","06","California","071","San Bernardino","34.5109611108812","-117.32554"
"11/28/2024","AirNow","060710306","1","0.041","ppm","38","Victorville-Park Avenue","24","100.0000","44201","Ozone","","40140","Riverside-San Bernardino-Ontario, CA","06","California","071","San Bernardino","34.5109611108812","-117.32554"
"11/29/2024","AirNow","060710306","1","0.029","ppm","27","Victorville-Park Avenue","24","100.0000","44201","Ozone","","40140","Riverside-San Bernardino-Ontario, CA","06","California","071","San Bernardino","34.5109611108812","-117.32554"
"11/30/2024","AirNow","060710306","1","0.033","ppm","31","Victorville-Park Avenue","24","100.0000","44201","Ozone","","40140","Riverside-San Bernardino-Ontario, CA","06","California","071","San Bernardino","34.5109611108812","-117.32554"
"12/01/2024","AirNow","060710306","1","0.035","ppm","32","Victorville-Park Avenue","24","100.0000","44201","Ozone","","40140","Riverside-San Bernardino-Ontario, CA","06","California","071","San Bernardino","34.5109611108812","-117.32554"
"12/02/2024","AirNow","060710306","1","0.032","ppm","30","Victorville-Park Avenue","24","100.0000","44201","Ozone","","40140","Riverside-San Bernardino-Ontario, CA","06","California","071","San Bernardino","34.5109611108812","-117.32554"
"12/03/2024","AirNow","060710306","1","0.03","ppm","28","Victorville-Park Avenue","24","100.0000","44201","Ozone","","40140","Riverside-San Bernardino-Ontario, CA","06","California","071","San Bernardino","34.5109611108812","-117.32554"
"12/04/2024","AirNow","060710306","1","0.021","ppm","19","Victorville-Park Avenue","18","75.0000","44201","Ozone","","40140","Riverside-San Bernardino-Ontario, CA","06","California","071","San Bernardino","34.5109611108812","-117.32554"
"12/06/2024","AirNow","060710306","1","0.036","ppm","33","Victorville-Park Avenue","24","100.0000","44201","Ozone","","40140","Riverside-San Bernardino-Ontario, CA","06","California","071","San Bernardino","34.5109611108812","-117.32554"
"12/07/2024","AirNow","060710306","1","0.033","ppm","31","Victorville-Park Avenue","24","100.0000","44201","Ozone","","40140","Riverside-San Bernardino-Ontario, CA","06","California","071","San Bernardino","34.5109611108812","-117.32554"
"12/08/2024","AirNow","060710306","1","0.045","ppm","42","Victorville-Park Avenue","24","100.0000","44201","Ozone","","40140","Riverside-San Bernardino-Ontario, CA","06","California","071","San Bernardino","34.5109611108812","-117.32554"
"12/09/2024","AirNow","060710306","1","0.038","ppm","35","Victorville-Park Avenue","24","100.0000","44201","Ozone","","40140","Riverside-San Bernardino-Ontario, CA","06","California","071","San Bernardino","34.5109611108812","-117.32554"
"12/10/2024","AirNow","060710306","1","0.039","ppm","36","Victorville-Park Avenue","24","100.0000","44201","Ozone","","40140","Riverside-San Bernardino-Ontario, CA","06","California","071","San Bernardino","34.5109611108812","-117.32554"
"12/11/2024","AirNow","060710306","1","0.027","ppm","25","Victorville-Park Avenue","24","100.0000","44201","Ozone","","40140","Riverside-San Bernardino-Ontario, CA","06","California","071","San Bernardino","34.5109611108812","-117.32554"
"12/12/2024","AirNow","060710306","1","0.043","ppm","40","Victorville-Park Avenue","24","100.0000","44201","Ozone","","40140","Riverside-San Bernardino-Ontario, CA","06","California","071","San Bernardino","34.5109611108812","-117.32554"
"12/13/2024","AirNow","060710306","1","0.044","ppm","41","Victorville-Park Avenue","24","100.0000","44201","Ozone","","40140","Riverside-San Bernardino-Ontario, CA","06","California","071","San Bernardino","34.5109611108812","-117.32554"
"12/14/2024","AirNow","060710306","1","0.04","ppm","37","Victorville-Park Avenue","24","100.0000","44201","Ozone","","40140","Riverside-San Bernardino-Ontario, CA","06","California","071","San Bernardino","34.5109611108812","-117.32554"
"12/16/2024","AirNow","060710306","1","0.038","ppm","35","Victorville-Park Avenue","24","100.0000","44201","Ozone","","40140","Riverside-San Bernardino-Ontario, CA","06","California","071","San Bernardino","34.5109611108812","-117.32554"
"12/17/2024","AirNow","060710306","1","0.041","ppm","38","Victorville-Park Avenue","24","100.0000","44201","Ozone","","40140","Riverside-San Bernardino-Ontario, CA","06","California","071","San Bernardino","34.5109611108812","-117.32554"
"12/18/2024","AirNow","060710306","1","0.034","ppm","31","Victorville-Park Avenue","24","100.0000","44201","Ozone","","40140","Riverside-San Bernardino-Ontario, CA","06","California","071","San Bernardino","34.5109611108812","-117.32554"
"12/19/2024","AirNow","060710306","1","0.033","ppm","31","Victorville-Park Avenue","24","100.0000","44201","Ozone","","40140","Riverside-San Bernardino-Ontario, CA","06","California","071","San Bernardino","34.5109611108812","-117.32554"
"12/20/2024","AirNow","060710306","1","0.032","ppm","30","Victorville-Park Avenue","24","100.0000","44201","Ozone","","40140","Riverside-San Bernardino-Ontario, CA","06","California","071","San Bernardino","34.5109611108812","-117.32554"
"12/21/2024","AirNow","060710306","1","0.045","ppm","42","Victorville-Park Avenue","24","100.0000","44201","Ozone","","40140","Riverside-San Bernardino-Ontario, CA","06","California","071","San Bernardino","34.5109611108812","-117.32554"
"12/22/2024","AirNow","060710306","1","0.038","ppm","35","Victorville-Park Avenue","24","100.0000","44201","Ozone","","40140","Riverside-San Bernardino-Ontario, CA","06","California","071","San Bernardino","34.5109611108812","-117.32554"
"12/23/2024","AirNow","060710306","1","0.036","ppm","33","Victorville-Park Avenue","24","100.0000","44201","Ozone","","40140","Riverside-San Bernardino-Ontario, CA","06","California","071","San Bernardino","34.5109611108812","-117.32554"
"12/24/2024","AirNow","060710306","1","0.045","ppm","42","Victorville-Park Avenue","24","100.0000","44201","Ozone","","40140","Riverside-San Bernardino-Ontario, CA","06","California","071","San Bernardino","34.5109611108812","-117.32554"
"12/25/2024","AirNow","060710306","1","0.043","ppm","40","Victorville-Park Avenue","24","100.0000","44201","Ozone","","40140","Riverside-San Bernardino-Ontario, CA","06","California","071","San Bernardino","34.5109611108812","-117.32554"
"12/26/2024","AirNow","060710306","1","0.044","ppm","41","Victorville-Park Avenue","24","100.0000","44201","Ozone","","40140","Riverside-San Bernardino-Ontario, CA","06","California","071","San Bernardino","34.5109611108812","-117.32554"
"12/27/2024","AirNow","060710306","1","0.038","ppm","35","Victorville-Park Avenue","24","100.0000","44201","Ozone","","40140","Riverside-San Bernardino-Ontario, CA","06","California","071","San Bernardino","34.5109611108812","-117.32554"
"12/28/2024","AirNow","060710306","1","0.042","ppm","39","Victorville-Park Avenue","24","100.0000","44201","Ozone","","40140","Riverside-San Bernardino-Ontario, CA","06","California","071","San Bernardino","34.5109611108812","-117.32554"
"12/29/2024","AirNow","060710306","1","0.042","ppm","39","Victorville-Park Avenue","24","100.0000","44201","Ozone","","40140","Riverside-San Bernardino-Ontario, CA","06","California","071","San Bernardino","34.5109611108812","-117.32554"
"12/30/2024","AirNow","060710306","1","0.039","ppm","36","Victorville-Park Avenue","24","100.0000","44201","Ozone","","40140","Riverside-San Bernardino-Ontario, CA","06","California","071","San Bernardino","34.5109611108812","-117.32554"
"01/01/2024","AQS","060711234","1","0.008","ppm","7","Trona - Athol/Telescope #2","17","100.0000","44201","Ozone","087","40140","Riverside-San Bernardino-Ontario, CA","06","California","071","San Bernardino","35.77446","-117.3721"
"01/02/2024","AQS","060711234","1","0.022","ppm","20","Trona - Athol/Telescope #2","17","100.0000","44201","Ozone","087","40140","Riverside-San Bernardino-Ontario, CA","06","California","071","San Bernardino","35.77446","-117.3721"
"01/03/2024","AQS","060711234","1","0.042","ppm","39","Trona - Athol/Telescope #2","17","100.0000","44201","Ozone","087","40140","Riverside-San Bernardino-Ontario, CA","06","California","071","San Bernardino","35.77446","-117.3721"
"01/04/2024","AQS","060711234","1","0.035","ppm","32","Trona - Athol/Telescope #2","17","100.0000","44201","Ozone","087","40140","Riverside-San Bernardino-Ontario, CA","06","California","071","San Bernardino","35.77446","-117.3721"
"01/05/2024","AQS","060711234","1","0.028","ppm","26","Trona - Athol/Telescope #2","17","100.0000","44201","Ozone","087","40140","Riverside-San Bernardino-Ontario, CA","06","California","071","San Bernardino","35.77446","-117.3721"
"01/06/2024","AQS","060711234","1","0.039","ppm","36","Trona - Athol/Telescope #2","17","100.0000","44201","Ozone","087","40140","Riverside-San Bernardino-Ontario, CA","06","California","071","San Bernardino","35.77446","-117.3721"
"01/07/2024","AQS","060711234","1","0.042","ppm","39","Trona - Athol/Telescope #2","17","100.0000","44201","Ozone","087","40140","Riverside-San Bernardino-Ontario, CA","06","California","071","San Bernardino","35.77446","-117.3721"
"01/08/2024","AQS","060711234","1","0.035","ppm","32","Trona - Athol/Telescope #2","17","100.0000","44201","Ozone","087","40140","Riverside-San Bernardino-Ontario, CA","06","California","071","San Bernardino","35.77446","-117.3721"
"01/09/2024","AQS","060711234","1","0.031","ppm","29","Trona - Athol/Telescope #2","17","100.0000","44201","Ozone","087","40140","Riverside-San Bernardino-Ontario, CA","06","California","071","San Bernardino","35.77446","-117.3721"
"01/10/2024","AQS","060711234","1","0.039","ppm","36","Trona - Athol/Telescope #2","17","100.0000","44201","Ozone","087","40140","Riverside-San Bernardino-Ontario, CA","06","California","071","San Bernardino","35.77446","-117.3721"
"01/11/2024","AQS","060711234","1","0.043","ppm","40","Trona - Athol/Telescope #2","17","100.0000","44201","Ozone","087","40140","Riverside-San Bernardino-Ontario, CA","06","California","071","San Bernardino","35.77446","-117.3721"
"01/12/2024","AQS","060711234","1","0.037","ppm","34","Trona - Athol/Telescope #2","17","100.0000","44201","Ozone","087","40140","Riverside-San Bernardino-Ontario, CA","06","California","071","San Bernardino","35.77446","-117.3721"
"01/13/2024","AQS","060711234","1","0.032","ppm","30","Trona - Athol/Telescope #2","17","100.0000","44201","Ozone","087","40140","Riverside-San Bernardino-Ontario, CA","06","California","071","San Bernardino","35.77446","-117.3721"
"01/14/2024","AQS","060711234","1","0.037","ppm","34","Trona - Athol/Telescope #2","17","100.0000","44201","Ozone","087","40140","Riverside-San Bernardino-Ontario, CA","06","California","071","San Bernardino","35.77446","-117.3721"
"01/15/2024","AQS","060711234","1","0.022","ppm","20","Trona - Athol/Telescope #2","17","100.0000","44201","Ozone","087","40140","Riverside-San Bernardino-Ontario, CA","06","California","071","San Bernardino","35.77446","-117.3721"
"01/19/2024","AQS","060711234","1","0.018","ppm","17","Trona - Athol/Telescope #2","17","100.0000","44201","Ozone","087","40140","Riverside-San Bernardino-Ontario, CA","06","California","071","San Bernardino","35.77446","-117.3721"
"01/20/2024","AQS","060711234","1","0.033","ppm","31","Trona - Athol/Telescope #2","17","100.0000","44201","Ozone","087","40140","Riverside-San Bernardino-Ontario, CA","06","California","071","San Bernardino","35.77446","-117.3721"
"01/21/2024","AQS","060711234","1","0.038","ppm","35","Trona - Athol/Telescope #2","17","100.0000","44201","Ozone","087","40140","Riverside-San Bernardino-Ontario, CA","06","California","071","San Bernardino","35.77446","-117.3721"
"01/23/2024","AQS","060711234","1","0.027","ppm","25","Trona - Athol/Telescope #2","17","100.0000","44201","Ozone","087","40140","Riverside-San Bernardino-Ontario, CA","06","California","071","San Bernardino","35.77446","-117.3721"
"01/24/2024","AQS","060711234","1","0.027","ppm","25","Trona - Athol/Telescope #2","17","100.0000","44201","Ozone","087","40140","Riverside-San Bernardino-Ontario, CA","06","California","071","San Bernardino","35.77446","-117.3721"
"01/25/2024","AQS","060711234","1","0.034","ppm","31","Trona - Athol/Telescope #2","17","100.0000","44201","Ozone","087","40140","Riverside-San Bernardino-Ontario, CA","06","California","071","San Bernardino","35.77446","-117.3721"
"01/26/2024","AQS","060711234","1","0.033","ppm","31","Trona - Athol/Telescope #2","17","100.0000","44201","Ozone","087","40140","Riverside-San Bernardino-Ontario, CA","06","California","071","San Bernardino","35.77446","-117.3721"
"01/27/2024","AQS","060711234","1","0.026","ppm","24","Trona - Athol/Telescope #2","17","100.0000","44201","Ozone","087","40140","Riverside-San Bernardino-Ontario, CA","06","California","071","San Bernardino","35.77446","-117.3721"
"01/28/2024","AQS","060711234","1","0.016","ppm","15","Trona - Athol/Telescope #2","17","100.0000","44201","Ozone","087","40140","Riverside-San Bernardino-Ontario, CA","06","California","071","San Bernardino","35.77446","-117.3721"
"01/29/2024","AQS","060711234","1","0.025","ppm","23","Trona - Athol/Telescope #2","17","100.0000","44201","Ozone","087","40140","Riverside-San Bernardino-Ontario, CA","06","California","071","San Bernardino","35.77446","-117.3721"
"01/30/2024","AQS","060711234","1","0.021","ppm","19","Trona - Athol/Telescope #2","17","100.0000","44201","Ozone","087","40140","Riverside-San Bernardino-Ontario, CA","06","California","071","San Bernardino","35.77446","-117.3721"
"01/31/2024","AQS","060711234","1","0.041","ppm","38","Trona - Athol/Telescope #2","17","100.0000","44201","Ozone","087","40140","Riverside-San Bernardino-Ontario, CA","06","California","071","San Bernardino","35.77446","-117.3721"
"02/01/2024","AQS","060711234","1","0.039","ppm","36","Trona - Athol/Telescope #2","17","100.0000","44201","Ozone","087","40140","Riverside-San Bernardino-Ontario, CA","06","California","071","San Bernardino","35.77446","-117.3721"
"02/02/2024","AQS","060711234","1","0.043","ppm","40","Trona - Athol/Telescope #2","17","100.0000","44201","Ozone","087","40140","Riverside-San Bernardino-Ontario, CA","06","California","071","San Bernardino","35.77446","-117.3721"
"02/03/2024","AQS","060711234","1","0.042","ppm","39","Trona - Athol/Telescope #2","17","100.0000","44201","Ozone","087","40140","Riverside-San Bernardino-Ontario, CA","06","California","071","San Bernardino","35.77446","-117.3721"
"02/04/2024","AQS","060711234","1","0.034","ppm","31","Trona - Athol/Telescope #2","17","100.0000","44201","Ozone","087","40140","Riverside-San Bernardino-Ontario, CA","06","California","071","San Bernardino","35.77446","-117.3721"
"02/05/2024","AQS","060711234","1","0.033","ppm","31","Trona - Athol/Telescope #2","17","100.0000","44201","Ozone","087","40140","Riverside-San Bernardino-Ontario, CA","06","California","071","San Bernardino","35.77446","-117.3721"
"02/06/2024","AQS","060711234","1","0.039","ppm","36","Trona - Athol/Telescope #2","17","100.0000","44201","Ozone","087","40140","Riverside-San Bernardino-Ontario, CA","06","California","071","San Bernardino","35.77446","-117.3721"
"02/08/2024","AQS","060711234","1","0.044","ppm","41","Trona - Athol/Telescope #2","17","100.0000","44201","Ozone","087","40140","Riverside-San Bernardino-Ontario, CA","06","California","071","San Bernardino","35.77446","-117.3721"
"02/09/2024","AQS","060711234","1","0.04","ppm","37","Trona - Athol/Telescope #2","17","100.0000","44201","Ozone","087","40140","Riverside-San Bernardino-Ontario, CA","06","California","071","San Bernardino","35.77446","-117.3721"
"02/10/2024","AQS","060711234","1","0.043","ppm","40","Trona - Athol/Telescope #2","17","100.0000","44201","Ozone","087","40140","Riverside-San Bernardino-Ontario, CA","06","California","071","San Bernardino","35.77446","-117.3721"
"02/11/2024","AQS","060711234","1","0.036","ppm","33","Trona - Athol/Telescope #2","17","100.0000","44201","Ozone","087","40140","Riverside-San Bernardino-Ontario, CA","06","California","071","San Bernardino","35.77446","-117.3721"
"02/12/2024","AQS","060711234","1","0.036","ppm","33","Trona - Athol/Telescope #2","17","100.0000","44201","Ozone","087","40140","Riverside-San Bernardino-Ontario, CA","06","California","071","San Bernardino","35.77446","-117.3721"
"02/13/2024","AQS","060711234","1","0.035","ppm","32","Trona - Athol/Telescope #2","17","100.0000","44201","Ozone","087","40140","Riverside-San Bernardino-Ontario, CA","06","California","071","San Bernardino","35.77446","-117.3721"
"02/14/2024","AQS","060711234","1","0.041","ppm","38","Trona - Athol/Telescope #2","17","100.0000","44201","Ozone","087","40140","Riverside-San Bernardino-Ontario, CA","06","California","071","San Bernardino","35.77446","-117.3721"
"02/15/2024","AQS","060711234","1","0.045","ppm","42","Trona - Athol/Telescope #2","17","100.0000","44201","Ozone","087","40140","Riverside-San Bernardino-Ontario, CA","06","California","071","San Bernardino","35.77446","-117.3721"
"02/16/2024","AQS","060711234","1","0.027","ppm","25","Trona - Athol/Telescope #2","17","100.0000","44201","Ozone","087","40140","Riverside-San Bernardino-Ontario, CA","06","California","071","San Bernardino","35.77446","-117.3721"
"02/17/2024","AQS","060711234","1","0.043","ppm","40","Trona - Athol/Telescope #2","17","100.0000","44201","Ozone","087","40140","Riverside-San Bernardino-Ontario, CA","06","California","071","San Bernardino","35.77446","-117.3721"
"02/18/2024","AQS","060711234","1","0.045","ppm","42","Trona - Athol/Telescope #2","17","100.0000","44201","Ozone","087","40140","Riverside-San Bernardino-Ontario, CA","06","California","071","San Bernardino","35.77446","-117.3721"
"02/19/2024","AQS","060711234","1","0.029","ppm","27","Trona - Athol/Telescope #2","17","100.0000","44201","Ozone","087","40140","Riverside-San Bernardino-Ontario, CA","06","California","071","San Bernardino","35.77446","-117.3721"
"02/20/2024","AQS","060711234","1","0.039","ppm","36","Trona - Athol/Telescope #2","17","100.0000","44201","Ozone","087","40140","Riverside-San Bernardino-Ontario, CA","06","California","071","San Bernardino","35.77446","-117.3721"
"02/21/2024","AQS","060711234","1","0.042","ppm","39","Trona - Athol/Telescope #2","17","100.0000","44201","Ozone","087","40140","Riverside-San Bernardino-Ontario, CA","06","California","071","San Bernardino","35.77446","-117.3721"
"02/22/2024","AQS","060711234","1","0.039","ppm","36","Trona - Athol/Telescope #2","17","100.0000","44201","Ozone","087","40140","Riverside-San Bernardino-Ontario, CA","06","California","071","San Bernardino","35.77446","-117.3721"
"02/23/2024","AQS","060711234","1","0.039","ppm","36","Trona - Athol/Telescope #2","17","100.0000","44201","Ozone","087","40140","Riverside-San Bernardino-Ontario, CA","06","California","071","San Bernardino","35.77446","-117.3721"
"02/24/2024","AQS","060711234","1","0.035","ppm","32","Trona - Athol/Telescope #2","17","100.0000","44201","Ozone","087","40140","Riverside-San Bernardino-Ontario, CA","06","California","071","San Bernardino","35.77446","-117.3721"
"02/25/2024","AQS","060711234","1","0.04","ppm","37","Trona - Athol/Telescope #2","17","100.0000","44201","Ozone","087","40140","Riverside-San Bernardino-Ontario, CA","06","California","071","San Bernardino","35.77446","-117.3721"
"02/26/2024","AQS","060711234","1","0.04","ppm","37","Trona - Athol/Telescope #2","17","100.0000","44201","Ozone","087","40140","Riverside-San Bernardino-Ontario, CA","06","California","071","San Bernardino","35.77446","-117.3721"
"02/27/2024","AQS","060711234","1","0.043","ppm","40","Trona - Athol/Telescope #2","17","100.0000","44201","Ozone","087","40140","Riverside-San Bernardino-Ontario, CA","06","California","071","San Bernardino","35.77446","-117.3721"
"02/28/2024","AQS","060711234","1","0.041","ppm","38","Trona - Athol/Telescope #2","17","100.0000","44201","Ozone","087","40140","Riverside-San Bernardino-Ontario, CA","06","California","071","San Bernardino","35.77446","-117.3721"
"02/29/2024","AQS","060711234","1","0.042","ppm","39","Trona - Athol/Telescope #2","17","100.0000","44201","Ozone","087","40140","Riverside-San Bernardino-Ontario, CA","06","California","071","San Bernardino","35.77446","-117.3721"
"03/01/2024","AQS","060711234","1","0.04","ppm","37","Trona - Athol/Telescope #2","17","100.0000","44201","Ozone","087","40140","Riverside-San Bernardino-Ontario, CA","06","California","071","San Bernardino","35.77446","-117.3721"
"03/03/2024","AQS","060711234","1","0.049","ppm","45","Trona - Athol/Telescope #2","17","100.0000","44201","Ozone","087","40140","Riverside-San Bernardino-Ontario, CA","06","California","071","San Bernardino","35.77446","-117.3721"
"03/04/2024","AQS","060711234","1","0.045","ppm","42","Trona - Athol/Telescope #2","17","100.0000","44201","Ozone","087","40140","Riverside-San Bernardino-Ontario, CA","06","California","071","San Bernardino","35.77446","-117.3721"
"03/05/2024","AQS","060711234","1","0.043","ppm","40","Trona - Athol/Telescope #2","17","100.0000","44201","Ozone","087","40140","Riverside-San Bernardino-Ontario, CA","06","California","071","San Bernardino","35.77446","-117.3721"
"03/06/2024","AQS","060711234","1","0.042","ppm","39","Trona - Athol/Telescope #2","17","100.0000","44201","Ozone","087","40140","Riverside-San Bernardino-Ontario, CA","06","California","071","San Bernardino","35.77446","-117.3721"
"03/07/2024","AQS","060711234","1","0.042","ppm","39","Trona - Athol/Telescope #2","17","100.0000","44201","Ozone","087","40140","Riverside-San Bernardino-Ontario, CA","06","California","071","San Bernardino","35.77446","-117.3721"
"03/08/2024","AQS","060711234","1","0.05","ppm","46","Trona - Athol/Telescope #2","17","100.0000","44201","Ozone","087","40140","Riverside-San Bernardino-Ontario, CA","06","California","071","San Bernardino","35.77446","-117.3721"
"03/09/2024","AQS","060711234","1","0.047","ppm","44","Trona - Athol/Telescope #2","17","100.0000","44201","Ozone","087","40140","Riverside-San Bernardino-Ontario, CA","06","California","071","San Bernardino","35.77446","-117.3721"
"03/10/2024","AQS","060711234","1","0.053","ppm","49","Trona - Athol/Telescope #2","17","100.0000","44201","Ozone","087","40140","Riverside-San Bernardino-Ontario, CA","06","California","071","San Bernardino","35.77446","-117.3721"
"03/11/2024","AQS","060711234","1","0.046","ppm","43","Trona - Athol/Telescope #2","17","100.0000","44201","Ozone","087","40140","Riverside-San Bernardino-Ontario, CA","06","California","071","San Bernardino","35.77446","-117.3721"
"03/13/2024","AQS","060711234","1","0.048","ppm","44","Trona - Athol/Telescope #2","17","100.0000","44201","Ozone","087","40140","Riverside-San Bernardino-Ontario, CA","06","California","071","San Bernardino","35.77446","-117.3721"
"03/14/2024","AQS","060711234","1","0.048","ppm","44","Trona - Athol/Telescope #2","17","100.0000","44201","Ozone","087","40140","Riverside-San Bernardino-Ontario, CA","06","California","071","San Bernardino","35.77446","-117.3721"
"03/15/2024","AQS","060711234","1","0.044","ppm","41","Trona - Athol/Telescope #2","17","100.0000","44201","Ozone","087","40140","Riverside-San Bernardino-Ontario, CA","06","California","071","San Bernardino","35.77446","-117.3721"
"03/16/2024","AQS","060711234","1","0.038","ppm","35","Trona - Athol/Telescope #2","17","100.0000","44201","Ozone","087","40140","Riverside-San Bernardino-Ontario, CA","06","California","071","San Bernardino","35.77446","-117.3721"
"03/17/2024","AQS","060711234","1","0.041","ppm","38","Trona - Athol/Telescope #2","17","100.0000","44201","Ozone","087","40140","Riverside-San Bernardino-Ontario, CA","06","California","071","San Bernardino","35.77446","-117.3721"
"03/18/2024","AQS","060711234","1","0.047","ppm","44","Trona - Athol/Telescope #2","17","100.0000","44201","Ozone","087","40140","Riverside-San Bernardino-Ontario, CA","06","California","071","San Bernardino","35.77446","-117.3721"
"03/19/2024","AQS","060711234","1","0.049","ppm","45","Trona - Athol/Telescope #2","17","100.0000","44201","Ozone","087","40140","Riverside-San Bernardino-Ontario, CA","06","California","071","San Bernardino","35.77446","-117.3721"
"03/20/2024","AQS","060711234","1","0.051","ppm","47","Trona - Athol/Telescope #2","17","100.0000","44201","Ozone","087","40140","Riverside-San Bernardino-Ontario, CA","06","California","071","San Bernardino","35.77446","-117.3721"
"03/21/2024","AQS","060711234","1","0.053","ppm","49","Trona - Athol/Telescope #2","17","100.0000","44201","Ozone","087","40140","Riverside-San Bernardino-Ontario, CA","06","California","071","San Bernardino","35.77446","-117.3721"
"03/22/2024","AQS","060711234","1","0.053","ppm","49","Trona - Athol/Telescope #2","17","100.0000","44201","Ozone","087","40140","Riverside-San Bernardino-Ontario, CA","06","California","071","San Bernardino","35.77446","-117.3721"
"03/23/2024","AQS","060711234","1","0.042","ppm","39","Trona - Athol/Telescope #2","17","100.0000","44201","Ozone","087","40140","Riverside-San Bernardino-Ontario, CA","06","California","071","San Bernardino","35.77446","-117.3721"
"03/24/2024","AQS","060711234","1","0.049","ppm","45","Trona - Athol/Telescope #2","17","100.0000","44201","Ozone","087","40140","Riverside-San Bernardino-Ontario, CA","06","California","071","San Bernardino","35.77446","-117.3721"
"03/25/2024","AQS","060711234","1","0.046","ppm","43","Trona - Athol/Telescope #2","17","100.0000","44201","Ozone","087","40140","Riverside-San Bernardino-Ontario, CA","06","California","071","San Bernardino","35.77446","-117.3721"
"03/26/2024","AQS","060711234","1","0.051","ppm","47","Trona - Athol/Telescope #2","17","100.0000","44201","Ozone","087","40140","Riverside-San Bernardino-Ontario, CA","06","California","071","San Bernardino","35.77446","-117.3721"
"03/27/2024","AQS","060711234","1","0.052","ppm","48","Trona - Athol/Telescope #2","17","100.0000","44201","Ozone","087","40140","Riverside-San Bernardino-Ontario, CA","06","California","071","San Bernardino","35.77446","-117.3721"
"03/28/2024","AQS","060711234","1","0.046","ppm","43","Trona - Athol/Telescope #2","17","100.0000","44201","Ozone","087","40140","Riverside-San Bernardino-Ontario, CA","06","California","071","San Bernardino","35.77446","-117.3721"
"03/29/2024","AQS","060711234","1","0.048","ppm","44","Trona - Athol/Telescope #2","17","100.0000","44201","Ozone","087","40140","Riverside-San Bernardino-Ontario, CA","06","California","071","San Bernardino","35.77446","-117.3721"
"03/30/2024","AQS","060711234","1","0.047","ppm","44","Trona - Athol/Telescope #2","17","100.0000","44201","Ozone","087","40140","Riverside-San Bernardino-Ontario, CA","06","California","071","San Bernardino","35.77446","-117.3721"
"03/31/2024","AQS","060711234","1","0.049","ppm","45","Trona - Athol/Telescope #2","17","100.0000","44201","Ozone","087","40140","Riverside-San Bernardino-Ontario, CA","06","California","071","San Bernardino","35.77446","-117.3721"
"04/01/2024","AQS","060711234","1","0.05","ppm","46","Trona - Athol/Telescope #2","17","100.0000","44201","Ozone","087","40140","Riverside-San Bernardino-Ontario, CA","06","California","071","San Bernardino","35.77446","-117.3721"
"04/02/2024","AQS","060711234","1","0.05","ppm","46","Trona - Athol/Telescope #2","17","100.0000","44201","Ozone","087","40140","Riverside-San Bernardino-Ontario, CA","06","California","071","San Bernardino","35.77446","-117.3721"
"04/03/2024","AQS","060711234","1","0.053","ppm","49","Trona - Athol/Telescope #2","17","100.0000","44201","Ozone","087","40140","Riverside-San Bernardino-Ontario, CA","06","California","071","San Bernardino","35.77446","-117.3721"
"04/04/2024","AQS","060711234","1","0.046","ppm","43","Trona - Athol/Telescope #2","17","100.0000","44201","Ozone","087","40140","Riverside-San Bernardino-Ontario, CA","06","California","071","San Bernardino","35.77446","-117.3721"
"04/05/2024","AQS","060711234","1","0.045","ppm","42","Trona - Athol/Telescope #2","17","100.0000","44201","Ozone","087","40140","Riverside-San Bernardino-Ontario, CA","06","California","071","San Bernardino","35.77446","-117.3721"
"04/06/2024","AQS","060711234","1","0.049","ppm","45","Trona - Athol/Telescope #2","17","100.0000","44201","Ozone","087","40140","Riverside-San Bernardino-Ontario, CA","06","California","071","San Bernardino","35.77446","-117.3721"
"04/07/2024","AQS","060711234","1","0.051","ppm","47","Trona - Athol/Telescope #2","17","100.0000","44201","Ozone","087","40140","Riverside-San Bernardino-Ontario, CA","06","California","071","San Bernardino","35.77446","-117.3721"
"04/08/2024","AQS","060711234","1","0.056","ppm","54","Trona - Athol/Telescope #2","17","100.0000","44201","Ozone","087","40140","Riverside-San Bernardino-Ontario, CA","06","California","071","San Bernardino","35.77446","-117.3721"
"04/09/2024","AQS","060711234","1","0.056","ppm","54","Trona - Athol/Telescope #2","17","100.0000","44201","Ozone","087","40140","Riverside-San Bernardino-Ontario, CA","06","California","071","San Bernardino","35.77446","-117.3721"
"04/10/2024","AQS","060711234","1","0.05","ppm","46","Trona - Athol/Telescope #2","17","100.0000","44201","Ozone","087","40140","Riverside-San Bernardino-Ontario, CA","06","California","071","San Bernardino","35.77446","-117.3721"
"04/11/2024","AQS","060711234","1","0.049","ppm","45","Trona - Athol/Telescope #2","17","100.0000","44201","Ozone","087","40140","Riverside-San Bernardino-Ontario, CA","06","California","071","San Bernardino","35.77446","-117.3721"
"04/12/2024","AQS","060711234","1","0.057","ppm","58","Trona - Athol/Telescope #2","17","100.0000","44201","Ozone","087","40140","Riverside-San Bernardino-Ontario, CA","06","California","071","San Bernardino","35.77446","-117.3721"
"04/14/2024","AQS","060711234","1","0.053","ppm","49","Trona - Athol/Telescope #2","17","100.0000","44201","Ozone","087","40140","Riverside-San Bernardino-Ontario, CA","06","California","071","San Bernardino","35.77446","-117.3721"
"04/15/2024","AQS","060711234","1","0.055","ppm","51","Trona - Athol/Telescope #2","17","100.0000","44201","Ozone","087","40140","Riverside-San Bernardino-Ontario, CA","06","California","071","San Bernardino","35.77446","-117.3721"
"04/16/2024","AQS","060711234","1","0.054","ppm","50","Trona - Athol/Telescope #2","17","100.0000","44201","Ozone","087","40140","Riverside-San Bernardino-Ontario, CA","06","California","071","San Bernardino","35.77446","-117.3721"
"04/17/2024","AQS","060711234","1","0.057","ppm","58","Trona - Athol/Telescope #2","17","100.0000","44201","Ozone","087","40140","Riverside-San Bernardino-Ontario, CA","06","California","071","San Bernardino","35.77446","-117.3721"
"04/18/2024","AQS","060711234","1","0.05","ppm","46","Trona - Athol/Telescope #2","17","100.0000","44201","Ozone","087","40140","Riverside-San Bernardino-Ontario, CA","06","California","071","San Bernardino","35.77446","-117.3721"
"04/19/2024","AQS","060711234","1","0.051","ppm","47","Trona - Athol/Telescope #2","17","100.0000","44201","Ozone","087","40140","Riverside-San Bernardino-Ontario, CA","06","California","071","San Bernardino","35.77446","-117.3721"
"04/20/2024","AQS","060711234","1","0.053","ppm","49","Trona - Athol/Telescope #2","17","100.0000","44201","Ozone","087","40140","Riverside-San Bernardino-Ontario, CA","06","California","071","San Bernardino","35.77446","-117.3721"
"04/21/2024","AQS","060711234","1","0.056","ppm","54","Trona - Athol/Telescope #2","17","100.0000","44201","Ozone","087","40140","Riverside-San Bernardino-Ontario, CA","06","California","071","San Bernardino","35.77446","-117.3721"
"04/22/2024","AQS","060711234","1","0.056","ppm","54","Trona - Athol/Telescope #2","17","100.0000","44201","Ozone","087","40140","Riverside-San Bernardino-Ontario, CA","06","California","071","San Bernardino","35.77446","-117.3721"
"04/23/2024","AQS","060711234","1","0.054","ppm","50","Trona - Athol/Telescope #2","17","100.0000","44201","Ozone","087","40140","Riverside-San Bernardino-Ontario, CA","06","California","071","San Bernardino","35.77446","-117.3721"
"04/24/2024","AQS","060711234","1","0.053","ppm","49","Trona - Athol/Telescope #2","17","100.0000","44201","Ozone","087","40140","Riverside-San Bernardino-Ontario, CA","06","California","071","San Bernardino","35.77446","-117.3721"
"04/25/2024","AQS","060711234","1","0.05","ppm","46","Trona - Athol/Telescope #2","17","100.0000","44201","Ozone","087","40140","Riverside-San Bernardino-Ontario, CA","06","California","071","San Bernardino","35.77446","-117.3721"
"04/26/2024","AQS","060711234","1","0.055","ppm","51","Trona - Athol/Telescope #2","17","100.0000","44201","Ozone","087","40140","Riverside-San Bernardino-Ontario, CA","06","California","071","San Bernardino","35.77446","-117.3721"
"04/27/2024","AQS","060711234","1","0.046","ppm","43","Trona - Athol/Telescope #2","17","100.0000","44201","Ozone","087","40140","Riverside-San Bernardino-Ontario, CA","06","California","071","San Bernardino","35.77446","-117.3721"
"04/28/2024","AQS","060711234","1","0.048","ppm","44","Trona - Athol/Telescope #2","17","100.0000","44201","Ozone","087","40140","Riverside-San Bernardino-Ontario, CA","06","California","071","San Bernardino","35.77446","-117.3721"
"04/29/2024","AQS","060711234","1","0.059","ppm","64","Trona - Athol/Telescope #2","17","100.0000","44201","Ozone","087","40140","Riverside-San Bernardino-Ontario, CA","06","California","071","San Bernardino","35.77446","-117.3721"
"04/30/2024","AQS","060711234","1","0.059","ppm","64","Trona - Athol/Telescope #2","17","100.0000","44201","Ozone","087","40140","Riverside-San Bernardino-Ontario, CA","06","California","071","San Bernardino","35.77446","-117.3721"
"05/01/2024","AQS","060711234","1","0.054","ppm","50","Trona - Athol/Telescope #2","17","100.0000","44201","Ozone","087","40140","Riverside-San Bernardino-Ontario, CA","06","California","071","San Bernardino","35.77446","-117.3721"
"05/03/2024","AQS","060711234","1","0.059","ppm","64","Trona - Athol/Telescope #2","17","100.0000","44201","Ozone","087","40140","Riverside-San Bernardino-Ontario, CA","06","California","071","San Bernardino","35.77446","-117.3721"
"05/04/2024","AQS","060711234","1","0.045","ppm","42","Trona - Athol/Telescope #2","17","100.0000","44201","Ozone","087","40140","Riverside-San Bernardino-Ontario, CA","06","California","071","San Bernardino","35.77446","-117.3721"
"05/05/2024","AQS","060711234","1","0.064","ppm","80","Trona - Athol/Telescope #2","17","100.0000","44201","Ozone","087","40140","Riverside-San Bernardino-Ontario, CA","06","California","071","San Bernardino","35.77446","-117.3721"
"05/06/2024","AQS","060711234","1","0.05","ppm","46","Trona - Athol/Telescope #2","17","100.0000","44201","Ozone","087","40140","Riverside-San Bernardino-Ontario, CA","06","California","071","San Bernardino","35.77446","-117.3721"
"05/07/2024","AQS","060711234","1","0.058","ppm","61","Trona - Athol/Telescope #2","17","100.0000","44201","Ozone","087","40140","Riverside-San Bernardino-Ontario, CA","06","California","071","San Bernardino","35.77446","-117.3721"
"05/08/2024","AQS","060711234","1","0.059","ppm","64","Trona - Athol/Telescope #2","17","100.0000","44201","Ozone","087","40140","Riverside-San Bernardino-Ontario, CA","06","California","071","San Bernardino","35.77446","-117.3721"
"05/09/2024","AQS","060711234","1","0.045","ppm","42","Trona - Athol/Telescope #2","17","100.0000","44201","Ozone","087","40140","Riverside-San Bernardino-Ontario, CA","06","California","071","San Bernardino","35.77446","-117.3721"
"05/10/2024","AQS","060711234","1","0.048","ppm","44","Trona - Athol/Telescope #2","17","100.0000","44201","Ozone","087","40140","Riverside-San Bernardino-Ontario, CA","06","California","071","San Bernardino","35.77446","-117.3721"
"05/11/2024","AQS","060711234","1","0.055","ppm","51","Trona - Athol/Telescope #2","17","100.0000","44201","Ozone","087","40140","Riverside-San Bernardino-Ontario, CA","06","California","071","San Bernardino","35.77446","-117.3721"
"05/12/2024","AQS","060711234","1","0.061","ppm","71","Trona - Athol/Telescope #2","17","100.0000","44201","Ozone","087","40140","Riverside-San Bernardino-Ontario, CA","06","California","071","San Bernardino","35.77446","-117.3721"
"05/13/2024","AQS","060711234","1","0.069","ppm","97","Trona - Athol/Telescope #2","17","100.0000","44201","Ozone","087","40140","Riverside-San Bernardino-Ontario, CA","06","California","071","San Bernardino","35.77446","-117.3721"
"05/14/2024","AQS","060711234","1","0.068","ppm","93","Trona - Athol/Telescope #2","17","100.0000","44201","Ozone","087","40140","Riverside-San Bernardino-Ontario, CA","06","California","071","San Bernardino","35.77446","-117.3721"
"05/15/2024","AQS","060711234","1","0.061","ppm","71","Trona - Athol/Telescope #2","17","100.0000","44201","Ozone","087","40140","Riverside-San Bernardino-Ontario, CA","06","California","071","San Bernardino","35.77446","-117.3721"
"05/16/2024","AQS","060711234","1","0.063","ppm","77","Trona - Athol/Telescope #2","17","100.0000","44201","Ozone","087","40140","Riverside-San Bernardino-Ontario, CA","06","California","071","San Bernardino","35.77446","-117.3721"
"05/17/2024","AQS","060711234","1","0.067","ppm","90","Trona - Athol/Telescope #2","17","100.0000","44201","Ozone","087","40140","Riverside-San Bernardino-Ontario, CA","06","California","071","San Bernardino","35.77446","-117.3721"
"05/18/2024","AQS","060711234","1","0.063","ppm","77","Trona - Athol/Telescope #2","17","100.0000","44201","Ozone","087","40140","Riverside-San Bernardino-Ontario, CA","06","California","071","San Bernardino","35.77446","-117.3721"
"05/19/2024","AQS","060711234","1","0.07","ppm","100","Trona - Athol/Telescope #2","17","100.0000","44201","Ozone","087","40140","Riverside-San Bernardino-Ontario, CA","06","California","071","San Bernardino","35.77446","-117.3721"
"05/20/2024","AQS","060711234","1","0.062","ppm","74","Trona - Athol/Telescope #2","17","100.0000","44201","Ozone","087","40140","Riverside-San Bernardino-Ontario, CA","06","California","071","San Bernardino","35.77446","-117.3721"
"05/21/2024","AQS","060711234","1","0.055","ppm","51","Trona - Athol/Telescope #2","17","100.0000","44201","Ozone","087","40140","Riverside-San Bernardino-Ontario, CA","06","California","071","San Bernardino","35.77446","-117.3721"
"05/22/2024","AQS","060711234","1","0.066","ppm","87","Trona - Athol/Telescope #2","17","100.0000","44201","Ozone","087","40140","Riverside-San Bernardino-Ontario, CA","06","California","071","San Bernardino","35.77446","-117.3721"
"05/23/2024","AQS","060711234","1","0.062","ppm","74","Trona - Athol/Telescope #2","17","100.0000","44201","Ozone","087","40140","Riverside-San Bernardino-Ontario, CA","06","California","071","San Bernardino","35.77446","-117.3721"
"05/24/2024","AQS","060711234","1","0.056","ppm","54","Trona - Athol/Telescope #2","17","100.0000","44201","Ozone","087","40140","Riverside-San Bernardino-Ontario, CA","06","California","071","San Bernardino","35.77446","-117.3721"
"05/25/2024","AQS","060711234","1","0.053","ppm","49","Trona - Athol/Telescope #2","17","100.0000","44201","Ozone","087","40140","Riverside-San Bernardino-Ontario, CA","06","California","071","San Bernardino","35.77446","-117.3721"
"05/26/2024","AQS","060711234","1","0.06","ppm","67","Trona - Athol/Telescope #2","17","100.0000","44201","Ozone","087","40140","Riverside-San Bernardino-Ontario, CA","06","California","071","San Bernardino","35.77446","-117.3721"
"05/27/2024","AQS","060711234","1","0.059","ppm","64","Trona - Athol/Telescope #2","17","100.0000","44201","Ozone","087","40140","Riverside-San Bernardino-Ontario, CA","06","California","071","San Bernardino","35.77446","-117.3721"
"05/28/2024","AQS","060711234","1","0.063","ppm","77","Trona - Athol/Telescope #2","17","100.0000","44201","Ozone","087","40140","Riverside-San Bernardino-Ontario, CA","06","California","071","San Bernardino","35.77446","-117.3721"
"05/29/2024","AQS","060711234","1","0.065","ppm","84","Trona - Athol/Telescope #2","17","100.0000","44201","Ozone","087","40140","Riverside-San Bernardino-Ontario, CA","06","California","071","San Bernardino","35.77446","-117.3721"
"05/30/2024","AQS","060711234","1","0.063","ppm","77","Trona - Athol/Telescope #2","17","100.0000","44201","Ozone","087","40140","Riverside-San Bernardino-Ontario, CA","06","California","071","San Bernardino","35.77446","-117.3721"
"05/31/2024","AQS","060711234","1","0.071","ppm","101","Trona - Athol/Telescope #2","17","100.0000","44201","Ozone","087","40140","Riverside-San Bernardino-Ontario, CA","06","California","071","San Bernardino","35.77446","-117.3721"
"06/01/2024","AQS","060711234","1","0.068","ppm","93","Trona - Athol/Telescope #2","17","100.0000","44201","Ozone","087","40140","Riverside-San Bernardino-Ontario, CA","06","California","071","San Bernardino","35.77446","-117.3721"
"06/02/2024","AQS","060711234","1","0.06","ppm","67","Trona - Athol/Telescope #2","17","100.0000","44201","Ozone","087","40140","Riverside-San Bernardino-Ontario, CA","06","California","071","San Bernardino","35.77446","-117.3721"
"06/03/2024","AQS","060711234","1","0.055","ppm","51","Trona - Athol/Telescope #2","17","100.0000","44201","Ozone","087","40140","Riverside-San Bernardino-Ontario, CA","06","California","071","San Bernardino","35.77446","-117.3721"
"06/04/2024","AQS","060711234","1","0.04","ppm","37","Trona - Athol/Telescope #2","17","100.0000","44201","Ozone","087","40140","Riverside-San Bernardino-Ontario, CA","06","California","071","San Bernardino","35.77446","-117.3721"
"06/05/2024","AQS","060711234","1","0.042","ppm","39","Trona - Athol/Telescope #2","17","100.0000","44201","Ozone","087","40140","Riverside-San Bernardino-Ontario, CA","06","California","071","San Bernardino","35.77446","-117.3721"
"06/06/2024","AQS","060711234","1","0.059","ppm","64","Trona - Athol/Telescope #2","17","100.0000","44201","Ozone","087","40140","Riverside-San Bernardino-Ontario, CA","06","California","071","San Bernardino","35.77446","-117.3721"
"06/07/2024","AQS","060711234","1","0.065","ppm","84","Trona - Athol/Telescope #2","17","100.0000","44201","Ozone","087","40140","Riverside-San Bernardino-Ontario, CA","06","California","071","San Bernardino","35.77446","-117.3721"
"06/08/2024","AQS","060711234","1","0.06","ppm","67","Trona - Athol/Telescope #2","17","100.0000","44201","Ozone","087","40140","Riverside-San Bernardino-Ontario, CA","06","California","071","San Bernardino","35.77446","-117.3721"
"06/09/2024","AQS","060711234","1","0.057","ppm","58","Trona - Athol/Telescope #2","17","100.0000","44201","Ozone","087","40140","Riverside-San Bernardino-Ontario, CA","06","California","071","San Bernardino","35.77446","-117.3721"
"06/10/2024","AQS","060711234","1","0.059","ppm","64","Trona - Athol/Telescope #2","17","100.0000","44201","Ozone","087","40140","Riverside-San Bernardino-Ontario, CA","06","California","071","San Bernardino","35.77446","-117.3721"
"06/11/2024","AQS","060711234","1","0.06","ppm","67","Trona - Athol/Telescope #2","17","100.0000","44201","Ozone","087","40140","Riverside-San Bernardino-Ontario, CA","06","California","071","San Bernardino","35.77446","-117.3721"
"06/12/2024","AQS","060711234","1","0.063","ppm","77","Trona - Athol/Telescope #2","17","100.0000","44201","Ozone","087","40140","Riverside-San Bernardino-Ontario, CA","06","California","071","San Bernardino","35.77446","-117.3721"
"06/13/2024","AQS","060711234","1","0.071","ppm","101","Trona - Athol/Telescope #2","17","100.0000","44201","Ozone","087","40140","Riverside-San Bernardino-Ontario, CA","06","California","071","San Bernardino","35.77446","-117.3721"
"06/14/2024","AQS","060711234","1","0.067","ppm","90","Trona - Athol/Telescope #2","17","100.0000","44201","Ozone","087","40140","Riverside-San Bernardino-Ontario, CA","06","California","071","San Bernardino","35.77446","-117.3721"
"06/15/2024","AQS","060711234","1","0.06","ppm","67","Trona - Athol/Telescope #2","17","100.0000","44201","Ozone","087","40140","Riverside-San Bernardino-Ontario, CA","06","California","071","San Bernardino","35.77446","-117.3721"
"06/16/2024","AQS","060711234","1","0.065","ppm","84","Trona - Athol/Telescope #2","17","100.0000","44201","Ozone","087","40140","Riverside-San Bernardino-Ontario, CA","06","California","071","San Bernardino","35.77446","-117.3721"
"06/18/2024","AQS","060711234","1","0.054","ppm","50","Trona - Athol/Telescope #2","17","100.0000","44201","Ozone","087","40140","Riverside-San Bernardino-Ontario, CA","06","California","071","San Bernardino","35.77446","-117.3721"
"06/19/2024","AQS","060711234","1","0.066","ppm","87","Trona - Athol/Telescope #2","17","100.0000","44201","Ozone","087","40140","Riverside-San Bernardino-Ontario, CA","06","California","071","San Bernardino","35.77446","-117.3721"
"06/20/2024","AQS","060711234","1","0.066","ppm","87","Trona - Athol/Telescope #2","17","100.0000","44201","Ozone","087","40140","Riverside-San Bernardino-Ontario, CA","06","California","071","San Bernardino","35.77446","-117.3721"
"06/21/2024","AQS","060711234","1","0.079","ppm","129","Trona - Athol/Telescope #2","17","100.0000","44201","Ozone","087","40140","Riverside-San Bernardino-Ontario, CA","06","California","071","San Bernardino","35.77446","-117.3721"
"06/22/2024","AQS","060711234","1","0.069","ppm","97","Trona - Athol/Telescope #2","17","100.0000","44201","Ozone","087","40140","Riverside-San Bernardino-Ontario, CA","06","California","071","San Bernardino","35.77446","-117.3721"
"06/23/2024","AQS","060711234","1","0.06","ppm","67","Trona - Athol/Telescope #2","17","100.0000","44201","Ozone","087","40140","Riverside-San Bernardino-Ontario, CA","06","California","071","San Bernardino","35.77446","-117.3721"
"06/24/2024","AQS","060711234","1","0.053","ppm","49","Trona - Athol/Telescope #2","17","100.0000","44201","Ozone","087","40140","Riverside-San Bernardino-Ontario, CA","06","California","071","San Bernardino","35.77446","-117.3721"
"06/25/2024","AQS","060711234","1","0.057","ppm","58","Trona - Athol/Telescope #2","17","100.0000","44201","Ozone","087","40140","Riverside-San Bernardino-Ontario, CA","06","California","071","San Bernardino","35.77446","-117.3721"
"06/26/2024","AQS","060711234","1","0.07","ppm","100","Trona - Athol/Telescope #2","17","100.0000","44201","Ozone","087","40140","Riverside-San Bernardino-Ontario, CA","06","California","071","San Bernardino","35.77446","-117.3721"
"06/27/2024","AQS","060711234","1","0.055","ppm","51","Trona - Athol/Telescope #2","17","100.0000","44201","Ozone","087","40140","Riverside-San Bernardino-Ontario, CA","06","California","071","San Bernardino","35.77446","-117.3721"
"06/28/2024","AQS","060711234","1","0.068","ppm","93","Trona - Athol/Telescope #2","17","100.0000","44201","Ozone","087","40140","Riverside-San Bernardino-Ontario, CA","06","California","071","San Bernardino","35.77446","-117.3721"
"06/29/2024","AQS","060711234","1","0.06","ppm","67","Trona - Athol/Telescope #2","17","100.0000","44201","Ozone","087","40140","Riverside-San Bernardino-Ontario, CA","06","California","071","San Bernardino","35.77446","-117.3721"
"06/30/2024","AQS","060711234","1","0.059","ppm","64","Trona - Athol/Telescope #2","17","100.0000","44201","Ozone","087","40140","Riverside-San Bernardino-Ontario, CA","06","California","071","San Bernardino","35.77446","-117.3721"
"07/01/2024","AQS","060711234","1","0.068","ppm","93","Trona - Athol/Telescope #2","17","100.0000","44201","Ozone","087","40140","Riverside-San Bernardino-Ontario, CA","06","California","071","San Bernardino","35.77446","-117.3721"
"07/03/2024","AQS","060711234","1","0.072","ppm","105","Trona - Athol/Telescope #2","17","100.0000","44201","Ozone","087","40140","Riverside-San Bernardino-Ontario, CA","06","California","071","San Bernardino","35.77446","-117.3721"
"07/04/2024","AQS","060711234","1","0.064","ppm","80","Trona - Athol/Telescope #2","17","100.0000","44201","Ozone","087","40140","Riverside-San Bernardino-Ontario, CA","06","California","071","San Bernardino","35.77446","-117.3721"
"07/05/2024","AQS","060711234","1","0.059","ppm","64","Trona - Athol/Telescope #2","17","100.0000","44201","Ozone","087","40140","Riverside-San Bernardino-Ontario, CA","06","California","071","San Bernardino","35.77446","-117.3721"
"07/06/2024","AQS","060711234","1","0.058","ppm","61","Trona - Athol/Telescope #2","17","100.0000","44201","Ozone","087","40140","Riverside-San Bernardino-Ontario, CA","06","California","071","San Bernardino","35.77446","-117.3721"
"07/07/2024","AQS","060711234","1","0.06","ppm","67","Trona - Athol/Telescope #2","17","100.0000","44201","Ozone","087","40140","Riverside-San Bernardino-Ontario, CA","06","California","071","San Bernardino","35.77446","-117.3721"
"07/08/2024","AQS","060711234","1","0.06","ppm","67","Trona - Athol/Telescope #2","17","100.0000","44201","Ozone","087","40140","Riverside-San Bernardino-Ontario, CA","06","California","071","San Bernardino","35.77446","-117.3721"
"07/09/2024","AQS","060711234","1","0.061","ppm","71","Trona - Athol/Telescope #2","17","100.0000","44201","Ozone","087","40140","Riverside-San Bernardino-Ontario, CA","06","California","071","San Bernardino","35.77446","-117.3721"
"07/10/2024","AQS","060711234","1","0.067","ppm","90","Trona - Athol/Telescope #2","17","100.0000","44201","Ozone","087","40140","Riverside-San Bernardino-Ontario, CA","06","California","071","San Bernardino","35.77446","-117.3721"
"07/11/2024","AQS","060711234","1","0.069","ppm","97","Trona - Athol/Telescope #2","17","100.0000","44201","Ozone","087","40140","Riverside-San Bernardino-Ontario, CA","06","California","071","San Bernardino","35.77446","-117.3721"
"07/12/2024","AQS","060711234","1","0.064","ppm","80","Trona - Athol/Telescope #2","17","100.0000","44201","Ozone","087","40140","Riverside-San Bernardino-Ontario, CA","06","California","071","San Bernardino","35.77446","-117.3721"
"07/13/2024","AQS","060711234","1","0.072","ppm","105","Trona - Athol/Telescope #2","17","100.0000","44201","Ozone","087","40140","Riverside-San Bernardino-Ontario, CA","06","California","071","San Bernardino","35.77446","-117.3721"
"07/14/2024","AQS","060711234","1","0.07","ppm","100","Trona - Athol/Telescope #2","17","100.0000","44201","Ozone","087","40140","Riverside-San Bernardino-Ontario, CA","06","California","071","San Bernardino","35.77446","-117.3721"
"07/15/2024","AQS","060711234","1","0.073","ppm","108","Trona - Athol/Telescope #2","17","100.0000","44201","Ozone","087","40140","Riverside-San Bernardino-Ontario, CA","06","California","071","San Bernardino","35.77446","-117.3721"
"07/16/2024","AQS","060711234","1","0.076","ppm","119","Trona - Athol/Telescope #2","17","100.0000","44201","Ozone","087","40140","Riverside-San Bernardino-Ontario, CA","06","California","071","San Bernardino","35.77446","-117.3721"
"07/17/2024","AQS","060711234","1","0.066","ppm","87","Trona - Athol/Telescope #2","17","100.0000","44201","Ozone","087","40140","Riverside-San Bernardino-Ontario, CA","06","California","071","San Bernardino","35.77446","-117.3721"
"07/18/2024","AQS","060711234","1","0.064","ppm","80","Trona - Athol/Telescope #2","17","100.0000","44201","Ozone","087","40140","Riverside-San Bernardino-Ontario, CA","06","California","071","San Bernardino","35.77446","-117.3721"
"07/19/2024","AQS","060711234","1","0.062","ppm","74","Trona - Athol/Telescope #2","17","100.0000","44201","Ozone","087","40140","Riverside-San Bernardino-Ontario, CA","06","California","071","San Bernardino","35.77446","-117.3721"
"07/20/2024","AQS","060711234","1","0.061","ppm","71","Trona - Athol/Telescope #2","17","100.0000","44201","Ozone","087","40140","Riverside-San Bernardino-Ontario, CA","06","California","071","San Bernardino","35.77446","-117.3721"
"07/21/2024","AQS","060711234","1","0.059","ppm","64","Trona - Athol/Telescope #2","17","100.0000","44201","Ozone","087","40140","Riverside-San Bernardino-Ontario, CA","06","California","071","San Bernardino","35.77446","-117.3721"
"07/23/2024","AQS","060711234","1","0.062","ppm","74","Trona - Athol/Telescope #2","17","100.0000","44201","Ozone","087","40140","Riverside-San Bernardino-Ontario, CA","06","California","071","San Bernardino","35.77446","-117.3721"
"07/25/2024","AQS","060711234","1","0.072","ppm","105","Trona - Athol/Telescope #2","17","100.0000","44201","Ozone","087","40140","Riverside-San Bernardino-Ontario, CA","06","California","071","San Bernardino","35.77446","-117.3721"
"07/26/2024","AQS","060711234","1","0.063","ppm","77","Trona - Athol/Telescope #2","17","100.0000","44201","Ozone","087","40140","Riverside-San Bernardino-Ontario, CA","06","California","071","San Bernardino","35.77446","-117.3721"
"07/27/2024","AQS","060711234","1","0.07","ppm","100","Trona - Athol/Telescope #2","17","100.0000","44201","Ozone","087","40140","Riverside-San Bernardino-Ontario, CA","06","California","071","San Bernardino","35.77446","-117.3721"
"07/28/2024","AQS","060711234","1","0.07","ppm","100","Trona - Athol/Telescope #2","17","100.0000","44201","Ozone","087","40140","Riverside-San Bernardino-Ontario, CA","06","California","071","San Bernardino","35.77446","-117.3721"
"07/30/2024","AirNow","060711234","1","0.066","ppm","87","Trona - Athol/Telescope #2","18","75.0000","44201","Ozone","","40140","Riverside-San Bernardino-Ontario, CA","06","California","071","San Bernardino","35.77446","-117.3721"
"07/31/2024","AQS","060711234","1","0.072","ppm","105","Trona - Athol/Telescope #2","17","100.0000","44201","Ozone","087","40140","Riverside-San Bernardino-Ontario, CA","06","California","071","San Bernardino","35.77446","-117.3721"
"08/01/2024","AQS","060711234","1","0.066","ppm","87","Trona - Athol/Telescope #2","17","100.0000","44201","Ozone","087","40140","Riverside-San Bernardino-Ontario, CA","06","California","071","San Bernardino","35.77446","-117.3721"
"08/02/2024","AQS","060711234","1","0.058","ppm","61","Trona - Athol/Telescope #2","17","100.0000","44201","Ozone","087","40140","Riverside-San Bernardino-Ontario, CA","06","California","071","San Bernardino","35.77446","-117.3721"
"08/03/2024","AQS","060711234","1","0.062","ppm","74","Trona - Athol/Telescope #2","17","100.0000","44201","Ozone","087","40140","Riverside-San Bernardino-Ontario, CA","06","California","071","San Bernardino","35.77446","-117.3721"
"08/04/2024","AQS","060711234","1","0.06","ppm","67","Trona - Athol/Telescope #2","17","100.0000","44201","Ozone","087","40140","Riverside-San Bernardino-Ontario, CA","06","California","071","San Bernardino","35.77446","-117.3721"
"08/05/2024","AQS","060711234","1","0.059","ppm","64","Trona - Athol/Telescope #2","17","100.0000","44201","Ozone","087","40140","Riverside-San Bernardino-Ontario, CA","06","California","071","San Bernardino","35.77446","-117.3721"
"08/07/2024","AQS","060711234","1","0.062","ppm","74","Trona - Athol/Telescope #2","17","100.0000","44201","Ozone","087","40140","Riverside-San Bernardino-Ontario, CA","06","California","071","San Bernardino","35.77446","-117.3721"
"08/08/2024","AQS","060711234","1","0.065","ppm","84","Trona - Athol/Telescope #2","17","100.0000","44201","Ozone","087","40140","Riverside-San Bernardino-Ontario, CA","06","California","071","San Bernardino","35.77446","-117.3721"
"08/09/2024","AQS","060711234","1","0.063","ppm","77","Trona - Athol/Telescope #2","17","100.0000","44201","Ozone","087","40140","Riverside-San Bernardino-Ontario, CA","06","California","071","San Bernardino","35.77446","-117.3721"
"08/10/2024","AQS","060711234","1","0.064","ppm","80","Trona - Athol/Telescope #2","17","100.0000","44201","Ozone","087","40140","Riverside-San Bernardino-Ontario, CA","06","California","071","San Bernardino","35.77446","-117.3721"
"08/11/2024","AQS","060711234","1","0.055","ppm","51","Trona - Athol/Telescope #2","17","100.0000","44201","Ozone","087","40140","Riverside-San Bernardino-Ontario, CA","06","California","071","San Bernardino","35.77446","-117.3721"
"08/12/2024","AQS","060711234","1","0.05","ppm","46","Trona - Athol/Telescope #2","17","100.0000","44201","Ozone","087","40140","Riverside-San Bernardino-Ontario, CA","06","California","071","San Bernardino","35.77446","-117.3721"
"08/13/2024","AQS","060711234","1","0.049","ppm","45","Trona - Athol/Telescope #2","17","100.0000","44201","Ozone","087","40140","Riverside-San Bernardino-Ontario, CA","06","California","071","San Bernardino","35.77446","-117.3721"
"08/14/2024","AQS","060711234","1","0.057","ppm","58","Trona - Athol/Telescope #2","17","100.0000","44201","Ozone","087","40140","Riverside-San Bernardino-Ontario, CA","06","California","071","San Bernardino","35.77446","-117.3721"
"08/15/2024","AQS","060711234","1","0.059","ppm","64","Trona - Athol/Telescope #2","17","100.0000","44201","Ozone","087","40140","Riverside-San Bernardino-Ontario, CA","06","California","071","San Bernardino","35.77446","-117.3721"
"08/16/2024","AQS","060711234","1","0.064","ppm","80","Trona - Athol/Telescope #2","17","100.0000","44201","Ozone","087","40140","Riverside-San Bernardino-Ontario, CA","06","California","071","San Bernardino","35.77446","-117.3721"
"08/17/2024","AQS","060711234","1","0.052","ppm","48","Trona - Athol/Telescope #2","17","100.0000","44201","Ozone","087","40140","Riverside-San Bernardino-Ontario, CA","06","California","071","San Bernardino","35.77446","-117.3721"
"08/18/2024","AQS","060711234","1","0.059","ppm","64","Trona - Athol/Telescope #2","17","100.0000","44201","Ozone","087","40140","Riverside-San Bernardino-Ontario, CA","06","California","071","San Bernardino","35.77446","-117.3721"
"08/19/2024","AQS","060711234","1","0.056","ppm","54","Trona - Athol/Telescope #2","17","100.0000","44201","Ozone","087","40140","Riverside-San Bernardino-Ontario, CA","06","California","071","San Bernardino","35.77446","-117.3721"
"08/20/2024","AQS","060711234","1","0.058","ppm","61","Trona - Athol/Telescope #2","17","100.0000","44201","Ozone","087","40140","Riverside-San Bernardino-Ontario, CA","06","California","071","San Bernardino","35.77446","-117.3721"
"08/21/2024","AQS","060711234","1","0.061","ppm","71","Trona - Athol/Telescope #2","17","100.0000","44201","Ozone","087","40140","Riverside-San Bernardino-Ontario, CA","06","California","071","San Bernardino","35.77446","-117.3721"
"08/22/2024","AQS","060711234","1","0.056","ppm","54","Trona - Athol/Telescope #2","17","100.0000","44201","Ozone","087","40140","Riverside-San Bernardino-Ontario, CA","06","California","071","San Bernardino","35.77446","-117.3721"
"08/23/2024","AQS","060711234","1","0.056","ppm","54","Trona - Athol/Telescope #2","17","100.0000","44201","Ozone","087","40140","Riverside-San Bernardino-Ontario, CA","06","California","071","San Bernardino","35.77446","-117.3721"
"08/24/2024","AQS","060711234","1","0.05","ppm","46","Trona - Athol/Telescope #2","17","100.0000","44201","Ozone","087","40140","Riverside-San Bernardino-Ontario, CA","06","California","071","San Bernardino","35.77446","-117.3721"
"08/25/2024","AQS","060711234","1","0.053","ppm","49","Trona - Athol/Telescope #2","17","100.0000","44201","Ozone","087","40140","Riverside-San Bernardino-Ontario, CA","06","California","071","San Bernardino","35.77446","-117.3721"
"08/26/2024","AQS","060711234","1","0.053","ppm","49","Trona - Athol/Telescope #2","17","100.0000","44201","Ozone","087","40140","Riverside-San Bernardino-Ontario, CA","06","California","071","San Bernardino","35.77446","-117.3721"
"08/27/2024","AQS","060711234","1","0.057","ppm","58","Trona - Athol/Telescope #2","17","100.0000","44201","Ozone","087","40140","Riverside-San Bernardino-Ontario, CA","06","California","071","San Bernardino","35.77446","-117.3721"
"08/28/2024","AQS","060711234","1","0.062","ppm","74","Trona - Athol/Telescope #2","17","100.0000","44201","Ozone","087","40140","Riverside-San Bernardino-Ontario, CA","06","California","071","San Bernardino","35.77446","-117.3721"
"08/29/2024","AQS","060711234","1","0.06","ppm","67","Trona - Athol/Telescope #2","17","100.0000","44201","Ozone","087","40140","Riverside-San Bernardino-Ontario, CA","06","California","071","San Bernardino","35.77446","-117.3721"
"08/30/2024","AQS","060711234","1","0.061","ppm","71","Trona - Athol/Telescope #2","17","100.0000","44201","Ozone","087","40140","Riverside-San Bernardino-Ontario, CA","06","California","071","San Bernardino","35.77446","-117.3721"
"08/31/2024","AQS","060711234","1","0.057","ppm","58","Trona - Athol/Telescope #2","17","100.0000","44201","Ozone","087","40140","Riverside-San Bernardino-Ontario, CA","06","California","071","San Bernardino","35.77446","-117.3721"
"09/01/2024","AQS","060711234","1","0.059","ppm","64","Trona - Athol/Telescope #2","17","100.0000","44201","Ozone","087","40140","Riverside-San Bernardino-Ontario, CA","06","California","071","San Bernardino","35.77446","-117.3721"
"09/02/2024","AQS","060711234","1","0.055","ppm","51","Trona - Athol/Telescope #2","17","100.0000","44201","Ozone","087","40140","Riverside-San Bernardino-Ontario, CA","06","California","071","San Bernardino","35.77446","-117.3721"
"09/03/2024","AQS","060711234","1","0.058","ppm","61","Trona - Athol/Telescope #2","17","100.0000","44201","Ozone","087","40140","Riverside-San Bernardino-Ontario, CA","06","California","071","San Bernardino","35.77446","-117.3721"
"09/04/2024","AQS","060711234","1","0.062","ppm","74","Trona - Athol/Telescope #2","17","100.0000","44201","Ozone","087","40140","Riverside-San Bernardino-Ontario, CA","06","California","071","San Bernardino","35.77446","-117.3721"
"09/05/2024","AQS","060711234","1","0.058","ppm","61","Trona - Athol/Telescope #2","17","100.0000","44201","Ozone","087","40140","Riverside-San Bernardino-Ontario, CA","06","California","071","San Bernardino","35.77446","-117.3721"
"09/06/2024","AQS","060711234","1","0.059","ppm","64","Trona - Athol/Telescope #2","17","100.0000","44201","Ozone","087","40140","Riverside-San Bernardino-Ontario, CA","06","California","071","San Bernardino","35.77446","-117.3721"
"09/07/2024","AQS","060711234","1","0.06","ppm","67","Trona - Athol/Telescope #2","17","100.0000","44201","Ozone","087","40140","Riverside-San Bernardino-Ontario, CA","06","California","071","San Bernardino","35.77446","-117.3721"
"09/08/2024","AQS","060711234","1","0.06","ppm","67","Trona - Athol/Telescope #2","17","100.0000","44201","Ozone","087","40140","Riverside-San Bernardino-Ontario, CA","06","California","071","San Bernardino","35.77446","-117.3721"
"09/09/2024","AQS","060711234","1","0.057","ppm","58","Trona - Athol/Telescope #2","17","100.0000","44201","Ozone","087","40140","Riverside-San Bernardino-Ontario, CA","06","California","071","San Bernardino","35.77446","-117.3721"
"09/10/2024","AQS","060711234","1","0.051","ppm","47","Trona - Athol/Telescope #2","17","100.0000","44201","Ozone","087","40140","Riverside-San Bernardino-Ontario, CA","06","California","071","San Bernardino","35.77446","-117.3721"
"09/11/2024","AQS","060711234","1","0.053","ppm","49","Trona - Athol/Telescope #2","17","100.0000","44201","Ozone","087","40140","Riverside-San Bernardino-Ontario, CA","06","California","071","San Bernardino","35.77446","-117.3721"
"09/12/2024","AQS","060711234","1","0.057","ppm","58","Trona - Athol/Telescope #2","17","100.0000","44201","Ozone","087","40140","Riverside-San Bernardino-Ontario, CA","06","California","071","San Bernardino","35.77446","-117.3721"
"09/13/2024","AQS","060711234","1","0.052","ppm","48","Trona - Athol/Telescope #2","17","100.0000","44201","Ozone","087","40140","Riverside-San Bernardino-Ontario, CA","06","California","071","San Bernardino","35.77446","-117.3721"
"09/14/2024","AQS","060711234","1","0.074","ppm","112","Trona - Athol/Telescope #2","17","100.0000","44201","Ozone","087","40140","Riverside-San Bernardino-Ontario, CA","06","California","071","San Bernardino","35.77446","-117.3721"
"09/15/2024","AQS","060711234","1","0.059","ppm","64","Trona - Athol/Telescope #2","17","100.0000","44201","Ozone","087","40140","Riverside-San Bernardino-Ontario, CA","06","California","071","San Bernardino","35.77446","-117.3721"
"09/16/2024","AQS","060711234","1","0.043","ppm","40","Trona - Athol/Telescope #2","17","100.0000","44201","Ozone","087","40140","Riverside-San Bernardino-Ontario, CA","06","California","071","San Bernardino","35.77446","-117.3721"
"09/18/2024","AQS","060711234","1","0.055","ppm","51","Trona - Athol/Telescope #2","17","100.0000","44201","Ozone","087","40140","Riverside-San Bernardino-Ontario, CA","06","California","071","San Bernardino","35.77446","-117.3721"
"09/19/2024","AQS","060711234","1","0.062","ppm","74","Trona - Athol/Telescope #2","17","100.0000","44201","Ozone","087","40140","Riverside-San Bernardino-Ontario, CA","06","California","071","San Bernardino","35.77446","-117.3721"
"09/20/2024","AQS","060711234","1","0.055","ppm","51","Trona - Athol/Telescope #2","17","100.0000","44201","Ozone","087","40140","Riverside-San Bernardino-Ontario, CA","06","California","071","San Bernardino","35.77446","-117.3721"
"09/21/2024","AQS","060711234","1","0.059","ppm","64","Trona - Athol/Telescope #2","17","100.0000","44201","Ozone","087","40140","Riverside-San Bernardino-Ontario, CA","06","California","071","San Bernardino","35.77446","-117.3721"
"09/22/2024","AQS","060711234","1","0.063","ppm","77","Trona - Athol/Telescope #2","17","100.0000","44201","Ozone","087","40140","Riverside-San Bernardino-Ontario, CA","06","California","071","San Bernardino","35.77446","-117.3721"
"09/23/2024","AQS","060711234","1","0.054","ppm","50","Trona - Athol/Telescope #2","17","100.0000","44201","Ozone","087","40140","Riverside-San Bernardino-Ontario, CA","06","California","071","San Bernardino","35.77446","-117.3721"
"09/24/2024","AQS","060711234","1","0.048","ppm","44","Trona - Athol/Telescope #2","17","100.0000","44201","Ozone","087","40140","Riverside-San Bernardino-Ontario, CA","06","California","071","San Bernardino","35.77446","-117.3721"
"09/25/2024","AQS","060711234","1","0.058","ppm","61","Trona - Athol/Telescope #2","17","100.0000","44201","Ozone","087","40140","Riverside-San Bernardino-Ontario, CA","06","California","071","San Bernardino","35.77446","-117.3721"
"09/26/2024","AQS","060711234","1","0.063","ppm","77","Trona - Athol/Telescope #2","17","100.0000","44201","Ozone","087","40140","Riverside-San Bernardino-Ontario, CA","06","California","071","San Bernardino","35.77446","-117.3721"
"09/27/2024","AQS","060711234","1","0.054","ppm","50","Trona - Athol/Telescope #2","17","100.0000","44201","Ozone","087","40140","Riverside-San Bernardino-Ontario, CA","06","California","071","San Bernardino","35.77446","-117.3721"
"09/28/2024","AQS","060711234","1","0.055","ppm","51","Trona - Athol/Telescope #2","17","100.0000","44201","Ozone","087","40140","Riverside-San Bernardino-Ontario, CA","06","California","071","San Bernardino","35.77446","-117.3721"
"09/29/2024","AQS","060711234","1","0.064","ppm","80","Trona - Athol/Telescope #2","17","100.0000","44201","Ozone","087","40140","Riverside-San Bernardino-Ontario, CA","06","California","071","San Bernardino","35.77446","-117.3721"
"09/30/2024","AirNow","060711234","1","0.05","ppm","46","Trona - Athol/Telescope #2","24","100.0000","44201","Ozone","","40140","Riverside-San Bernardino-Ontario, CA","06","California","071","San Bernardino","35.77446","-117.3721"
"10/01/2024","AirNow","060711234","1","0.048","ppm","44","Trona - Athol/Telescope #2","24","100.0000","44201","Ozone","","40140","Riverside-San Bernardino-Ontario, CA","06","California","071","San Bernardino","35.77446","-117.3721"
"10/02/2024","AirNow","060711234","1","0.052","ppm","48","Trona - Athol/Telescope #2","24","100.0000","44201","Ozone","","40140","Riverside-San Bernardino-Ontario, CA","06","California","071","San Bernardino","35.77446","-117.3721"
"10/03/2024","AirNow","060711234","1","0.054","ppm","50","Trona - Athol/Telescope #2","24","100.0000","44201","Ozone","","40140","Riverside-San Bernardino-Ontario, CA","06","California","071","San Bernardino","35.77446","-117.3721"
"10/04/2024","AirNow","060711234","1","0.06","ppm","67","Trona - Athol/Telescope #2","24","100.0000","44201","Ozone","","40140","Riverside-San Bernardino-Ontario, CA","06","California","071","San Bernardino","35.77446","-117.3721"
"10/05/2024","AirNow","060711234","1","0.051","ppm","47","Trona - Athol/Telescope #2","24","100.0000","44201","Ozone","","40140","Riverside-San Bernardino-Ontario, CA","06","California","071","San Bernardino","35.77446","-117.3721"
"10/06/2024","AirNow","060711234","1","0.055","ppm","51","Trona - Athol/Telescope #2","24","100.0000","44201","Ozone","","40140","Riverside-San Bernardino-Ontario, CA","06","California","071","San Bernardino","35.77446","-117.3721"
"10/07/2024","AirNow","060711234","1","0.052","ppm","48","Trona - Athol/Telescope #2","24","100.0000","44201","Ozone","","40140","Riverside-San Bernardino-Ontario, CA","06","California","071","San Bernardino","35.77446","-117.3721"
"10/08/2024","AirNow","060711234","1","0.054","ppm","50","Trona - Athol/Telescope #2","24","100.0000","44201","Ozone","","40140","Riverside-San Bernardino-Ontario, CA","06","California","071","San Bernardino","35.77446","-117.3721"
"10/09/2024","AirNow","060711234","1","0.06","ppm","67","Trona - Athol/Telescope #2","24","100.0000","44201","Ozone","","40140","Riverside-San Bernardino-Ontario, CA","06","California","071","San Bernardino","35.77446","-117.3721"
"10/10/2024","AirNow","060711234","1","0.058","ppm","61","Trona - Athol/Telescope #2","24","100.0000","44201","Ozone","","40140","Riverside-San Bernardino-Ontario, CA","06","California","071","San Bernardino","35.77446","-117.3721"
"10/11/2024","AirNow","060711234","1","0.066","ppm","87","Trona - Athol/Telescope #2","24","100.0000","44201","Ozone","","40140","Riverside-San Bernardino-Ontario, CA","06","California","071","San Bernardino","35.77446","-117.3721"
"10/12/2024","AirNow","060711234","1","0.051","ppm","47","Trona - Athol/Telescope #2","24","100.0000","44201","Ozone","","40140","Riverside-San Bernardino-Ontario, CA","06","California","071","San Bernardino","35.77446","-117.3721"
"10/13/2024","AirNow","060711234","1","0.053","ppm","49","Trona - Athol/Telescope #2","24","100.0000","44201","Ozone","","40140","Riverside-San Bernardino-Ontario, CA","06","California","071","San Bernardino","35.77446","-117.3721"
"10/14/2024","AirNow","060711234","1","0.05","ppm","46","Trona - Athol/Telescope #2","24","100.0000","44201","Ozone","","40140","Riverside-San Bernardino-Ontario, CA","06","California","071","San Bernardino","35.77446","-117.3721"
"10/15/2024","AirNow","060711234","1","0.044","ppm","41","Trona - Athol/Telescope #2","24","100.0000","44201","Ozone","","40140","Riverside-San Bernardino-Ontario, CA","06","California","071","San Bernardino","35.77446","-117.3721"
"10/16/2024","AirNow","060711234","1","0.051","ppm","47","Trona - Athol/Telescope #2","24","100.0000","44201","Ozone","","40140","Riverside-San Bernardino-Ontario, CA","06","California","071","San Bernardino","35.77446","-117.3721"
"10/17/2024","AirNow","060711234","1","0.049","ppm","45","Trona - Athol/Telescope #2","24","100.0000","44201","Ozone","","40140","Riverside-San Bernardino-Ontario, CA","06","California","071","San Bernardino","35.77446","-117.3721"
"10/18/2024","AirNow","060711234","1","0.05","ppm","46","Trona - Athol/Telescope #2","24","100.0000","44201","Ozone","","40140","Riverside-San Bernardino-Ontario, CA","06","California","071","San Bernardino","35.77446","-117.3721"
"10/19/2024","AirNow","060711234","1","0.047","ppm","44","Trona - Athol/Telescope #2","24","100.0000","44201","Ozone","","40140","Riverside-San Bernardino-Ontario, CA","06","California","071","San Bernardino","35.77446","-117.3721"
"10/20/2024","AirNow","060711234","1","0.042","ppm","39","Trona - Athol/Telescope #2","24","100.0000","44201","Ozone","","40140","Riverside-San Bernardino-Ontario, CA","06","California","071","San Bernardino","35.77446","-117.3721"
"10/21/2024","AirNow","060711234","1","0.054","ppm","50","Trona - Athol/Telescope #2","24","100.0000","44201","Ozone","","40140","Riverside-San Bernardino-Ontario, CA","06","California","071","San Bernardino","35.77446","-117.3721"
"10/22/2024","AirNow","060711234","1","0.052","ppm","48","Trona - Athol/Telescope #2","24","100.0000","44201","Ozone","","40140","Riverside-San Bernardino-Ontario, CA","06","California","071","San Bernardino","35.77446","-117.3721"
"10/23/2024","AirNow","060711234","1","0.05","ppm","46","Trona - Athol/Telescope #2","24","100.0000","44201","Ozone","","40140","Riverside-San Bernardino-Ontario, CA","06","California","071","San Bernardino","35.77446","-117.3721"
"10/24/2024","AirNow","060711234","1","0.047","ppm","44","Trona - Athol/Telescope #2","24","100.0000","44201","Ozone","","40140","Riverside-San Bernardino-Ontario, CA","06","California","071","San Bernardino","35.77446","-117.3721"
"10/25/2024","AirNow","060711234","1","0.035","ppm","32","Trona - Athol/Telescope #2","24","100.0000","44201","Ozone","","40140","Riverside-San Bernardino-Ontario, CA","06","California","071","San Bernardino","35.77446","-117.3721"
"10/26/2024","AirNow","060711234","1","0.045","ppm","42","Trona - Athol/Telescope #2","24","100.0000","44201","Ozone","","40140","Riverside-San Bernardino-Ontario, CA","06","California","071","San Bernardino","35.77446","-117.3721"
"10/27/2024","AirNow","060711234","1","0.043","ppm","40","Trona - Athol/Telescope #2","24","100.0000","44201","Ozone","","40140","Riverside-San Bernardino-Ontario, CA","06","California","071","San Bernardino","35.77446","-117.3721"
"10/28/2024","AirNow","060711234","1","0.041","ppm","38","Trona - Athol/Telescope #2","24","100.0000","44201","Ozone","","40140","Riverside-San Bernardino-Ontario, CA","06","California","071","San Bernardino","35.77446","-117.3721"
"10/29/2024","AirNow","060711234","1","0.041","ppm","38","Trona - Athol/Telescope #2","24","100.0000","44201","Ozone","","40140","Riverside-San Bernardino-Ontario, CA","06","California","071","San Bernardino","35.77446","-117.3721"
"10/30/2024","AirNow","060711234","1","0.033","ppm","31","Trona - Athol/Telescope #2","18","75.0000","44201","Ozone","","40140","Riverside-San Bernardino-Ontario, CA","06","California","071","San Bernardino","35.77446","-117.3721"
"10/31/2024","AirNow","060711234","1","0.047","ppm","44","Trona - Athol/Telescope #2","24","100.0000","44201","Ozone","","40140","Riverside-San Bernardino-Ontario, CA","06","California","071","San Bernardino","35.77446","-117.3721"
"11/01/2024","AirNow","060711234","1","0.04","ppm","37","Trona - Athol/Telescope #2","24","100.0000","44201","Ozone","","40140","Riverside-San Bernardino-Ontario, CA","06","California","071","San Bernardino","35.77446","-117.3721"
"11/02/2024","AirNow","060711234","1","0.046","ppm","43","Trona - Athol/Telescope #2","24","100.0000","44201","Ozone","","40140","Riverside-San Bernardino-Ontario, CA","06","California","071","San Bernardino","35.77446","-117.3721"
"11/03/2024","AirNow","060711234","1","0.043","ppm","40","Trona - Athol/Telescope #2","24","100.0000","44201","Ozone","","40140","Riverside-San Bernardino-Ontario, CA","06","California","071","San Bernardino","35.77446","-117.3721"
"11/04/2024","AirNow","060711234","1","0.042","ppm","39","Trona - Athol/Telescope #2","24","100.0000","44201","Ozone","","40140","Riverside-San Bernardino-Ontario, CA","06","California","071","San Bernardino","35.77446","-117.3721"
"11/08/2024","AirNow","060711234","1","0.033","ppm","31","Trona - Athol/Telescope #2","24","100.0000","44201","Ozone","","40140","Riverside-San Bernardino-Ontario, CA","06","California","071","San Bernardino","35.77446","-117.3721"
"11/09/2024","AirNow","060711234","1","0.03","ppm","28","Trona - Athol/Telescope #2","24","100.0000","44201","Ozone","","40140","Riverside-San Bernardino-Ontario, CA","06","California","071","San Bernardino","35.77446","-117.3721"
"11/10/2024","AirNow","060711234","1","0.025","ppm","23","Trona - Athol/Telescope #2","24","100.0000","44201","Ozone","","40140","Riverside-San Bernardino-Ontario, CA","06","California","071","San Bernardino","35.77446","-117.3721"
"11/11/2024","AirNow","060711234","1","0.042","ppm","39","Trona - Athol/Telescope #2","24","100.0000","44201","Ozone","","40140","Riverside-San Bernardino-Ontario, CA","06","California","071","San Bernardino","35.77446","-117.3721"
"11/12/2024","AirNow","060711234","1","0.042","ppm","39","Trona - Athol/Telescope #2","24","100.0000","44201","Ozone","","40140","Riverside-San Bernardino-Ontario, CA","06","California","071","San Bernardino","35.77446","-117.3721"
"11/13/2024","AirNow","060711234","1","0.033","ppm","31","Trona - Athol/Telescope #2","24","100.0000","44201","Ozone","","40140","Riverside-San Bernardino-Ontario, CA","06","California","071","San Bernardino","35.77446","-117.3721"
"11/14/2024","AirNow","060711234","1","0.04","ppm","37","Trona - Athol/Telescope #2","24","100.0000","44201","Ozone","","40140","Riverside-San Bernardino-Ontario, CA","06","California","071","San Bernardino","35.77446","-117.3721"
"11/15/2024","AirNow","060711234","1","0.042","ppm","39","Trona - Athol/Telescope #2","24","100.0000","44201","Ozone","","40140","Riverside-San Bernardino-Ontario, CA","06","California","071","San Bernardino","35.77446","-117.3721"
"11/16/2024","AirNow","060711234","1","0.038","ppm","35","Trona - Athol/Telescope #2","24","100.0000","44201","Ozone","","40140","Riverside-San Bernardino-Ontario, CA","06","California","071","San Bernardino","35.77446","-117.3721"
"11/17/2024","AirNow","060711234","1","0.035","ppm","32","Trona - Athol/Telescope #2","24","100.0000","44201","Ozone","","40140","Riverside-San Bernardino-Ontario, CA","06","California","071","San Bernardino","35.77446","-117.3721"
"11/18/2024","AirNow","060711234","1","0.04","ppm","37","Trona - Athol/Telescope #2","24","100.0000","44201","Ozone","","40140","Riverside-San Bernardino-Ontario, CA","06","California","071","San Bernardino","35.77446","-117.3721"
"11/19/2024","AirNow","060711234","1","0.033","ppm","31","Trona - Athol/Telescope #2","24","100.0000","44201","Ozone","","40140","Riverside-San Bernardino-Ontario, CA","06","California","071","San Bernardino","35.77446","-117.3721"
"11/20/2024","AirNow","060711234","1","0.033","ppm","31","Trona - Athol/Telescope #2","24","100.0000","44201","Ozone","","40140","Riverside-San Bernardino-Ontario, CA","06","California","071","San Bernardino","35.77446","-117.3721"
"11/21/2024","AirNow","060711234","1","0.034","ppm","31","Trona - Athol/Telescope #2","24","100.0000","44201","Ozone","","40140","Riverside-San Bernardino-Ontario, CA","06","California","071","San Bernardino","35.77446","-117.3721"
"11/22/2024","AirNow","060711234","1","0.039","ppm","36","Trona - Athol/Telescope #2","24","100.0000","44201","Ozone","","40140","Riverside-San Bernardino-Ontario, CA","06","California","071","San Bernardino","35.77446","-117.3721"
"11/23/2024","AirNow","060711234","1","0.035","ppm","32","Trona - Athol/Telescope #2","24","100.0000","44201","Ozone","","40140","Riverside-San Bernardino-Ontario, CA","06","California","071","San Bernardino","35.77446","-117.3721"
"11/24/2024","AirNow","060711234","1","0.041","ppm","38","Trona - Athol/Telescope #2","24","100.0000","44201","Ozone","","40140","Riverside-San Bernardino-Ontario, CA","06","California","071","San Bernardino","35.77446","-117.3721"
"11/25/2024","AirNow","060711234","1","0.031","ppm","29","Trona - Athol/Telescope #2","24","100.0000","44201","Ozone","","40140","Riverside-San Bernardino-Ontario, CA","06","California","071","San Bernardino","35.77446","-117.3721"
"11/26/2024","AirNow","060711234","1","0.034","ppm","31","Trona - Athol/Telescope #2","24","100.0000","44201","Ozone","","40140","Riverside-San Bernardino-Ontario, CA","06","California","071","San Bernardino","35.77446","-117.3721"
"11/27/2024","AirNow","060711234","1","0.043","ppm","40","Trona - Athol/Telescope #2","24","100.0000","44201","Ozone","","40140","Riverside-San Bernardino-Ontario, CA","06","California","071","San Bernardino","35.77446","-117.3721"
"11/28/2024","AirNow","060711234","1","0.038","ppm","35","Trona - Athol/Telescope #2","24","100.0000","44201","Ozone","","40140","Riverside-San Bernardino-Ontario, CA","06","California","071","San Bernardino","35.77446","-117.3721"
"11/29/2024","AirNow","060711234","1","0.027","ppm","25","Trona - Athol/Telescope #2","24","100.0000","44201","Ozone","","40140","Riverside-San Bernardino-Ontario, CA","06","California","071","San Bernardino","35.77446","-117.3721"
"11/30/2024","AirNow","060711234","1","0.024","ppm","22","Trona - Athol/Telescope #2","24","100.0000","44201","Ozone","","40140","Riverside-San Bernardino-Ontario, CA","06","California","071","San Bernardino","35.77446","-117.3721"
"12/01/2024","AirNow","060711234","1","0.02","ppm","19","Trona - Athol/Telescope #2","24","100.0000","44201","Ozone","","40140","Riverside-San Bernardino-Ontario, CA","06","California","071","San Bernardino","35.77446","-117.3721"
"12/02/2024","AirNow","060711234","1","0.019","ppm","18","Trona - Athol/Telescope #2","24","100.0000","44201","Ozone","","40140","Riverside-San Bernardino-Ontario, CA","06","California","071","San Bernardino","35.77446","-117.3721"
"12/03/2024","AirNow","060711234","1","0.019","ppm","18","Trona - Athol/Telescope #2","24","100.0000","44201","Ozone","","40140","Riverside-San Bernardino-Ontario, CA","06","California","071","San Bernardino","35.77446","-117.3721"
"12/04/2024","AirNow","060711234","1","0.018","ppm","17","Trona - Athol/Telescope #2","24","100.0000","44201","Ozone","","40140","Riverside-San Bernardino-Ontario, CA","06","California","071","San Bernardino","35.77446","-117.3721"
"12/05/2024","AirNow","060711234","1","0.017","ppm","16","Trona - Athol/Telescope #2","24","100.0000","44201","Ozone","","40140","Riverside-San Bernardino-Ontario, CA","06","California","071","San Bernardino","35.77446","-117.3721"
"12/06/2024","AirNow","060711234","1","0.014","ppm","13","Trona - Athol/Telescope #2","24","100.0000","44201","Ozone","","40140","Riverside-San Bernardino-Ontario, CA","06","California","071","San Bernardino","35.77446","-117.3721"
"12/07/2024","AirNow","060711234","1","0.022","ppm","20","Trona - Athol/Telescope #2","24","100.0000","44201","Ozone","","40140","Riverside-San Bernardino-Ontario, CA","06","California","071","San Bernardino","35.77446","-117.3721"
"12/08/2024","AirNow","060711234","1","0.021","ppm","19","Trona - Athol/Telescope #2","24","100.0000","44201","Ozone","","40140","Riverside-San Bernardino-Ontario, CA","06","California","071","San Bernardino","35.77446","-117.3721"
"12/09/2024","AirNow","060711234","1","0.042","ppm","39","Trona - Athol/Telescope #2","24","100.0000","44201","Ozone","","40140","Riverside-San Bernardino-Ontario, CA","06","California","071","San Bernardino","35.77446","-117.3721"
"12/10/2024","AirNow","060711234","1","0.031","ppm","29","Trona - Athol/Telescope #2","19","79.0000","44201","Ozone","","40140","Riverside-San Bernardino-Ontario, CA","06","California","071","San Bernardino","35.77446","-117.3721"
"12/12/2024","AirNow","060711234","1","0.038","ppm","35","Trona - Athol/Telescope #2","24","100.0000","44201","Ozone","","40140","Riverside-San Bernardino-Ontario, CA","06","California","071","San Bernardino","35.77446","-117.3721"
"12/13/2024","AirNow","060711234","1","0.032","ppm","30","Trona - Athol/Telescope #2","24","100.0000","44201","Ozone","","40140","Riverside-San Bernardino-Ontario, CA","06","California","071","San Bernardino","35.77446","-117.3721"
"12/14/2024","AirNow","060711234","1","0.039","ppm","36","Trona - Athol/Telescope #2","24","100.0000","44201","Ozone","","40140","Riverside-San Bernardino-Ontario, CA","06","California","071","San Bernardino","35.77446","-117.3721"
"12/16/2024","AirNow","060711234","1","0.027","ppm","25","Trona - Athol/Telescope #2","24","100.0000","44201","Ozone","","40140","Riverside-San Bernardino-Ontario, CA","06","California","071","San Bernardino","35.77446","-117.3721"
"12/17/2024","AirNow","060711234","1","0.034","ppm","31","Trona - Athol/Telescope #2","24","100.0000","44201","Ozone","","40140","Riverside-San Bernardino-Ontario, CA","06","California","071","San Bernardino","35.77446","-117.3721"
"12/18/2024","AirNow","060711234","1","0.021","ppm","19","Trona - Athol/Telescope #2","24","100.0000","44201","Ozone","","40140","Riverside-San Bernardino-Ontario, CA","06","California","071","San Bernardino","35.77446","-117.3721"
"12/19/2024","AirNow","060711234","1","0.022","ppm","20","Trona - Athol/Telescope #2","24","100.0000","44201","Ozone","","40140","Riverside-San Bernardino-Ontario, CA","06","California","071","San Bernardino","35.77446","-117.3721"
"12/20/2024","AirNow","060711234","1","0.014","ppm","13","Trona - Athol/Telescope #2","24","100.0000","44201","Ozone","","40140","Riverside-San Bernardino-Ontario, CA","06","California","071","San Bernardino","35.77446","-117.3721"
"12/21/2024","AirNow","060711234","1","0.017","ppm","16","Trona - Athol/Telescope #2","24","100.0000","44201","Ozone","","40140","Riverside-San Bernardino-Ontario, CA","06","California","071","San Bernardino","35.77446","-117.3721"
"12/22/2024","AirNow","060711234","1","0.032","ppm","30","Trona - Athol/Telescope #2","24","100.0000","44201","Ozone","","40140","Riverside-San Bernardino-Ontario, CA","06","California","071","San Bernardino","35.77446","-117.3721"
"12/23/2024","AirNow","060711234","1","0.023","ppm","21","Trona - Athol/Telescope #2","24","100.0000","44201","Ozone","","40140","Riverside-San Bernardino-Ontario, CA","06","California","071","San Bernardino","35.77446","-117.3721"
"12/24/2024","AirNow","060711234","1","0.043","ppm","40","Trona - Athol/Telescope #2","24","100.0000","44201","Ozone","","40140","Riverside-San Bernardino-Ontario, CA","06","California","071","San Bernardino","35.77446","-117.3721"
"12/25/2024","AirNow","060711234","1","0.03","ppm","28","Trona - Athol/Telescope #2","24","100.0000","44201","Ozone","","40140","Riverside-San Bernardino-Ontario, CA","06","California","071","San Bernardino","35.77446","-117.3721"
"12/26/2024","AirNow","060711234","1","0.033","ppm","31","Trona - Athol/Telescope #2","24","100.0000","44201","Ozone","","40140","Riverside-San Bernardino-Ontario, CA","06","California","071","San Bernardino","35.77446","-117.3721"
"12/27/2024","AirNow","060711234","1","0.036","ppm","33","Trona - Athol/Telescope #2","24","100.0000","44201","Ozone","","40140","Riverside-San Bernardino-Ontario, CA","06","California","071","San Bernardino","35.77446","-117.3721"
"12/28/2024","AirNow","060711234","1","0.018","ppm","17","Trona - Athol/Telescope #2","24","100.0000","44201","Ozone","","40140","Riverside-San Bernardino-Ontario, CA","06","California","071","San Bernardino","35.77446","-117.3721"
"12/29/2024","AirNow","060711234","1","0.031","ppm","29","Trona - Athol/Telescope #2","24","100.0000","44201","Ozone","","40140","Riverside-San Bernardino-Ontario, CA","06","California","071","San Bernardino","35.77446","-117.3721"
"12/30/2024","AirNow","060711234","1","0.034","ppm","31","Trona - Athol/Telescope #2","24","100.0000","44201","Ozone","","40140","Riverside-San Bernardino-Ontario, CA","06","California","071","San Bernardino","35.77446","-117.3721"
"01/01/2024","AQS","060712002","1","0.034","ppm","31","Fontana","17","100.0000","44201","Ozone","087","40140","Riverside-San Bernardino-Ontario, CA","06","California","071","San Bernardino","34.10002","-117.49201"
"01/02/2024","AQS","060712002","1","0.03","ppm","28","Fontana","17","100.0000","44201","Ozone","087","40140","Riverside-San Bernardino-Ontario, CA","06","California","071","San Bernardino","34.10002","-117.49201"
"01/03/2024","AQS","060712002","1","0.029","ppm","27","Fontana","17","100.0000","44201","Ozone","087","40140","Riverside-San Bernardino-Ontario, CA","06","California","071","San Bernardino","34.10002","-117.49201"
"01/04/2024","AQS","060712002","1","0.029","ppm","27","Fontana","17","100.0000","44201","Ozone","087","40140","Riverside-San Bernardino-Ontario, CA","06","California","071","San Bernardino","34.10002","-117.49201"
"01/05/2024","AQS","060712002","1","0.027","ppm","25","Fontana","17","100.0000","44201","Ozone","087","40140","Riverside-San Bernardino-Ontario, CA","06","California","071","San Bernardino","34.10002","-117.49201"
"01/06/2024","AQS","060712002","1","0.034","ppm","31","Fontana","17","100.0000","44201","Ozone","087","40140","Riverside-San Bernardino-Ontario, CA","06","California","071","San Bernardino","34.10002","-117.49201"
"01/07/2024","AQS","060712002","1","0.036","ppm","33","Fontana","17","100.0000","44201","Ozone","087","40140","Riverside-San Bernardino-Ontario, CA","06","California","071","San Bernardino","34.10002","-117.49201"
"01/08/2024","AQS","060712002","1","0.037","ppm","34","Fontana","17","100.0000","44201","Ozone","087","40140","Riverside-San Bernardino-Ontario, CA","06","California","071","San Bernardino","34.10002","-117.49201"
"01/09/2024","AQS","060712002","1","0.024","ppm","22","Fontana","17","100.0000","44201","Ozone","087","40140","Riverside-San Bernardino-Ontario, CA","06","California","071","San Bernardino","34.10002","-117.49201"
"01/10/2024","AQS","060712002","1","0.027","ppm","25","Fontana","17","100.0000","44201","Ozone","087","40140","Riverside-San Bernardino-Ontario, CA","06","California","071","San Bernardino","34.10002","-117.49201"
"01/11/2024","AQS","060712002","1","0.037","ppm","34","Fontana","17","100.0000","44201","Ozone","087","40140","Riverside-San Bernardino-Ontario, CA","06","California","071","San Bernardino","34.10002","-117.49201"
"01/12/2024","AQS","060712002","1","0.027","ppm","25","Fontana","17","100.0000","44201","Ozone","087","40140","Riverside-San Bernardino-Ontario, CA","06","California","071","San Bernardino","34.10002","-117.49201"
"01/13/2024","AQS","060712002","1","0.035","ppm","32","Fontana","17","100.0000","44201","Ozone","087","40140","Riverside-San Bernardino-Ontario, CA","06","California","071","San Bernardino","34.10002","-117.49201"
"01/14/2024","AQS","060712002","1","0.042","ppm","39","Fontana","17","100.0000","44201","Ozone","087","40140","Riverside-San Bernardino-Ontario, CA","06","California","071","San Bernardino","34.10002","-117.49201"
"01/15/2024","AQS","060712002","1","0.028","ppm","26","Fontana","17","100.0000","44201","Ozone","087","40140","Riverside-San Bernardino-Ontario, CA","06","California","071","San Bernardino","34.10002","-117.49201"
"01/16/2024","AQS","060712002","1","0.024","ppm","22","Fontana","17","100.0000","44201","Ozone","087","40140","Riverside-San Bernardino-Ontario, CA","06","California","071","San Bernardino","34.10002","-117.49201"
"01/17/2024","AQS","060712002","1","0.022","ppm","20","Fontana","17","100.0000","44201","Ozone","087","40140","Riverside-San Bernardino-Ontario, CA","06","California","071","San Bernardino","34.10002","-117.49201"
"01/18/2024","AQS","060712002","1","0.028","ppm","26","Fontana","17","100.0000","44201","Ozone","087","40140","Riverside-San Bernardino-Ontario, CA","06","California","071","San Bernardino","34.10002","-117.49201"
"01/20/2024","AQS","060712002","1","0.02","ppm","19","Fontana","17","100.0000","44201","Ozone","087","40140","Riverside-San Bernardino-Ontario, CA","06","California","071","San Bernardino","34.10002","-117.49201"
"01/21/2024","AQS","060712002","1","0.032","ppm","30","Fontana","17","100.0000","44201","Ozone","087","40140","Riverside-San Bernardino-Ontario, CA","06","California","071","San Bernardino","34.10002","-117.49201"
"01/22/2024","AQS","060712002","1","0.029","ppm","27","Fontana","17","100.0000","44201","Ozone","087","40140","Riverside-San Bernardino-Ontario, CA","06","California","071","San Bernardino","34.10002","-117.49201"
"01/24/2024","AQS","060712002","1","0.022","ppm","20","Fontana","17","100.0000","44201","Ozone","087","40140","Riverside-San Bernardino-Ontario, CA","06","California","071","San Bernardino","34.10002","-117.49201"
"01/25/2024","AQS","060712002","1","0.028","ppm","26","Fontana","17","100.0000","44201","Ozone","087","40140","Riverside-San Bernardino-Ontario, CA","06","California","071","San Bernardino","34.10002","-117.49201"
"01/26/2024","AQS","060712002","1","0.044","ppm","41","Fontana","17","100.0000","44201","Ozone","087","40140","Riverside-San Bernardino-Ontario, CA","06","California","071","San Bernardino","34.10002","-117.49201"
"01/27/2024","AQS","060712002","1","0.042","ppm","39","Fontana","17","100.0000","44201","Ozone","087","40140","Riverside-San Bernardino-Ontario, CA","06","California","071","San Bernardino","34.10002","-117.49201"
"01/28/2024","AQS","060712002","1","0.039","ppm","36","Fontana","17","100.0000","44201","Ozone","087","40140","Riverside-San Bernardino-Ontario, CA","06","California","071","San Bernardino","34.10002","-117.49201"
"01/29/2024","AQS","060712002","1","0.032","ppm","30","Fontana","17","100.0000","44201","Ozone","087","40140","Riverside-San Bernardino-Ontario, CA","06","California","071","San Bernardino","34.10002","-117.49201"
"01/30/2024","AQS","060712002","1","0.033","ppm","31","Fontana","17","100.0000","44201","Ozone","087","40140","Riverside-San Bernardino-Ontario, CA","06","California","071","San Bernardino","34.10002","-117.49201"
"01/31/2024","AQS","060712002","1","0.043","ppm","40","Fontana","17","100.0000","44201","Ozone","087","40140","Riverside-San Bernardino-Ontario, CA","06","California","071","San Bernardino","34.10002","-117.49201"
"02/01/2024","AQS","060712002","1","0.032","ppm","30","Fontana","17","100.0000","44201","Ozone","087","40140","Riverside-San Bernardino-Ontario, CA","06","California","071","San Bernardino","34.10002","-117.49201"
"02/02/2024","AQS","060712002","1","0.036","ppm","33","Fontana","17","100.0000","44201","Ozone","087","40140","Riverside-San Bernardino-Ontario, CA","06","California","071","San Bernardino","34.10002","-117.49201"
"02/03/2024","AQS","060712002","1","0.041","ppm","38","Fontana","17","100.0000","44201","Ozone","087","40140","Riverside-San Bernardino-Ontario, CA","06","California","071","San Bernardino","34.10002","-117.49201"
"02/04/2024","AQS","060712002","1","0.036","ppm","33","Fontana","17","100.0000","44201","Ozone","087","40140","Riverside-San Bernardino-Ontario, CA","06","California","071","San Bernardino","34.10002","-117.49201"
"02/05/2024","AQS","060712002","1","0.027","ppm","25","Fontana","17","100.0000","44201","Ozone","087","40140","Riverside-San Bernardino-Ontario, CA","06","California","071","San Bernardino","34.10002","-117.49201"
"02/06/2024","AQS","060712002","1","0.033","ppm","31","Fontana","17","100.0000","44201","Ozone","087","40140","Riverside-San Bernardino-Ontario, CA","06","California","071","San Bernardino","34.10002","-117.49201"
"02/07/2024","AQS","060712002","1","0.033","ppm","31","Fontana","17","100.0000","44201","Ozone","087","40140","Riverside-San Bernardino-Ontario, CA","06","California","071","San Bernardino","34.10002","-117.49201"
"02/08/2024","AQS","060712002","1","0.035","ppm","32","Fontana","17","100.0000","44201","Ozone","087","40140","Riverside-San Bernardino-Ontario, CA","06","California","071","San Bernardino","34.10002","-117.49201"
"02/09/2024","AQS","060712002","1","0.036","ppm","33","Fontana","17","100.0000","44201","Ozone","087","40140","Riverside-San Bernardino-Ontario, CA","06","California","071","San Bernardino","34.10002","-117.49201"
"02/10/2024","AQS","060712002","1","0.04","ppm","37","Fontana","17","100.0000","44201","Ozone","087","40140","Riverside-San Bernardino-Ontario, CA","06","California","071","San Bernardino","34.10002","-117.49201"
"02/11/2024","AQS","060712002","1","0.043","ppm","40","Fontana","17","100.0000","44201","Ozone","087","40140","Riverside-San Bernardino-Ontario, CA","06","California","071","San Bernardino","34.10002","-117.49201"
"02/12/2024","AQS","060712002","1","0.039","ppm","36","Fontana","17","100.0000","44201","Ozone","087","40140","Riverside-San Bernardino-Ontario, CA","06","California","071","San Bernardino","34.10002","-117.49201"
"02/13/2024","AQS","060712002","1","0.039","ppm","36","Fontana","17","100.0000","44201","Ozone","087","40140","Riverside-San Bernardino-Ontario, CA","06","California","071","San Bernardino","34.10002","-117.49201"
"02/14/2024","AQS","060712002","1","0.04","ppm","37","Fontana","17","100.0000","44201","Ozone","087","40140","Riverside-San Bernardino-Ontario, CA","06","California","071","San Bernardino","34.10002","-117.49201"
"02/15/2024","AQS","060712002","1","0.041","ppm","38","Fontana","13","76.0000","44201","Ozone","087","40140","Riverside-San Bernardino-Ontario, CA","06","California","071","San Bernardino","34.10002","-117.49201"
"02/16/2024","AQS","060712002","1","0.034","ppm","31","Fontana","17","100.0000","44201","Ozone","087","40140","Riverside-San Bernardino-Ontario, CA","06","California","071","San Bernardino","34.10002","-117.49201"
"02/17/2024","AQS","060712002","1","0.036","ppm","33","Fontana","17","100.0000","44201","Ozone","087","40140","Riverside-San Bernardino-Ontario, CA","06","California","071","San Bernardino","34.10002","-117.49201"
"02/18/2024","AQS","060712002","1","0.033","ppm","31","Fontana","17","100.0000","44201","Ozone","087","40140","Riverside-San Bernardino-Ontario, CA","06","California","071","San Bernardino","34.10002","-117.49201"
"02/19/2024","AQS","060712002","1","0.025","ppm","23","Fontana","17","100.0000","44201","Ozone","087","40140","Riverside-San Bernardino-Ontario, CA","06","California","071","San Bernardino","34.10002","-117.49201"
"02/20/2024","AQS","060712002","1","0.021","ppm","19","Fontana","17","100.0000","44201","Ozone","087","40140","Riverside-San Bernardino-Ontario, CA","06","California","071","San Bernardino","34.10002","-117.49201"
"02/21/2024","AQS","060712002","1","0.037","ppm","34","Fontana","17","100.0000","44201","Ozone","087","40140","Riverside-San Bernardino-Ontario, CA","06","California","071","San Bernardino","34.10002","-117.49201"
"02/22/2024","AQS","060712002","1","0.039","ppm","36","Fontana","17","100.0000","44201","Ozone","087","40140","Riverside-San Bernardino-Ontario, CA","06","California","071","San Bernardino","34.10002","-117.49201"
"02/23/2024","AQS","060712002","1","0.042","ppm","39","Fontana","17","100.0000","44201","Ozone","087","40140","Riverside-San Bernardino-Ontario, CA","06","California","071","San Bernardino","34.10002","-117.49201"
"02/24/2024","AQS","060712002","1","0.04","ppm","37","Fontana","17","100.0000","44201","Ozone","087","40140","Riverside-San Bernardino-Ontario, CA","06","California","071","San Bernardino","34.10002","-117.49201"
"02/25/2024","AQS","060712002","1","0.035","ppm","32","Fontana","17","100.0000","44201","Ozone","087","40140","Riverside-San Bernardino-Ontario, CA","06","California","071","San Bernardino","34.10002","-117.49201"
"02/26/2024","AQS","060712002","1","0.026","ppm","24","Fontana","17","100.0000","44201","Ozone","087","40140","Riverside-San Bernardino-Ontario, CA","06","California","071","San Bernardino","34.10002","-117.49201"
"02/27/2024","AQS","060712002","1","0.029","ppm","27","Fontana","17","100.0000","44201","Ozone","087","40140","Riverside-San Bernardino-Ontario, CA","06","California","071","San Bernardino","34.10002","-117.49201"
"02/28/2024","AQS","060712002","1","0.035","ppm","32","Fontana","17","100.0000","44201","Ozone","087","40140","Riverside-San Bernardino-Ontario, CA","06","California","071","San Bernardino","34.10002","-117.49201"
"03/02/2024","AQS","060712002","1","0.035","ppm","32","Fontana","17","100.0000","44201","Ozone","087","40140","Riverside-San Bernardino-Ontario, CA","06","California","071","San Bernardino","34.10002","-117.49201"
"03/03/2024","AQS","060712002","1","0.038","ppm","35","Fontana","17","100.0000","44201","Ozone","087","40140","Riverside-San Bernardino-Ontario, CA","06","California","071","San Bernardino","34.10002","-117.49201"
"03/04/2024","AQS","060712002","1","0.036","ppm","33","Fontana","17","100.0000","44201","Ozone","087","40140","Riverside-San Bernardino-Ontario, CA","06","California","071","San Bernardino","34.10002","-117.49201"
"03/05/2024","AQS","060712002","1","0.042","ppm","39","Fontana","17","100.0000","44201","Ozone","087","40140","Riverside-San Bernardino-Ontario, CA","06","California","071","San Bernardino","34.10002","-117.49201"
"03/06/2024","AQS","060712002","1","0.034","ppm","31","Fontana","17","100.0000","44201","Ozone","087","40140","Riverside-San Bernardino-Ontario, CA","06","California","071","San Bernardino","34.10002","-117.49201"
"03/07/2024","AirNow","060712002","1","0.031","ppm","29","Fontana","24","100.0000","44201","Ozone","","40140","Riverside-San Bernardino-Ontario, CA","06","California","071","San Bernardino","34.10002","-117.49201"
"03/08/2024","AirNow","060712002","1","0.035","ppm","32","Fontana","24","100.0000","44201","Ozone","","40140","Riverside-San Bernardino-Ontario, CA","06","California","071","San Bernardino","34.10002","-117.49201"
"03/09/2024","AirNow","060712002","1","0.043","ppm","40","Fontana","24","100.0000","44201","Ozone","","40140","Riverside-San Bernardino-Ontario, CA","06","California","071","San Bernardino","34.10002","-117.49201"
"03/10/2024","AQS","060712002","1","0.048","ppm","44","Fontana","17","100.0000","44201","Ozone","087","40140","Riverside-San Bernardino-Ontario, CA","06","California","071","San Bernardino","34.10002","-117.49201"
"03/11/2024","AirNow","060712002","1","0.032","ppm","30","Fontana","24","100.0000","44201","Ozone","","40140","Riverside-San Bernardino-Ontario, CA","06","California","071","San Bernardino","34.10002","-117.49201"
"03/12/2024","AirNow","060712002","1","0.021","ppm","19","Fontana","24","100.0000","44201","Ozone","","40140","Riverside-San Bernardino-Ontario, CA","06","California","071","San Bernardino","34.10002","-117.49201"
"03/14/2024","AQS","060712002","1","0.042","ppm","39","Fontana","13","76.0000","44201","Ozone","087","40140","Riverside-San Bernardino-Ontario, CA","06","California","071","San Bernardino","34.10002","-117.49201"
"03/15/2024","AQS","060712002","1","0.037","ppm","34","Fontana","17","100.0000","44201","Ozone","087","40140","Riverside-San Bernardino-Ontario, CA","06","California","071","San Bernardino","34.10002","-117.49201"
"03/16/2024","AQS","060712002","1","0.035","ppm","32","Fontana","17","100.0000","44201","Ozone","087","40140","Riverside-San Bernardino-Ontario, CA","06","California","071","San Bernardino","34.10002","-117.49201"
"03/17/2024","AQS","060712002","1","0.046","ppm","43","Fontana","17","100.0000","44201","Ozone","087","40140","Riverside-San Bernardino-Ontario, CA","06","California","071","San Bernardino","34.10002","-117.49201"
"03/18/2024","AQS","060712002","1","0.042","ppm","39","Fontana","17","100.0000","44201","Ozone","087","40140","Riverside-San Bernardino-Ontario, CA","06","California","071","San Bernardino","34.10002","-117.49201"
"03/19/2024","AQS","060712002","1","0.051","ppm","47","Fontana","17","100.0000","44201","Ozone","087","40140","Riverside-San Bernardino-Ontario, CA","06","California","071","San Bernardino","34.10002","-117.49201"
"03/20/2024","AQS","060712002","1","0.053","ppm","49","Fontana","17","100.0000","44201","Ozone","087","40140","Riverside-San Bernardino-Ontario, CA","06","California","071","San Bernardino","34.10002","-117.49201"
"03/21/2024","AQS","060712002","1","0.054","ppm","50","Fontana","17","100.0000","44201","Ozone","087","40140","Riverside-San Bernardino-Ontario, CA","06","California","071","San Bernardino","34.10002","-117.49201"
"03/22/2024","AQS","060712002","1","0.05","ppm","46","Fontana","17","100.0000","44201","Ozone","087","40140","Riverside-San Bernardino-Ontario, CA","06","California","071","San Bernardino","34.10002","-117.49201"
"03/23/2024","AQS","060712002","1","0.039","ppm","36","Fontana","17","100.0000","44201","Ozone","087","40140","Riverside-San Bernardino-Ontario, CA","06","California","071","San Bernardino","34.10002","-117.49201"
"03/24/2024","AQS","060712002","1","0.039","ppm","36","Fontana","17","100.0000","44201","Ozone","087","40140","Riverside-San Bernardino-Ontario, CA","06","California","071","San Bernardino","34.10002","-117.49201"
"03/25/2024","AQS","060712002","1","0.04","ppm","37","Fontana","17","100.0000","44201","Ozone","087","40140","Riverside-San Bernardino-Ontario, CA","06","California","071","San Bernardino","34.10002","-117.49201"
"03/26/2024","AQS","060712002","1","0.043","ppm","40","Fontana","17","100.0000","44201","Ozone","087","40140","Riverside-San Bernardino-Ontario, CA","06","California","071","San Bernardino","34.10002","-117.49201"
"03/27/2024","AQS","060712002","1","0.055","ppm","51","Fontana","13","76.0000","44201","Ozone","087","40140","Riverside-San Bernardino-Ontario, CA","06","California","071","San Bernardino","34.10002","-117.49201"
"03/28/2024","AQS","060712002","1","0.046","ppm","43","Fontana","15","88.0000","44201","Ozone","087","40140","Riverside-San Bernardino-Ontario, CA","06","California","071","San Bernardino","34.10002","-117.49201"
"03/29/2024","AQS","060712002","1","0.047","ppm","44","Fontana","17","100.0000","44201","Ozone","087","40140","Riverside-San Bernardino-Ontario, CA","06","California","071","San Bernardino","34.10002","-117.49201"
"03/30/2024","AQS","060712002","1","0.041","ppm","38","Fontana","17","100.0000","44201","Ozone","087","40140","Riverside-San Bernardino-Ontario, CA","06","California","071","San Bernardino","34.10002","-117.49201"
"03/31/2024","AQS","060712002","1","0.044","ppm","41","Fontana","17","100.0000","44201","Ozone","087","40140","Riverside-San Bernardino-Ontario, CA","06","California","071","San Bernardino","34.10002","-117.49201"
"04/01/2024","AQS","060712002","1","0.045","ppm","42","Fontana","34","200.0000","44201","Ozone","014","40140","Riverside-San Bernardino-Ontario, CA","06","California","071","San Bernardino","34.10002","-117.49201"
"04/02/2024","AQS","060712002","1","0.05","ppm","46","Fontana","34","200.0000","44201","Ozone","014","40140","Riverside-San Bernardino-Ontario, CA","06","California","071","San Bernardino","34.10002","-117.49201"
"04/03/2024","AQS","060712002","1","0.052","ppm","48","Fontana","34","200.0000","44201","Ozone","014","40140","Riverside-San Bernardino-Ontario, CA","06","California","071","San Bernardino","34.10002","-117.49201"
"04/04/2024","AQS","060712002","1","0.037","ppm","34","Fontana","34","200.0000","44201","Ozone","014","40140","Riverside-San Bernardino-Ontario, CA","06","California","071","San Bernardino","34.10002","-117.49201"
"04/05/2024","AQS","060712002","1","0.042","ppm","39","Fontana","34","200.0000","44201","Ozone","014","40140","Riverside-San Bernardino-Ontario, CA","06","California","071","San Bernardino","34.10002","-117.49201"
"04/06/2024","AQS","060712002","1","0.048","ppm","44","Fontana","34","200.0000","44201","Ozone","014","40140","Riverside-San Bernardino-Ontario, CA","06","California","071","San Bernardino","34.10002","-117.49201"
"04/07/2024","AQS","060712002","1","0.051","ppm","47","Fontana","34","200.0000","44201","Ozone","014","40140","Riverside-San Bernardino-Ontario, CA","06","California","071","San Bernardino","34.10002","-117.49201"
"04/08/2024","AQS","060712002","1","0.049","ppm","45","Fontana","34","200.0000","44201","Ozone","014","40140","Riverside-San Bernardino-Ontario, CA","06","California","071","San Bernardino","34.10002","-117.49201"
"04/09/2024","AQS","060712002","1","0.055","ppm","51","Fontana","34","200.0000","44201","Ozone","014","40140","Riverside-San Bernardino-Ontario, CA","06","California","071","San Bernardino","34.10002","-117.49201"
"04/10/2024","AQS","060712002","1","0.063","ppm","77","Fontana","34","200.0000","44201","Ozone","014","40140","Riverside-San Bernardino-Ontario, CA","06","California","071","San Bernardino","34.10002","-117.49201"
"04/11/2024","AQS","060712002","1","0.067","ppm","90","Fontana","34","200.0000","44201","Ozone","014","40140","Riverside-San Bernardino-Ontario, CA","06","California","071","San Bernardino","34.10002","-117.49201"
"04/12/2024","AQS","060712002","1","0.049","ppm","45","Fontana","34","200.0000","44201","Ozone","014","40140","Riverside-San Bernardino-Ontario, CA","06","California","071","San Bernardino","34.10002","-117.49201"
"04/13/2024","AQS","060712002","1","0.05","ppm","46","Fontana","34","200.0000","44201","Ozone","014","40140","Riverside-San Bernardino-Ontario, CA","06","California","071","San Bernardino","34.10002","-117.49201"
"04/14/2024","AQS","060712002","1","0.046","ppm","43","Fontana","34","200.0000","44201","Ozone","014","40140","Riverside-San Bernardino-Ontario, CA","06","California","071","San Bernardino","34.10002","-117.49201"
"04/15/2024","AQS","060712002","1","0.058","ppm","61","Fontana","34","200.0000","44201","Ozone","014","40140","Riverside-San Bernardino-Ontario, CA","06","California","071","San Bernardino","34.10002","-117.49201"
"04/16/2024","AQS","060712002","1","0.062","ppm","74","Fontana","34","200.0000","44201","Ozone","014","40140","Riverside-San Bernardino-Ontario, CA","06","California","071","San Bernardino","34.10002","-117.49201"
"04/17/2024","AQS","060712002","1","0.065","ppm","84","Fontana","34","200.0000","44201","Ozone","014","40140","Riverside-San Bernardino-Ontario, CA","06","California","071","San Bernardino","34.10002","-117.49201"
"04/18/2024","AQS","060712002","1","0.059","ppm","64","Fontana","34","200.0000","44201","Ozone","014","40140","Riverside-San Bernardino-Ontario, CA","06","California","071","San Bernardino","34.10002","-117.49201"
"04/19/2024","AQS","060712002","1","0.053","ppm","49","Fontana","34","200.0000","44201","Ozone","014","40140","Riverside-San Bernardino-Ontario, CA","06","California","071","San Bernardino","34.10002","-117.49201"
"04/20/2024","AQS","060712002","1","0.062","ppm","74","Fontana","34","200.0000","44201","Ozone","014","40140","Riverside-San Bernardino-Ontario, CA","06","California","071","San Bernardino","34.10002","-117.49201"
"04/21/2024","AQS","060712002","1","0.081","ppm","136","Fontana","34","200.0000","44201","Ozone","014","40140","Riverside-San Bernardino-Ontario, CA","06","California","071","San Bernardino","34.10002","-117.49201"
"04/22/2024","AQS","060712002","1","0.058","ppm","61","Fontana","34","200.0000","44201","Ozone","014","40140","Riverside-San Bernardino-Ontario, CA","06","California","071","San Bernardino","34.10002","-117.49201"
"04/23/2024","AQS","060712002","1","0.047","ppm","44","Fontana","34","200.0000","44201","Ozone","014","40140","Riverside-San Bernardino-Ontario, CA","06","California","071","San Bernardino","34.10002","-117.49201"
"04/24/2024","AQS","060712002","1","0.048","ppm","44","Fontana","34","200.0000","44201","Ozone","014","40140","Riverside-San Bernardino-Ontario, CA","06","California","071","San Bernardino","34.10002","-117.49201"
"04/25/2024","AQS","060712002","1","0.041","ppm","38","Fontana","34","200.0000","44201","Ozone","014","40140","Riverside-San Bernardino-Ontario, CA","06","California","071","San Bernardino","34.10002","-117.49201"
"04/26/2024","AQS","060712002","1","0.027","ppm","25","Fontana","34","200.0000","44201","Ozone","014","40140","Riverside-San Bernardino-Ontario, CA","06","California","071","San Bernardino","34.10002","-117.49201"
"04/27/2024","AQS","060712002","1","0.051","ppm","47","Fontana","34","200.0000","44201","Ozone","014","40140","Riverside-San Bernardino-Ontario, CA","06","California","071","San Bernardino","34.10002","-117.49201"
"04/28/2024","AQS","060712002","1","0.06","ppm","67","Fontana","34","200.0000","44201","Ozone","014","40140","Riverside-San Bernardino-Ontario, CA","06","California","071","San Bernardino","34.10002","-117.49201"
"04/29/2024","AQS","060712002","1","0.063","ppm","77","Fontana","34","200.0000","44201","Ozone","014","40140","Riverside-San Bernardino-Ontario, CA","06","California","071","San Bernardino","34.10002","-117.49201"
"04/30/2024","AQS","060712002","1","0.06","ppm","67","Fontana","26","153.0000","44201","Ozone","014","40140","Riverside-San Bernardino-Ontario, CA","06","California","071","San Bernardino","34.10002","-117.49201"
"05/01/2024","AQS","060712002","1","0.06","ppm","67","Fontana","34","200.0000","44201","Ozone","014","40140","Riverside-San Bernardino-Ontario, CA","06","California","071","San Bernardino","34.10002","-117.49201"
"05/02/2024","AQS","060712002","1","0.059","ppm","64","Fontana","34","200.0000","44201","Ozone","014","40140","Riverside-San Bernardino-Ontario, CA","06","California","071","San Bernardino","34.10002","-117.49201"
"05/03/2024","AQS","060712002","1","0.057","ppm","58","Fontana","34","200.0000","44201","Ozone","014","40140","Riverside-San Bernardino-Ontario, CA","06","California","071","San Bernardino","34.10002","-117.49201"
"05/04/2024","AQS","060712002","1","0.046","ppm","43","Fontana","34","200.0000","44201","Ozone","014","40140","Riverside-San Bernardino-Ontario, CA","06","California","071","San Bernardino","34.10002","-117.49201"
"05/05/2024","AQS","060712002","1","0.048","ppm","44","Fontana","34","200.0000","44201","Ozone","014","40140","Riverside-San Bernardino-Ontario, CA","06","California","071","San Bernardino","34.10002","-117.49201"
"05/06/2024","AQS","060712002","1","0.049","ppm","45","Fontana","34","200.0000","44201","Ozone","014","40140","Riverside-San Bernardino-Ontario, CA","06","California","071","San Bernardino","34.10002","-117.49201"
"05/07/2024","AQS","060712002","1","0.06","ppm","67","Fontana","34","200.0000","44201","Ozone","014","40140","Riverside-San Bernardino-Ontario, CA","06","California","071","San Bernardino","34.10002","-117.49201"
"05/08/2024","AQS","060712002","1","0.06","ppm","67","Fontana","20","118.0000","44201","Ozone","014","40140","Riverside-San Bernardino-Ontario, CA","06","California","071","San Bernardino","34.10002","-117.49201"
"05/09/2024","AQS","060712002","1","0.056","ppm","54","Fontana","34","200.0000","44201","Ozone","014","40140","Riverside-San Bernardino-Ontario, CA","06","California","071","San Bernardino","34.10002","-117.49201"
"05/10/2024","AQS","060712002","1","0.063","ppm","77","Fontana","34","200.0000","44201","Ozone","014","40140","Riverside-San Bernardino-Ontario, CA","06","California","071","San Bernardino","34.10002","-117.49201"
"05/11/2024","AQS","060712002","1","0.069","ppm","97","Fontana","34","200.0000","44201","Ozone","014","40140","Riverside-San Bernardino-Ontario, CA","06","California","071","San Bernardino","34.10002","-117.49201"
"05/12/2024","AQS","060712002","1","0.068","ppm","93","Fontana","34","200.0000","44201","Ozone","014","40140","Riverside-San Bernardino-Ontario, CA","06","California","071","San Bernardino","34.10002","-117.49201"
"05/13/2024","AQS","060712002","1","0.055","ppm","51","Fontana","34","200.0000","44201","Ozone","014","40140","Riverside-San Bernardino-Ontario, CA","06","California","071","San Bernardino","34.10002","-117.49201"
"05/14/2024","AQS","060712002","1","0.05","ppm","46","Fontana","34","200.0000","44201","Ozone","014","40140","Riverside-San Bernardino-Ontario, CA","06","California","071","San Bernardino","34.10002","-117.49201"
"05/15/2024","AQS","060712002","1","0.042","ppm","39","Fontana","34","200.0000","44201","Ozone","014","40140","Riverside-San Bernardino-Ontario, CA","06","California","071","San Bernardino","34.10002","-117.49201"
"05/16/2024","AQS","060712002","1","0.042","ppm","39","Fontana","34","200.0000","44201","Ozone","014","40140","Riverside-San Bernardino-Ontario, CA","06","California","071","San Bernardino","34.10002","-117.49201"
"05/17/2024","AQS","060712002","1","0.047","ppm","44","Fontana","34","200.0000","44201","Ozone","014","40140","Riverside-San Bernardino-Ontario, CA","06","California","071","San Bernardino","34.10002","-117.49201"
"05/18/2024","AQS","060712002","1","0.046","ppm","43","Fontana","20","118.0000","44201","Ozone","014","40140","Riverside-San Bernardino-Ontario, CA","06","California","071","San Bernardino","34.10002","-117.49201"
"05/19/2024","AQS","060712002","1","0.061","ppm","71","Fontana","34","200.0000","44201","Ozone","014","40140","Riverside-San Bernardino-Ontario, CA","06","California","071","San Bernardino","34.10002","-117.49201"
"05/20/2024","AQS","060712002","1","0.048","ppm","44","Fontana","34","200.0000","44201","Ozone","014","40140","Riverside-San Bernardino-Ontario, CA","06","California","071","San Bernardino","34.10002","-117.49201"
"05/21/2024","AQS","060712002","1","0.057","ppm","58","Fontana","34","200.0000","44201","Ozone","014","40140","Riverside-San Bernardino-Ontario, CA","06","California","071","San Bernardino","34.10002","-117.49201"
"05/22/2024","AQS","060712002","1","0.056","ppm","54","Fontana","34","200.0000","44201","Ozone","014","40140","Riverside-San Bernardino-Ontario, CA","06","California","071","San Bernardino","34.10002","-117.49201"
"05/23/2024","AQS","060712002","1","0.049","ppm","45","Fontana","34","200.0000","44201","Ozone","014","40140","Riverside-San Bernardino-Ontario, CA","06","California","071","San Bernardino","34.10002","-117.49201"
"05/24/2024","AQS","060712002","1","0.042","ppm","39","Fontana","34","200.0000","44201","Ozone","014","40140","Riverside-San Bernardino-Ontario, CA","06","California","071","San Bernardino","34.10002","-117.49201"
"05/25/2024","AQS","060712002","1","0.046","ppm","43","Fontana","34","200.0000","44201","Ozone","014","40140","Riverside-San Bernardino-Ontario, CA","06","California","071","San Bernardino","34.10002","-117.49201"
"05/26/2024","AQS","060712002","1","0.049","ppm","45","Fontana","34","200.0000","44201","Ozone","014","40140","Riverside-San Bernardino-Ontario, CA","06","California","071","San Bernardino","34.10002","-117.49201"
"05/27/2024","AQS","060712002","1","0.06","ppm","67","Fontana","34","200.0000","44201","Ozone","014","40140","Riverside-San Bernardino-Ontario, CA","06","California","071","San Bernardino","34.10002","-117.49201"
"05/28/2024","AQS","060712002","1","0.062","ppm","74","Fontana","34","200.0000","44201","Ozone","014","40140","Riverside-San Bernardino-Ontario, CA","06","California","071","San Bernardino","34.10002","-117.49201"
"05/29/2024","AQS","060712002","1","0.061","ppm","71","Fontana","34","200.0000","44201","Ozone","014","40140","Riverside-San Bernardino-Ontario, CA","06","California","071","San Bernardino","34.10002","-117.49201"
"05/30/2024","AQS","060712002","1","0.068","ppm","93","Fontana","34","200.0000","44201","Ozone","014","40140","Riverside-San Bernardino-Ontario, CA","06","California","071","San Bernardino","34.10002","-117.49201"
"05/31/2024","AQS","060712002","1","0.067","ppm","90","Fontana","34","200.0000","44201","Ozone","014","40140","Riverside-San Bernardino-Ontario, CA","06","California","071","San Bernardino","34.10002","-117.49201"
"06/01/2024","AQS","060712002","1","0.065","ppm","84","Fontana","34","200.0000","44201","Ozone","014","40140","Riverside-San Bernardino-Ontario, CA","06","California","071","San Bernardino","34.10002","-117.49201"
"06/02/2024","AQS","060712002","1","0.048","ppm","44","Fontana","34","200.0000","44201","Ozone","014","40140","Riverside-San Bernardino-Ontario, CA","06","California","071","San Bernardino","34.10002","-117.49201"
"06/03/2024","AQS","060712002","1","0.051","ppm","47","Fontana","34","200.0000","44201","Ozone","014","40140","Riverside-San Bernardino-Ontario, CA","06","California","071","San Bernardino","34.10002","-117.49201"
"06/04/2024","AQS","060712002","1","0.076","ppm","119","Fontana","34","200.0000","44201","Ozone","014","40140","Riverside-San Bernardino-Ontario, CA","06","California","071","San Bernardino","34.10002","-117.49201"
"06/05/2024","AQS","060712002","1","0.08","ppm","133","Fontana","34","200.0000","44201","Ozone","014","40140","Riverside-San Bernardino-Ontario, CA","06","California","071","San Bernardino","34.10002","-117.49201"
"06/06/2024","AQS","060712002","1","0.089","ppm","159","Fontana","34","200.0000","44201","Ozone","014","40140","Riverside-San Bernardino-Ontario, CA","06","California","071","San Bernardino","34.10002","-117.49201"
"06/07/2024","AQS","060712002","1","0.059","ppm","64","Fontana","34","200.0000","44201","Ozone","014","40140","Riverside-San Bernardino-Ontario, CA","06","California","071","San Bernardino","34.10002","-117.49201"
"06/08/2024","AQS","060712002","1","0.052","ppm","48","Fontana","34","200.0000","44201","Ozone","014","40140","Riverside-San Bernardino-Ontario, CA","06","California","071","San Bernardino","34.10002","-117.49201"
"06/09/2024","AQS","060712002","1","0.05","ppm","46","Fontana","34","200.0000","44201","Ozone","014","40140","Riverside-San Bernardino-Ontario, CA","06","California","071","San Bernardino","34.10002","-117.49201"
"06/10/2024","AQS","060712002","1","0.068","ppm","93","Fontana","34","200.0000","44201","Ozone","014","40140","Riverside-San Bernardino-Ontario, CA","06","California","071","San Bernardino","34.10002","-117.49201"
"06/11/2024","AQS","060712002","1","0.069","ppm","97","Fontana","34","200.0000","44201","Ozone","014","40140","Riverside-San Bernardino-Ontario, CA","06","California","071","San Bernardino","34.10002","-117.49201"
"06/12/2024","AQS","060712002","1","0.072","ppm","105","Fontana","34","200.0000","44201","Ozone","014","40140","Riverside-San Bernardino-Ontario, CA","06","California","071","San Bernardino","34.10002","-117.49201"
"06/13/2024","AQS","060712002","1","0.067","ppm","90","Fontana","34","200.0000","44201","Ozone","014","40140","Riverside-San Bernardino-Ontario, CA","06","California","071","San Bernardino","34.10002","-117.49201"
"06/14/2024","AQS","060712002","1","0.089","ppm","159","Fontana","34","200.0000","44201","Ozone","014","40140","Riverside-San Bernardino-Ontario, CA","06","California","071","San Bernardino","34.10002","-117.49201"
"06/15/2024","AQS","060712002","1","0.097","ppm","179","Fontana","34","200.0000","44201","Ozone","014","40140","Riverside-San Bernardino-Ontario, CA","06","California","071","San Bernardino","34.10002","-117.49201"
"06/16/2024","AQS","060712002","1","0.069","ppm","97","Fontana","34","200.0000","44201","Ozone","014","40140","Riverside-San Bernardino-Ontario, CA","06","California","071","San Bernardino","34.10002","-117.49201"
"06/17/2024","AQS","060712002","1","0.058","ppm","61","Fontana","34","200.0000","44201","Ozone","014","40140","Riverside-San Bernardino-Ontario, CA","06","California","071","San Bernardino","34.10002","-117.49201"
"06/18/2024","AQS","060712002","1","0.063","ppm","77","Fontana","34","200.0000","44201","Ozone","014","40140","Riverside-San Bernardino-Ontario, CA","06","California","071","San Bernardino","34.10002","-117.49201"
"06/19/2024","AQS","060712002","1","0.071","ppm","101","Fontana","34","200.0000","44201","Ozone","014","40140","Riverside-San Bernardino-Ontario, CA","06","California","071","San Bernardino","34.10002","-117.49201"
"06/20/2024","AQS","060712002","1","0.082","ppm","140","Fontana","34","200.0000","44201","Ozone","014","40140","Riverside-San Bernardino-Ontario, CA","06","California","071","San Bernardino","34.10002","-117.49201"
"06/21/2024","AQS","060712002","1","0.091","ppm","164","Fontana","34","200.0000","44201","Ozone","014","40140","Riverside-San Bernardino-Ontario, CA","06","California","071","San Bernardino","34.10002","-117.49201"
"06/22/2024","AQS","060712002","1","0.091","ppm","164","Fontana","34","200.0000","44201","Ozone","014","40140","Riverside-San Bernardino-Ontario, CA","06","California","071","San Bernardino","34.10002","-117.49201"
"06/23/2024","AQS","060712002","1","0.086","ppm","151","Fontana","34","200.0000","44201","Ozone","014","40140","Riverside-San Bernardino-Ontario, CA","06","California","071","San Bernardino","34.10002","-117.49201"
"06/24/2024","AQS","060712002","1","0.082","ppm","140","Fontana","34","200.0000","44201","Ozone","014","40140","Riverside-San Bernardino-Ontario, CA","06","California","071","San Bernardino","34.10002","-117.49201"
"06/25/2024","AQS","060712002","1","0.07","ppm","100","Fontana","34","200.0000","44201","Ozone","014","40140","Riverside-San Bernardino-Ontario, CA","06","California","071","San Bernardino","34.10002","-117.49201"
"06/26/2024","AQS","060712002","1","0.073","ppm","108","Fontana","34","200.0000","44201","Ozone","014","40140","Riverside-San Bernardino-Ontario, CA","06","California","071","San Bernardino","34.10002","-117.49201"
"06/27/2024","AQS","060712002","1","0.077","ppm","122","Fontana","34","200.0000","44201","Ozone","014","40140","Riverside-San Bernardino-Ontario, CA","06","California","071","San Bernardino","34.10002","-117.49201"
"06/28/2024","AQS","060712002","1","0.066","ppm","87","Fontana","34","200.0000","44201","Ozone","014","40140","Riverside-San Bernardino-Ontario, CA","06","California","071","San Bernardino","34.10002","-117.49201"
"06/29/2024","AQS","060712002","1","0.078","ppm","126","Fontana","34","200.0000","44201","Ozone","014","40140","Riverside-San Bernardino-Ontario, CA","06","California","071","San Bernardino","34.10002","-117.49201"
"06/30/2024","AQS","060712002","1","0.091","ppm","164","Fontana","34","200.0000","44201","Ozone","014","40140","Riverside-San Bernardino-Ontario, CA","06","California","071","San Bernardino","34.10002","-117.49201"
"07/01/2024","AQS","060712002","1","0.08","ppm","133","Fontana","17","100.0000","44201","Ozone","087","40140","Riverside-San Bernardino-Ontario, CA","06","California","071","San Bernardino","34.10002","-117.49201"
"07/02/2024","AQS","060712002","1","0.09","ppm","161","Fontana","17","100.0000","44201","Ozone","087","40140","Riverside-San Bernardino-Ontario, CA","06","California","071","San Bernardino","34.10002","-117.49201"
"07/03/2024","AQS","060712002","1","0.11","ppm","205","Fontana","15","88.0000","44201","Ozone","087","40140","Riverside-San Bernardino-Ontario, CA","06","California","071","San Bernardino","34.10002","-117.49201"
"07/04/2024","AQS","060712002","1","0.093","ppm","169","Fontana","17","100.0000","44201","Ozone","087","40140","Riverside-San Bernardino-Ontario, CA","06","California","071","San Bernardino","34.10002","-117.49201"
"07/05/2024","AQS","060712002","1","0.111","ppm","206","Fontana","17","100.0000","44201","Ozone","087","40140","Riverside-San Bernardino-Ontario, CA","06","California","071","San Bernardino","34.10002","-117.49201"
"07/06/2024","AQS","060712002","1","0.076","ppm","119","Fontana","17","100.0000","44201","Ozone","087","40140","Riverside-San Bernardino-Ontario, CA","06","California","071","San Bernardino","34.10002","-117.49201"
"07/07/2024","AQS","060712002","1","0.068","ppm","93","Fontana","17","100.0000","44201","Ozone","087","40140","Riverside-San Bernardino-Ontario, CA","06","California","071","San Bernardino","34.10002","-117.49201"
"07/08/2024","AQS","060712002","1","0.095","ppm","174","Fontana","17","100.0000","44201","Ozone","087","40140","Riverside-San Bernardino-Ontario, CA","06","California","071","San Bernardino","34.10002","-117.49201"
"07/09/2024","AQS","060712002","1","0.102","ppm","192","Fontana","12","71.0000","44201","Ozone","087","40140","Riverside-San Bernardino-Ontario, CA","06","California","071","San Bernardino","34.10002","-117.49201"
"07/10/2024","AQS","060712002","1","0.117","ppm","213","Fontana","14","82.0000","44201","Ozone","087","40140","Riverside-San Bernardino-Ontario, CA","06","California","071","San Bernardino","34.10002","-117.49201"
"07/11/2024","AQS","060712002","1","0.109","ppm","204","Fontana","13","76.0000","44201","Ozone","087","40140","Riverside-San Bernardino-Ontario, CA","06","California","071","San Bernardino","34.10002","-117.49201"
"07/12/2024","AQS","060712002","1","0.078","ppm","126","Fontana","17","100.0000","44201","Ozone","087","40140","Riverside-San Bernardino-Ontario, CA","06","California","071","San Bernardino","34.10002","-117.49201"
"07/13/2024","AQS","060712002","1","0.081","ppm","136","Fontana","17","100.0000","44201","Ozone","087","40140","Riverside-San Bernardino-Ontario, CA","06","California","071","San Bernardino","34.10002","-117.49201"
"07/14/2024","AQS","060712002","1","0.08","ppm","133","Fontana","17","100.0000","44201","Ozone","087","40140","Riverside-San Bernardino-Ontario, CA","06","California","071","San Bernardino","34.10002","-117.49201"
"07/15/2024","AQS","060712002","1","0.084","ppm","147","Fontana","17","100.0000","44201","Ozone","087","40140","Riverside-San Bernardino-Ontario, CA","06","California","071","San Bernardino","34.10002","-117.49201"
"07/16/2024","AQS","060712002","1","0.078","ppm","126","Fontana","17","100.0000","44201","Ozone","087","40140","Riverside-San Bernardino-Ontario, CA","06","California","071","San Bernardino","34.10002","-117.49201"
"07/17/2024","AQS","060712002","1","0.088","ppm","156","Fontana","17","100.0000","44201","Ozone","087","40140","Riverside-San Bernardino-Ontario, CA","06","California","071","San Bernardino","34.10002","-117.49201"
"07/18/2024","AQS","060712002","1","0.094","ppm","172","Fontana","17","100.0000","44201","Ozone","087","40140","Riverside-San Bernardino-Ontario, CA","06","California","071","San Bernardino","34.10002","-117.49201"
"07/19/2024","AQS","060712002","1","0.109","ppm","204","Fontana","17","100.0000","44201","Ozone","087","40140","Riverside-San Bernardino-Ontario, CA","06","California","071","San Bernardino","34.10002","-117.49201"
"07/20/2024","AQS","060712002","1","0.096","ppm","177","Fontana","17","100.0000","44201","Ozone","087","40140","Riverside-San Bernardino-Ontario, CA","06","California","071","San Bernardino","34.10002","-117.49201"
"07/21/2024","AQS","060712002","1","0.081","ppm","136","Fontana","17","100.0000","44201","Ozone","087","40140","Riverside-San Bernardino-Ontario, CA","06","California","071","San Bernardino","34.10002","-117.49201"
"07/22/2024","AQS","060712002","1","0.096","ppm","177","Fontana","17","100.0000","44201","Ozone","087","40140","Riverside-San Bernardino-Ontario, CA","06","California","071","San Bernardino","34.10002","-117.49201"
"07/23/2024","AQS","060712002","1","0.101","ppm","190","Fontana","17","100.0000","44201","Ozone","087","40140","Riverside-San Bernardino-Ontario, CA","06","California","071","San Bernardino","34.10002","-117.49201"
"07/24/2024","AQS","060712002","1","0.103","ppm","195","Fontana","17","100.0000","44201","Ozone","087","40140","Riverside-San Bernardino-Ontario, CA","06","California","071","San Bernardino","34.10002","-117.49201"
"07/25/2024","AQS","060712002","1","0.105","ppm","200","Fontana","17","100.0000","44201","Ozone","087","40140","Riverside-San Bernardino-Ontario, CA","06","California","071","San Bernardino","34.10002","-117.49201"
"07/26/2024","AQS","060712002","1","0.064","ppm","80","Fontana","17","100.0000","44201","Ozone","087","40140","Riverside-San Bernardino-Ontario, CA","06","California","071","San Bernardino","34.10002","-117.49201"
"07/27/2024","AQS","060712002","1","0.066","ppm","87","Fontana","17","100.0000","44201","Ozone","087","40140","Riverside-San Bernardino-Ontario, CA","06","California","071","San Bernardino","34.10002","-117.49201"
"07/28/2024","AQS","060712002","1","0.059","ppm","64","Fontana","17","100.0000","44201","Ozone","087","40140","Riverside-San Bernardino-Ontario, CA","06","California","071","San Bernardino","34.10002","-117.49201"
"07/29/2024","AQS","060712002","1","0.077","ppm","122","Fontana","17","100.0000","44201","Ozone","087","40140","Riverside-San Bernardino-Ontario, CA","06","California","071","San Bernardino","34.10002","-117.49201"
"07/30/2024","AQS","060712002","1","0.08","ppm","133","Fontana","17","100.0000","44201","Ozone","087","40140","Riverside-San Bernardino-Ontario, CA","06","California","071","San Bernardino","34.10002","-117.49201"
"07/31/2024","AQS","060712002","1","0.092","ppm","166","Fontana","17","100.0000","44201","Ozone","087","40140","Riverside-San Bernardino-Ontario, CA","06","California","071","San Bernardino","34.10002","-117.49201"
"08/01/2024","AQS","060712002","1","0.075","ppm","115","Fontana","15","88.0000","44201","Ozone","087","40140","Riverside-San Bernardino-Ontario, CA","06","California","071","San Bernardino","34.10002","-117.49201"
"08/02/2024","AQS","060712002","1","0.103","ppm","195","Fontana","17","100.0000","44201","Ozone","087","40140","Riverside-San Bernardino-Ontario, CA","06","California","071","San Bernardino","34.10002","-117.49201"
"08/03/2024","AQS","060712002","1","0.092","ppm","166","Fontana","17","100.0000","44201","Ozone","087","40140","Riverside-San Bernardino-Ontario, CA","06","California","071","San Bernardino","34.10002","-117.49201"
"08/04/2024","AQS","060712002","1","0.084","ppm","147","Fontana","17","100.0000","44201","Ozone","087","40140","Riverside-San Bernardino-Ontario, CA","06","California","071","San Bernardino","34.10002","-117.49201"
"08/05/2024","AQS","060712002","1","0.094","ppm","172","Fontana","17","100.0000","44201","Ozone","087","40140","Riverside-San Bernardino-Ontario, CA","06","California","071","San Bernardino","34.10002","-117.49201"
"08/06/2024","AQS","060712002","1","0.087","ppm","154","Fontana","17","100.0000","44201","Ozone","087","40140","Riverside-San Bernardino-Ontario, CA","06","California","071","San Bernardino","34.10002","-117.49201"
"08/07/2024","AQS","060712002","1","0.064","ppm","80","Fontana","17","100.0000","44201","Ozone","087","40140","Riverside-San Bernardino-Ontario, CA","06","California","071","San Bernardino","34.10002","-117.49201"
"08/08/2024","AQS","060712002","1","0.068","ppm","93","Fontana","17","100.0000","44201","Ozone","087","40140","Riverside-San Bernardino-Ontario, CA","06","California","071","San Bernardino","34.10002","-117.49201"
"08/09/2024","AQS","060712002","1","0.095","ppm","174","Fontana","17","100.0000","44201","Ozone","087","40140","Riverside-San Bernardino-Ontario, CA","06","California","071","San Bernardino","34.10002","-117.49201"
"08/10/2024","AQS","060712002","1","0.099","ppm","185","Fontana","17","100.0000","44201","Ozone","087","40140","Riverside-San Bernardino-Ontario, CA","06","California","071","San Bernardino","34.10002","-117.49201"
"08/11/2024","AQS","060712002","1","0.068","ppm","93","Fontana","17","100.0000","44201","Ozone","087","40140","Riverside-San Bernardino-Ontario, CA","06","California","071","San Bernardino","34.10002","-117.49201"
"08/12/2024","AQS","060712002","1","0.053","ppm","49","Fontana","17","100.0000","44201","Ozone","087","40140","Riverside-San Bernardino-Ontario, CA","06","California","071","San Bernardino","34.10002","-117.49201"
"08/13/2024","AQS","060712002","1","0.065","ppm","84","Fontana","15","88.0000","44201","Ozone","087","40140","Riverside-San Bernardino-Ontario, CA","06","California","071","San Bernardino","34.10002","-117.49201"
"08/14/2024","AQS","060712002","1","0.075","ppm","115","Fontana","15","88.0000","44201","Ozone","087","40140","Riverside-San Bernardino-Ontario, CA","06","California","071","San Bernardino","34.10002","-117.49201"
"08/15/2024","AQS","060712002","1","0.081","ppm","136","Fontana","17","100.0000","44201","Ozone","087","40140","Riverside-San Bernardino-Ontario, CA","06","California","071","San Bernardino","34.10002","-117.49201"
"08/16/2024","AQS","060712002","1","0.084","ppm","147","Fontana","17","100.0000","44201","Ozone","087","40140","Riverside-San Bernardino-Ontario, CA","06","California","071","San Bernardino","34.10002","-117.49201"
"08/17/2024","AQS","060712002","1","0.063","ppm","77","Fontana","17","100.0000","44201","Ozone","087","40140","Riverside-San Bernardino-Ontario, CA","06","California","071","San Bernardino","34.10002","-117.49201"
"08/18/2024","AQS","060712002","1","0.074","ppm","112","Fontana","17","100.0000","44201","Ozone","087","40140","Riverside-San Bernardino-Ontario, CA","06","California","071","San Bernardino","34.10002","-117.49201"
"08/19/2024","AQS","060712002","1","0.091","ppm","164","Fontana","17","100.0000","44201","Ozone","087","40140","Riverside-San Bernardino-Ontario, CA","06","California","071","San Bernardino","34.10002","-117.49201"
"08/20/2024","AQS","060712002","1","0.087","ppm","154","Fontana","17","100.0000","44201","Ozone","087","40140","Riverside-San Bernardino-Ontario, CA","06","California","071","San Bernardino","34.10002","-117.49201"
"08/21/2024","AQS","060712002","1","0.083","ppm","143","Fontana","16","94.0000","44201","Ozone","087","40140","Riverside-San Bernardino-Ontario, CA","06","California","071","San Bernardino","34.10002","-117.49201"
"08/22/2024","AQS","060712002","1","0.064","ppm","80","Fontana","15","88.0000","44201","Ozone","087","40140","Riverside-San Bernardino-Ontario, CA","06","California","071","San Bernardino","34.10002","-117.49201"
"08/23/2024","AQS","060712002","1","0.053","ppm","49","Fontana","17","100.0000","44201","Ozone","087","40140","Riverside-San Bernardino-Ontario, CA","06","California","071","San Bernardino","34.10002","-117.49201"
"08/24/2024","AQS","060712002","1","0.054","ppm","50","Fontana","17","100.0000","44201","Ozone","087","40140","Riverside-San Bernardino-Ontario, CA","06","California","071","San Bernardino","34.10002","-117.49201"
"08/25/2024","AQS","060712002","1","0.065","ppm","84","Fontana","17","100.0000","44201","Ozone","087","40140","Riverside-San Bernardino-Ontario, CA","06","California","071","San Bernardino","34.10002","-117.49201"
"08/26/2024","AQS","060712002","1","0.079","ppm","129","Fontana","17","100.0000","44201","Ozone","087","40140","Riverside-San Bernardino-Ontario, CA","06","California","071","San Bernardino","34.10002","-117.49201"
"08/27/2024","AQS","060712002","1","0.089","ppm","159","Fontana","17","100.0000","44201","Ozone","087","40140","Riverside-San Bernardino-Ontario, CA","06","California","071","San Bernardino","34.10002","-117.49201"
"08/28/2024","AQS","060712002","1","0.078","ppm","126","Fontana","17","100.0000","44201","Ozone","087","40140","Riverside-San Bernardino-Ontario, CA","06","California","071","San Bernardino","34.10002","-117.49201"
"08/29/2024","AQS","060712002","1","0.08","ppm","133","Fontana","17","100.0000","44201","Ozone","087","40140","Riverside-San Bernardino-Ontario, CA","06","California","071","San Bernardino","34.10002","-117.49201"
"08/31/2024","AQS","060712002","1","0.105","ppm","200","Fontana","17","100.0000","44201","Ozone","087","40140","Riverside-San Bernardino-Ontario, CA","06","California","071","San Bernardino","34.10002","-117.49201"
"09/01/2024","AQS","060712002","1","0.093","ppm","169","Fontana","17","100.0000","44201","Ozone","087","40140","Riverside-San Bernardino-Ontario, CA","06","California","071","San Bernardino","34.10002","-117.49201"
"09/02/2024","AQS","060712002","1","0.094","ppm","172","Fontana","17","100.0000","44201","Ozone","087","40140","Riverside-San Bernardino-Ontario, CA","06","California","071","San Bernardino","34.10002","-117.49201"
"09/03/2024","AQS","060712002","1","0.083","ppm","143","Fontana","13","76.0000","44201","Ozone","087","40140","Riverside-San Bernardino-Ontario, CA","06","California","071","San Bernardino","34.10002","-117.49201"
"09/04/2024","AQS","060712002","1","0.075","ppm","115","Fontana","17","100.0000","44201","Ozone","087","40140","Riverside-San Bernardino-Ontario, CA","06","California","071","San Bernardino","34.10002","-117.49201"
"09/05/2024","AQS","060712002","1","0.08","ppm","133","Fontana","17","100.0000","44201","Ozone","087","40140","Riverside-San Bernardino-Ontario, CA","06","California","071","San Bernardino","34.10002","-117.49201"
"09/06/2024","AQS","060712002","1","0.083","ppm","143","Fontana","17","100.0000","44201","Ozone","087","40140","Riverside-San Bernardino-Ontario, CA","06","California","071","San Bernardino","34.10002","-117.49201"
"09/07/2024","AQS","060712002","1","0.092","ppm","166","Fontana","17","100.0000","44201","Ozone","087","40140","Riverside-San Bernardino-Ontario, CA","06","California","071","San Bernardino","34.10002","-117.49201"
"09/08/2024","AQS","060712002","1","0.073","ppm","108","Fontana","17","100.0000","44201","Ozone","087","40140","Riverside-San Bernardino-Ontario, CA","06","California","071","San Bernardino","34.10002","-117.49201"
"09/09/2024","AQS","060712002","1","0.09","ppm","161","Fontana","17","100.0000","44201","Ozone","087","40140","Riverside-San Bernardino-Ontario, CA","06","California","071","San Bernardino","34.10002","-117.49201"
"09/10/2024","AQS","060712002","1","0.069","ppm","97","Fontana","17","100.0000","44201","Ozone","087","40140","Riverside-San Bernardino-Ontario, CA","06","California","071","San Bernardino","34.10002","-117.49201"
"09/11/2024","AQS","060712002","1","0.058","ppm","61","Fontana","17","100.0000","44201","Ozone","087","40140","Riverside-San Bernardino-Ontario, CA","06","California","071","San Bernardino","34.10002","-117.49201"
"09/12/2024","AQS","060712002","1","0.055","ppm","51","Fontana","17","100.0000","44201","Ozone","087","40140","Riverside-San Bernardino-Ontario, CA","06","California","071","San Bernardino","34.10002","-117.49201"
"09/13/2024","AQS","060712002","1","0.063","ppm","77","Fontana","17","100.0000","44201","Ozone","087","40140","Riverside-San Bernardino-Ontario, CA","06","California","071","San Bernardino","34.10002","-117.49201"
"09/14/2024","AQS","060712002","1","0.072","ppm","105","Fontana","17","100.0000","44201","Ozone","087","40140","Riverside-San Bernardino-Ontario, CA","06","California","071","San Bernardino","34.10002","-117.49201"
"09/15/2024","AQS","060712002","1","0.06","ppm","67","Fontana","17","100.0000","44201","Ozone","087","40140","Riverside-San Bernardino-Ontario, CA","06","California","071","San Bernardino","34.10002","-117.49201"
"09/16/2024","AQS","060712002","1","0.046","ppm","43","Fontana","17","100.0000","44201","Ozone","087","40140","Riverside-San Bernardino-Ontario, CA","06","California","071","San Bernardino","34.10002","-117.49201"
"09/17/2024","AQS","060712002","1","0.048","ppm","44","Fontana","17","100.0000","44201","Ozone","087","40140","Riverside-San Bernardino-Ontario, CA","06","California","071","San Bernardino","34.10002","-117.49201"
"09/18/2024","AQS","060712002","1","0.058","ppm","61","Fontana","17","100.0000","44201","Ozone","087","40140","Riverside-San Bernardino-Ontario, CA","06","California","071","San Bernardino","34.10002","-117.49201"
"09/19/2024","AQS","060712002","1","0.049","ppm","45","Fontana","17","100.0000","44201","Ozone","087","40140","Riverside-San Bernardino-Ontario, CA","06","California","071","San Bernardino","34.10002","-117.49201"
"09/20/2024","AQS","060712002","1","0.048","ppm","44","Fontana","17","100.0000","44201","Ozone","087","40140","Riverside-San Bernardino-Ontario, CA","06","California","071","San Bernardino","34.10002","-117.49201"
"09/21/2024","AQS","060712002","1","0.064","ppm","80","Fontana","17","100.0000","44201","Ozone","087","40140","Riverside-San Bernardino-Ontario, CA","06","California","071","San Bernardino","34.10002","-117.49201"
"09/22/2024","AQS","060712002","1","0.081","ppm","136","Fontana","17","100.0000","44201","Ozone","087","40140","Riverside-San Bernardino-Ontario, CA","06","California","071","San Bernardino","34.10002","-117.49201"
"09/23/2024","AQS","060712002","1","0.076","ppm","119","Fontana","17","100.0000","44201","Ozone","087","40140","Riverside-San Bernardino-Ontario, CA","06","California","071","San Bernardino","34.10002","-117.49201"
"09/24/2024","AQS","060712002","1","0.07","ppm","100","Fontana","17","100.0000","44201","Ozone","087","40140","Riverside-San Bernardino-Ontario, CA","06","California","071","San Bernardino","34.10002","-117.49201"
"09/25/2024","AQS","060712002","1","0.07","ppm","100","Fontana","17","100.0000","44201","Ozone","087","40140","Riverside-San Bernardino-Ontario, CA","06","California","071","San Bernardino","34.10002","-117.49201"
"09/26/2024","AQS","060712002","1","0.071","ppm","101","Fontana","17","100.0000","44201","Ozone","087","40140","Riverside-San Bernardino-Ontario, CA","06","California","071","San Bernardino","34.10002","-117.49201"
"09/27/2024","AQS","060712002","1","0.071","ppm","101","Fontana","17","100.0000","44201","Ozone","087","40140","Riverside-San Bernardino-Ontario, CA","06","California","071","San Bernardino","34.10002","-117.49201"
"09/28/2024","AQS","060712002","1","0.08","ppm","133","Fontana","17","100.0000","44201","Ozone","087","40140","Riverside-San Bernardino-Ontario, CA","06","California","071","San Bernardino","34.10002","-117.49201"
"09/29/2024","AQS","060712002","1","0.076","ppm","119","Fontana","17","100.0000","44201","Ozone","087","40140","Riverside-San Bernardino-Ontario, CA","06","California","071","San Bernardino","34.10002","-117.49201"
"09/30/2024","AQS","060712002","1","0.08","ppm","133","Fontana","17","100.0000","44201","Ozone","087","40140","Riverside-San Bernardino-Ontario, CA","06","California","071","San Bernardino","34.10002","-117.49201"
"10/01/2024","AQS","060712002","1","0.085","ppm","150","Fontana","17","100.0000","44201","Ozone","087","40140","Riverside-San Bernardino-Ontario, CA","06","California","071","San Bernardino","34.10002","-117.49201"
"10/02/2024","AQS","060712002","1","0.089","ppm","159","Fontana","17","100.0000","44201","Ozone","087","40140","Riverside-San Bernardino-Ontario, CA","06","California","071","San Bernardino","34.10002","-117.49201"
"10/03/2024","AQS","060712002","1","0.098","ppm","182","Fontana","17","100.0000","44201","Ozone","087","40140","Riverside-San Bernardino-Ontario, CA","06","California","071","San Bernardino","34.10002","-117.49201"
"10/04/2024","AQS","060712002","1","0.084","ppm","147","Fontana","17","100.0000","44201","Ozone","087","40140","Riverside-San Bernardino-Ontario, CA","06","California","071","San Bernardino","34.10002","-117.49201"
"10/05/2024","AQS","060712002","1","0.099","ppm","185","Fontana","17","100.0000","44201","Ozone","087","40140","Riverside-San Bernardino-Ontario, CA","06","California","071","San Bernardino","34.10002","-117.49201"
"10/06/2024","AQS","060712002","1","0.088","ppm","156","Fontana","17","100.0000","44201","Ozone","087","40140","Riverside-San Bernardino-Ontario, CA","06","California","071","San Bernardino","34.10002","-117.49201"
"10/07/2024","AQS","060712002","1","0.077","ppm","122","Fontana","17","100.0000","44201","Ozone","087","40140","Riverside-San Bernardino-Ontario, CA","06","California","071","San Bernardino","34.10002","-117.49201"
"10/08/2024","AQS","060712002","1","0.074","ppm","112","Fontana","17","100.0000","44201","Ozone","087","40140","Riverside-San Bernardino-Ontario, CA","06","California","071","San Bernardino","34.10002","-117.49201"
"10/09/2024","AQS","060712002","1","0.065","ppm","84","Fontana","17","100.0000","44201","Ozone","087","40140","Riverside-San Bernardino-Ontario, CA","06","California","071","San Bernardino","34.10002","-117.49201"
"10/10/2024","AQS","060712002","1","0.062","ppm","74","Fontana","17","100.0000","44201","Ozone","087","40140","Riverside-San Bernardino-Ontario, CA","06","California","071","San Bernardino","34.10002","-117.49201"
"10/11/2024","AQS","060712002","1","0.064","ppm","80","Fontana","17","100.0000","44201","Ozone","087","40140","Riverside-San Bernardino-Ontario, CA","06","California","071","San Bernardino","34.10002","-117.49201"
"10/12/2024","AQS","060712002","1","0.064","ppm","80","Fontana","17","100.0000","44201","Ozone","087","40140","Riverside-San Bernardino-Ontario, CA","06","California","071","San Bernardino","34.10002","-117.49201"
"10/13/2024","AQS","060712002","1","0.059","ppm","64","Fontana","17","100.0000","44201","Ozone","087","40140","Riverside-San Bernardino-Ontario, CA","06","California","071","San Bernardino","34.10002","-117.49201"
"10/14/2024","AQS","060712002","1","0.047","ppm","44","Fontana","17","100.0000","44201","Ozone","087","40140","Riverside-San Bernardino-Ontario, CA","06","California","071","San Bernardino","34.10002","-117.49201"
"10/15/2024","AQS","060712002","1","0.042","ppm","39","Fontana","17","100.0000","44201","Ozone","087","40140","Riverside-San Bernardino-Ontario, CA","06","California","071","San Bernardino","34.10002","-117.49201"
"10/16/2024","AQS","060712002","1","0.036","ppm","33","Fontana","17","100.0000","44201","Ozone","087","40140","Riverside-San Bernardino-Ontario, CA","06","California","071","San Bernardino","34.10002","-117.49201"
"10/17/2024","AQS","060712002","1","0.036","ppm","33","Fontana","17","100.0000","44201","Ozone","087","40140","Riverside-San Bernardino-Ontario, CA","06","California","071","San Bernardino","34.10002","-117.49201"
"10/18/2024","AQS","060712002","1","0.044","ppm","41","Fontana","17","100.0000","44201","Ozone","087","40140","Riverside-San Bernardino-Ontario, CA","06","California","071","San Bernardino","34.10002","-117.49201"
"10/19/2024","AQS","060712002","1","0.049","ppm","45","Fontana","17","100.0000","44201","Ozone","087","40140","Riverside-San Bernardino-Ontario, CA","06","California","071","San Bernardino","34.10002","-117.49201"
"10/20/2024","AQS","060712002","1","0.053","ppm","49","Fontana","17","100.0000","44201","Ozone","087","40140","Riverside-San Bernardino-Ontario, CA","06","California","071","San Bernardino","34.10002","-117.49201"
"10/21/2024","AQS","060712002","1","0.053","ppm","49","Fontana","17","100.0000","44201","Ozone","087","40140","Riverside-San Bernardino-Ontario, CA","06","California","071","San Bernardino","34.10002","-117.49201"
"10/22/2024","AQS","060712002","1","0.057","ppm","58","Fontana","17","100.0000","44201","Ozone","087","40140","Riverside-San Bernardino-Ontario, CA","06","California","071","San Bernardino","34.10002","-117.49201"
"10/23/2024","AQS","060712002","1","0.062","ppm","74","Fontana","17","100.0000","44201","Ozone","087","40140","Riverside-San Bernardino-Ontario, CA","06","California","071","San Bernardino","34.10002","-117.49201"
"10/24/2024","AQS","060712002","1","0.062","ppm","74","Fontana","17","100.0000","44201","Ozone","087","40140","Riverside-San Bernardino-Ontario, CA","06","California","071","San Bernardino","34.10002","-117.49201"
"10/25/2024","AQS","060712002","1","0.065","ppm","84","Fontana","17","100.0000","44201","Ozone","087","40140","Riverside-San Bernardino-Ontario, CA","06","California","071","San Bernardino","34.10002","-117.49201"
"10/26/2024","AQS","060712002","1","0.075","ppm","115","Fontana","17","100.0000","44201","Ozone","087","40140","Riverside-San Bernardino-Ontario, CA","06","California","071","San Bernardino","34.10002","-117.49201"
"10/27/2024","AQS","060712002","1","0.073","ppm","108","Fontana","17","100.0000","44201","Ozone","087","40140","Riverside-San Bernardino-Ontario, CA","06","California","071","San Bernardino","34.10002","-117.49201"
"10/28/2024","AQS","060712002","1","0.036","ppm","33","Fontana","17","100.0000","44201","Ozone","087","40140","Riverside-San Bernardino-Ontario, CA","06","California","071","San Bernardino","34.10002","-117.49201"
"10/29/2024","AQS","060712002","1","0.04","ppm","37","Fontana","17","100.0000","44201","Ozone","087","40140","Riverside-San Bernardino-Ontario, CA","06","California","071","San Bernardino","34.10002","-117.49201"
"10/30/2024","AQS","060712002","1","0.039","ppm","36","Fontana","17","100.0000","44201","Ozone","087","40140","Riverside-San Bernardino-Ontario, CA","06","California","071","San Bernardino","34.10002","-117.49201"
"10/31/2024","AirNow","060712002","1","0.044","ppm","41","Fontana","24","100.0000","44201","Ozone","","40140","Riverside-San Bernardino-Ontario, CA","06","California","071","San Bernardino","34.10002","-117.49201"
"11/01/2024","AirNow","060712002","1","0.043","ppm","40","Fontana","24","100.0000","44201","Ozone","","40140","Riverside-San Bernardino-Ontario, CA","06","California","071","San Bernardino","34.10002","-117.49201"
"11/02/2024","AirNow","060712002","1","0.04","ppm","37","Fontana","24","100.0000","44201","Ozone","","40140","Riverside-San Bernardino-Ontario, CA","06","California","071","San Bernardino","34.10002","-117.49201"
"11/03/2024","AirNow","060712002","1","0.045","ppm","42","Fontana","24","100.0000","44201","Ozone","","40140","Riverside-San Bernardino-Ontario, CA","06","California","071","San Bernardino","34.10002","-117.49201"
"11/04/2024","AirNow","060712002","1","0.039","ppm","36","Fontana","24","100.0000","44201","Ozone","","40140","Riverside-San Bernardino-Ontario, CA","06","California","071","San Bernardino","34.10002","-117.49201"
"11/05/2024","AirNow","060712002","1","0.037","ppm","34","Fontana","24","100.0000","44201","Ozone","","40140","Riverside-San Bernardino-Ontario, CA","06","California","071","San Bernardino","34.10002","-117.49201"
"11/06/2024","AirNow","060712002","1","0.04","ppm","37","Fontana","24","100.0000","44201","Ozone","","40140","Riverside-San Bernardino-Ontario, CA","06","California","071","San Bernardino","34.10002","-117.49201"
"11/07/2024","AirNow","060712002","1","0.037","ppm","34","Fontana","24","100.0000","44201","Ozone","","40140","Riverside-San Bernardino-Ontario, CA","06","California","071","San Bernardino","34.10002","-117.49201"
"11/08/2024","AirNow","060712002","1","0.033","ppm","31","Fontana","24","100.0000","44201","Ozone","","40140","Riverside-San Bernardino-Ontario, CA","06","California","071","San Bernardino","34.10002","-117.49201"
"11/09/2024","AirNow","060712002","1","0.039","ppm","36","Fontana","24","100.0000","44201","Ozone","","40140","Riverside-San Bernardino-Ontario, CA","06","California","071","San Bernardino","34.10002","-117.49201"
"11/10/2024","AirNow","060712002","1","0.05","ppm","46","Fontana","24","100.0000","44201","Ozone","","40140","Riverside-San Bernardino-Ontario, CA","06","California","071","San Bernardino","34.10002","-117.49201"
"11/11/2024","AirNow","060712002","1","0.05","ppm","46","Fontana","24","100.0000","44201","Ozone","","40140","Riverside-San Bernardino-Ontario, CA","06","California","071","San Bernardino","34.10002","-117.49201"
"11/12/2024","AirNow","060712002","1","0.043","ppm","40","Fontana","18","75.0000","44201","Ozone","","40140","Riverside-San Bernardino-Ontario, CA","06","California","071","San Bernardino","34.10002","-117.49201"
"11/13/2024","AirNow","060712002","1","0.037","ppm","34","Fontana","24","100.0000","44201","Ozone","","40140","Riverside-San Bernardino-Ontario, CA","06","California","071","San Bernardino","34.10002","-117.49201"
"11/15/2024","AirNow","060712002","1","0.031","ppm","29","Fontana","24","100.0000","44201","Ozone","","40140","Riverside-San Bernardino-Ontario, CA","06","California","071","San Bernardino","34.10002","-117.49201"
"11/16/2024","AirNow","060712002","1","0.034","ppm","31","Fontana","24","100.0000","44201","Ozone","","40140","Riverside-San Bernardino-Ontario, CA","06","California","071","San Bernardino","34.10002","-117.49201"
"11/17/2024","AirNow","060712002","1","0.039","ppm","36","Fontana","24","100.0000","44201","Ozone","","40140","Riverside-San Bernardino-Ontario, CA","06","California","071","San Bernardino","34.10002","-117.49201"
"11/18/2024","AirNow","060712002","1","0.034","ppm","31","Fontana","24","100.0000","44201","Ozone","","40140","Riverside-San Bernardino-Ontario, CA","06","California","071","San Bernardino","34.10002","-117.49201"
"11/19/2024","AirNow","060712002","1","0.033","ppm","31","Fontana","24","100.0000","44201","Ozone","","40140","Riverside-San Bernardino-Ontario, CA","06","California","071","San Bernardino","34.10002","-117.49201"
"11/20/2024","AirNow","060712002","1","0.03","ppm","28","Fontana","24","100.0000","44201","Ozone","","40140","Riverside-San Bernardino-Ontario, CA","06","California","071","San Bernardino","34.10002","-117.49201"
"11/21/2024","AirNow","060712002","1","0.028","ppm","26","Fontana","24","100.0000","44201","Ozone","","40140","Riverside-San Bernardino-Ontario, CA","06","California","071","San Bernardino","34.10002","-117.49201"
"11/22/2024","AirNow","060712002","1","0.028","ppm","26","Fontana","24","100.0000","44201","Ozone","","40140","Riverside-San Bernardino-Ontario, CA","06","California","071","San Bernardino","34.10002","-117.49201"
"11/23/2024","AirNow","060712002","1","0.025","ppm","23","Fontana","24","100.0000","44201","Ozone","","40140","Riverside-San Bernardino-Ontario, CA","06","California","071","San Bernardino","34.10002","-117.49201"
"11/24/2024","AirNow","060712002","1","0.034","ppm","31","Fontana","24","100.0000","44201","Ozone","","40140","Riverside-San Bernardino-Ontario, CA","06","California","071","San Bernardino","34.10002","-117.49201"
"11/25/2024","AirNow","060712002","1","0.017","ppm","16","Fontana","24","100.0000","44201","Ozone","","40140","Riverside-San Bernardino-Ontario, CA","06","California","071","San Bernardino","34.10002","-117.49201"
"11/26/2024","AirNow","060712002","1","0.021","ppm","19","Fontana","24","100.0000","44201","Ozone","","40140","Riverside-San Bernardino-Ontario, CA","06","California","071","San Bernardino","34.10002","-117.49201"
"11/27/2024","AirNow","060712002","1","0.019","ppm","18","Fontana","24","100.0000","44201","Ozone","","40140","Riverside-San Bernardino-Ontario, CA","06","California","071","San Bernardino","34.10002","-117.49201"
"11/28/2024","AirNow","060712002","1","0.04","ppm","37","Fontana","24","100.0000","44201","Ozone","","40140","Riverside-San Bernardino-Ontario, CA","06","California","071","San Bernardino","34.10002","-117.49201"
"11/29/2024","AirNow","060712002","1","0.023","ppm","21","Fontana","24","100.0000","44201","Ozone","","40140","Riverside-San Bernardino-Ontario, CA","06","California","071","San Bernardino","34.10002","-117.49201"
"11/30/2024","AirNow","060712002","1","0.028","ppm","26","Fontana","24","100.0000","44201","Ozone","","40140","Riverside-San Bernardino-Ontario, CA","06","California","071","San Bernardino","34.10002","-117.49201"
"12/01/2024","AirNow","060712002","1","0.034","ppm","31","Fontana","24","100.0000","44201","Ozone","","40140","Riverside-San Bernardino-Ontario, CA","06","California","071","San Bernardino","34.10002","-117.49201"
"12/02/2024","AirNow","060712002","1","0.027","ppm","25","Fontana","24","100.0000","44201","Ozone","","40140","Riverside-San Bernardino-Ontario, CA","06","California","071","San Bernardino","34.10002","-117.49201"
"12/03/2024","AirNow","060712002","1","0.021","ppm","19","Fontana","24","100.0000","44201","Ozone","","40140","Riverside-San Bernardino-Ontario, CA","06","California","071","San Bernardino","34.10002","-117.49201"
"12/04/2024","AirNow","060712002","1","0.027","ppm","25","Fontana","24","100.0000","44201","Ozone","","40140","Riverside-San Bernardino-Ontario, CA","06","California","071","San Bernardino","34.10002","-117.49201"
"12/06/2024","AirNow","060712002","1","0.039","ppm","36","Fontana","24","100.0000","44201","Ozone","","40140","Riverside-San Bernardino-Ontario, CA","06","California","071","San Bernardino","34.10002","-117.49201"
"12/07/2024","AirNow","060712002","1","0.035","ppm","32","Fontana","24","100.0000","44201","Ozone","","40140","Riverside-San Bernardino-Ontario, CA","06","California","071","San Bernardino","34.10002","-117.49201"
"12/08/2024","AirNow","060712002","1","0.036","ppm","33","Fontana","24","100.0000","44201","Ozone","","40140","Riverside-San Bernardino-Ontario, CA","06","California","071","San Bernardino","34.10002","-117.49201"
"12/09/2024","AirNow","060712002","1","0.044","ppm","41","Fontana","24","100.0000","44201","Ozone","","40140","Riverside-San Bernardino-Ontario, CA","06","California","071","San Bernardino","34.10002","-117.49201"
"12/10/2024","AirNow","060712002","1","0.045","ppm","42","Fontana","24","100.0000","44201","Ozone","","40140","Riverside-San Bernardino-Ontario, CA","06","California","071","San Bernardino","34.10002","-117.49201"
"12/11/2024","AirNow","060712002","1","0.016","ppm","15","Fontana","24","100.0000","44201","Ozone","","40140","Riverside-San Bernardino-Ontario, CA","06","California","071","San Bernardino","34.10002","-117.49201"
"12/12/2024","AirNow","060712002","1","0.029","ppm","27","Fontana","24","100.0000","44201","Ozone","","40140","Riverside-San Bernardino-Ontario, CA","06","California","071","San Bernardino","34.10002","-117.49201"
"12/13/2024","AirNow","060712002","1","0.028","ppm","26","Fontana","24","100.0000","44201","Ozone","","40140","Riverside-San Bernardino-Ontario, CA","06","California","071","San Bernardino","34.10002","-117.49201"
"12/14/2024","AirNow","060712002","1","0.033","ppm","31","Fontana","24","100.0000","44201","Ozone","","40140","Riverside-San Bernardino-Ontario, CA","06","California","071","San Bernardino","34.10002","-117.49201"
"12/15/2024","AirNow","060712002","1","0.035","ppm","32","Fontana","24","100.0000","44201","Ozone","","40140","Riverside-San Bernardino-Ontario, CA","06","California","071","San Bernardino","34.10002","-117.49201"
"12/16/2024","AirNow","060712002","1","0.026","ppm","24","Fontana","24","100.0000","44201","Ozone","","40140","Riverside-San Bernardino-Ontario, CA","06","California","071","San Bernardino","34.10002","-117.49201"
"12/17/2024","AirNow","060712002","1","0.043","ppm","40","Fontana","24","100.0000","44201","Ozone","","40140","Riverside-San Bernardino-Ontario, CA","06","California","071","San Bernardino","34.10002","-117.49201"
"12/18/2024","AirNow","060712002","1","0.04","ppm","37","Fontana","24","100.0000","44201","Ozone","","40140","Riverside-San Bernardino-Ontario, CA","06","California","071","San Bernardino","34.10002","-117.49201"
"12/19/2024","AirNow","060712002","1","0.03","ppm","28","Fontana","24","100.0000","44201","Ozone","","40140","Riverside-San Bernardino-Ontario, CA","06","California","071","San Bernardino","34.10002","-117.49201"
"12/20/2024","AirNow","060712002","1","0.023","ppm","21","Fontana","24","100.0000","44201","Ozone","","40140","Riverside-San Bernardino-Ontario, CA","06","California","071","San Bernardino","34.10002","-117.49201"
"12/21/2024","AirNow","060712002","1","0.034","ppm","31","Fontana","24","100.0000","44201","Ozone","","40140","Riverside-San Bernardino-Ontario, CA","06","California","071","San Bernardino","34.10002","-117.49201"
"12/22/2024","AirNow","060712002","1","0.027","ppm","25","Fontana","24","100.0000","44201","Ozone","","40140","Riverside-San Bernardino-Ontario, CA","06","California","071","San Bernardino","34.10002","-117.49201"
"12/23/2024","AirNow","060712002","1","0.024","ppm","22","Fontana","24","100.0000","44201","Ozone","","40140","Riverside-San Bernardino-Ontario, CA","06","California","071","San Bernardino","34.10002","-117.49201"
"12/24/2024","AirNow","060712002","1","0.023","ppm","21","Fontana","24","100.0000","44201","Ozone","","40140","Riverside-San Bernardino-Ontario, CA","06","California","071","San Bernardino","34.10002","-117.49201"
"12/25/2024","AirNow","060712002","1","0.039","ppm","36","Fontana","24","100.0000","44201","Ozone","","40140","Riverside-San Bernardino-Ontario, CA","06","California","071","San Bernardino","34.10002","-117.49201"
"12/26/2024","AirNow","060712002","1","0.028","ppm","26","Fontana","24","100.0000","44201","Ozone","","40140","Riverside-San Bernardino-Ontario, CA","06","California","071","San Bernardino","34.10002","-117.49201"
"12/27/2024","AirNow","060712002","1","0.022","ppm","20","Fontana","24","100.0000","44201","Ozone","","40140","Riverside-San Bernardino-Ontario, CA","06","California","071","San Bernardino","34.10002","-117.49201"
"12/28/2024","AirNow","060712002","1","0.019","ppm","18","Fontana","24","100.0000","44201","Ozone","","40140","Riverside-San Bernardino-Ontario, CA","06","California","071","San Bernardino","34.10002","-117.49201"
"12/29/2024","AirNow","060712002","1","0.028","ppm","26","Fontana","24","100.0000","44201","Ozone","","40140","Riverside-San Bernardino-Ontario, CA","06","California","071","San Bernardino","34.10002","-117.49201"
"12/30/2024","AirNow","060712002","1","0.025","ppm","23","Fontana","24","100.0000","44201","Ozone","","40140","Riverside-San Bernardino-Ontario, CA","06","California","071","San Bernardino","34.10002","-117.49201"
"01/01/2024","AQS","060714001","1","0.033","ppm","31","Hesperia-Olive Street","85","500.0000","44201","Ozone","014","40140","Riverside-San Bernardino-Ontario, CA","06","California","071","San Bernardino","34.41651","-117.28563"
"01/02/2024","AQS","060714001","1","0.042","ppm","39","Hesperia-Olive Street","50","294.0000","44201","Ozone","014","40140","Riverside-San Bernardino-Ontario, CA","06","California","071","San Bernardino","34.41651","-117.28563"
"01/03/2024","AirNow","060714001","1","0.041","ppm","38","Hesperia-Olive Street","24","100.0000","44201","Ozone","","40140","Riverside-San Bernardino-Ontario, CA","06","California","071","San Bernardino","34.41651","-117.28563"
"01/04/2024","AQS","060714001","1","0.019","ppm","18","Hesperia-Olive Street","15","88.0000","44201","Ozone","014","40140","Riverside-San Bernardino-Ontario, CA","06","California","071","San Bernardino","34.41651","-117.28563"
"01/05/2024","AQS","060714001","1","0.03","ppm","28","Hesperia-Olive Street","85","500.0000","44201","Ozone","014","40140","Riverside-San Bernardino-Ontario, CA","06","California","071","San Bernardino","34.41651","-117.28563"
"01/06/2024","AQS","060714001","1","0.041","ppm","38","Hesperia-Olive Street","85","500.0000","44201","Ozone","014","40140","Riverside-San Bernardino-Ontario, CA","06","California","071","San Bernardino","34.41651","-117.28563"
"01/07/2024","AQS","060714001","1","0.038","ppm","35","Hesperia-Olive Street","85","500.0000","44201","Ozone","014","40140","Riverside-San Bernardino-Ontario, CA","06","California","071","San Bernardino","34.41651","-117.28563"
"01/08/2024","AQS","060714001","1","0.034","ppm","31","Hesperia-Olive Street","85","500.0000","44201","Ozone","014","40140","Riverside-San Bernardino-Ontario, CA","06","California","071","San Bernardino","34.41651","-117.28563"
"01/09/2024","AQS","060714001","1","0.032","ppm","30","Hesperia-Olive Street","85","500.0000","44201","Ozone","014","40140","Riverside-San Bernardino-Ontario, CA","06","California","071","San Bernardino","34.41651","-117.28563"
"01/10/2024","AQS","060714001","1","0.036","ppm","33","Hesperia-Olive Street","85","500.0000","44201","Ozone","014","40140","Riverside-San Bernardino-Ontario, CA","06","California","071","San Bernardino","34.41651","-117.28563"
"01/11/2024","AQS","060714001","1","0.041","ppm","38","Hesperia-Olive Street","85","500.0000","44201","Ozone","014","40140","Riverside-San Bernardino-Ontario, CA","06","California","071","San Bernardino","34.41651","-117.28563"
"01/12/2024","AQS","060714001","1","0.034","ppm","31","Hesperia-Olive Street","85","500.0000","44201","Ozone","014","40140","Riverside-San Bernardino-Ontario, CA","06","California","071","San Bernardino","34.41651","-117.28563"
"01/13/2024","AQS","060714001","1","0.039","ppm","36","Hesperia-Olive Street","85","500.0000","44201","Ozone","014","40140","Riverside-San Bernardino-Ontario, CA","06","California","071","San Bernardino","34.41651","-117.28563"
"01/14/2024","AQS","060714001","1","0.041","ppm","38","Hesperia-Olive Street","85","500.0000","44201","Ozone","014","40140","Riverside-San Bernardino-Ontario, CA","06","California","071","San Bernardino","34.41651","-117.28563"
"01/15/2024","AQS","060714001","1","0.035","ppm","32","Hesperia-Olive Street","85","500.0000","44201","Ozone","014","40140","Riverside-San Bernardino-Ontario, CA","06","California","071","San Bernardino","34.41651","-117.28563"
"01/16/2024","AQS","060714001","1","0.034","ppm","31","Hesperia-Olive Street","85","500.0000","44201","Ozone","014","40140","Riverside-San Bernardino-Ontario, CA","06","California","071","San Bernardino","34.41651","-117.28563"
"01/17/2024","AQS","060714001","1","0.038","ppm","35","Hesperia-Olive Street","85","500.0000","44201","Ozone","014","40140","Riverside-San Bernardino-Ontario, CA","06","California","071","San Bernardino","34.41651","-117.28563"
"01/18/2024","AQS","060714001","1","0.034","ppm","31","Hesperia-Olive Street","85","500.0000","44201","Ozone","014","40140","Riverside-San Bernardino-Ontario, CA","06","California","071","San Bernardino","34.41651","-117.28563"
"01/19/2024","AQS","060714001","1","0.037","ppm","34","Hesperia-Olive Street","85","500.0000","44201","Ozone","014","40140","Riverside-San Bernardino-Ontario, CA","06","California","071","San Bernardino","34.41651","-117.28563"
"01/20/2024","AQS","060714001","1","0.035","ppm","32","Hesperia-Olive Street","85","500.0000","44201","Ozone","014","40140","Riverside-San Bernardino-Ontario, CA","06","California","071","San Bernardino","34.41651","-117.28563"
"01/21/2024","AQS","060714001","1","0.038","ppm","35","Hesperia-Olive Street","85","500.0000","44201","Ozone","014","40140","Riverside-San Bernardino-Ontario, CA","06","California","071","San Bernardino","34.41651","-117.28563"
"01/22/2024","AQS","060714001","1","0.035","ppm","32","Hesperia-Olive Street","85","500.0000","44201","Ozone","014","40140","Riverside-San Bernardino-Ontario, CA","06","California","071","San Bernardino","34.41651","-117.28563"
"01/23/2024","AQS","060714001","1","0.038","ppm","35","Hesperia-Olive Street","85","500.0000","44201","Ozone","014","40140","Riverside-San Bernardino-Ontario, CA","06","California","071","San Bernardino","34.41651","-117.28563"
"01/24/2024","AQS","060714001","1","0.025","ppm","23","Hesperia-Olive Street","85","500.0000","44201","Ozone","014","40140","Riverside-San Bernardino-Ontario, CA","06","California","071","San Bernardino","34.41651","-117.28563"
"01/25/2024","AQS","060714001","1","0.04","ppm","37","Hesperia-Olive Street","85","500.0000","44201","Ozone","014","40140","Riverside-San Bernardino-Ontario, CA","06","California","071","San Bernardino","34.41651","-117.28563"
"01/26/2024","AQS","060714001","1","0.04","ppm","37","Hesperia-Olive Street","85","500.0000","44201","Ozone","014","40140","Riverside-San Bernardino-Ontario, CA","06","California","071","San Bernardino","34.41651","-117.28563"
"01/27/2024","AQS","060714001","1","0.041","ppm","38","Hesperia-Olive Street","85","500.0000","44201","Ozone","014","40140","Riverside-San Bernardino-Ontario, CA","06","California","071","San Bernardino","34.41651","-117.28563"
"01/28/2024","AQS","060714001","1","0.036","ppm","33","Hesperia-Olive Street","85","500.0000","44201","Ozone","014","40140","Riverside-San Bernardino-Ontario, CA","06","California","071","San Bernardino","34.41651","-117.28563"
"01/29/2024","AQS","060714001","1","0.042","ppm","39","Hesperia-Olive Street","85","500.0000","44201","Ozone","014","40140","Riverside-San Bernardino-Ontario, CA","06","California","071","San Bernardino","34.41651","-117.28563"
"01/30/2024","AQS","060714001","1","0.044","ppm","41","Hesperia-Olive Street","85","500.0000","44201","Ozone","014","40140","Riverside-San Bernardino-Ontario, CA","06","California","071","San Bernardino","34.41651","-117.28563"
"01/31/2024","AQS","060714001","1","0.049","ppm","45","Hesperia-Olive Street","85","500.0000","44201","Ozone","014","40140","Riverside-San Bernardino-Ontario, CA","06","California","071","San Bernardino","34.41651","-117.28563"
"02/01/2024","AQS","060714001","1","0.039","ppm","36","Hesperia-Olive Street","85","500.0000","44201","Ozone","014","40140","Riverside-San Bernardino-Ontario, CA","06","California","071","San Bernardino","34.41651","-117.28563"
"02/02/2024","AQS","060714001","1","0.039","ppm","36","Hesperia-Olive Street","85","500.0000","44201","Ozone","014","40140","Riverside-San Bernardino-Ontario, CA","06","California","071","San Bernardino","34.41651","-117.28563"
"02/03/2024","AQS","060714001","1","0.042","ppm","39","Hesperia-Olive Street","85","500.0000","44201","Ozone","014","40140","Riverside-San Bernardino-Ontario, CA","06","California","071","San Bernardino","34.41651","-117.28563"
"02/04/2024","AQS","060714001","1","0.042","ppm","39","Hesperia-Olive Street","85","500.0000","44201","Ozone","014","40140","Riverside-San Bernardino-Ontario, CA","06","California","071","San Bernardino","34.41651","-117.28563"
"02/05/2024","AQS","060714001","1","0.034","ppm","31","Hesperia-Olive Street","85","500.0000","44201","Ozone","014","40140","Riverside-San Bernardino-Ontario, CA","06","California","071","San Bernardino","34.41651","-117.28563"
"02/06/2024","AQS","060714001","1","0.041","ppm","38","Hesperia-Olive Street","85","500.0000","44201","Ozone","014","40140","Riverside-San Bernardino-Ontario, CA","06","California","071","San Bernardino","34.41651","-117.28563"
"02/07/2024","AQS","060714001","1","0.042","ppm","39","Hesperia-Olive Street","85","500.0000","44201","Ozone","014","40140","Riverside-San Bernardino-Ontario, CA","06","California","071","San Bernardino","34.41651","-117.28563"
"02/08/2024","AQS","060714001","1","0.041","ppm","38","Hesperia-Olive Street","85","500.0000","44201","Ozone","014","40140","Riverside-San Bernardino-Ontario, CA","06","California","071","San Bernardino","34.41651","-117.28563"
"02/09/2024","AQS","060714001","1","0.04","ppm","37","Hesperia-Olive Street","85","500.0000","44201","Ozone","014","40140","Riverside-San Bernardino-Ontario, CA","06","California","071","San Bernardino","34.41651","-117.28563"
"02/10/2024","AQS","060714001","1","0.039","ppm","36","Hesperia-Olive Street","85","500.0000","44201","Ozone","014","40140","Riverside-San Bernardino-Ontario, CA","06","California","071","San Bernardino","34.41651","-117.28563"
"02/11/2024","AQS","060714001","1","0.04","ppm","37","Hesperia-Olive Street","85","500.0000","44201","Ozone","014","40140","Riverside-San Bernardino-Ontario, CA","06","California","071","San Bernardino","34.41651","-117.28563"
"02/12/2024","AQS","060714001","1","0.038","ppm","35","Hesperia-Olive Street","85","500.0000","44201","Ozone","014","40140","Riverside-San Bernardino-Ontario, CA","06","California","071","San Bernardino","34.41651","-117.28563"
"02/13/2024","AQS","060714001","1","0.042","ppm","39","Hesperia-Olive Street","85","500.0000","44201","Ozone","014","40140","Riverside-San Bernardino-Ontario, CA","06","California","071","San Bernardino","34.41651","-117.28563"
"02/14/2024","AQS","060714001","1","0.046","ppm","43","Hesperia-Olive Street","85","500.0000","44201","Ozone","014","40140","Riverside-San Bernardino-Ontario, CA","06","California","071","San Bernardino","34.41651","-117.28563"
"02/15/2024","AQS","060714001","1","0.044","ppm","41","Hesperia-Olive Street","85","500.0000","44201","Ozone","014","40140","Riverside-San Bernardino-Ontario, CA","06","California","071","San Bernardino","34.41651","-117.28563"
"02/16/2024","AQS","060714001","1","0.042","ppm","39","Hesperia-Olive Street","85","500.0000","44201","Ozone","014","40140","Riverside-San Bernardino-Ontario, CA","06","California","071","San Bernardino","34.41651","-117.28563"
"02/17/2024","AQS","060714001","1","0.056","ppm","54","Hesperia-Olive Street","85","500.0000","44201","Ozone","014","40140","Riverside-San Bernardino-Ontario, CA","06","California","071","San Bernardino","34.41651","-117.28563"
"02/18/2024","AQS","060714001","1","0.044","ppm","41","Hesperia-Olive Street","85","500.0000","44201","Ozone","014","40140","Riverside-San Bernardino-Ontario, CA","06","California","071","San Bernardino","34.41651","-117.28563"
"02/19/2024","AQS","060714001","1","0.034","ppm","31","Hesperia-Olive Street","85","500.0000","44201","Ozone","014","40140","Riverside-San Bernardino-Ontario, CA","06","California","071","San Bernardino","34.41651","-117.28563"
"02/20/2024","AQS","060714001","1","0.04","ppm","37","Hesperia-Olive Street","85","500.0000","44201","Ozone","014","40140","Riverside-San Bernardino-Ontario, CA","06","California","071","San Bernardino","34.41651","-117.28563"
"02/21/2024","AQS","060714001","1","0.042","ppm","39","Hesperia-Olive Street","85","500.0000","44201","Ozone","014","40140","Riverside-San Bernardino-Ontario, CA","06","California","071","San Bernardino","34.41651","-117.28563"
"02/22/2024","AQS","060714001","1","0.044","ppm","41","Hesperia-Olive Street","85","500.0000","44201","Ozone","014","40140","Riverside-San Bernardino-Ontario, CA","06","California","071","San Bernardino","34.41651","-117.28563"
"02/23/2024","AQS","060714001","1","0.043","ppm","40","Hesperia-Olive Street","85","500.0000","44201","Ozone","014","40140","Riverside-San Bernardino-Ontario, CA","06","California","071","San Bernardino","34.41651","-117.28563"
"02/24/2024","AQS","060714001","1","0.042","ppm","39","Hesperia-Olive Street","85","500.0000","44201","Ozone","014","40140","Riverside-San Bernardino-Ontario, CA","06","California","071","San Bernardino","34.41651","-117.28563"
"02/25/2024","AQS","060714001","1","0.049","ppm","45","Hesperia-Olive Street","85","500.0000","44201","Ozone","014","40140","Riverside-San Bernardino-Ontario, CA","06","California","071","San Bernardino","34.41651","-117.28563"
"02/26/2024","AQS","060714001","1","0.043","ppm","40","Hesperia-Olive Street","85","500.0000","44201","Ozone","014","40140","Riverside-San Bernardino-Ontario, CA","06","California","071","San Bernardino","34.41651","-117.28563"
"02/27/2024","AQS","060714001","1","0.042","ppm","39","Hesperia-Olive Street","85","500.0000","44201","Ozone","014","40140","Riverside-San Bernardino-Ontario, CA","06","California","071","San Bernardino","34.41651","-117.28563"
"02/28/2024","AQS","060714001","1","0.043","ppm","40","Hesperia-Olive Street","50","294.0000","44201","Ozone","014","40140","Riverside-San Bernardino-Ontario, CA","06","California","071","San Bernardino","34.41651","-117.28563"
"02/29/2024","AirNow","060714001","1","0.043","ppm","40","Hesperia-Olive Street","24","100.0000","44201","Ozone","","40140","Riverside-San Bernardino-Ontario, CA","06","California","071","San Bernardino","34.41651","-117.28563"
"03/01/2024","AQS","060714001","1","0.034","ppm","31","Hesperia-Olive Street","15","88.0000","44201","Ozone","014","40140","Riverside-San Bernardino-Ontario, CA","06","California","071","San Bernardino","34.41651","-117.28563"
"03/02/2024","AQS","060714001","1","0.04","ppm","37","Hesperia-Olive Street","85","500.0000","44201","Ozone","014","40140","Riverside-San Bernardino-Ontario, CA","06","California","071","San Bernardino","34.41651","-117.28563"
"03/03/2024","AQS","060714001","1","0.042","ppm","39","Hesperia-Olive Street","85","500.0000","44201","Ozone","014","40140","Riverside-San Bernardino-Ontario, CA","06","California","071","San Bernardino","34.41651","-117.28563"
"03/04/2024","AQS","060714001","1","0.041","ppm","38","Hesperia-Olive Street","85","500.0000","44201","Ozone","014","40140","Riverside-San Bernardino-Ontario, CA","06","California","071","San Bernardino","34.41651","-117.28563"
"03/05/2024","AQS","060714001","1","0.043","ppm","40","Hesperia-Olive Street","85","500.0000","44201","Ozone","014","40140","Riverside-San Bernardino-Ontario, CA","06","California","071","San Bernardino","34.41651","-117.28563"
"03/06/2024","AQS","060714001","1","0.04","ppm","37","Hesperia-Olive Street","85","500.0000","44201","Ozone","014","40140","Riverside-San Bernardino-Ontario, CA","06","California","071","San Bernardino","34.41651","-117.28563"
"03/07/2024","AQS","060714001","1","0.033","ppm","31","Hesperia-Olive Street","70","412.0000","44201","Ozone","014","40140","Riverside-San Bernardino-Ontario, CA","06","California","071","San Bernardino","34.41651","-117.28563"
"03/08/2024","AQS","060714001","1","0.04","ppm","37","Hesperia-Olive Street","85","500.0000","44201","Ozone","014","40140","Riverside-San Bernardino-Ontario, CA","06","California","071","San Bernardino","34.41651","-117.28563"
"03/09/2024","AQS","060714001","1","0.048","ppm","44","Hesperia-Olive Street","85","500.0000","44201","Ozone","014","40140","Riverside-San Bernardino-Ontario, CA","06","California","071","San Bernardino","34.41651","-117.28563"
"03/10/2024","AQS","060714001","1","0.052","ppm","48","Hesperia-Olive Street","85","500.0000","44201","Ozone","014","40140","Riverside-San Bernardino-Ontario, CA","06","California","071","San Bernardino","34.41651","-117.28563"
"03/11/2024","AQS","060714001","1","0.045","ppm","42","Hesperia-Olive Street","85","500.0000","44201","Ozone","014","40140","Riverside-San Bernardino-Ontario, CA","06","California","071","San Bernardino","34.41651","-117.28563"
"03/12/2024","AQS","060714001","1","0.036","ppm","33","Hesperia-Olive Street","85","500.0000","44201","Ozone","014","40140","Riverside-San Bernardino-Ontario, CA","06","California","071","San Bernardino","34.41651","-117.28563"
"03/13/2024","AQS","060714001","1","0.043","ppm","40","Hesperia-Olive Street","85","500.0000","44201","Ozone","014","40140","Riverside-San Bernardino-Ontario, CA","06","California","071","San Bernardino","34.41651","-117.28563"
"03/14/2024","AQS","060714001","1","0.043","ppm","40","Hesperia-Olive Street","85","500.0000","44201","Ozone","014","40140","Riverside-San Bernardino-Ontario, CA","06","California","071","San Bernardino","34.41651","-117.28563"
"03/15/2024","AQS","060714001","1","0.036","ppm","33","Hesperia-Olive Street","85","500.0000","44201","Ozone","014","40140","Riverside-San Bernardino-Ontario, CA","06","California","071","San Bernardino","34.41651","-117.28563"
"03/16/2024","AQS","060714001","1","0.037","ppm","34","Hesperia-Olive Street","85","500.0000","44201","Ozone","014","40140","Riverside-San Bernardino-Ontario, CA","06","California","071","San Bernardino","34.41651","-117.28563"
"03/17/2024","AQS","060714001","1","0.044","ppm","41","Hesperia-Olive Street","85","500.0000","44201","Ozone","014","40140","Riverside-San Bernardino-Ontario, CA","06","California","071","San Bernardino","34.41651","-117.28563"
"03/18/2024","AQS","060714001","1","0.044","ppm","41","Hesperia-Olive Street","85","500.0000","44201","Ozone","014","40140","Riverside-San Bernardino-Ontario, CA","06","California","071","San Bernardino","34.41651","-117.28563"
"03/19/2024","AQS","060714001","1","0.049","ppm","45","Hesperia-Olive Street","85","500.0000","44201","Ozone","014","40140","Riverside-San Bernardino-Ontario, CA","06","California","071","San Bernardino","34.41651","-117.28563"
"03/20/2024","AQS","060714001","1","0.056","ppm","54","Hesperia-Olive Street","85","500.0000","44201","Ozone","014","40140","Riverside-San Bernardino-Ontario, CA","06","California","071","San Bernardino","34.41651","-117.28563"
"03/21/2024","AQS","060714001","1","0.058","ppm","61","Hesperia-Olive Street","85","500.0000","44201","Ozone","014","40140","Riverside-San Bernardino-Ontario, CA","06","California","071","San Bernardino","34.41651","-117.28563"
"03/22/2024","AQS","060714001","1","0.056","ppm","54","Hesperia-Olive Street","85","500.0000","44201","Ozone","014","40140","Riverside-San Bernardino-Ontario, CA","06","California","071","San Bernardino","34.41651","-117.28563"
"03/23/2024","AQS","060714001","1","0.042","ppm","39","Hesperia-Olive Street","85","500.0000","44201","Ozone","014","40140","Riverside-San Bernardino-Ontario, CA","06","California","071","San Bernardino","34.41651","-117.28563"
"03/24/2024","AQS","060714001","1","0.042","ppm","39","Hesperia-Olive Street","85","500.0000","44201","Ozone","014","40140","Riverside-San Bernardino-Ontario, CA","06","California","071","San Bernardino","34.41651","-117.28563"
"03/25/2024","AQS","060714001","1","0.043","ppm","40","Hesperia-Olive Street","85","500.0000","44201","Ozone","014","40140","Riverside-San Bernardino-Ontario, CA","06","California","071","San Bernardino","34.41651","-117.28563"
"03/26/2024","AQS","060714001","1","0.035","ppm","32","Hesperia-Olive Street","50","294.0000","44201","Ozone","014","40140","Riverside-San Bernardino-Ontario, CA","06","California","071","San Bernardino","34.41651","-117.28563"
"03/27/2024","AQS","060714001","1","0.061","ppm","71","Hesperia-Olive Street","65","382.0000","44201","Ozone","014","40140","Riverside-San Bernardino-Ontario, CA","06","California","071","San Bernardino","34.41651","-117.28563"
"03/28/2024","AQS","060714001","1","0.053","ppm","49","Hesperia-Olive Street","85","500.0000","44201","Ozone","014","40140","Riverside-San Bernardino-Ontario, CA","06","California","071","San Bernardino","34.41651","-117.28563"
"03/29/2024","AQS","060714001","1","0.052","ppm","48","Hesperia-Olive Street","85","500.0000","44201","Ozone","014","40140","Riverside-San Bernardino-Ontario, CA","06","California","071","San Bernardino","34.41651","-117.28563"
"03/30/2024","AQS","060714001","1","0.047","ppm","44","Hesperia-Olive Street","85","500.0000","44201","Ozone","014","40140","Riverside-San Bernardino-Ontario, CA","06","California","071","San Bernardino","34.41651","-117.28563"
"03/31/2024","AQS","060714001","1","0.049","ppm","45","Hesperia-Olive Street","85","500.0000","44201","Ozone","014","40140","Riverside-San Bernardino-Ontario, CA","06","California","071","San Bernardino","34.41651","-117.28563"
"04/01/2024","AQS","060714001","1","0.045","ppm","42","Hesperia-Olive Street","85","500.0000","44201","Ozone","014","40140","Riverside-San Bernardino-Ontario, CA","06","California","071","San Bernardino","34.41651","-117.28563"
"04/02/2024","AQS","060714001","1","0.05","ppm","46","Hesperia-Olive Street","85","500.0000","44201","Ozone","014","40140","Riverside-San Bernardino-Ontario, CA","06","California","071","San Bernardino","34.41651","-117.28563"
"04/03/2024","AQS","060714001","1","0.062","ppm","74","Hesperia-Olive Street","85","500.0000","44201","Ozone","014","40140","Riverside-San Bernardino-Ontario, CA","06","California","071","San Bernardino","34.41651","-117.28563"
"04/04/2024","AQS","060714001","1","0.046","ppm","43","Hesperia-Olive Street","85","500.0000","44201","Ozone","014","40140","Riverside-San Bernardino-Ontario, CA","06","California","071","San Bernardino","34.41651","-117.28563"
"04/05/2024","AQS","060714001","1","0.047","ppm","44","Hesperia-Olive Street","85","500.0000","44201","Ozone","014","40140","Riverside-San Bernardino-Ontario, CA","06","California","071","San Bernardino","34.41651","-117.28563"
"04/06/2024","AQS","060714001","1","0.051","ppm","47","Hesperia-Olive Street","85","500.0000","44201","Ozone","014","40140","Riverside-San Bernardino-Ontario, CA","06","California","071","San Bernardino","34.41651","-117.28563"
"04/07/2024","AQS","060714001","1","0.057","ppm","58","Hesperia-Olive Street","85","500.0000","44201","Ozone","014","40140","Riverside-San Bernardino-Ontario, CA","06","California","071","San Bernardino","34.41651","-117.28563"
"04/08/2024","AQS","060714001","1","0.053","ppm","49","Hesperia-Olive Street","85","500.0000","44201","Ozone","014","40140","Riverside-San Bernardino-Ontario, CA","06","California","071","San Bernardino","34.41651","-117.28563"
"04/09/2024","AQS","060714001","1","0.054","ppm","50","Hesperia-Olive Street","85","500.0000","44201","Ozone","014","40140","Riverside-San Bernardino-Ontario, CA","06","California","071","San Bernardino","34.41651","-117.28563"
"04/10/2024","AQS","060714001","1","0.055","ppm","51","Hesperia-Olive Street","85","500.0000","44201","Ozone","014","40140","Riverside-San Bernardino-Ontario, CA","06","California","071","San Bernardino","34.41651","-117.28563"
"04/11/2024","AQS","060714001","1","0.066","ppm","87","Hesperia-Olive Street","85","500.0000","44201","Ozone","014","40140","Riverside-San Bernardino-Ontario, CA","06","California","071","San Bernardino","34.41651","-117.28563"
"04/12/2024","AQS","060714001","1","0.065","ppm","84","Hesperia-Olive Street","85","500.0000","44201","Ozone","014","40140","Riverside-San Bernardino-Ontario, CA","06","California","071","San Bernardino","34.41651","-117.28563"
"04/13/2024","AQS","060714001","1","0.054","ppm","50","Hesperia-Olive Street","85","500.0000","44201","Ozone","014","40140","Riverside-San Bernardino-Ontario, CA","06","California","071","San Bernardino","34.41651","-117.28563"
"04/14/2024","AQS","060714001","1","0.05","ppm","46","Hesperia-Olive Street","85","500.0000","44201","Ozone","014","40140","Riverside-San Bernardino-Ontario, CA","06","California","071","San Bernardino","34.41651","-117.28563"
"04/15/2024","AQS","060714001","1","0.058","ppm","61","Hesperia-Olive Street","85","500.0000","44201","Ozone","014","40140","Riverside-San Bernardino-Ontario, CA","06","California","071","San Bernardino","34.41651","-117.28563"
"04/16/2024","AQS","060714001","1","0.062","ppm","74","Hesperia-Olive Street","85","500.0000","44201","Ozone","014","40140","Riverside-San Bernardino-Ontario, CA","06","California","071","San Bernardino","34.41651","-117.28563"
"04/17/2024","AQS","060714001","1","0.078","ppm","126","Hesperia-Olive Street","85","500.0000","44201","Ozone","014","40140","Riverside-San Bernardino-Ontario, CA","06","California","071","San Bernardino","34.41651","-117.28563"
"04/18/2024","AQS","060714001","1","0.068","ppm","93","Hesperia-Olive Street","85","500.0000","44201","Ozone","014","40140","Riverside-San Bernardino-Ontario, CA","06","California","071","San Bernardino","34.41651","-117.28563"
"04/19/2024","AQS","060714001","1","0.059","ppm","64","Hesperia-Olive Street","85","500.0000","44201","Ozone","014","40140","Riverside-San Bernardino-Ontario, CA","06","California","071","San Bernardino","34.41651","-117.28563"
"04/20/2024","AQS","060714001","1","0.063","ppm","77","Hesperia-Olive Street","85","500.0000","44201","Ozone","014","40140","Riverside-San Bernardino-Ontario, CA","06","California","071","San Bernardino","34.41651","-117.28563"
"04/21/2024","AQS","060714001","1","0.066","ppm","87","Hesperia-Olive Street","85","500.0000","44201","Ozone","014","40140","Riverside-San Bernardino-Ontario, CA","06","California","071","San Bernardino","34.41651","-117.28563"
"04/22/2024","AQS","060714001","1","0.072","ppm","105","Hesperia-Olive Street","85","500.0000","44201","Ozone","014","40140","Riverside-San Bernardino-Ontario, CA","06","California","071","San Bernardino","34.41651","-117.28563"
"04/23/2024","AQS","060714001","1","0.048","ppm","44","Hesperia-Olive Street","85","500.0000","44201","Ozone","014","40140","Riverside-San Bernardino-Ontario, CA","06","California","071","San Bernardino","34.41651","-117.28563"
"04/24/2024","AQS","060714001","1","0.053","ppm","49","Hesperia-Olive Street","85","500.0000","44201","Ozone","014","40140","Riverside-San Bernardino-Ontario, CA","06","California","071","San Bernardino","34.41651","-117.28563"
"04/25/2024","AQS","060714001","1","0.047","ppm","44","Hesperia-Olive Street","85","500.0000","44201","Ozone","014","40140","Riverside-San Bernardino-Ontario, CA","06","California","071","San Bernardino","34.41651","-117.28563"
"04/26/2024","AQS","060714001","1","0.042","ppm","39","Hesperia-Olive Street","85","500.0000","44201","Ozone","014","40140","Riverside-San Bernardino-Ontario, CA","06","California","071","San Bernardino","34.41651","-117.28563"
"04/27/2024","AQS","060714001","1","0.053","ppm","49","Hesperia-Olive Street","85","500.0000","44201","Ozone","014","40140","Riverside-San Bernardino-Ontario, CA","06","California","071","San Bernardino","34.41651","-117.28563"
"04/28/2024","AQS","060714001","1","0.057","ppm","58","Hesperia-Olive Street","85","500.0000","44201","Ozone","014","40140","Riverside-San Bernardino-Ontario, CA","06","California","071","San Bernardino","34.41651","-117.28563"
"04/29/2024","AQS","060714001","1","0.067","ppm","90","Hesperia-Olive Street","85","500.0000","44201","Ozone","014","40140","Riverside-San Bernardino-Ontario, CA","06","California","071","San Bernardino","34.41651","-117.28563"
"04/30/2024","AQS","060714001","1","0.076","ppm","119","Hesperia-Olive Street","85","500.0000","44201","Ozone","014","40140","Riverside-San Bernardino-Ontario, CA","06","California","071","San Bernardino","34.41651","-117.28563"
"05/01/2024","AQS","060714001","1","0.056","ppm","54","Hesperia-Olive Street","55","324.0000","44201","Ozone","014","40140","Riverside-San Bernardino-Ontario, CA","06","California","071","San Bernardino","34.41651","-117.28563"
"05/02/2024","AQS","060714001","1","0.065","ppm","84","Hesperia-Olive Street","85","500.0000","44201","Ozone","014","40140","Riverside-San Bernardino-Ontario, CA","06","California","071","San Bernardino","34.41651","-117.28563"
"05/03/2024","AQS","060714001","1","0.065","ppm","84","Hesperia-Olive Street","85","500.0000","44201","Ozone","014","40140","Riverside-San Bernardino-Ontario, CA","06","California","071","San Bernardino","34.41651","-117.28563"
"05/04/2024","AQS","060714001","1","0.052","ppm","48","Hesperia-Olive Street","85","500.0000","44201","Ozone","014","40140","Riverside-San Bernardino-Ontario, CA","06","California","071","San Bernardino","34.41651","-117.28563"
"05/05/2024","AQS","060714001","1","0.055","ppm","51","Hesperia-Olive Street","85","500.0000","44201","Ozone","014","40140","Riverside-San Bernardino-Ontario, CA","06","California","071","San Bernardino","34.41651","-117.28563"
"05/06/2024","AQS","060714001","1","0.054","ppm","50","Hesperia-Olive Street","85","500.0000","44201","Ozone","014","40140","Riverside-San Bernardino-Ontario, CA","06","California","071","San Bernardino","34.41651","-117.28563"
"05/07/2024","AQS","060714001","1","0.07","ppm","100","Hesperia-Olive Street","85","500.0000","44201","Ozone","014","40140","Riverside-San Bernardino-Ontario, CA","06","California","071","San Bernardino","34.41651","-117.28563"
"05/08/2024","AQS","060714001","1","0.054","ppm","50","Hesperia-Olive Street","85","500.0000","44201","Ozone","014","40140","Riverside-San Bernardino-Ontario, CA","06","California","071","San Bernardino","34.41651","-117.28563"
"05/09/2024","AQS","060714001","1","0.049","ppm","45","Hesperia-Olive Street","85","500.0000","44201","Ozone","014","40140","Riverside-San Bernardino-Ontario, CA","06","California","071","San Bernardino","34.41651","-117.28563"
"05/10/2024","AQS","060714001","1","0.049","ppm","45","Hesperia-Olive Street","85","500.0000","44201","Ozone","014","40140","Riverside-San Bernardino-Ontario, CA","06","California","071","San Bernardino","34.41651","-117.28563"
"05/11/2024","AQS","060714001","1","0.058","ppm","61","Hesperia-Olive Street","85","500.0000","44201","Ozone","014","40140","Riverside-San Bernardino-Ontario, CA","06","California","071","San Bernardino","34.41651","-117.28563"
"05/12/2024","AQS","060714001","1","0.066","ppm","87","Hesperia-Olive Street","85","500.0000","44201","Ozone","014","40140","Riverside-San Bernardino-Ontario, CA","06","California","071","San Bernardino","34.41651","-117.28563"
"05/13/2024","AQS","060714001","1","0.07","ppm","100","Hesperia-Olive Street","85","500.0000","44201","Ozone","014","40140","Riverside-San Bernardino-Ontario, CA","06","California","071","San Bernardino","34.41651","-117.28563"
"05/14/2024","AQS","060714001","1","0.07","ppm","100","Hesperia-Olive Street","85","500.0000","44201","Ozone","014","40140","Riverside-San Bernardino-Ontario, CA","06","California","071","San Bernardino","34.41651","-117.28563"
"05/15/2024","AQS","060714001","1","0.069","ppm","97","Hesperia-Olive Street","85","500.0000","44201","Ozone","014","40140","Riverside-San Bernardino-Ontario, CA","06","California","071","San Bernardino","34.41651","-117.28563"
"05/16/2024","AQS","060714001","1","0.067","ppm","90","Hesperia-Olive Street","85","500.0000","44201","Ozone","014","40140","Riverside-San Bernardino-Ontario, CA","06","California","071","San Bernardino","34.41651","-117.28563"
"05/17/2024","AQS","060714001","1","0.061","ppm","71","Hesperia-Olive Street","85","500.0000","44201","Ozone","014","40140","Riverside-San Bernardino-Ontario, CA","06","California","071","San Bernardino","34.41651","-117.28563"
"05/18/2024","AQS","060714001","1","0.07","ppm","100","Hesperia-Olive Street","85","500.0000","44201","Ozone","014","40140","Riverside-San Bernardino-Ontario, CA","06","California","071","San Bernardino","34.41651","-117.28563"
"05/19/2024","AQS","060714001","1","0.069","ppm","97","Hesperia-Olive Street","85","500.0000","44201","Ozone","014","40140","Riverside-San Bernardino-Ontario, CA","06","California","071","San Bernardino","34.41651","-117.28563"
"05/20/2024","AQS","060714001","1","0.055","ppm","51","Hesperia-Olive Street","85","500.0000","44201","Ozone","014","40140","Riverside-San Bernardino-Ontario, CA","06","California","071","San Bernardino","34.41651","-117.28563"
"05/21/2024","AQS","060714001","1","0.064","ppm","80","Hesperia-Olive Street","85","500.0000","44201","Ozone","014","40140","Riverside-San Bernardino-Ontario, CA","06","California","071","San Bernardino","34.41651","-117.28563"
"05/22/2024","AQS","060714001","1","0.073","ppm","108","Hesperia-Olive Street","85","500.0000","44201","Ozone","014","40140","Riverside-San Bernardino-Ontario, CA","06","California","071","San Bernardino","34.41651","-117.28563"
"05/23/2024","AQS","060714001","1","0.053","ppm","49","Hesperia-Olive Street","85","500.0000","44201","Ozone","014","40140","Riverside-San Bernardino-Ontario, CA","06","California","071","San Bernardino","34.41651","-117.28563"
"05/24/2024","AQS","060714001","1","0.051","ppm","47","Hesperia-Olive Street","85","500.0000","44201","Ozone","014","40140","Riverside-San Bernardino-Ontario, CA","06","California","071","San Bernardino","34.41651","-117.28563"
"05/25/2024","AQS","060714001","1","0.05","ppm","46","Hesperia-Olive Street","85","500.0000","44201","Ozone","014","40140","Riverside-San Bernardino-Ontario, CA","06","California","071","San Bernardino","34.41651","-117.28563"
"05/26/2024","AQS","060714001","1","0.059","ppm","64","Hesperia-Olive Street","85","500.0000","44201","Ozone","014","40140","Riverside-San Bernardino-Ontario, CA","06","California","071","San Bernardino","34.41651","-117.28563"
"05/27/2024","AQS","060714001","1","0.053","ppm","49","Hesperia-Olive Street","85","500.0000","44201","Ozone","014","40140","Riverside-San Bernardino-Ontario, CA","06","California","071","San Bernardino","34.41651","-117.28563"
"05/28/2024","AQS","060714001","1","0.064","ppm","80","Hesperia-Olive Street","85","500.0000","44201","Ozone","014","40140","Riverside-San Bernardino-Ontario, CA","06","California","071","San Bernardino","34.41651","-117.28563"
"05/29/2024","AQS","060714001","1","0.071","ppm","101","Hesperia-Olive Street","85","500.0000","44201","Ozone","014","40140","Riverside-San Bernardino-Ontario, CA","06","California","071","San Bernardino","34.41651","-117.28563"
"05/30/2024","AQS","060714001","1","0.076","ppm","119","Hesperia-Olive Street","85","500.0000","44201","Ozone","014","40140","Riverside-San Bernardino-Ontario, CA","06","California","071","San Bernardino","34.41651","-117.28563"
"05/31/2024","AQS","060714001","1","0.074","ppm","112","Hesperia-Olive Street","85","500.0000","44201","Ozone","014","40140","Riverside-San Bernardino-Ontario, CA","06","California","071","San Bernardino","34.41651","-117.28563"
"06/01/2024","AQS","060714001","1","0.073","ppm","108","Hesperia-Olive Street","85","500.0000","44201","Ozone","014","40140","Riverside-San Bernardino-Ontario, CA","06","California","071","San Bernardino","34.41651","-117.28563"
"06/02/2024","AQS","060714001","1","0.055","ppm","51","Hesperia-Olive Street","85","500.0000","44201","Ozone","014","40140","Riverside-San Bernardino-Ontario, CA","06","California","071","San Bernardino","34.41651","-117.28563"
"06/03/2024","AQS","060714001","1","0.057","ppm","58","Hesperia-Olive Street","85","500.0000","44201","Ozone","014","40140","Riverside-San Bernardino-Ontario, CA","06","California","071","San Bernardino","34.41651","-117.28563"
"06/04/2024","AQS","060714001","1","0.065","ppm","84","Hesperia-Olive Street","85","500.0000","44201","Ozone","014","40140","Riverside-San Bernardino-Ontario, CA","06","California","071","San Bernardino","34.41651","-117.28563"
"06/05/2024","AQS","060714001","1","0.073","ppm","108","Hesperia-Olive Street","85","500.0000","44201","Ozone","014","40140","Riverside-San Bernardino-Ontario, CA","06","California","071","San Bernardino","34.41651","-117.28563"
"06/06/2024","AQS","060714001","1","0.077","ppm","122","Hesperia-Olive Street","85","500.0000","44201","Ozone","014","40140","Riverside-San Bernardino-Ontario, CA","06","California","071","San Bernardino","34.41651","-117.28563"
"06/07/2024","AQS","060714001","1","0.077","ppm","122","Hesperia-Olive Street","85","500.0000","44201","Ozone","014","40140","Riverside-San Bernardino-Ontario, CA","06","California","071","San Bernardino","34.41651","-117.28563"
"06/08/2024","AQS","060714001","1","0.063","ppm","77","Hesperia-Olive Street","85","500.0000","44201","Ozone","014","40140","Riverside-San Bernardino-Ontario, CA","06","California","071","San Bernardino","34.41651","-117.28563"
"06/09/2024","AQS","060714001","1","0.058","ppm","61","Hesperia-Olive Street","85","500.0000","44201","Ozone","014","40140","Riverside-San Bernardino-Ontario, CA","06","California","071","San Bernardino","34.41651","-117.28563"
"06/10/2024","AQS","060714001","1","0.052","ppm","48","Hesperia-Olive Street","85","500.0000","44201","Ozone","014","40140","Riverside-San Bernardino-Ontario, CA","06","California","071","San Bernardino","34.41651","-117.28563"
"06/11/2024","AQS","060714001","1","0.064","ppm","80","Hesperia-Olive Street","85","500.0000","44201","Ozone","014","40140","Riverside-San Bernardino-Ontario, CA","06","California","071","San Bernardino","34.41651","-117.28563"
"06/12/2024","AQS","060714001","1","0.078","ppm","126","Hesperia-Olive Street","85","500.0000","44201","Ozone","014","40140","Riverside-San Bernardino-Ontario, CA","06","California","071","San Bernardino","34.41651","-117.28563"
"06/13/2024","AQS","060714001","1","0.061","ppm","71","Hesperia-Olive Street","85","500.0000","44201","Ozone","014","40140","Riverside-San Bernardino-Ontario, CA","06","California","071","San Bernardino","34.41651","-117.28563"
"06/14/2024","AQS","060714001","1","0.069","ppm","97","Hesperia-Olive Street","85","500.0000","44201","Ozone","014","40140","Riverside-San Bernardino-Ontario, CA","06","California","071","San Bernardino","34.41651","-117.28563"
"06/15/2024","AQS","060714001","1","0.081","ppm","136","Hesperia-Olive Street","85","500.0000","44201","Ozone","014","40140","Riverside-San Bernardino-Ontario, CA","06","California","071","San Bernardino","34.41651","-117.28563"
"06/16/2024","AQS","060714001","1","0.083","ppm","143","Hesperia-Olive Street","85","500.0000","44201","Ozone","014","40140","Riverside-San Bernardino-Ontario, CA","06","California","071","San Bernardino","34.41651","-117.28563"
"06/17/2024","AQS","060714001","1","0.069","ppm","97","Hesperia-Olive Street","55","324.0000","44201","Ozone","014","40140","Riverside-San Bernardino-Ontario, CA","06","California","071","San Bernardino","34.41651","-117.28563"
"06/18/2024","AQS","060714001","1","0.066","ppm","87","Hesperia-Olive Street","85","500.0000","44201","Ozone","014","40140","Riverside-San Bernardino-Ontario, CA","06","California","071","San Bernardino","34.41651","-117.28563"
"06/19/2024","AQS","060714001","1","0.073","ppm","108","Hesperia-Olive Street","85","500.0000","44201","Ozone","014","40140","Riverside-San Bernardino-Ontario, CA","06","California","071","San Bernardino","34.41651","-117.28563"
"06/20/2024","AQS","060714001","1","0.074","ppm","112","Hesperia-Olive Street","85","500.0000","44201","Ozone","014","40140","Riverside-San Bernardino-Ontario, CA","06","California","071","San Bernardino","34.41651","-117.28563"
"06/21/2024","AQS","060714001","1","0.086","ppm","151","Hesperia-Olive Street","85","500.0000","44201","Ozone","014","40140","Riverside-San Bernardino-Ontario, CA","06","California","071","San Bernardino","34.41651","-117.28563"
"06/22/2024","AQS","060714001","1","0.078","ppm","126","Hesperia-Olive Street","85","500.0000","44201","Ozone","014","40140","Riverside-San Bernardino-Ontario, CA","06","California","071","San Bernardino","34.41651","-117.28563"
"06/23/2024","AQS","060714001","1","0.078","ppm","126","Hesperia-Olive Street","85","500.0000","44201","Ozone","014","40140","Riverside-San Bernardino-Ontario, CA","06","California","071","San Bernardino","34.41651","-117.28563"
"06/24/2024","AQS","060714001","1","0.082","ppm","140","Hesperia-Olive Street","85","500.0000","44201","Ozone","014","40140","Riverside-San Bernardino-Ontario, CA","06","California","071","San Bernardino","34.41651","-117.28563"
"06/25/2024","AQS","060714001","1","0.075","ppm","115","Hesperia-Olive Street","85","500.0000","44201","Ozone","014","40140","Riverside-San Bernardino-Ontario, CA","06","California","071","San Bernardino","34.41651","-117.28563"
"06/26/2024","AQS","060714001","1","0.07","ppm","100","Hesperia-Olive Street","85","500.0000","44201","Ozone","014","40140","Riverside-San Bernardino-Ontario, CA","06","California","071","San Bernardino","34.41651","-117.28563"
"06/27/2024","AQS","060714001","1","0.079","ppm","129","Hesperia-Olive Street","85","500.0000","44201","Ozone","014","40140","Riverside-San Bernardino-Ontario, CA","06","California","071","San Bernardino","34.41651","-117.28563"
"06/28/2024","AQS","060714001","1","0.077","ppm","122","Hesperia-Olive Street","85","500.0000","44201","Ozone","014","40140","Riverside-San Bernardino-Ontario, CA","06","California","071","San Bernardino","34.41651","-117.28563"
"06/29/2024","AQS","060714001","1","0.062","ppm","74","Hesperia-Olive Street","85","500.0000","44201","Ozone","014","40140","Riverside-San Bernardino-Ontario, CA","06","California","071","San Bernardino","34.41651","-117.28563"
"06/30/2024","AQS","060714001","1","0.06","ppm","67","Hesperia-Olive Street","85","500.0000","44201","Ozone","014","40140","Riverside-San Bernardino-Ontario, CA","06","California","071","San Bernardino","34.41651","-117.28563"
"07/01/2024","AQS","060714001","1","0.078","ppm","126","Hesperia-Olive Street","85","500.0000","44201","Ozone","014","40140","Riverside-San Bernardino-Ontario, CA","06","California","071","San Bernardino","34.41651","-117.28563"
"07/02/2024","AQS","060714001","1","0.096","ppm","177","Hesperia-Olive Street","85","500.0000","44201","Ozone","014","40140","Riverside-San Bernardino-Ontario, CA","06","California","071","San Bernardino","34.41651","-117.28563"
"07/03/2024","AQS","060714001","1","0.06","ppm","67","Hesperia-Olive Street","85","500.0000","44201","Ozone","014","40140","Riverside-San Bernardino-Ontario, CA","06","California","071","San Bernardino","34.41651","-117.28563"
"07/04/2024","AQS","060714001","1","0.073","ppm","108","Hesperia-Olive Street","85","500.0000","44201","Ozone","014","40140","Riverside-San Bernardino-Ontario, CA","06","California","071","San Bernardino","34.41651","-117.28563"
"07/05/2024","AQS","060714001","1","0.067","ppm","90","Hesperia-Olive Street","85","500.0000","44201","Ozone","014","40140","Riverside-San Bernardino-Ontario, CA","06","California","071","San Bernardino","34.41651","-117.28563"
"07/06/2024","AQS","060714001","1","0.073","ppm","108","Hesperia-Olive Street","85","500.0000","44201","Ozone","014","40140","Riverside-San Bernardino-Ontario, CA","06","California","071","San Bernardino","34.41651","-117.28563"
"07/07/2024","AQS","060714001","1","0.076","ppm","119","Hesperia-Olive Street","85","500.0000","44201","Ozone","014","40140","Riverside-San Bernardino-Ontario, CA","06","California","071","San Bernardino","34.41651","-117.28563"
"07/08/2024","AQS","060714001","1","0.088","ppm","156","Hesperia-Olive Street","85","500.0000","44201","Ozone","014","40140","Riverside-San Bernardino-Ontario, CA","06","California","071","San Bernardino","34.41651","-117.28563"
"07/09/2024","AQS","060714001","1","0.094","ppm","172","Hesperia-Olive Street","85","500.0000","44201","Ozone","014","40140","Riverside-San Bernardino-Ontario, CA","06","California","071","San Bernardino","34.41651","-117.28563"
"07/10/2024","AQS","060714001","1","0.078","ppm","126","Hesperia-Olive Street","85","500.0000","44201","Ozone","014","40140","Riverside-San Bernardino-Ontario, CA","06","California","071","San Bernardino","34.41651","-117.28563"
"07/11/2024","AQS","060714001","1","0.106","ppm","201","Hesperia-Olive Street","85","500.0000","44201","Ozone","014","40140","Riverside-San Bernardino-Ontario, CA","06","California","071","San Bernardino","34.41651","-117.28563"
"07/12/2024","AQS","060714001","1","0.096","ppm","177","Hesperia-Olive Street","85","500.0000","44201","Ozone","014","40140","Riverside-San Bernardino-Ontario, CA","06","California","071","San Bernardino","34.41651","-117.28563"
"07/13/2024","AQS","060714001","1","0.075","ppm","115","Hesperia-Olive Street","85","500.0000","44201","Ozone","014","40140","Riverside-San Bernardino-Ontario, CA","06","California","071","San Bernardino","34.41651","-117.28563"
"07/14/2024","AQS","060714001","1","0.066","ppm","87","Hesperia-Olive Street","85","500.0000","44201","Ozone","014","40140","Riverside-San Bernardino-Ontario, CA","06","California","071","San Bernardino","34.41651","-117.28563"
"07/15/2024","AQS","060714001","1","0.068","ppm","93","Hesperia-Olive Street","85","500.0000","44201","Ozone","014","40140","Riverside-San Bernardino-Ontario, CA","06","California","071","San Bernardino","34.41651","-117.28563"
"07/16/2024","AQS","060714001","1","0.078","ppm","126","Hesperia-Olive Street","85","500.0000","44201","Ozone","014","40140","Riverside-San Bernardino-Ontario, CA","06","California","071","San Bernardino","34.41651","-117.28563"
"07/17/2024","AQS","060714001","1","0.082","ppm","140","Hesperia-Olive Street","85","500.0000","44201","Ozone","014","40140","Riverside-San Bernardino-Ontario, CA","06","California","071","San Bernardino","34.41651","-117.28563"
"07/18/2024","AQS","060714001","1","0.074","ppm","112","Hesperia-Olive Street","85","500.0000","44201","Ozone","014","40140","Riverside-San Bernardino-Ontario, CA","06","California","071","San Bernardino","34.41651","-117.28563"
"07/19/2024","AQS","060714001","1","0.075","ppm","115","Hesperia-Olive Street","85","500.0000","44201","Ozone","014","40140","Riverside-San Bernardino-Ontario, CA","06","California","071","San Bernardino","34.41651","-117.28563"
"07/20/2024","AQS","060714001","1","0.063","ppm","77","Hesperia-Olive Street","85","500.0000","44201","Ozone","014","40140","Riverside-San Bernardino-Ontario, CA","06","California","071","San Bernardino","34.41651","-117.28563"
"07/21/2024","AQS","060714001","1","0.058","ppm","61","Hesperia-Olive Street","85","500.0000","44201","Ozone","014","40140","Riverside-San Bernardino-Ontario, CA","06","California","071","San Bernardino","34.41651","-117.28563"
"07/22/2024","AQS","060714001","1","0.075","ppm","115","Hesperia-Olive Street","85","500.0000","44201","Ozone","014","40140","Riverside-San Bernardino-Ontario, CA","06","California","071","San Bernardino","34.41651","-117.28563"
"07/23/2024","AQS","060714001","1","0.077","ppm","122","Hesperia-Olive Street","85","500.0000","44201","Ozone","014","40140","Riverside-San Bernardino-Ontario, CA","06","California","071","San Bernardino","34.41651","-117.28563"
"07/24/2024","AQS","060714001","1","0.071","ppm","101","Hesperia-Olive Street","85","500.0000","44201","Ozone","014","40140","Riverside-San Bernardino-Ontario, CA","06","California","071","San Bernardino","34.41651","-117.28563"
"07/25/2024","AQS","060714001","1","0.082","ppm","140","Hesperia-Olive Street","85","500.0000","44201","Ozone","014","40140","Riverside-San Bernardino-Ontario, CA","06","California","071","San Bernardino","34.41651","-117.28563"
"07/26/2024","AQS","060714001","1","0.06","ppm","67","Hesperia-Olive Street","85","500.0000","44201","Ozone","014","40140","Riverside-San Bernardino-Ontario, CA","06","California","071","San Bernardino","34.41651","-117.28563"
"07/27/2024","AQS","060714001","1","0.06","ppm","67","Hesperia-Olive Street","85","500.0000","44201","Ozone","014","40140","Riverside-San Bernardino-Ontario, CA","06","California","071","San Bernardino","34.41651","-117.28563"
"07/28/2024","AQS","060714001","1","0.062","ppm","74","Hesperia-Olive Street","85","500.0000","44201","Ozone","014","40140","Riverside-San Bernardino-Ontario, CA","06","California","071","San Bernardino","34.41651","-117.28563"
"07/29/2024","AQS","060714001","1","0.06","ppm","67","Hesperia-Olive Street","85","500.0000","44201","Ozone","014","40140","Riverside-San Bernardino-Ontario, CA","06","California","071","San Bernardino","34.41651","-117.28563"
"07/30/2024","AQS","060714001","1","0.081","ppm","136","Hesperia-Olive Street","85","500.0000","44201","Ozone","014","40140","Riverside-San Bernardino-Ontario, CA","06","California","071","San Bernardino","34.41651","-117.28563"
"07/31/2024","AQS","060714001","1","0.077","ppm","122","Hesperia-Olive Street","85","500.0000","44201","Ozone","014","40140","Riverside-San Bernardino-Ontario, CA","06","California","071","San Bernardino","34.41651","-117.28563"
"08/01/2024","AQS","060714001","1","0.064","ppm","80","Hesperia-Olive Street","85","500.0000","44201","Ozone","014","40140","Riverside-San Bernardino-Ontario, CA","06","California","071","San Bernardino","34.41651","-117.28563"
"08/02/2024","AQS","060714001","1","0.071","ppm","101","Hesperia-Olive Street","85","500.0000","44201","Ozone","014","40140","Riverside-San Bernardino-Ontario, CA","06","California","071","San Bernardino","34.41651","-117.28563"
"08/03/2024","AQS","060714001","1","0.058","ppm","61","Hesperia-Olive Street","85","500.0000","44201","Ozone","014","40140","Riverside-San Bernardino-Ontario, CA","06","California","071","San Bernardino","34.41651","-117.28563"
"08/04/2024","AQS","060714001","1","0.068","ppm","93","Hesperia-Olive Street","85","500.0000","44201","Ozone","014","40140","Riverside-San Bernardino-Ontario, CA","06","California","071","San Bernardino","34.41651","-117.28563"
"08/05/2024","AQS","060714001","1","0.06","ppm","67","Hesperia-Olive Street","85","500.0000","44201","Ozone","014","40140","Riverside-San Bernardino-Ontario, CA","06","California","071","San Bernardino","34.41651","-117.28563"
"08/06/2024","AQS","060714001","1","0.078","ppm","126","Hesperia-Olive Street","85","500.0000","44201","Ozone","014","40140","Riverside-San Bernardino-Ontario, CA","06","California","071","San Bernardino","34.41651","-117.28563"
"08/07/2024","AQS","060714001","1","0.072","ppm","105","Hesperia-Olive Street","85","500.0000","44201","Ozone","014","40140","Riverside-San Bernardino-Ontario, CA","06","California","071","San Bernardino","34.41651","-117.28563"
"08/08/2024","AQS","060714001","1","0.084","ppm","147","Hesperia-Olive Street","85","500.0000","44201","Ozone","014","40140","Riverside-San Bernardino-Ontario, CA","06","California","071","San Bernardino","34.41651","-117.28563"
"08/09/2024","AQS","060714001","1","0.076","ppm","119","Hesperia-Olive Street","85","500.0000","44201","Ozone","014","40140","Riverside-San Bernardino-Ontario, CA","06","California","071","San Bernardino","34.41651","-117.28563"
"08/10/2024","AQS","060714001","1","0.076","ppm","119","Hesperia-Olive Street","85","500.0000","44201","Ozone","014","40140","Riverside-San Bernardino-Ontario, CA","06","California","071","San Bernardino","34.41651","-117.28563"
"08/11/2024","AQS","060714001","1","0.062","ppm","74","Hesperia-Olive Street","85","500.0000","44201","Ozone","014","40140","Riverside-San Bernardino-Ontario, CA","06","California","071","San Bernardino","34.41651","-117.28563"
"08/12/2024","AQS","060714001","1","0.062","ppm","74","Hesperia-Olive Street","85","500.0000","44201","Ozone","014","40140","Riverside-San Bernardino-Ontario, CA","06","California","071","San Bernardino","34.41651","-117.28563"
"08/13/2024","AQS","060714001","1","0.054","ppm","50","Hesperia-Olive Street","85","500.0000","44201","Ozone","014","40140","Riverside-San Bernardino-Ontario, CA","06","California","071","San Bernardino","34.41651","-117.28563"
"08/14/2024","AQS","060714001","1","0.07","ppm","100","Hesperia-Olive Street","85","500.0000","44201","Ozone","014","40140","Riverside-San Bernardino-Ontario, CA","06","California","071","San Bernardino","34.41651","-117.28563"
"08/15/2024","AQS","060714001","1","0.085","ppm","150","Hesperia-Olive Street","85","500.0000","44201","Ozone","014","40140","Riverside-San Bernardino-Ontario, CA","06","California","071","San Bernardino","34.41651","-117.28563"
"08/16/2024","AQS","060714001","1","0.088","ppm","156","Hesperia-Olive Street","85","500.0000","44201","Ozone","014","40140","Riverside-San Bernardino-Ontario, CA","06","California","071","San Bernardino","34.41651","-117.28563"
"08/17/2024","AQS","060714001","1","0.067","ppm","90","Hesperia-Olive Street","85","500.0000","44201","Ozone","014","40140","Riverside-San Bernardino-Ontario, CA","06","California","071","San Bernardino","34.41651","-117.28563"
"08/18/2024","AQS","060714001","1","0.073","ppm","108","Hesperia-Olive Street","85","500.0000","44201","Ozone","014","40140","Riverside-San Bernardino-Ontario, CA","06","California","071","San Bernardino","34.41651","-117.28563"
"08/19/2024","AQS","060714001","1","0.078","ppm","126","Hesperia-Olive Street","85","500.0000","44201","Ozone","014","40140","Riverside-San Bernardino-Ontario, CA","06","California","071","San Bernardino","34.41651","-117.28563"
"08/20/2024","AQS","060714001","1","0.08","ppm","133","Hesperia-Olive Street","85","500.0000","44201","Ozone","014","40140","Riverside-San Bernardino-Ontario, CA","06","California","071","San Bernardino","34.41651","-117.28563"
"08/21/2024","AQS","060714001","1","0.078","ppm","126","Hesperia-Olive Street","85","500.0000","44201","Ozone","014","40140","Riverside-San Bernardino-Ontario, CA","06","California","071","San Bernardino","34.41651","-117.28563"
"08/22/2024","AQS","060714001","1","0.072","ppm","105","Hesperia-Olive Street","85","500.0000","44201","Ozone","014","40140","Riverside-San Bernardino-Ontario, CA","06","California","071","San Bernardino","34.41651","-117.28563"
"08/23/2024","AQS","060714001","1","0.062","ppm","74","Hesperia-Olive Street","85","500.0000","44201","Ozone","014","40140","Riverside-San Bernardino-Ontario, CA","06","California","071","San Bernardino","34.41651","-117.28563"
"08/24/2024","AQS","060714001","1","0.061","ppm","71","Hesperia-Olive Street","85","500.0000","44201","Ozone","014","40140","Riverside-San Bernardino-Ontario, CA","06","California","071","San Bernardino","34.41651","-117.28563"
"08/25/2024","AQS","060714001","1","0.064","ppm","80","Hesperia-Olive Street","85","500.0000","44201","Ozone","014","40140","Riverside-San Bernardino-Ontario, CA","06","California","071","San Bernardino","34.41651","-117.28563"
"08/26/2024","AQS","060714001","1","0.061","ppm","71","Hesperia-Olive Street","85","500.0000","44201","Ozone","014","40140","Riverside-San Bernardino-Ontario, CA","06","California","071","San Bernardino","34.41651","-117.28563"
"08/27/2024","AQS","060714001","1","0.089","ppm","159","Hesperia-Olive Street","85","500.0000","44201","Ozone","014","40140","Riverside-San Bernardino-Ontario, CA","06","California","071","San Bernardino","34.41651","-117.28563"
"08/28/2024","AQS","060714001","1","0.072","ppm","105","Hesperia-Olive Street","85","500.0000","44201","Ozone","014","40140","Riverside-San Bernardino-Ontario, CA","06","California","071","San Bernardino","34.41651","-117.28563"
"08/29/2024","AQS","060714001","1","0.061","ppm","71","Hesperia-Olive Street","85","500.0000","44201","Ozone","014","40140","Riverside-San Bernardino-Ontario, CA","06","California","071","San Bernardino","34.41651","-117.28563"
"08/30/2024","AQS","060714001","1","0.058","ppm","61","Hesperia-Olive Street","85","500.0000","44201","Ozone","014","40140","Riverside-San Bernardino-Ontario, CA","06","California","071","San Bernardino","34.41651","-117.28563"
"08/31/2024","AQS","060714001","1","0.056","ppm","54","Hesperia-Olive Street","85","500.0000","44201","Ozone","014","40140","Riverside-San Bernardino-Ontario, CA","06","California","071","San Bernardino","34.41651","-117.28563"
"09/01/2024","AQS","060714001","1","0.055","ppm","51","Hesperia-Olive Street","85","500.0000","44201","Ozone","014","40140","Riverside-San Bernardino-Ontario, CA","06","California","071","San Bernardino","34.41651","-117.28563"
"09/02/2024","AQS","060714001","1","0.063","ppm","77","Hesperia-Olive Street","85","500.0000","44201","Ozone","014","40140","Riverside-San Bernardino-Ontario, CA","06","California","071","San Bernardino","34.41651","-117.28563"
"09/03/2024","AQS","060714001","1","0.07","ppm","100","Hesperia-Olive Street","85","500.0000","44201","Ozone","014","40140","Riverside-San Bernardino-Ontario, CA","06","California","071","San Bernardino","34.41651","-117.28563"
"09/04/2024","AQS","060714001","1","0.069","ppm","97","Hesperia-Olive Street","85","500.0000","44201","Ozone","014","40140","Riverside-San Bernardino-Ontario, CA","06","California","071","San Bernardino","34.41651","-117.28563"
"09/05/2024","AQS","060714001","1","0.066","ppm","87","Hesperia-Olive Street","85","500.0000","44201","Ozone","014","40140","Riverside-San Bernardino-Ontario, CA","06","California","071","San Bernardino","34.41651","-117.28563"
"09/06/2024","AQS","060714001","1","0.064","ppm","80","Hesperia-Olive Street","85","500.0000","44201","Ozone","014","40140","Riverside-San Bernardino-Ontario, CA","06","California","071","San Bernardino","34.41651","-117.28563"
"09/07/2024","AQS","060714001","1","0.082","ppm","140","Hesperia-Olive Street","85","500.0000","44201","Ozone","014","40140","Riverside-San Bernardino-Ontario, CA","06","California","071","San Bernardino","34.41651","-117.28563"
"09/08/2024","AQS","060714001","1","0.064","ppm","80","Hesperia-Olive Street","85","500.0000","44201","Ozone","014","40140","Riverside-San Bernardino-Ontario, CA","06","California","071","San Bernardino","34.41651","-117.28563"
"09/09/2024","AQS","060714001","1","0.075","ppm","115","Hesperia-Olive Street","85","500.0000","44201","Ozone","014","40140","Riverside-San Bernardino-Ontario, CA","06","California","071","San Bernardino","34.41651","-117.28563"
"09/10/2024","AQS","060714001","1","0.073","ppm","108","Hesperia-Olive Street","85","500.0000","44201","Ozone","014","40140","Riverside-San Bernardino-Ontario, CA","06","California","071","San Bernardino","34.41651","-117.28563"
"09/11/2024","AQS","060714001","1","0.067","ppm","90","Hesperia-Olive Street","85","500.0000","44201","Ozone","014","40140","Riverside-San Bernardino-Ontario, CA","06","California","071","San Bernardino","34.41651","-117.28563"
"09/12/2024","AQS","060714001","1","0.066","ppm","87","Hesperia-Olive Street","85","500.0000","44201","Ozone","014","40140","Riverside-San Bernardino-Ontario, CA","06","California","071","San Bernardino","34.41651","-117.28563"
"09/13/2024","AQS","060714001","1","0.078","ppm","126","Hesperia-Olive Street","85","500.0000","44201","Ozone","014","40140","Riverside-San Bernardino-Ontario, CA","06","California","071","San Bernardino","34.41651","-117.28563"
"09/14/2024","AQS","060714001","1","0.075","ppm","115","Hesperia-Olive Street","85","500.0000","44201","Ozone","014","40140","Riverside-San Bernardino-Ontario, CA","06","California","071","San Bernardino","34.41651","-117.28563"
"09/15/2024","AQS","060714001","1","0.067","ppm","90","Hesperia-Olive Street","85","500.0000","44201","Ozone","014","40140","Riverside-San Bernardino-Ontario, CA","06","California","071","San Bernardino","34.41651","-117.28563"
"09/16/2024","AQS","060714001","1","0.053","ppm","49","Hesperia-Olive Street","85","500.0000","44201","Ozone","014","40140","Riverside-San Bernardino-Ontario, CA","06","California","071","San Bernardino","34.41651","-117.28563"
"09/17/2024","AQS","060714001","1","0.054","ppm","50","Hesperia-Olive Street","85","500.0000","44201","Ozone","014","40140","Riverside-San Bernardino-Ontario, CA","06","California","071","San Bernardino","34.41651","-117.28563"
"09/18/2024","AQS","060714001","1","0.065","ppm","84","Hesperia-Olive Street","85","500.0000","44201","Ozone","014","40140","Riverside-San Bernardino-Ontario, CA","06","California","071","San Bernardino","34.41651","-117.28563"
"09/19/2024","AQS","060714001","1","0.057","ppm","58","Hesperia-Olive Street","85","500.0000","44201","Ozone","014","40140","Riverside-San Bernardino-Ontario, CA","06","California","071","San Bernardino","34.41651","-117.28563"
"09/20/2024","AQS","060714001","1","0.054","ppm","50","Hesperia-Olive Street","85","500.0000","44201","Ozone","014","40140","Riverside-San Bernardino-Ontario, CA","06","California","071","San Bernardino","34.41651","-117.28563"
"09/21/2024","AQS","060714001","1","0.067","ppm","90","Hesperia-Olive Street","85","500.0000","44201","Ozone","014","40140","Riverside-San Bernardino-Ontario, CA","06","California","071","San Bernardino","34.41651","-117.28563"
"09/22/2024","AQS","060714001","1","0.066","ppm","87","Hesperia-Olive Street","85","500.0000","44201","Ozone","014","40140","Riverside-San Bernardino-Ontario, CA","06","California","071","San Bernardino","34.41651","-117.28563"
"09/23/2024","AQS","060714001","1","0.065","ppm","84","Hesperia-Olive Street","85","500.0000","44201","Ozone","014","40140","Riverside-San Bernardino-Ontario, CA","06","California","071","San Bernardino","34.41651","-117.28563"
"09/24/2024","AQS","060714001","1","0.061","ppm","71","Hesperia-Olive Street","85","500.0000","44201","Ozone","014","40140","Riverside-San Bernardino-Ontario, CA","06","California","071","San Bernardino","34.41651","-117.28563"
"09/25/2024","AQS","060714001","1","0.061","ppm","71","Hesperia-Olive Street","85","500.0000","44201","Ozone","014","40140","Riverside-San Bernardino-Ontario, CA","06","California","071","San Bernardino","34.41651","-117.28563"
"09/26/2024","AQS","060714001","1","0.065","ppm","84","Hesperia-Olive Street","85","500.0000","44201","Ozone","014","40140","Riverside-San Bernardino-Ontario, CA","06","California","071","San Bernardino","34.41651","-117.28563"
"09/27/2024","AQS","060714001","1","0.071","ppm","101","Hesperia-Olive Street","85","500.0000","44201","Ozone","014","40140","Riverside-San Bernardino-Ontario, CA","06","California","071","San Bernardino","34.41651","-117.28563"
"09/28/2024","AQS","060714001","1","0.078","ppm","126","Hesperia-Olive Street","85","500.0000","44201","Ozone","014","40140","Riverside-San Bernardino-Ontario, CA","06","California","071","San Bernardino","34.41651","-117.28563"
"09/29/2024","AQS","060714001","1","0.063","ppm","77","Hesperia-Olive Street","85","500.0000","44201","Ozone","014","40140","Riverside-San Bernardino-Ontario, CA","06","California","071","San Bernardino","34.41651","-117.28563"
"09/30/2024","AQS","060714001","1","0.062","ppm","74","Hesperia-Olive Street","55","324.0000","44201","Ozone","014","40140","Riverside-San Bernardino-Ontario, CA","06","California","071","San Bernardino","34.41651","-117.28563"
"10/01/2024","AirNow","060714001","1","0.059","ppm","64","Hesperia-Olive Street","24","100.0000","44201","Ozone","","40140","Riverside-San Bernardino-Ontario, CA","06","California","071","San Bernardino","34.41651","-117.28563"
"10/02/2024","AirNow","060714001","1","0.06","ppm","67","Hesperia-Olive Street","24","100.0000","44201","Ozone","","40140","Riverside-San Bernardino-Ontario, CA","06","California","071","San Bernardino","34.41651","-117.28563"
"10/03/2024","AirNow","060714001","1","0.064","ppm","80","Hesperia-Olive Street","24","100.0000","44201","Ozone","","40140","Riverside-San Bernardino-Ontario, CA","06","California","071","San Bernardino","34.41651","-117.28563"
"10/04/2024","AirNow","060714001","1","0.069","ppm","97","Hesperia-Olive Street","24","100.0000","44201","Ozone","","40140","Riverside-San Bernardino-Ontario, CA","06","California","071","San Bernardino","34.41651","-117.28563"
"10/05/2024","AirNow","060714001","1","0.064","ppm","80","Hesperia-Olive Street","24","100.0000","44201","Ozone","","40140","Riverside-San Bernardino-Ontario, CA","06","California","071","San Bernardino","34.41651","-117.28563"
"10/06/2024","AirNow","060714001","1","0.062","ppm","74","Hesperia-Olive Street","24","100.0000","44201","Ozone","","40140","Riverside-San Bernardino-Ontario, CA","06","California","071","San Bernardino","34.41651","-117.28563"
"10/07/2024","AirNow","060714001","1","0.067","ppm","90","Hesperia-Olive Street","24","100.0000","44201","Ozone","","40140","Riverside-San Bernardino-Ontario, CA","06","California","071","San Bernardino","34.41651","-117.28563"
"10/08/2024","AirNow","060714001","1","0.063","ppm","77","Hesperia-Olive Street","24","100.0000","44201","Ozone","","40140","Riverside-San Bernardino-Ontario, CA","06","California","071","San Bernardino","34.41651","-117.28563"
"10/09/2024","AirNow","060714001","1","0.061","ppm","71","Hesperia-Olive Street","24","100.0000","44201","Ozone","","40140","Riverside-San Bernardino-Ontario, CA","06","California","071","San Bernardino","34.41651","-117.28563"
"10/10/2024","AirNow","060714001","1","0.068","ppm","93","Hesperia-Olive Street","24","100.0000","44201","Ozone","","40140","Riverside-San Bernardino-Ontario, CA","06","California","071","San Bernardino","34.41651","-117.28563"
"10/11/2024","AirNow","060714001","1","0.056","ppm","54","Hesperia-Olive Street","24","100.0000","44201","Ozone","","40140","Riverside-San Bernardino-Ontario, CA","06","California","071","San Bernardino","34.41651","-117.28563"
"10/12/2024","AirNow","060714001","1","0.055","ppm","51","Hesperia-Olive Street","24","100.0000","44201","Ozone","","40140","Riverside-San Bernardino-Ontario, CA","06","California","071","San Bernardino","34.41651","-117.28563"
"10/13/2024","AirNow","060714001","1","0.059","ppm","64","Hesperia-Olive Street","24","100.0000","44201","Ozone","","40140","Riverside-San Bernardino-Ontario, CA","06","California","071","San Bernardino","34.41651","-117.28563"
"10/14/2024","AirNow","060714001","1","0.057","ppm","58","Hesperia-Olive Street","24","100.0000","44201","Ozone","","40140","Riverside-San Bernardino-Ontario, CA","06","California","071","San Bernardino","34.41651","-117.28563"
"10/15/2024","AirNow","060714001","1","0.057","ppm","58","Hesperia-Olive Street","24","100.0000","44201","Ozone","","40140","Riverside-San Bernardino-Ontario, CA","06","California","071","San Bernardino","34.41651","-117.28563"
"10/16/2024","AirNow","060714001","1","0.059","ppm","64","Hesperia-Olive Street","24","100.0000","44201","Ozone","","40140","Riverside-San Bernardino-Ontario, CA","06","California","071","San Bernardino","34.41651","-117.28563"
"10/17/2024","AirNow","060714001","1","0.045","ppm","42","Hesperia-Olive Street","24","100.0000","44201","Ozone","","40140","Riverside-San Bernardino-Ontario, CA","06","California","071","San Bernardino","34.41651","-117.28563"
"10/18/2024","AirNow","060714001","1","0.043","ppm","40","Hesperia-Olive Street","24","100.0000","44201","Ozone","","40140","Riverside-San Bernardino-Ontario, CA","06","California","071","San Bernardino","34.41651","-117.28563"
"10/19/2024","AirNow","060714001","1","0.045","ppm","42","Hesperia-Olive Street","24","100.0000","44201","Ozone","","40140","Riverside-San Bernardino-Ontario, CA","06","California","071","San Bernardino","34.41651","-117.28563"
"10/20/2024","AirNow","060714001","1","0.048","ppm","44","Hesperia-Olive Street","24","100.0000","44201","Ozone","","40140","Riverside-San Bernardino-Ontario, CA","06","California","071","San Bernardino","34.41651","-117.28563"
"10/21/2024","AirNow","060714001","1","0.052","ppm","48","Hesperia-Olive Street","24","100.0000","44201","Ozone","","40140","Riverside-San Bernardino-Ontario, CA","06","California","071","San Bernardino","34.41651","-117.28563"
"10/22/2024","AirNow","060714001","1","0.059","ppm","64","Hesperia-Olive Street","24","100.0000","44201","Ozone","","40140","Riverside-San Bernardino-Ontario, CA","06","California","071","San Bernardino","34.41651","-117.28563"
"10/23/2024","AirNow","060714001","1","0.066","ppm","87","Hesperia-Olive Street","24","100.0000","44201","Ozone","","40140","Riverside-San Bernardino-Ontario, CA","06","California","071","San Bernardino","34.41651","-117.28563"
"10/24/2024","AirNow","060714001","1","0.056","ppm","54","Hesperia-Olive Street","24","100.0000","44201","Ozone","","40140","Riverside-San Bernardino-Ontario, CA","06","California","071","San Bernardino","34.41651","-117.28563"
"10/25/2024","AirNow","060714001","1","0.066","ppm","87","Hesperia-Olive Street","24","100.0000","44201","Ozone","","40140","Riverside-San Bernardino-Ontario, CA","06","California","071","San Bernardino","34.41651","-117.28563"
"10/26/2024","AirNow","060714001","1","0.062","ppm","74","Hesperia-Olive Street","24","100.0000","44201","Ozone","","40140","Riverside-San Bernardino-Ontario, CA","06","California","071","San Bernardino","34.41651","-117.28563"
"10/27/2024","AirNow","060714001","1","0.051","ppm","47","Hesperia-Olive Street","24","100.0000","44201","Ozone","","40140","Riverside-San Bernardino-Ontario, CA","06","California","071","San Bernardino","34.41651","-117.28563"
"10/28/2024","AirNow","060714001","1","0.045","ppm","42","Hesperia-Olive Street","24","100.0000","44201","Ozone","","40140","Riverside-San Bernardino-Ontario, CA","06","California","071","San Bernardino","34.41651","-117.28563"
"10/29/2024","AirNow","060714001","1","0.044","ppm","41","Hesperia-Olive Street","24","100.0000","44201","Ozone","","40140","Riverside-San Bernardino-Ontario, CA","06","California","071","San Bernardino","34.41651","-117.28563"
"10/30/2024","AirNow","060714001","1","0.045","ppm","42","Hesperia-Olive Street","24","100.0000","44201","Ozone","","40140","Riverside-San Bernardino-Ontario, CA","06","California","071","San Bernardino","34.41651","-117.28563"
"10/31/2024","AirNow","060714001","1","0.049","ppm","45","Hesperia-Olive Street","24","100.0000","44201","Ozone","","40140","Riverside-San Bernardino-Ontario, CA","06","California","071","San Bernardino","34.41651","-117.28563"
"11/01/2024","AirNow","060714001","1","0.052","ppm","48","Hesperia-Olive Street","24","100.0000","44201","Ozone","","40140","Riverside-San Bernardino-Ontario, CA","06","California","071","San Bernardino","34.41651","-117.28563"
"11/02/2024","AirNow","060714001","1","0.044","ppm","41","Hesperia-Olive Street","24","100.0000","44201","Ozone","","40140","Riverside-San Bernardino-Ontario, CA","06","California","071","San Bernardino","34.41651","-117.28563"
"11/03/2024","AirNow","060714001","1","0.044","ppm","41","Hesperia-Olive Street","24","100.0000","44201","Ozone","","40140","Riverside-San Bernardino-Ontario, CA","06","California","071","San Bernardino","34.41651","-117.28563"
"11/04/2024","AirNow","060714001","1","0.04","ppm","37","Hesperia-Olive Street","24","100.0000","44201","Ozone","","40140","Riverside-San Bernardino-Ontario, CA","06","California","071","San Bernardino","34.41651","-117.28563"
"11/05/2024","AirNow","060714001","1","0.041","ppm","38","Hesperia-Olive Street","24","100.0000","44201","Ozone","","40140","Riverside-San Bernardino-Ontario, CA","06","California","071","San Bernardino","34.41651","-117.28563"
"11/06/2024","AirNow","060714001","1","0.041","ppm","38","Hesperia-Olive Street","24","100.0000","44201","Ozone","","40140","Riverside-San Bernardino-Ontario, CA","06","California","071","San Bernardino","34.41651","-117.28563"
"11/07/2024","AirNow","060714001","1","0.035","ppm","32","Hesperia-Olive Street","24","100.0000","44201","Ozone","","40140","Riverside-San Bernardino-Ontario, CA","06","California","071","San Bernardino","34.41651","-117.28563"
"11/08/2024","AirNow","060714001","1","0.037","ppm","34","Hesperia-Olive Street","24","100.0000","44201","Ozone","","40140","Riverside-San Bernardino-Ontario, CA","06","California","071","San Bernardino","34.41651","-117.28563"
"11/09/2024","AirNow","060714001","1","0.044","ppm","41","Hesperia-Olive Street","24","100.0000","44201","Ozone","","40140","Riverside-San Bernardino-Ontario, CA","06","California","071","San Bernardino","34.41651","-117.28563"
"11/10/2024","AirNow","060714001","1","0.043","ppm","40","Hesperia-Olive Street","24","100.0000","44201","Ozone","","40140","Riverside-San Bernardino-Ontario, CA","06","California","071","San Bernardino","34.41651","-117.28563"
"11/11/2024","AirNow","060714001","1","0.055","ppm","51","Hesperia-Olive Street","24","100.0000","44201","Ozone","","40140","Riverside-San Bernardino-Ontario, CA","06","California","071","San Bernardino","34.41651","-117.28563"
"11/12/2024","AirNow","060714001","1","0.046","ppm","43","Hesperia-Olive Street","24","100.0000","44201","Ozone","","40140","Riverside-San Bernardino-Ontario, CA","06","California","071","San Bernardino","34.41651","-117.28563"
"11/13/2024","AirNow","060714001","1","0.037","ppm","34","Hesperia-Olive Street","24","100.0000","44201","Ozone","","40140","Riverside-San Bernardino-Ontario, CA","06","California","071","San Bernardino","34.41651","-117.28563"
"11/14/2024","AirNow","060714001","1","0.046","ppm","43","Hesperia-Olive Street","24","100.0000","44201","Ozone","","40140","Riverside-San Bernardino-Ontario, CA","06","California","071","San Bernardino","34.41651","-117.28563"
"11/15/2024","AirNow","060714001","1","0.038","ppm","35","Hesperia-Olive Street","24","100.0000","44201","Ozone","","40140","Riverside-San Bernardino-Ontario, CA","06","California","071","San Bernardino","34.41651","-117.28563"
"11/16/2024","AirNow","060714001","1","0.038","ppm","35","Hesperia-Olive Street","24","100.0000","44201","Ozone","","40140","Riverside-San Bernardino-Ontario, CA","06","California","071","San Bernardino","34.41651","-117.28563"
"11/17/2024","AirNow","060714001","1","0.038","ppm","35","Hesperia-Olive Street","24","100.0000","44201","Ozone","","40140","Riverside-San Bernardino-Ontario, CA","06","California","071","San Bernardino","34.41651","-117.28563"
"11/18/2024","AirNow","060714001","1","0.038","ppm","35","Hesperia-Olive Street","24","100.0000","44201","Ozone","","40140","Riverside-San Bernardino-Ontario, CA","06","California","071","San Bernardino","34.41651","-117.28563"
"11/19/2024","AirNow","060714001","1","0.04","ppm","37","Hesperia-Olive Street","24","100.0000","44201","Ozone","","40140","Riverside-San Bernardino-Ontario, CA","06","California","071","San Bernardino","34.41651","-117.28563"
"11/21/2024","AirNow","060714001","1","0.026","ppm","24","Hesperia-Olive Street","18","75.0000","44201","Ozone","","40140","Riverside-San Bernardino-Ontario, CA","06","California","071","San Bernardino","34.41651","-117.28563"
"11/22/2024","AirNow","060714001","1","0.051","ppm","47","Hesperia-Olive Street","24","100.0000","44201","Ozone","","40140","Riverside-San Bernardino-Ontario, CA","06","California","071","San Bernardino","34.41651","-117.28563"
"11/23/2024","AirNow","060714001","1","0.044","ppm","41","Hesperia-Olive Street","24","100.0000","44201","Ozone","","40140","Riverside-San Bernardino-Ontario, CA","06","California","071","San Bernardino","34.41651","-117.28563"
"11/24/2024","AirNow","060714001","1","0.037","ppm","34","Hesperia-Olive Street","24","100.0000","44201","Ozone","","40140","Riverside-San Bernardino-Ontario, CA","06","California","071","San Bernardino","34.41651","-117.28563"
"11/25/2024","AirNow","060714001","1","0.037","ppm","34","Hesperia-Olive Street","24","100.0000","44201","Ozone","","40140","Riverside-San Bernardino-Ontario, CA","06","California","071","San Bernardino","34.41651","-117.28563"
"11/26/2024","AirNow","060714001","1","0.037","ppm","34","Hesperia-Olive Street","24","100.0000","44201","Ozone","","40140","Riverside-San Bernardino-Ontario, CA","06","California","071","San Bernardino","34.41651","-117.28563"
"11/27/2024","AirNow","060714001","1","0.037","ppm","34","Hesperia-Olive Street","24","100.0000","44201","Ozone","","40140","Riverside-San Bernardino-Ontario, CA","06","California","071","San Bernardino","34.41651","-117.28563"
"11/28/2024","AirNow","060714001","1","0.04","ppm","37","Hesperia-Olive Street","24","100.0000","44201","Ozone","","40140","Riverside-San Bernardino-Ontario, CA","06","California","071","San Bernardino","34.41651","-117.28563"
"11/29/2024","AirNow","060714001","1","0.028","ppm","26","Hesperia-Olive Street","24","100.0000","44201","Ozone","","40140","Riverside-San Bernardino-Ontario, CA","06","California","071","San Bernardino","34.41651","-117.28563"
"11/30/2024","AirNow","060714001","1","0.033","ppm","31","Hesperia-Olive Street","24","100.0000","44201","Ozone","","40140","Riverside-San Bernardino-Ontario, CA","06","California","071","San Bernardino","34.41651","-117.28563"
"12/01/2024","AirNow","060714001","1","0.035","ppm","32","Hesperia-Olive Street","24","100.0000","44201","Ozone","","40140","Riverside-San Bernardino-Ontario, CA","06","California","071","San Bernardino","34.41651","-117.28563"
"12/02/2024","AirNow","060714001","1","0.031","ppm","29","Hesperia-Olive Street","24","100.0000","44201","Ozone","","40140","Riverside-San Bernardino-Ontario, CA","06","California","071","San Bernardino","34.41651","-117.28563"
"12/03/2024","AirNow","060714001","1","0.027","ppm","25","Hesperia-Olive Street","24","100.0000","44201","Ozone","","40140","Riverside-San Bernardino-Ontario, CA","06","California","071","San Bernardino","34.41651","-117.28563"
"12/04/2024","AirNow","060714001","1","0.034","ppm","31","Hesperia-Olive Street","24","100.0000","44201","Ozone","","40140","Riverside-San Bernardino-Ontario, CA","06","California","071","San Bernardino","34.41651","-117.28563"
"12/05/2024","AirNow","060714001","1","0.034","ppm","31","Hesperia-Olive Street","24","100.0000","44201","Ozone","","40140","Riverside-San Bernardino-Ontario, CA","06","California","071","San Bernardino","34.41651","-117.28563"
"12/06/2024","AirNow","060714001","1","0.034","ppm","31","Hesperia-Olive Street","24","100.0000","44201","Ozone","","40140","Riverside-San Bernardino-Ontario, CA","06","California","071","San Bernardino","34.41651","-117.28563"
"12/07/2024","AirNow","060714001","1","0.035","ppm","32","Hesperia-Olive Street","24","100.0000","44201","Ozone","","40140","Riverside-San Bernardino-Ontario, CA","06","California","071","San Bernardino","34.41651","-117.28563"
"12/08/2024","AirNow","060714001","1","0.043","ppm","40","Hesperia-Olive Street","24","100.0000","44201","Ozone","","40140","Riverside-San Bernardino-Ontario, CA","06","California","071","San Bernardino","34.41651","-117.28563"
"12/09/2024","AirNow","060714001","1","0.038","ppm","35","Hesperia-Olive Street","24","100.0000","44201","Ozone","","40140","Riverside-San Bernardino-Ontario, CA","06","California","071","San Bernardino","34.41651","-117.28563"
"12/10/2024","AirNow","060714001","1","0.039","ppm","36","Hesperia-Olive Street","24","100.0000","44201","Ozone","","40140","Riverside-San Bernardino-Ontario, CA","06","California","071","San Bernardino","34.41651","-117.28563"
"12/11/2024","AirNow","060714001","1","0.03","ppm","28","Hesperia-Olive Street","24","100.0000","44201","Ozone","","40140","Riverside-San Bernardino-Ontario, CA","06","California","071","San Bernardino","34.41651","-117.28563"
"12/12/2024","AirNow","060714001","1","0.042","ppm","39","Hesperia-Olive Street","24","100.0000","44201","Ozone","","40140","Riverside-San Bernardino-Ontario, CA","06","California","071","San Bernardino","34.41651","-117.28563"
"12/13/2024","AirNow","060714001","1","0.038","ppm","35","Hesperia-Olive Street","24","100.0000","44201","Ozone","","40140","Riverside-San Bernardino-Ontario, CA","06","California","071","San Bernardino","34.41651","-117.28563"
"12/14/2024","AirNow","060714001","1","0.041","ppm","38","Hesperia-Olive Street","24","100.0000","44201","Ozone","","40140","Riverside-San Bernardino-Ontario, CA","06","California","071","San Bernardino","34.41651","-117.28563"
"12/16/2024","AirNow","060714001","1","0.038","ppm","35","Hesperia-Olive Street","24","100.0000","44201","Ozone","","40140","Riverside-San Bernardino-Ontario, CA","06","California","071","San Bernardino","34.41651","-117.28563"
"12/17/2024","AirNow","060714001","1","0.04","ppm","37","Hesperia-Olive Street","24","100.0000","44201","Ozone","","40140","Riverside-San Bernardino-Ontario, CA","06","California","071","San Bernardino","34.41651","-117.28563"
"12/18/2024","AirNow","060714001","1","0.038","ppm","35","Hesperia-Olive Street","24","100.0000","44201","Ozone","","40140","Riverside-San Bernardino-Ontario, CA","06","California","071","San Bernardino","34.41651","-117.28563"
"12/19/2024","AirNow","060714001","1","0.036","ppm","33","Hesperia-Olive Street","24","100.0000","44201","Ozone","","40140","Riverside-San Bernardino-Ontario, CA","06","California","071","San Bernardino","34.41651","-117.28563"
"12/20/2024","AirNow","060714001","1","0.033","ppm","31","Hesperia-Olive Street","24","100.0000","44201","Ozone","","40140","Riverside-San Bernardino-Ontario, CA","06","California","071","San Bernardino","34.41651","-117.28563"
"12/21/2024","AirNow","060714001","1","0.044","ppm","41","Hesperia-Olive Street","24","100.0000","44201","Ozone","","40140","Riverside-San Bernardino-Ontario, CA","06","California","071","San Bernardino","34.41651","-117.28563"
"12/22/2024","AirNow","060714001","1","0.035","ppm","32","Hesperia-Olive Street","24","100.0000","44201","Ozone","","40140","Riverside-San Bernardino-Ontario, CA","06","California","071","San Bernardino","34.41651","-117.28563"
"12/23/2024","AirNow","060714001","1","0.033","ppm","31","Hesperia-Olive Street","24","100.0000","44201","Ozone","","40140","Riverside-San Bernardino-Ontario, CA","06","California","071","San Bernardino","34.41651","-117.28563"
"12/24/2024","AirNow","060714001","1","0.045","ppm","42","Hesperia-Olive Street","24","100.0000","44201","Ozone","","40140","Riverside-San Bernardino-Ontario, CA","06","California","071","San Bernardino","34.41651","-117.28563"
"12/25/2024","AirNow","060714001","1","0.042","ppm","39","Hesperia-Olive Street","24","100.0000","44201","Ozone","","40140","Riverside-San Bernardino-Ontario, CA","06","California","071","San Bernardino","34.41651","-117.28563"
"12/26/2024","AirNow","060714001","1","0.041","ppm","38","Hesperia-Olive Street","24","100.0000","44201","Ozone","","40140","Riverside-San Bernardino-Ontario, CA","06","California","071","San Bernardino","34.41651","-117.28563"
"12/27/2024","AirNow","060714001","1","0.033","ppm","31","Hesperia-Olive Street","24","100.0000","44201","Ozone","","40140","Riverside-San Bernardino-Ontario, CA","06","California","071","San Bernardino","34.41651","-117.28563"
"12/28/2024","AirNow","060714001","1","0.037","ppm","34","Hesperia-Olive Street","24","100.0000","44201","Ozone","","40140","Riverside-San Bernardino-Ontario, CA","06","California","071","San Bernardino","34.41651","-117.28563"
"12/29/2024","AirNow","060714001","1","0.041","ppm","38","Hesperia-Olive Street","24","100.0000","44201","Ozone","","40140","Riverside-San Bernardino-Ontario, CA","06","California","071","San Bernardino","34.41651","-117.28563"
"12/30/2024","AirNow","060714001","1","0.038","ppm","35","Hesperia-Olive Street","24","100.0000","44201","Ozone","","40140","Riverside-San Bernardino-Ontario, CA","06","California","071","San Bernardino","34.41651","-117.28563"
"12/31/2024","AirNow","060714001","1","0.035","ppm","32","Hesperia-Olive Street","18","75.0000","44201","Ozone","","40140","Riverside-San Bernardino-Ontario, CA","06","California","071","San Bernardino","34.41651","-117.28563"
"01/01/2024","AQS","060714003","1","0.035","ppm","32","Redlands","17","100.0000","44201","Ozone","087","40140","Riverside-San Bernardino-Ontario, CA","06","California","071","San Bernardino","34.05977","-117.14731"
"01/02/2024","AQS","060714003","1","0.036","ppm","33","Redlands","17","100.0000","44201","Ozone","087","40140","Riverside-San Bernardino-Ontario, CA","06","California","071","San Bernardino","34.05977","-117.14731"
"01/03/2024","AQS","060714003","1","0.033","ppm","31","Redlands","17","100.0000","44201","Ozone","087","40140","Riverside-San Bernardino-Ontario, CA","06","California","071","San Bernardino","34.05977","-117.14731"
"01/04/2024","AQS","060714003","1","0.04","ppm","37","Redlands","17","100.0000","44201","Ozone","087","40140","Riverside-San Bernardino-Ontario, CA","06","California","071","San Bernardino","34.05977","-117.14731"
"01/05/2024","AQS","060714003","1","0.028","ppm","26","Redlands","17","100.0000","44201","Ozone","087","40140","Riverside-San Bernardino-Ontario, CA","06","California","071","San Bernardino","34.05977","-117.14731"
"01/06/2024","AQS","060714003","1","0.038","ppm","35","Redlands","17","100.0000","44201","Ozone","087","40140","Riverside-San Bernardino-Ontario, CA","06","California","071","San Bernardino","34.05977","-117.14731"
"01/07/2024","AQS","060714003","1","0.037","ppm","34","Redlands","17","100.0000","44201","Ozone","087","40140","Riverside-San Bernardino-Ontario, CA","06","California","071","San Bernardino","34.05977","-117.14731"
"01/08/2024","AQS","060714003","1","0.035","ppm","32","Redlands","17","100.0000","44201","Ozone","087","40140","Riverside-San Bernardino-Ontario, CA","06","California","071","San Bernardino","34.05977","-117.14731"
"01/09/2024","AQS","060714003","1","0.031","ppm","29","Redlands","17","100.0000","44201","Ozone","087","40140","Riverside-San Bernardino-Ontario, CA","06","California","071","San Bernardino","34.05977","-117.14731"
"01/10/2024","AQS","060714003","1","0.032","ppm","30","Redlands","17","100.0000","44201","Ozone","087","40140","Riverside-San Bernardino-Ontario, CA","06","California","071","San Bernardino","34.05977","-117.14731"
"01/11/2024","AQS","060714003","1","0.041","ppm","38","Redlands","17","100.0000","44201","Ozone","087","40140","Riverside-San Bernardino-Ontario, CA","06","California","071","San Bernardino","34.05977","-117.14731"
"01/12/2024","AQS","060714003","1","0.036","ppm","33","Redlands","17","100.0000","44201","Ozone","087","40140","Riverside-San Bernardino-Ontario, CA","06","California","071","San Bernardino","34.05977","-117.14731"
"01/13/2024","AQS","060714003","1","0.036","ppm","33","Redlands","17","100.0000","44201","Ozone","087","40140","Riverside-San Bernardino-Ontario, CA","06","California","071","San Bernardino","34.05977","-117.14731"
"01/14/2024","AQS","060714003","1","0.046","ppm","43","Redlands","17","100.0000","44201","Ozone","087","40140","Riverside-San Bernardino-Ontario, CA","06","California","071","San Bernardino","34.05977","-117.14731"
"01/15/2024","AQS","060714003","1","0.033","ppm","31","Redlands","17","100.0000","44201","Ozone","087","40140","Riverside-San Bernardino-Ontario, CA","06","California","071","San Bernardino","34.05977","-117.14731"
"01/16/2024","AQS","060714003","1","0.033","ppm","31","Redlands","17","100.0000","44201","Ozone","087","40140","Riverside-San Bernardino-Ontario, CA","06","California","071","San Bernardino","34.05977","-117.14731"
"01/17/2024","AQS","060714003","1","0.023","ppm","21","Redlands","17","100.0000","44201","Ozone","087","40140","Riverside-San Bernardino-Ontario, CA","06","California","071","San Bernardino","34.05977","-117.14731"
"01/18/2024","AQS","060714003","1","0.034","ppm","31","Redlands","17","100.0000","44201","Ozone","087","40140","Riverside-San Bernardino-Ontario, CA","06","California","071","San Bernardino","34.05977","-117.14731"
"01/19/2024","AQS","060714003","1","0.033","ppm","31","Redlands","17","100.0000","44201","Ozone","087","40140","Riverside-San Bernardino-Ontario, CA","06","California","071","San Bernardino","34.05977","-117.14731"
"01/20/2024","AQS","060714003","1","0.025","ppm","23","Redlands","17","100.0000","44201","Ozone","087","40140","Riverside-San Bernardino-Ontario, CA","06","California","071","San Bernardino","34.05977","-117.14731"
"01/21/2024","AQS","060714003","1","0.036","ppm","33","Redlands","17","100.0000","44201","Ozone","087","40140","Riverside-San Bernardino-Ontario, CA","06","California","071","San Bernardino","34.05977","-117.14731"
"01/22/2024","AQS","060714003","1","0.029","ppm","27","Redlands","17","100.0000","44201","Ozone","087","40140","Riverside-San Bernardino-Ontario, CA","06","California","071","San Bernardino","34.05977","-117.14731"
"01/23/2024","AQS","060714003","1","0.028","ppm","26","Redlands","17","100.0000","44201","Ozone","087","40140","Riverside-San Bernardino-Ontario, CA","06","California","071","San Bernardino","34.05977","-117.14731"
"01/24/2024","AQS","060714003","1","0.022","ppm","20","Redlands","17","100.0000","44201","Ozone","087","40140","Riverside-San Bernardino-Ontario, CA","06","California","071","San Bernardino","34.05977","-117.14731"
"01/25/2024","AQS","060714003","1","0.031","ppm","29","Redlands","17","100.0000","44201","Ozone","087","40140","Riverside-San Bernardino-Ontario, CA","06","California","071","San Bernardino","34.05977","-117.14731"
"01/26/2024","AQS","060714003","1","0.038","ppm","35","Redlands","17","100.0000","44201","Ozone","087","40140","Riverside-San Bernardino-Ontario, CA","06","California","071","San Bernardino","34.05977","-117.14731"
"01/27/2024","AQS","060714003","1","0.04","ppm","37","Redlands","17","100.0000","44201","Ozone","087","40140","Riverside-San Bernardino-Ontario, CA","06","California","071","San Bernardino","34.05977","-117.14731"
"01/28/2024","AQS","060714003","1","0.036","ppm","33","Redlands","17","100.0000","44201","Ozone","087","40140","Riverside-San Bernardino-Ontario, CA","06","California","071","San Bernardino","34.05977","-117.14731"
"01/29/2024","AQS","060714003","1","0.039","ppm","36","Redlands","17","100.0000","44201","Ozone","087","40140","Riverside-San Bernardino-Ontario, CA","06","California","071","San Bernardino","34.05977","-117.14731"
"01/30/2024","AQS","060714003","1","0.041","ppm","38","Redlands","17","100.0000","44201","Ozone","087","40140","Riverside-San Bernardino-Ontario, CA","06","California","071","San Bernardino","34.05977","-117.14731"
"01/31/2024","AQS","060714003","1","0.042","ppm","39","Redlands","17","100.0000","44201","Ozone","087","40140","Riverside-San Bernardino-Ontario, CA","06","California","071","San Bernardino","34.05977","-117.14731"
"02/01/2024","AQS","060714003","1","0.029","ppm","27","Redlands","17","100.0000","44201","Ozone","087","40140","Riverside-San Bernardino-Ontario, CA","06","California","071","San Bernardino","34.05977","-117.14731"
"02/02/2024","AQS","060714003","1","0.038","ppm","35","Redlands","17","100.0000","44201","Ozone","087","40140","Riverside-San Bernardino-Ontario, CA","06","California","071","San Bernardino","34.05977","-117.14731"
"02/03/2024","AQS","060714003","1","0.042","ppm","39","Redlands","17","100.0000","44201","Ozone","087","40140","Riverside-San Bernardino-Ontario, CA","06","California","071","San Bernardino","34.05977","-117.14731"
"02/04/2024","AQS","060714003","1","0.037","ppm","34","Redlands","17","100.0000","44201","Ozone","087","40140","Riverside-San Bernardino-Ontario, CA","06","California","071","San Bernardino","34.05977","-117.14731"
"02/05/2024","AQS","060714003","1","0.032","ppm","30","Redlands","17","100.0000","44201","Ozone","087","40140","Riverside-San Bernardino-Ontario, CA","06","California","071","San Bernardino","34.05977","-117.14731"
"02/06/2024","AQS","060714003","1","0.037","ppm","34","Redlands","17","100.0000","44201","Ozone","087","40140","Riverside-San Bernardino-Ontario, CA","06","California","071","San Bernardino","34.05977","-117.14731"
"02/07/2024","AQS","060714003","1","0.038","ppm","35","Redlands","17","100.0000","44201","Ozone","087","40140","Riverside-San Bernardino-Ontario, CA","06","California","071","San Bernardino","34.05977","-117.14731"
"02/08/2024","AQS","060714003","1","0.039","ppm","36","Redlands","17","100.0000","44201","Ozone","087","40140","Riverside-San Bernardino-Ontario, CA","06","California","071","San Bernardino","34.05977","-117.14731"
"02/09/2024","AQS","060714003","1","0.038","ppm","35","Redlands","17","100.0000","44201","Ozone","087","40140","Riverside-San Bernardino-Ontario, CA","06","California","071","San Bernardino","34.05977","-117.14731"
"02/10/2024","AQS","060714003","1","0.038","ppm","35","Redlands","17","100.0000","44201","Ozone","087","40140","Riverside-San Bernardino-Ontario, CA","06","California","071","San Bernardino","34.05977","-117.14731"
"02/11/2024","AQS","060714003","1","0.043","ppm","40","Redlands","17","100.0000","44201","Ozone","087","40140","Riverside-San Bernardino-Ontario, CA","06","California","071","San Bernardino","34.05977","-117.14731"
"02/12/2024","AQS","060714003","1","0.043","ppm","40","Redlands","17","100.0000","44201","Ozone","087","40140","Riverside-San Bernardino-Ontario, CA","06","California","071","San Bernardino","34.05977","-117.14731"
"02/13/2024","AQS","060714003","1","0.045","ppm","42","Redlands","17","100.0000","44201","Ozone","087","40140","Riverside-San Bernardino-Ontario, CA","06","California","071","San Bernardino","34.05977","-117.14731"
"02/14/2024","AQS","060714003","1","0.042","ppm","39","Redlands","17","100.0000","44201","Ozone","087","40140","Riverside-San Bernardino-Ontario, CA","06","California","071","San Bernardino","34.05977","-117.14731"
"02/15/2024","AQS","060714003","1","0.046","ppm","43","Redlands","17","100.0000","44201","Ozone","087","40140","Riverside-San Bernardino-Ontario, CA","06","California","071","San Bernardino","34.05977","-117.14731"
"02/16/2024","AQS","060714003","1","0.04","ppm","37","Redlands","17","100.0000","44201","Ozone","087","40140","Riverside-San Bernardino-Ontario, CA","06","California","071","San Bernardino","34.05977","-117.14731"
"02/17/2024","AQS","060714003","1","0.04","ppm","37","Redlands","17","100.0000","44201","Ozone","087","40140","Riverside-San Bernardino-Ontario, CA","06","California","071","San Bernardino","34.05977","-117.14731"
"02/18/2024","AQS","060714003","1","0.04","ppm","37","Redlands","17","100.0000","44201","Ozone","087","40140","Riverside-San Bernardino-Ontario, CA","06","California","071","San Bernardino","34.05977","-117.14731"
"02/19/2024","AQS","060714003","1","0.032","ppm","30","Redlands","17","100.0000","44201","Ozone","087","40140","Riverside-San Bernardino-Ontario, CA","06","California","071","San Bernardino","34.05977","-117.14731"
"02/20/2024","AQS","060714003","1","0.027","ppm","25","Redlands","17","100.0000","44201","Ozone","087","40140","Riverside-San Bernardino-Ontario, CA","06","California","071","San Bernardino","34.05977","-117.14731"
"02/21/2024","AQS","060714003","1","0.038","ppm","35","Redlands","17","100.0000","44201","Ozone","087","40140","Riverside-San Bernardino-Ontario, CA","06","California","071","San Bernardino","34.05977","-117.14731"
"02/22/2024","AQS","060714003","1","0.04","ppm","37","Redlands","17","100.0000","44201","Ozone","087","40140","Riverside-San Bernardino-Ontario, CA","06","California","071","San Bernardino","34.05977","-117.14731"
"02/23/2024","AQS","060714003","1","0.042","ppm","39","Redlands","17","100.0000","44201","Ozone","087","40140","Riverside-San Bernardino-Ontario, CA","06","California","071","San Bernardino","34.05977","-117.14731"
"02/24/2024","AQS","060714003","1","0.042","ppm","39","Redlands","17","100.0000","44201","Ozone","087","40140","Riverside-San Bernardino-Ontario, CA","06","California","071","San Bernardino","34.05977","-117.14731"
"02/25/2024","AQS","060714003","1","0.039","ppm","36","Redlands","17","100.0000","44201","Ozone","087","40140","Riverside-San Bernardino-Ontario, CA","06","California","071","San Bernardino","34.05977","-117.14731"
"02/26/2024","AQS","060714003","1","0.027","ppm","25","Redlands","17","100.0000","44201","Ozone","087","40140","Riverside-San Bernardino-Ontario, CA","06","California","071","San Bernardino","34.05977","-117.14731"
"02/27/2024","AQS","060714003","1","0.034","ppm","31","Redlands","17","100.0000","44201","Ozone","087","40140","Riverside-San Bernardino-Ontario, CA","06","California","071","San Bernardino","34.05977","-117.14731"
"02/28/2024","AQS","060714003","1","0.04","ppm","37","Redlands","17","100.0000","44201","Ozone","087","40140","Riverside-San Bernardino-Ontario, CA","06","California","071","San Bernardino","34.05977","-117.14731"
"02/29/2024","AQS","060714003","1","0.038","ppm","35","Redlands","17","100.0000","44201","Ozone","087","40140","Riverside-San Bernardino-Ontario, CA","06","California","071","San Bernardino","34.05977","-117.14731"
"03/01/2024","AQS","060714003","1","0.042","ppm","39","Redlands","17","100.0000","44201","Ozone","087","40140","Riverside-San Bernardino-Ontario, CA","06","California","071","San Bernardino","34.05977","-117.14731"
"03/02/2024","AQS","060714003","1","0.035","ppm","32","Redlands","17","100.0000","44201","Ozone","087","40140","Riverside-San Bernardino-Ontario, CA","06","California","071","San Bernardino","34.05977","-117.14731"
"03/03/2024","AQS","060714003","1","0.039","ppm","36","Redlands","17","100.0000","44201","Ozone","087","40140","Riverside-San Bernardino-Ontario, CA","06","California","071","San Bernardino","34.05977","-117.14731"
"03/04/2024","AQS","060714003","1","0.041","ppm","38","Redlands","17","100.0000","44201","Ozone","087","40140","Riverside-San Bernardino-Ontario, CA","06","California","071","San Bernardino","34.05977","-117.14731"
"03/05/2024","AQS","060714003","1","0.043","ppm","40","Redlands","17","100.0000","44201","Ozone","087","40140","Riverside-San Bernardino-Ontario, CA","06","California","071","San Bernardino","34.05977","-117.14731"
"03/06/2024","AQS","060714003","1","0.037","ppm","34","Redlands","17","100.0000","44201","Ozone","087","40140","Riverside-San Bernardino-Ontario, CA","06","California","071","San Bernardino","34.05977","-117.14731"
"03/07/2024","AQS","060714003","1","0.032","ppm","30","Redlands","17","100.0000","44201","Ozone","087","40140","Riverside-San Bernardino-Ontario, CA","06","California","071","San Bernardino","34.05977","-117.14731"
"03/08/2024","AQS","060714003","1","0.039","ppm","36","Redlands","17","100.0000","44201","Ozone","087","40140","Riverside-San Bernardino-Ontario, CA","06","California","071","San Bernardino","34.05977","-117.14731"
"03/09/2024","AQS","060714003","1","0.049","ppm","45","Redlands","17","100.0000","44201","Ozone","087","40140","Riverside-San Bernardino-Ontario, CA","06","California","071","San Bernardino","34.05977","-117.14731"
"03/10/2024","AQS","060714003","1","0.053","ppm","49","Redlands","17","100.0000","44201","Ozone","087","40140","Riverside-San Bernardino-Ontario, CA","06","California","071","San Bernardino","34.05977","-117.14731"
"03/11/2024","AQS","060714003","1","0.043","ppm","40","Redlands","17","100.0000","44201","Ozone","087","40140","Riverside-San Bernardino-Ontario, CA","06","California","071","San Bernardino","34.05977","-117.14731"
"03/12/2024","AQS","060714003","1","0.033","ppm","31","Redlands","17","100.0000","44201","Ozone","087","40140","Riverside-San Bernardino-Ontario, CA","06","California","071","San Bernardino","34.05977","-117.14731"
"03/13/2024","AQS","060714003","1","0.043","ppm","40","Redlands","17","100.0000","44201","Ozone","087","40140","Riverside-San Bernardino-Ontario, CA","06","California","071","San Bernardino","34.05977","-117.14731"
"03/14/2024","AQS","060714003","1","0.044","ppm","41","Redlands","17","100.0000","44201","Ozone","087","40140","Riverside-San Bernardino-Ontario, CA","06","California","071","San Bernardino","34.05977","-117.14731"
"03/15/2024","AQS","060714003","1","0.037","ppm","34","Redlands","17","100.0000","44201","Ozone","087","40140","Riverside-San Bernardino-Ontario, CA","06","California","071","San Bernardino","34.05977","-117.14731"
"03/16/2024","AQS","060714003","1","0.036","ppm","33","Redlands","17","100.0000","44201","Ozone","087","40140","Riverside-San Bernardino-Ontario, CA","06","California","071","San Bernardino","34.05977","-117.14731"
"03/17/2024","AQS","060714003","1","0.048","ppm","44","Redlands","17","100.0000","44201","Ozone","087","40140","Riverside-San Bernardino-Ontario, CA","06","California","071","San Bernardino","34.05977","-117.14731"
"03/18/2024","AQS","060714003","1","0.044","ppm","41","Redlands","17","100.0000","44201","Ozone","087","40140","Riverside-San Bernardino-Ontario, CA","06","California","071","San Bernardino","34.05977","-117.14731"
"03/19/2024","AQS","060714003","1","0.053","ppm","49","Redlands","17","100.0000","44201","Ozone","087","40140","Riverside-San Bernardino-Ontario, CA","06","California","071","San Bernardino","34.05977","-117.14731"
"03/20/2024","AQS","060714003","1","0.06","ppm","67","Redlands","17","100.0000","44201","Ozone","087","40140","Riverside-San Bernardino-Ontario, CA","06","California","071","San Bernardino","34.05977","-117.14731"
"03/21/2024","AQS","060714003","1","0.056","ppm","54","Redlands","17","100.0000","44201","Ozone","087","40140","Riverside-San Bernardino-Ontario, CA","06","California","071","San Bernardino","34.05977","-117.14731"
"03/22/2024","AQS","060714003","1","0.057","ppm","58","Redlands","17","100.0000","44201","Ozone","087","40140","Riverside-San Bernardino-Ontario, CA","06","California","071","San Bernardino","34.05977","-117.14731"
"03/23/2024","AQS","060714003","1","0.04","ppm","37","Redlands","17","100.0000","44201","Ozone","087","40140","Riverside-San Bernardino-Ontario, CA","06","California","071","San Bernardino","34.05977","-117.14731"
"03/24/2024","AQS","060714003","1","0.042","ppm","39","Redlands","17","100.0000","44201","Ozone","087","40140","Riverside-San Bernardino-Ontario, CA","06","California","071","San Bernardino","34.05977","-117.14731"
"03/25/2024","AQS","060714003","1","0.043","ppm","40","Redlands","17","100.0000","44201","Ozone","087","40140","Riverside-San Bernardino-Ontario, CA","06","California","071","San Bernardino","34.05977","-117.14731"
"03/26/2024","AQS","060714003","1","0.047","ppm","44","Redlands","17","100.0000","44201","Ozone","087","40140","Riverside-San Bernardino-Ontario, CA","06","California","071","San Bernardino","34.05977","-117.14731"
"03/27/2024","AQS","060714003","1","0.056","ppm","54","Redlands","17","100.0000","44201","Ozone","087","40140","Riverside-San Bernardino-Ontario, CA","06","California","071","San Bernardino","34.05977","-117.14731"
"03/28/2024","AQS","060714003","1","0.051","ppm","47","Redlands","17","100.0000","44201","Ozone","087","40140","Riverside-San Bernardino-Ontario, CA","06","California","071","San Bernardino","34.05977","-117.14731"
"03/29/2024","AQS","060714003","1","0.048","ppm","44","Redlands","13","76.0000","44201","Ozone","087","40140","Riverside-San Bernardino-Ontario, CA","06","California","071","San Bernardino","34.05977","-117.14731"
"03/30/2024","AQS","060714003","1","0.042","ppm","39","Redlands","17","100.0000","44201","Ozone","087","40140","Riverside-San Bernardino-Ontario, CA","06","California","071","San Bernardino","34.05977","-117.14731"
"03/31/2024","AQS","060714003","1","0.044","ppm","41","Redlands","17","100.0000","44201","Ozone","087","40140","Riverside-San Bernardino-Ontario, CA","06","California","071","San Bernardino","34.05977","-117.14731"
"04/01/2024","AQS","060714003","1","0.045","ppm","42","Redlands","34","200.0000","44201","Ozone","014","40140","Riverside-San Bernardino-Ontario, CA","06","California","071","San Bernardino","34.05977","-117.14731"
"04/02/2024","AQS","060714003","1","0.053","ppm","49","Redlands","34","200.0000","44201","Ozone","014","40140","Riverside-San Bernardino-Ontario, CA","06","California","071","San Bernardino","34.05977","-117.14731"
"04/03/2024","AQS","060714003","1","0.057","ppm","58","Redlands","34","200.0000","44201","Ozone","014","40140","Riverside-San Bernardino-Ontario, CA","06","California","071","San Bernardino","34.05977","-117.14731"
"04/04/2024","AQS","060714003","1","0.04","ppm","37","Redlands","34","200.0000","44201","Ozone","014","40140","Riverside-San Bernardino-Ontario, CA","06","California","071","San Bernardino","34.05977","-117.14731"
"04/05/2024","AQS","060714003","1","0.044","ppm","41","Redlands","34","200.0000","44201","Ozone","014","40140","Riverside-San Bernardino-Ontario, CA","06","California","071","San Bernardino","34.05977","-117.14731"
"04/06/2024","AQS","060714003","1","0.049","ppm","45","Redlands","34","200.0000","44201","Ozone","014","40140","Riverside-San Bernardino-Ontario, CA","06","California","071","San Bernardino","34.05977","-117.14731"
"04/07/2024","AQS","060714003","1","0.057","ppm","58","Redlands","34","200.0000","44201","Ozone","014","40140","Riverside-San Bernardino-Ontario, CA","06","California","071","San Bernardino","34.05977","-117.14731"
"04/08/2024","AQS","060714003","1","0.051","ppm","47","Redlands","34","200.0000","44201","Ozone","014","40140","Riverside-San Bernardino-Ontario, CA","06","California","071","San Bernardino","34.05977","-117.14731"
"04/09/2024","AQS","060714003","1","0.056","ppm","54","Redlands","34","200.0000","44201","Ozone","014","40140","Riverside-San Bernardino-Ontario, CA","06","California","071","San Bernardino","34.05977","-117.14731"
"04/10/2024","AQS","060714003","1","0.066","ppm","87","Redlands","34","200.0000","44201","Ozone","014","40140","Riverside-San Bernardino-Ontario, CA","06","California","071","San Bernardino","34.05977","-117.14731"
"04/11/2024","AQS","060714003","1","0.066","ppm","87","Redlands","34","200.0000","44201","Ozone","014","40140","Riverside-San Bernardino-Ontario, CA","06","California","071","San Bernardino","34.05977","-117.14731"
"04/12/2024","AQS","060714003","1","0.052","ppm","48","Redlands","34","200.0000","44201","Ozone","014","40140","Riverside-San Bernardino-Ontario, CA","06","California","071","San Bernardino","34.05977","-117.14731"
"04/13/2024","AQS","060714003","1","0.052","ppm","48","Redlands","34","200.0000","44201","Ozone","014","40140","Riverside-San Bernardino-Ontario, CA","06","California","071","San Bernardino","34.05977","-117.14731"
"04/14/2024","AQS","060714003","1","0.046","ppm","43","Redlands","34","200.0000","44201","Ozone","014","40140","Riverside-San Bernardino-Ontario, CA","06","California","071","San Bernardino","34.05977","-117.14731"
"04/15/2024","AQS","060714003","1","0.056","ppm","54","Redlands","34","200.0000","44201","Ozone","014","40140","Riverside-San Bernardino-Ontario, CA","06","California","071","San Bernardino","34.05977","-117.14731"
"04/16/2024","AQS","060714003","1","0.065","ppm","84","Redlands","34","200.0000","44201","Ozone","014","40140","Riverside-San Bernardino-Ontario, CA","06","California","071","San Bernardino","34.05977","-117.14731"
"04/17/2024","AQS","060714003","1","0.074","ppm","112","Redlands","34","200.0000","44201","Ozone","014","40140","Riverside-San Bernardino-Ontario, CA","06","California","071","San Bernardino","34.05977","-117.14731"
"04/18/2024","AQS","060714003","1","0.066","ppm","87","Redlands","34","200.0000","44201","Ozone","014","40140","Riverside-San Bernardino-Ontario, CA","06","California","071","San Bernardino","34.05977","-117.14731"
"04/19/2024","AQS","060714003","1","0.06","ppm","67","Redlands","34","200.0000","44201","Ozone","014","40140","Riverside-San Bernardino-Ontario, CA","06","California","071","San Bernardino","34.05977","-117.14731"
"04/20/2024","AQS","060714003","1","0.069","ppm","97","Redlands","34","200.0000","44201","Ozone","014","40140","Riverside-San Bernardino-Ontario, CA","06","California","071","San Bernardino","34.05977","-117.14731"
"04/21/2024","AQS","060714003","1","0.086","ppm","151","Redlands","34","200.0000","44201","Ozone","014","40140","Riverside-San Bernardino-Ontario, CA","06","California","071","San Bernardino","34.05977","-117.14731"
"04/22/2024","AQS","060714003","1","0.069","ppm","97","Redlands","34","200.0000","44201","Ozone","014","40140","Riverside-San Bernardino-Ontario, CA","06","California","071","San Bernardino","34.05977","-117.14731"
"04/23/2024","AQS","060714003","1","0.048","ppm","44","Redlands","34","200.0000","44201","Ozone","014","40140","Riverside-San Bernardino-Ontario, CA","06","California","071","San Bernardino","34.05977","-117.14731"
"04/24/2024","AQS","060714003","1","0.053","ppm","49","Redlands","34","200.0000","44201","Ozone","014","40140","Riverside-San Bernardino-Ontario, CA","06","California","071","San Bernardino","34.05977","-117.14731"
"04/25/2024","AQS","060714003","1","0.042","ppm","39","Redlands","22","129.0000","44201","Ozone","014","40140","Riverside-San Bernardino-Ontario, CA","06","California","071","San Bernardino","34.05977","-117.14731"
"04/26/2024","AQS","060714003","1","0.031","ppm","29","Redlands","26","153.0000","44201","Ozone","014","40140","Riverside-San Bernardino-Ontario, CA","06","California","071","San Bernardino","34.05977","-117.14731"
"04/27/2024","AQS","060714003","1","0.054","ppm","50","Redlands","34","200.0000","44201","Ozone","014","40140","Riverside-San Bernardino-Ontario, CA","06","California","071","San Bernardino","34.05977","-117.14731"
"04/28/2024","AQS","060714003","1","0.064","ppm","80","Redlands","34","200.0000","44201","Ozone","014","40140","Riverside-San Bernardino-Ontario, CA","06","California","071","San Bernardino","34.05977","-117.14731"
"04/29/2024","AQS","060714003","1","0.068","ppm","93","Redlands","34","200.0000","44201","Ozone","014","40140","Riverside-San Bernardino-Ontario, CA","06","California","071","San Bernardino","34.05977","-117.14731"
"04/30/2024","AQS","060714003","1","0.068","ppm","93","Redlands","34","200.0000","44201","Ozone","014","40140","Riverside-San Bernardino-Ontario, CA","06","California","071","San Bernardino","34.05977","-117.14731"
"05/01/2024","AQS","060714003","1","0.066","ppm","87","Redlands","34","200.0000","44201","Ozone","014","40140","Riverside-San Bernardino-Ontario, CA","06","California","071","San Bernardino","34.05977","-117.14731"
"05/02/2024","AQS","060714003","1","0.064","ppm","80","Redlands","34","200.0000","44201","Ozone","014","40140","Riverside-San Bernardino-Ontario, CA","06","California","071","San Bernardino","34.05977","-117.14731"
"05/03/2024","AQS","060714003","1","0.061","ppm","71","Redlands","30","176.0000","44201","Ozone","014","40140","Riverside-San Bernardino-Ontario, CA","06","California","071","San Bernardino","34.05977","-117.14731"
"05/04/2024","AQS","060714003","1","0.049","ppm","45","Redlands","34","200.0000","44201","Ozone","014","40140","Riverside-San Bernardino-Ontario, CA","06","California","071","San Bernardino","34.05977","-117.14731"
"05/05/2024","AQS","060714003","1","0.053","ppm","49","Redlands","34","200.0000","44201","Ozone","014","40140","Riverside-San Bernardino-Ontario, CA","06","California","071","San Bernardino","34.05977","-117.14731"
"05/06/2024","AQS","060714003","1","0.052","ppm","48","Redlands","34","200.0000","44201","Ozone","014","40140","Riverside-San Bernardino-Ontario, CA","06","California","071","San Bernardino","34.05977","-117.14731"
"05/07/2024","AQS","060714003","1","0.066","ppm","87","Redlands","34","200.0000","44201","Ozone","014","40140","Riverside-San Bernardino-Ontario, CA","06","California","071","San Bernardino","34.05977","-117.14731"
"05/08/2024","AQS","060714003","1","0.061","ppm","71","Redlands","34","200.0000","44201","Ozone","014","40140","Riverside-San Bernardino-Ontario, CA","06","California","071","San Bernardino","34.05977","-117.14731"
"05/09/2024","AQS","060714003","1","0.057","ppm","58","Redlands","34","200.0000","44201","Ozone","014","40140","Riverside-San Bernardino-Ontario, CA","06","California","071","San Bernardino","34.05977","-117.14731"
"05/10/2024","AQS","060714003","1","0.067","ppm","90","Redlands","34","200.0000","44201","Ozone","014","40140","Riverside-San Bernardino-Ontario, CA","06","California","071","San Bernardino","34.05977","-117.14731"
"05/11/2024","AQS","060714003","1","0.068","ppm","93","Redlands","34","200.0000","44201","Ozone","014","40140","Riverside-San Bernardino-Ontario, CA","06","California","071","San Bernardino","34.05977","-117.14731"
"05/12/2024","AQS","060714003","1","0.073","ppm","108","Redlands","34","200.0000","44201","Ozone","014","40140","Riverside-San Bernardino-Ontario, CA","06","California","071","San Bernardino","34.05977","-117.14731"
"05/13/2024","AQS","060714003","1","0.063","ppm","77","Redlands","34","200.0000","44201","Ozone","014","40140","Riverside-San Bernardino-Ontario, CA","06","California","071","San Bernardino","34.05977","-117.14731"
"05/14/2024","AQS","060714003","1","0.057","ppm","58","Redlands","34","200.0000","44201","Ozone","014","40140","Riverside-San Bernardino-Ontario, CA","06","California","071","San Bernardino","34.05977","-117.14731"
"05/15/2024","AQS","060714003","1","0.048","ppm","44","Redlands","34","200.0000","44201","Ozone","014","40140","Riverside-San Bernardino-Ontario, CA","06","California","071","San Bernardino","34.05977","-117.14731"
"05/16/2024","AQS","060714003","1","0.049","ppm","45","Redlands","34","200.0000","44201","Ozone","014","40140","Riverside-San Bernardino-Ontario, CA","06","California","071","San Bernardino","34.05977","-117.14731"
"05/17/2024","AQS","060714003","1","0.059","ppm","64","Redlands","34","200.0000","44201","Ozone","014","40140","Riverside-San Bernardino-Ontario, CA","06","California","071","San Bernardino","34.05977","-117.14731"
"05/18/2024","AQS","060714003","1","0.064","ppm","80","Redlands","34","200.0000","44201","Ozone","014","40140","Riverside-San Bernardino-Ontario, CA","06","California","071","San Bernardino","34.05977","-117.14731"
"05/19/2024","AQS","060714003","1","0.063","ppm","77","Redlands","34","200.0000","44201","Ozone","014","40140","Riverside-San Bernardino-Ontario, CA","06","California","071","San Bernardino","34.05977","-117.14731"
"05/20/2024","AQS","060714003","1","0.055","ppm","51","Redlands","34","200.0000","44201","Ozone","014","40140","Riverside-San Bernardino-Ontario, CA","06","California","071","San Bernardino","34.05977","-117.14731"
"05/21/2024","AQS","060714003","1","0.063","ppm","77","Redlands","34","200.0000","44201","Ozone","014","40140","Riverside-San Bernardino-Ontario, CA","06","California","071","San Bernardino","34.05977","-117.14731"
"05/22/2024","AQS","060714003","1","0.066","ppm","87","Redlands","34","200.0000","44201","Ozone","014","40140","Riverside-San Bernardino-Ontario, CA","06","California","071","San Bernardino","34.05977","-117.14731"
"05/23/2024","AQS","060714003","1","0.051","ppm","47","Redlands","34","200.0000","44201","Ozone","014","40140","Riverside-San Bernardino-Ontario, CA","06","California","071","San Bernardino","34.05977","-117.14731"
"05/24/2024","AQS","060714003","1","0.046","ppm","43","Redlands","34","200.0000","44201","Ozone","014","40140","Riverside-San Bernardino-Ontario, CA","06","California","071","San Bernardino","34.05977","-117.14731"
"05/25/2024","AQS","060714003","1","0.051","ppm","47","Redlands","34","200.0000","44201","Ozone","014","40140","Riverside-San Bernardino-Ontario, CA","06","California","071","San Bernardino","34.05977","-117.14731"
"05/26/2024","AQS","060714003","1","0.053","ppm","49","Redlands","34","200.0000","44201","Ozone","014","40140","Riverside-San Bernardino-Ontario, CA","06","California","071","San Bernardino","34.05977","-117.14731"
"05/27/2024","AQS","060714003","1","0.063","ppm","77","Redlands","34","200.0000","44201","Ozone","014","40140","Riverside-San Bernardino-Ontario, CA","06","California","071","San Bernardino","34.05977","-117.14731"
"05/28/2024","AQS","060714003","1","0.069","ppm","97","Redlands","34","200.0000","44201","Ozone","014","40140","Riverside-San Bernardino-Ontario, CA","06","California","071","San Bernardino","34.05977","-117.14731"
"05/29/2024","AQS","060714003","1","0.067","ppm","90","Redlands","34","200.0000","44201","Ozone","014","40140","Riverside-San Bernardino-Ontario, CA","06","California","071","San Bernardino","34.05977","-117.14731"
"05/30/2024","AQS","060714003","1","0.081","ppm","136","Redlands","34","200.0000","44201","Ozone","014","40140","Riverside-San Bernardino-Ontario, CA","06","California","071","San Bernardino","34.05977","-117.14731"
"05/31/2024","AQS","060714003","1","0.076","ppm","119","Redlands","34","200.0000","44201","Ozone","014","40140","Riverside-San Bernardino-Ontario, CA","06","California","071","San Bernardino","34.05977","-117.14731"
"06/01/2024","AQS","060714003","1","0.072","ppm","105","Redlands","34","200.0000","44201","Ozone","014","40140","Riverside-San Bernardino-Ontario, CA","06","California","071","San Bernardino","34.05977","-117.14731"
"06/02/2024","AQS","060714003","1","0.055","ppm","51","Redlands","34","200.0000","44201","Ozone","014","40140","Riverside-San Bernardino-Ontario, CA","06","California","071","San Bernardino","34.05977","-117.14731"
"06/03/2024","AQS","060714003","1","0.058","ppm","61","Redlands","34","200.0000","44201","Ozone","014","40140","Riverside-San Bernardino-Ontario, CA","06","California","071","San Bernardino","34.05977","-117.14731"
"06/04/2024","AQS","060714003","1","0.092","ppm","166","Redlands","34","200.0000","44201","Ozone","014","40140","Riverside-San Bernardino-Ontario, CA","06","California","071","San Bernardino","34.05977","-117.14731"
"06/05/2024","AQS","060714003","1","0.099","ppm","185","Redlands","34","200.0000","44201","Ozone","014","40140","Riverside-San Bernardino-Ontario, CA","06","California","071","San Bernardino","34.05977","-117.14731"
"06/06/2024","AQS","060714003","1","0.097","ppm","179","Redlands","34","200.0000","44201","Ozone","014","40140","Riverside-San Bernardino-Ontario, CA","06","California","071","San Bernardino","34.05977","-117.14731"
"06/07/2024","AQS","060714003","1","0.073","ppm","108","Redlands","34","200.0000","44201","Ozone","014","40140","Riverside-San Bernardino-Ontario, CA","06","California","071","San Bernardino","34.05977","-117.14731"
"06/08/2024","AQS","060714003","1","0.061","ppm","71","Redlands","34","200.0000","44201","Ozone","014","40140","Riverside-San Bernardino-Ontario, CA","06","California","071","San Bernardino","34.05977","-117.14731"
"06/09/2024","AQS","060714003","1","0.057","ppm","58","Redlands","34","200.0000","44201","Ozone","014","40140","Riverside-San Bernardino-Ontario, CA","06","California","071","San Bernardino","34.05977","-117.14731"
"06/10/2024","AQS","060714003","1","0.077","ppm","122","Redlands","34","200.0000","44201","Ozone","014","40140","Riverside-San Bernardino-Ontario, CA","06","California","071","San Bernardino","34.05977","-117.14731"
"06/11/2024","AQS","060714003","1","0.088","ppm","156","Redlands","34","200.0000","44201","Ozone","014","40140","Riverside-San Bernardino-Ontario, CA","06","California","071","San Bernardino","34.05977","-117.14731"
"06/12/2024","AQS","060714003","1","0.078","ppm","126","Redlands","34","200.0000","44201","Ozone","014","40140","Riverside-San Bernardino-Ontario, CA","06","California","071","San Bernardino","34.05977","-117.14731"
"06/13/2024","AQS","060714003","1","0.071","ppm","101","Redlands","34","200.0000","44201","Ozone","014","40140","Riverside-San Bernardino-Ontario, CA","06","California","071","San Bernardino","34.05977","-117.14731"
"06/14/2024","AQS","060714003","1","0.095","ppm","174","Redlands","34","200.0000","44201","Ozone","014","40140","Riverside-San Bernardino-Ontario, CA","06","California","071","San Bernardino","34.05977","-117.14731"
"06/15/2024","AQS","060714003","1","0.103","ppm","195","Redlands","34","200.0000","44201","Ozone","014","40140","Riverside-San Bernardino-Ontario, CA","06","California","071","San Bernardino","34.05977","-117.14731"
"06/16/2024","AQS","060714003","1","0.076","ppm","119","Redlands","34","200.0000","44201","Ozone","014","40140","Riverside-San Bernardino-Ontario, CA","06","California","071","San Bernardino","34.05977","-117.14731"
"06/17/2024","AQS","060714003","1","0.066","ppm","87","Redlands","34","200.0000","44201","Ozone","014","40140","Riverside-San Bernardino-Ontario, CA","06","California","071","San Bernardino","34.05977","-117.14731"
"06/18/2024","AQS","060714003","1","0.072","ppm","105","Redlands","34","200.0000","44201","Ozone","014","40140","Riverside-San Bernardino-Ontario, CA","06","California","071","San Bernardino","34.05977","-117.14731"
"06/19/2024","AQS","060714003","1","0.076","ppm","119","Redlands","34","200.0000","44201","Ozone","014","40140","Riverside-San Bernardino-Ontario, CA","06","California","071","San Bernardino","34.05977","-117.14731"
"06/20/2024","AQS","060714003","1","0.084","ppm","147","Redlands","34","200.0000","44201","Ozone","014","40140","Riverside-San Bernardino-Ontario, CA","06","California","071","San Bernardino","34.05977","-117.14731"
"06/21/2024","AQS","060714003","1","0.097","ppm","179","Redlands","34","200.0000","44201","Ozone","014","40140","Riverside-San Bernardino-Ontario, CA","06","California","071","San Bernardino","34.05977","-117.14731"
"06/22/2024","AQS","060714003","1","0.081","ppm","136","Redlands","34","200.0000","44201","Ozone","014","40140","Riverside-San Bernardino-Ontario, CA","06","California","071","San Bernardino","34.05977","-117.14731"
"06/23/2024","AQS","060714003","1","0.083","ppm","143","Redlands","34","200.0000","44201","Ozone","014","40140","Riverside-San Bernardino-Ontario, CA","06","California","071","San Bernardino","34.05977","-117.14731"
"06/24/2024","AQS","060714003","1","0.095","ppm","174","Redlands","34","200.0000","44201","Ozone","014","40140","Riverside-San Bernardino-Ontario, CA","06","California","071","San Bernardino","34.05977","-117.14731"
"06/25/2024","AQS","060714003","1","0.075","ppm","115","Redlands","34","200.0000","44201","Ozone","014","40140","Riverside-San Bernardino-Ontario, CA","06","California","071","San Bernardino","34.05977","-117.14731"
"06/26/2024","AQS","060714003","1","0.081","ppm","136","Redlands","34","200.0000","44201","Ozone","014","40140","Riverside-San Bernardino-Ontario, CA","06","California","071","San Bernardino","34.05977","-117.14731"
"06/27/2024","AQS","060714003","1","0.083","ppm","143","Redlands","34","200.0000","44201","Ozone","014","40140","Riverside-San Bernardino-Ontario, CA","06","California","071","San Bernardino","34.05977","-117.14731"
"06/28/2024","AQS","060714003","1","0.078","ppm","126","Redlands","34","200.0000","44201","Ozone","014","40140","Riverside-San Bernardino-Ontario, CA","06","California","071","San Bernardino","34.05977","-117.14731"
"06/29/2024","AQS","060714003","1","0.086","ppm","151","Redlands","34","200.0000","44201","Ozone","014","40140","Riverside-San Bernardino-Ontario, CA","06","California","071","San Bernardino","34.05977","-117.14731"
"06/30/2024","AQS","060714003","1","0.084","ppm","147","Redlands","34","200.0000","44201","Ozone","014","40140","Riverside-San Bernardino-Ontario, CA","06","California","071","San Bernardino","34.05977","-117.14731"
"07/01/2024","AQS","060714003","1","0.087","ppm","154","Redlands","17","100.0000","44201","Ozone","087","40140","Riverside-San Bernardino-Ontario, CA","06","California","071","San Bernardino","34.05977","-117.14731"
"07/02/2024","AQS","060714003","1","0.101","ppm","190","Redlands","17","100.0000","44201","Ozone","087","40140","Riverside-San Bernardino-Ontario, CA","06","California","071","San Bernardino","34.05977","-117.14731"
"07/03/2024","AQS","060714003","1","0.117","ppm","213","Redlands","17","100.0000","44201","Ozone","087","40140","Riverside-San Bernardino-Ontario, CA","06","California","071","San Bernardino","34.05977","-117.14731"
"07/04/2024","AQS","060714003","1","0.107","ppm","202","Redlands","17","100.0000","44201","Ozone","087","40140","Riverside-San Bernardino-Ontario, CA","06","California","071","San Bernardino","34.05977","-117.14731"
"07/05/2024","AQS","060714003","1","0.131","ppm","227","Redlands","17","100.0000","44201","Ozone","087","40140","Riverside-San Bernardino-Ontario, CA","06","California","071","San Bernardino","34.05977","-117.14731"
"07/06/2024","AQS","060714003","1","0.107","ppm","202","Redlands","17","100.0000","44201","Ozone","087","40140","Riverside-San Bernardino-Ontario, CA","06","California","071","San Bernardino","34.05977","-117.14731"
"07/07/2024","AQS","060714003","1","0.088","ppm","156","Redlands","17","100.0000","44201","Ozone","087","40140","Riverside-San Bernardino-Ontario, CA","06","California","071","San Bernardino","34.05977","-117.14731"
"07/08/2024","AQS","060714003","1","0.104","ppm","197","Redlands","17","100.0000","44201","Ozone","087","40140","Riverside-San Bernardino-Ontario, CA","06","California","071","San Bernardino","34.05977","-117.14731"
"07/09/2024","AQS","060714003","1","0.121","ppm","217","Redlands","17","100.0000","44201","Ozone","087","40140","Riverside-San Bernardino-Ontario, CA","06","California","071","San Bernardino","34.05977","-117.14731"
"07/10/2024","AQS","060714003","1","0.116","ppm","212","Redlands","17","100.0000","44201","Ozone","087","40140","Riverside-San Bernardino-Ontario, CA","06","California","071","San Bernardino","34.05977","-117.14731"
"07/11/2024","AQS","060714003","1","0.127","ppm","223","Redlands","17","100.0000","44201","Ozone","087","40140","Riverside-San Bernardino-Ontario, CA","06","California","071","San Bernardino","34.05977","-117.14731"
"07/12/2024","AQS","060714003","1","0.099","ppm","185","Redlands","17","100.0000","44201","Ozone","087","40140","Riverside-San Bernardino-Ontario, CA","06","California","071","San Bernardino","34.05977","-117.14731"
"07/13/2024","AQS","060714003","1","0.095","ppm","174","Redlands","17","100.0000","44201","Ozone","087","40140","Riverside-San Bernardino-Ontario, CA","06","California","071","San Bernardino","34.05977","-117.14731"
"07/14/2024","AQS","060714003","1","0.086","ppm","151","Redlands","17","100.0000","44201","Ozone","087","40140","Riverside-San Bernardino-Ontario, CA","06","California","071","San Bernardino","34.05977","-117.14731"
"07/15/2024","AQS","060714003","1","0.088","ppm","156","Redlands","17","100.0000","44201","Ozone","087","40140","Riverside-San Bernardino-Ontario, CA","06","California","071","San Bernardino","34.05977","-117.14731"
"07/16/2024","AQS","060714003","1","0.082","ppm","140","Redlands","17","100.0000","44201","Ozone","087","40140","Riverside-San Bernardino-Ontario, CA","06","California","071","San Bernardino","34.05977","-117.14731"
"07/17/2024","AQS","060714003","1","0.104","ppm","197","Redlands","17","100.0000","44201","Ozone","087","40140","Riverside-San Bernardino-Ontario, CA","06","California","071","San Bernardino","34.05977","-117.14731"
"07/18/2024","AQS","060714003","1","0.103","ppm","195","Redlands","17","100.0000","44201","Ozone","087","40140","Riverside-San Bernardino-Ontario, CA","06","California","071","San Bernardino","34.05977","-117.14731"
"07/19/2024","AQS","060714003","1","0.09","ppm","161","Redlands","17","100.0000","44201","Ozone","087","40140","Riverside-San Bernardino-Ontario, CA","06","California","071","San Bernardino","34.05977","-117.14731"
"07/20/2024","AQS","060714003","1","0.092","ppm","166","Redlands","17","100.0000","44201","Ozone","087","40140","Riverside-San Bernardino-Ontario, CA","06","California","071","San Bernardino","34.05977","-117.14731"
"07/21/2024","AQS","060714003","1","0.084","ppm","147","Redlands","17","100.0000","44201","Ozone","087","40140","Riverside-San Bernardino-Ontario, CA","06","California","071","San Bernardino","34.05977","-117.14731"
"07/22/2024","AQS","060714003","1","0.104","ppm","197","Redlands","17","100.0000","44201","Ozone","087","40140","Riverside-San Bernardino-Ontario, CA","06","California","071","San Bernardino","34.05977","-117.14731"
"07/23/2024","AQS","060714003","1","0.115","ppm","210","Redlands","17","100.0000","44201","Ozone","087","40140","Riverside-San Bernardino-Ontario, CA","06","California","071","San Bernardino","34.05977","-117.14731"
"07/24/2024","AQS","060714003","1","0.114","ppm","209","Redlands","17","100.0000","44201","Ozone","087","40140","Riverside-San Bernardino-Ontario, CA","06","California","071","San Bernardino","34.05977","-117.14731"
"07/25/2024","AQS","060714003","1","0.109","ppm","204","Redlands","17","100.0000","44201","Ozone","087","40140","Riverside-San Bernardino-Ontario, CA","06","California","071","San Bernardino","34.05977","-117.14731"
"07/26/2024","AQS","060714003","1","0.083","ppm","143","Redlands","17","100.0000","44201","Ozone","087","40140","Riverside-San Bernardino-Ontario, CA","06","California","071","San Bernardino","34.05977","-117.14731"
"07/27/2024","AQS","060714003","1","0.064","ppm","80","Redlands","17","100.0000","44201","Ozone","087","40140","Riverside-San Bernardino-Ontario, CA","06","California","071","San Bernardino","34.05977","-117.14731"
"07/28/2024","AQS","060714003","1","0.064","ppm","80","Redlands","17","100.0000","44201","Ozone","087","40140","Riverside-San Bernardino-Ontario, CA","06","California","071","San Bernardino","34.05977","-117.14731"
"07/29/2024","AQS","060714003","1","0.075","ppm","115","Redlands","17","100.0000","44201","Ozone","087","40140","Riverside-San Bernardino-Ontario, CA","06","California","071","San Bernardino","34.05977","-117.14731"
"07/30/2024","AQS","060714003","1","0.084","ppm","147","Redlands","17","100.0000","44201","Ozone","087","40140","Riverside-San Bernardino-Ontario, CA","06","California","071","San Bernardino","34.05977","-117.14731"
"07/31/2024","AQS","060714003","1","0.099","ppm","185","Redlands","17","100.0000","44201","Ozone","087","40140","Riverside-San Bernardino-Ontario, CA","06","California","071","San Bernardino","34.05977","-117.14731"
"08/01/2024","AQS","060714003","1","0.08","ppm","133","Redlands","17","100.0000","44201","Ozone","087","40140","Riverside-San Bernardino-Ontario, CA","06","California","071","San Bernardino","34.05977","-117.14731"
"08/02/2024","AQS","060714003","1","0.099","ppm","185","Redlands","17","100.0000","44201","Ozone","087","40140","Riverside-San Bernardino-Ontario, CA","06","California","071","San Bernardino","34.05977","-117.14731"
"08/03/2024","AQS","060714003","1","0.091","ppm","164","Redlands","17","100.0000","44201","Ozone","087","40140","Riverside-San Bernardino-Ontario, CA","06","California","071","San Bernardino","34.05977","-117.14731"
"08/04/2024","AQS","060714003","1","0.085","ppm","150","Redlands","17","100.0000","44201","Ozone","087","40140","Riverside-San Bernardino-Ontario, CA","06","California","071","San Bernardino","34.05977","-117.14731"
"08/05/2024","AQS","060714003","1","0.094","ppm","172","Redlands","17","100.0000","44201","Ozone","087","40140","Riverside-San Bernardino-Ontario, CA","06","California","071","San Bernardino","34.05977","-117.14731"
"08/06/2024","AQS","060714003","1","0.093","ppm","169","Redlands","17","100.0000","44201","Ozone","087","40140","Riverside-San Bernardino-Ontario, CA","06","California","071","San Bernardino","34.05977","-117.14731"
"08/07/2024","AQS","060714003","1","0.079","ppm","129","Redlands","17","100.0000","44201","Ozone","087","40140","Riverside-San Bernardino-Ontario, CA","06","California","071","San Bernardino","34.05977","-117.14731"
"08/08/2024","AQS","060714003","1","0.082","ppm","140","Redlands","17","100.0000","44201","Ozone","087","40140","Riverside-San Bernardino-Ontario, CA","06","California","071","San Bernardino","34.05977","-117.14731"
"08/09/2024","AQS","060714003","1","0.102","ppm","192","Redlands","17","100.0000","44201","Ozone","087","40140","Riverside-San Bernardino-Ontario, CA","06","California","071","San Bernardino","34.05977","-117.14731"
"08/10/2024","AQS","060714003","1","0.098","ppm","182","Redlands","17","100.0000","44201","Ozone","087","40140","Riverside-San Bernardino-Ontario, CA","06","California","071","San Bernardino","34.05977","-117.14731"
"08/11/2024","AQS","060714003","1","0.076","ppm","119","Redlands","17","100.0000","44201","Ozone","087","40140","Riverside-San Bernardino-Ontario, CA","06","California","071","San Bernardino","34.05977","-117.14731"
"08/12/2024","AQS","060714003","1","0.06","ppm","67","Redlands","17","100.0000","44201","Ozone","087","40140","Riverside-San Bernardino-Ontario, CA","06","California","071","San Bernardino","34.05977","-117.14731"
"08/13/2024","AQS","060714003","1","0.066","ppm","87","Redlands","17","100.0000","44201","Ozone","087","40140","Riverside-San Bernardino-Ontario, CA","06","California","071","San Bernardino","34.05977","-117.14731"
"08/14/2024","AQS","060714003","1","0.07","ppm","100","Redlands","17","100.0000","44201","Ozone","087","40140","Riverside-San Bernardino-Ontario, CA","06","California","071","San Bernardino","34.05977","-117.14731"
"08/15/2024","AQS","060714003","1","0.085","ppm","150","Redlands","17","100.0000","44201","Ozone","087","40140","Riverside-San Bernardino-Ontario, CA","06","California","071","San Bernardino","34.05977","-117.14731"
"08/16/2024","AQS","060714003","1","0.096","ppm","177","Redlands","17","100.0000","44201","Ozone","087","40140","Riverside-San Bernardino-Ontario, CA","06","California","071","San Bernardino","34.05977","-117.14731"
"08/17/2024","AQS","060714003","1","0.07","ppm","100","Redlands","17","100.0000","44201","Ozone","087","40140","Riverside-San Bernardino-Ontario, CA","06","California","071","San Bernardino","34.05977","-117.14731"
"08/18/2024","AQS","060714003","1","0.078","ppm","126","Redlands","17","100.0000","44201","Ozone","087","40140","Riverside-San Bernardino-Ontario, CA","06","California","071","San Bernardino","34.05977","-117.14731"
"08/19/2024","AQS","060714003","1","0.097","ppm","179","Redlands","17","100.0000","44201","Ozone","087","40140","Riverside-San Bernardino-Ontario, CA","06","California","071","San Bernardino","34.05977","-117.14731"
"08/20/2024","AQS","060714003","1","0.069","ppm","97","Redlands","17","100.0000","44201","Ozone","087","40140","Riverside-San Bernardino-Ontario, CA","06","California","071","San Bernardino","34.05977","-117.14731"
"08/21/2024","AQS","060714003","1","0.087","ppm","154","Redlands","17","100.0000","44201","Ozone","087","40140","Riverside-San Bernardino-Ontario, CA","06","California","071","San Bernardino","34.05977","-117.14731"
"08/22/2024","AQS","060714003","1","0.072","ppm","105","Redlands","17","100.0000","44201","Ozone","087","40140","Riverside-San Bernardino-Ontario, CA","06","California","071","San Bernardino","34.05977","-117.14731"
"08/23/2024","AQS","060714003","1","0.061","ppm","71","Redlands","17","100.0000","44201","Ozone","087","40140","Riverside-San Bernardino-Ontario, CA","06","California","071","San Bernardino","34.05977","-117.14731"
"08/24/2024","AQS","060714003","1","0.056","ppm","54","Redlands","17","100.0000","44201","Ozone","087","40140","Riverside-San Bernardino-Ontario, CA","06","California","071","San Bernardino","34.05977","-117.14731"
"08/25/2024","AQS","060714003","1","0.064","ppm","80","Redlands","17","100.0000","44201","Ozone","087","40140","Riverside-San Bernardino-Ontario, CA","06","California","071","San Bernardino","34.05977","-117.14731"
"08/26/2024","AQS","060714003","1","0.086","ppm","151","Redlands","17","100.0000","44201","Ozone","087","40140","Riverside-San Bernardino-Ontario, CA","06","California","071","San Bernardino","34.05977","-117.14731"
"08/27/2024","AQS","060714003","1","0.095","ppm","174","Redlands","17","100.0000","44201","Ozone","087","40140","Riverside-San Bernardino-Ontario, CA","06","California","071","San Bernardino","34.05977","-117.14731"
"08/28/2024","AQS","060714003","1","0.087","ppm","154","Redlands","17","100.0000","44201","Ozone","087","40140","Riverside-San Bernardino-Ontario, CA","06","California","071","San Bernardino","34.05977","-117.14731"
"08/29/2024","AQS","060714003","1","0.087","ppm","154","Redlands","17","100.0000","44201","Ozone","087","40140","Riverside-San Bernardino-Ontario, CA","06","California","071","San Bernardino","34.05977","-117.14731"
"08/30/2024","AQS","060714003","1","0.099","ppm","185","Redlands","17","100.0000","44201","Ozone","087","40140","Riverside-San Bernardino-Ontario, CA","06","California","071","San Bernardino","34.05977","-117.14731"
"08/31/2024","AQS","060714003","1","0.108","ppm","203","Redlands","17","100.0000","44201","Ozone","087","40140","Riverside-San Bernardino-Ontario, CA","06","California","071","San Bernardino","34.05977","-117.14731"
"09/01/2024","AQS","060714003","1","0.096","ppm","177","Redlands","17","100.0000","44201","Ozone","087","40140","Riverside-San Bernardino-Ontario, CA","06","California","071","San Bernardino","34.05977","-117.14731"
"09/02/2024","AQS","060714003","1","0.086","ppm","151","Redlands","17","100.0000","44201","Ozone","087","40140","Riverside-San Bernardino-Ontario, CA","06","California","071","San Bernardino","34.05977","-117.14731"
"09/03/2024","AQS","060714003","1","0.089","ppm","159","Redlands","17","100.0000","44201","Ozone","087","40140","Riverside-San Bernardino-Ontario, CA","06","California","071","San Bernardino","34.05977","-117.14731"
"09/04/2024","AQS","060714003","1","0.085","ppm","150","Redlands","17","100.0000","44201","Ozone","087","40140","Riverside-San Bernardino-Ontario, CA","06","California","071","San Bernardino","34.05977","-117.14731"
"09/05/2024","AQS","060714003","1","0.089","ppm","159","Redlands","17","100.0000","44201","Ozone","087","40140","Riverside-San Bernardino-Ontario, CA","06","California","071","San Bernardino","34.05977","-117.14731"
"09/06/2024","AQS","060714003","1","0.083","ppm","143","Redlands","17","100.0000","44201","Ozone","087","40140","Riverside-San Bernardino-Ontario, CA","06","California","071","San Bernardino","34.05977","-117.14731"
"09/07/2024","AQS","060714003","1","0.065","ppm","84","Redlands","17","100.0000","44201","Ozone","087","40140","Riverside-San Bernardino-Ontario, CA","06","California","071","San Bernardino","34.05977","-117.14731"
"09/08/2024","AQS","060714003","1","0.053","ppm","49","Redlands","17","100.0000","44201","Ozone","087","40140","Riverside-San Bernardino-Ontario, CA","06","California","071","San Bernardino","34.05977","-117.14731"
"09/09/2024","AQS","060714003","1","0.11","ppm","205","Redlands","17","100.0000","44201","Ozone","087","40140","Riverside-San Bernardino-Ontario, CA","06","California","071","San Bernardino","34.05977","-117.14731"
"09/10/2024","AQS","060714003","1","0.068","ppm","93","Redlands","17","100.0000","44201","Ozone","087","40140","Riverside-San Bernardino-Ontario, CA","06","California","071","San Bernardino","34.05977","-117.14731"
"09/11/2024","AQS","060714003","1","0.069","ppm","97","Redlands","17","100.0000","44201","Ozone","087","40140","Riverside-San Bernardino-Ontario, CA","06","California","071","San Bernardino","34.05977","-117.14731"
"09/12/2024","AQS","060714003","1","0.057","ppm","58","Redlands","17","100.0000","44201","Ozone","087","40140","Riverside-San Bernardino-Ontario, CA","06","California","071","San Bernardino","34.05977","-117.14731"
"09/13/2024","AQS","060714003","1","0.071","ppm","101","Redlands","17","100.0000","44201","Ozone","087","40140","Riverside-San Bernardino-Ontario, CA","06","California","071","San Bernardino","34.05977","-117.14731"
"09/14/2024","AQS","060714003","1","0.077","ppm","122","Redlands","17","100.0000","44201","Ozone","087","40140","Riverside-San Bernardino-Ontario, CA","06","California","071","San Bernardino","34.05977","-117.14731"
"09/15/2024","AQS","060714003","1","0.062","ppm","74","Redlands","17","100.0000","44201","Ozone","087","40140","Riverside-San Bernardino-Ontario, CA","06","California","071","San Bernardino","34.05977","-117.14731"
"09/16/2024","AQS","060714003","1","0.048","ppm","44","Redlands","17","100.0000","44201","Ozone","087","40140","Riverside-San Bernardino-Ontario, CA","06","California","071","San Bernardino","34.05977","-117.14731"
"09/17/2024","AQS","060714003","1","0.051","ppm","47","Redlands","17","100.0000","44201","Ozone","087","40140","Riverside-San Bernardino-Ontario, CA","06","California","071","San Bernardino","34.05977","-117.14731"
"09/18/2024","AQS","060714003","1","0.062","ppm","74","Redlands","17","100.0000","44201","Ozone","087","40140","Riverside-San Bernardino-Ontario, CA","06","California","071","San Bernardino","34.05977","-117.14731"
"09/19/2024","AQS","060714003","1","0.055","ppm","51","Redlands","17","100.0000","44201","Ozone","087","40140","Riverside-San Bernardino-Ontario, CA","06","California","071","San Bernardino","34.05977","-117.14731"
"09/20/2024","AQS","060714003","1","0.033","ppm","31","Redlands","13","76.0000","44201","Ozone","087","40140","Riverside-San Bernardino-Ontario, CA","06","California","071","San Bernardino","34.05977","-117.14731"
"09/21/2024","AQS","060714003","1","0.066","ppm","87","Redlands","17","100.0000","44201","Ozone","087","40140","Riverside-San Bernardino-Ontario, CA","06","California","071","San Bernardino","34.05977","-117.14731"
"09/22/2024","AQS","060714003","1","0.086","ppm","151","Redlands","17","100.0000","44201","Ozone","087","40140","Riverside-San Bernardino-Ontario, CA","06","California","071","San Bernardino","34.05977","-117.14731"
"09/23/2024","AQS","060714003","1","0.088","ppm","156","Redlands","17","100.0000","44201","Ozone","087","40140","Riverside-San Bernardino-Ontario, CA","06","California","071","San Bernardino","34.05977","-117.14731"
"09/24/2024","AQS","060714003","1","0.084","ppm","147","Redlands","17","100.0000","44201","Ozone","087","40140","Riverside-San Bernardino-Ontario, CA","06","California","071","San Bernardino","34.05977","-117.14731"
"09/25/2024","AQS","060714003","1","0.086","ppm","151","Redlands","17","100.0000","44201","Ozone","087","40140","Riverside-San Bernardino-Ontario, CA","06","California","071","San Bernardino","34.05977","-117.14731"
"09/26/2024","AQS","060714003","1","0.084","ppm","147","Redlands","17","100.0000","44201","Ozone","087","40140","Riverside-San Bernardino-Ontario, CA","06","California","071","San Bernardino","34.05977","-117.14731"
"09/27/2024","AQS","060714003","1","0.087","ppm","154","Redlands","17","100.0000","44201","Ozone","087","40140","Riverside-San Bernardino-Ontario, CA","06","California","071","San Bernardino","34.05977","-117.14731"
"09/28/2024","AQS","060714003","1","0.085","ppm","150","Redlands","17","100.0000","44201","Ozone","087","40140","Riverside-San Bernardino-Ontario, CA","06","California","071","San Bernardino","34.05977","-117.14731"
"09/29/2024","AQS","060714003","1","0.077","ppm","122","Redlands","17","100.0000","44201","Ozone","087","40140","Riverside-San Bernardino-Ontario, CA","06","California","071","San Bernardino","34.05977","-117.14731"
"09/30/2024","AQS","060714003","1","0.112","ppm","207","Redlands","17","100.0000","44201","Ozone","087","40140","Riverside-San Bernardino-Ontario, CA","06","California","071","San Bernardino","34.05977","-117.14731"
"10/01/2024","AQS","060714003","1","0.102","ppm","192","Redlands","17","100.0000","44201","Ozone","087","40140","Riverside-San Bernardino-Ontario, CA","06","California","071","San Bernardino","34.05977","-117.14731"
"10/02/2024","AQS","060714003","1","0.098","ppm","182","Redlands","17","100.0000","44201","Ozone","087","40140","Riverside-San Bernardino-Ontario, CA","06","California","071","San Bernardino","34.05977","-117.14731"
"10/03/2024","AQS","060714003","1","0.108","ppm","203","Redlands","17","100.0000","44201","Ozone","087","40140","Riverside-San Bernardino-Ontario, CA","06","California","071","San Bernardino","34.05977","-117.14731"
"10/04/2024","AQS","060714003","1","0.096","ppm","177","Redlands","17","100.0000","44201","Ozone","087","40140","Riverside-San Bernardino-Ontario, CA","06","California","071","San Bernardino","34.05977","-117.14731"
"10/05/2024","AQS","060714003","1","0.109","ppm","204","Redlands","17","100.0000","44201","Ozone","087","40140","Riverside-San Bernardino-Ontario, CA","06","California","071","San Bernardino","34.05977","-117.14731"
"10/06/2024","AQS","060714003","1","0.094","ppm","172","Redlands","17","100.0000","44201","Ozone","087","40140","Riverside-San Bernardino-Ontario, CA","06","California","071","San Bernardino","34.05977","-117.14731"
"10/07/2024","AQS","060714003","1","0.081","ppm","136","Redlands","17","100.0000","44201","Ozone","087","40140","Riverside-San Bernardino-Ontario, CA","06","California","071","San Bernardino","34.05977","-117.14731"
"10/08/2024","AQS","060714003","1","0.069","ppm","97","Redlands","17","100.0000","44201","Ozone","087","40140","Riverside-San Bernardino-Ontario, CA","06","California","071","San Bernardino","34.05977","-117.14731"
"10/09/2024","AQS","060714003","1","0.076","ppm","119","Redlands","13","76.0000","44201","Ozone","087","40140","Riverside-San Bernardino-Ontario, CA","06","California","071","San Bernardino","34.05977","-117.14731"
"10/10/2024","AQS","060714003","1","0.064","ppm","80","Redlands","17","100.0000","44201","Ozone","087","40140","Riverside-San Bernardino-Ontario, CA","06","California","071","San Bernardino","34.05977","-117.14731"
"10/11/2024","AQS","060714003","1","0.063","ppm","77","Redlands","17","100.0000","44201","Ozone","087","40140","Riverside-San Bernardino-Ontario, CA","06","California","071","San Bernardino","34.05977","-117.14731"
"10/12/2024","AQS","060714003","1","0.062","ppm","74","Redlands","17","100.0000","44201","Ozone","087","40140","Riverside-San Bernardino-Ontario, CA","06","California","071","San Bernardino","34.05977","-117.14731"
"10/13/2024","AQS","060714003","1","0.06","ppm","67","Redlands","17","100.0000","44201","Ozone","087","40140","Riverside-San Bernardino-Ontario, CA","06","California","071","San Bernardino","34.05977","-117.14731"
"10/14/2024","AQS","060714003","1","0.057","ppm","58","Redlands","17","100.0000","44201","Ozone","087","40140","Riverside-San Bernardino-Ontario, CA","06","California","071","San Bernardino","34.05977","-117.14731"
"10/15/2024","AQS","060714003","1","0.05","ppm","46","Redlands","17","100.0000","44201","Ozone","087","40140","Riverside-San Bernardino-Ontario, CA","06","California","071","San Bernardino","34.05977","-117.14731"
"10/16/2024","AQS","060714003","1","0.042","ppm","39","Redlands","17","100.0000","44201","Ozone","087","40140","Riverside-San Bernardino-Ontario, CA","06","California","071","San Bernardino","34.05977","-117.14731"
"10/17/2024","AQS","060714003","1","0.035","ppm","32","Redlands","16","94.0000","44201","Ozone","087","40140","Riverside-San Bernardino-Ontario, CA","06","California","071","San Bernardino","34.05977","-117.14731"
"10/18/2024","AQS","060714003","1","0.042","ppm","39","Redlands","17","100.0000","44201","Ozone","087","40140","Riverside-San Bernardino-Ontario, CA","06","California","071","San Bernardino","34.05977","-117.14731"
"10/19/2024","AQS","060714003","1","0.047","ppm","44","Redlands","17","100.0000","44201","Ozone","087","40140","Riverside-San Bernardino-Ontario, CA","06","California","071","San Bernardino","34.05977","-117.14731"
"10/20/2024","AQS","060714003","1","0.055","ppm","51","Redlands","17","100.0000","44201","Ozone","087","40140","Riverside-San Bernardino-Ontario, CA","06","California","071","San Bernardino","34.05977","-117.14731"
"10/21/2024","AQS","060714003","1","0.059","ppm","64","Redlands","17","100.0000","44201","Ozone","087","40140","Riverside-San Bernardino-Ontario, CA","06","California","071","San Bernardino","34.05977","-117.14731"
"10/22/2024","AQS","060714003","1","0.061","ppm","71","Redlands","17","100.0000","44201","Ozone","087","40140","Riverside-San Bernardino-Ontario, CA","06","California","071","San Bernardino","34.05977","-117.14731"
"10/23/2024","AQS","060714003","1","0.07","ppm","100","Redlands","17","100.0000","44201","Ozone","087","40140","Riverside-San Bernardino-Ontario, CA","06","California","071","San Bernardino","34.05977","-117.14731"
"10/24/2024","AQS","060714003","1","0.069","ppm","97","Redlands","17","100.0000","44201","Ozone","087","40140","Riverside-San Bernardino-Ontario, CA","06","California","071","San Bernardino","34.05977","-117.14731"
"10/25/2024","AQS","060714003","1","0.075","ppm","115","Redlands","17","100.0000","44201","Ozone","087","40140","Riverside-San Bernardino-Ontario, CA","06","California","071","San Bernardino","34.05977","-117.14731"
"10/26/2024","AQS","060714003","1","0.078","ppm","126","Redlands","17","100.0000","44201","Ozone","087","40140","Riverside-San Bernardino-Ontario, CA","06","California","071","San Bernardino","34.05977","-117.14731"
"10/27/2024","AQS","060714003","1","0.075","ppm","115","Redlands","17","100.0000","44201","Ozone","087","40140","Riverside-San Bernardino-Ontario, CA","06","California","071","San Bernardino","34.05977","-117.14731"
"10/28/2024","AQS","060714003","1","0.042","ppm","39","Redlands","17","100.0000","44201","Ozone","087","40140","Riverside-San Bernardino-Ontario, CA","06","California","071","San Bernardino","34.05977","-117.14731"
"10/29/2024","AQS","060714003","1","0.044","ppm","41","Redlands","17","100.0000","44201","Ozone","087","40140","Riverside-San Bernardino-Ontario, CA","06","California","071","San Bernardino","34.05977","-117.14731"
"10/30/2024","AQS","060714003","1","0.039","ppm","36","Redlands","17","100.0000","44201","Ozone","087","40140","Riverside-San Bernardino-Ontario, CA","06","California","071","San Bernardino","34.05977","-117.14731"
"10/31/2024","AirNow","060714003","1","0.049","ppm","45","Redlands","24","100.0000","44201","Ozone","","40140","Riverside-San Bernardino-Ontario, CA","06","California","071","San Bernardino","34.05977","-117.14731"
"11/01/2024","AirNow","060714003","1","0.047","ppm","44","Redlands","24","100.0000","44201","Ozone","","40140","Riverside-San Bernardino-Ontario, CA","06","California","071","San Bernardino","34.05977","-117.14731"
"11/02/2024","AirNow","060714003","1","0.046","ppm","43","Redlands","24","100.0000","44201","Ozone","","40140","Riverside-San Bernardino-Ontario, CA","06","California","071","San Bernardino","34.05977","-117.14731"
"11/03/2024","AirNow","060714003","1","0.043","ppm","40","Redlands","24","100.0000","44201","Ozone","","40140","Riverside-San Bernardino-Ontario, CA","06","California","071","San Bernardino","34.05977","-117.14731"
"11/04/2024","AirNow","060714003","1","0.042","ppm","39","Redlands","24","100.0000","44201","Ozone","","40140","Riverside-San Bernardino-Ontario, CA","06","California","071","San Bernardino","34.05977","-117.14731"
"11/05/2024","AirNow","060714003","1","0.042","ppm","39","Redlands","24","100.0000","44201","Ozone","","40140","Riverside-San Bernardino-Ontario, CA","06","California","071","San Bernardino","34.05977","-117.14731"
"11/06/2024","AirNow","060714003","1","0.04","ppm","37","Redlands","24","100.0000","44201","Ozone","","40140","Riverside-San Bernardino-Ontario, CA","06","California","071","San Bernardino","34.05977","-117.14731"
"11/07/2024","AirNow","060714003","1","0.035","ppm","32","Redlands","24","100.0000","44201","Ozone","","40140","Riverside-San Bernardino-Ontario, CA","06","California","071","San Bernardino","34.05977","-117.14731"
"11/08/2024","AirNow","060714003","1","0.037","ppm","34","Redlands","24","100.0000","44201","Ozone","","40140","Riverside-San Bernardino-Ontario, CA","06","California","071","San Bernardino","34.05977","-117.14731"
"11/09/2024","AirNow","060714003","1","0.041","ppm","38","Redlands","24","100.0000","44201","Ozone","","40140","Riverside-San Bernardino-Ontario, CA","06","California","071","San Bernardino","34.05977","-117.14731"
"11/10/2024","AirNow","060714003","1","0.048","ppm","44","Redlands","24","100.0000","44201","Ozone","","40140","Riverside-San Bernardino-Ontario, CA","06","California","071","San Bernardino","34.05977","-117.14731"
"11/11/2024","AirNow","060714003","1","0.058","ppm","61","Redlands","24","100.0000","44201","Ozone","","40140","Riverside-San Bernardino-Ontario, CA","06","California","071","San Bernardino","34.05977","-117.14731"
"11/12/2024","AirNow","060714003","1","0.044","ppm","41","Redlands","24","100.0000","44201","Ozone","","40140","Riverside-San Bernardino-Ontario, CA","06","California","071","San Bernardino","34.05977","-117.14731"
"11/13/2024","AirNow","060714003","1","0.042","ppm","39","Redlands","24","100.0000","44201","Ozone","","40140","Riverside-San Bernardino-Ontario, CA","06","California","071","San Bernardino","34.05977","-117.14731"
"11/14/2024","AirNow","060714003","1","0.044","ppm","41","Redlands","24","100.0000","44201","Ozone","","40140","Riverside-San Bernardino-Ontario, CA","06","California","071","San Bernardino","34.05977","-117.14731"
"11/15/2024","AirNow","060714003","1","0.039","ppm","36","Redlands","24","100.0000","44201","Ozone","","40140","Riverside-San Bernardino-Ontario, CA","06","California","071","San Bernardino","34.05977","-117.14731"
"11/16/2024","AirNow","060714003","1","0.037","ppm","34","Redlands","24","100.0000","44201","Ozone","","40140","Riverside-San Bernardino-Ontario, CA","06","California","071","San Bernardino","34.05977","-117.14731"
"11/17/2024","AirNow","060714003","1","0.039","ppm","36","Redlands","24","100.0000","44201","Ozone","","40140","Riverside-San Bernardino-Ontario, CA","06","California","071","San Bernardino","34.05977","-117.14731"
"11/18/2024","AirNow","060714003","1","0.039","ppm","36","Redlands","24","100.0000","44201","Ozone","","40140","Riverside-San Bernardino-Ontario, CA","06","California","071","San Bernardino","34.05977","-117.14731"
"11/19/2024","AirNow","060714003","1","0.039","ppm","36","Redlands","24","100.0000","44201","Ozone","","40140","Riverside-San Bernardino-Ontario, CA","06","California","071","San Bernardino","34.05977","-117.14731"
"11/20/2024","AirNow","060714003","1","0.034","ppm","31","Redlands","18","75.0000","44201","Ozone","","40140","Riverside-San Bernardino-Ontario, CA","06","California","071","San Bernardino","34.05977","-117.14731"
"11/21/2024","AirNow","060714003","1","0.041","ppm","38","Redlands","24","100.0000","44201","Ozone","","40140","Riverside-San Bernardino-Ontario, CA","06","California","071","San Bernardino","34.05977","-117.14731"
"11/22/2024","AirNow","060714003","1","0.042","ppm","39","Redlands","24","100.0000","44201","Ozone","","40140","Riverside-San Bernardino-Ontario, CA","06","California","071","San Bernardino","34.05977","-117.14731"
"11/23/2024","AirNow","060714003","1","0.033","ppm","31","Redlands","24","100.0000","44201","Ozone","","40140","Riverside-San Bernardino-Ontario, CA","06","California","071","San Bernardino","34.05977","-117.14731"
"11/24/2024","AirNow","060714003","1","0.037","ppm","34","Redlands","24","100.0000","44201","Ozone","","40140","Riverside-San Bernardino-Ontario, CA","06","California","071","San Bernardino","34.05977","-117.14731"
"11/25/2024","AirNow","060714003","1","0.027","ppm","25","Redlands","24","100.0000","44201","Ozone","","40140","Riverside-San Bernardino-Ontario, CA","06","California","071","San Bernardino","34.05977","-117.14731"
"11/26/2024","AirNow","060714003","1","0.018","ppm","17","Redlands","24","100.0000","44201","Ozone","","40140","Riverside-San Bernardino-Ontario, CA","06","California","071","San Bernardino","34.05977","-117.14731"
"11/27/2024","AirNow","060714003","1","0.028","ppm","26","Redlands","24","100.0000","44201","Ozone","","40140","Riverside-San Bernardino-Ontario, CA","06","California","071","San Bernardino","34.05977","-117.14731"
"11/28/2024","AirNow","060714003","1","0.037","ppm","34","Redlands","24","100.0000","44201","Ozone","","40140","Riverside-San Bernardino-Ontario, CA","06","California","071","San Bernardino","34.05977","-117.14731"
"11/29/2024","AirNow","060714003","1","0.03","ppm","28","Redlands","24","100.0000","44201","Ozone","","40140","Riverside-San Bernardino-Ontario, CA","06","California","071","San Bernardino","34.05977","-117.14731"
"11/30/2024","AirNow","060714003","1","0.036","ppm","33","Redlands","24","100.0000","44201","Ozone","","40140","Riverside-San Bernardino-Ontario, CA","06","California","071","San Bernardino","34.05977","-117.14731"
"12/01/2024","AirNow","060714003","1","0.037","ppm","34","Redlands","24","100.0000","44201","Ozone","","40140","Riverside-San Bernardino-Ontario, CA","06","California","071","San Bernardino","34.05977","-117.14731"
"12/02/2024","AirNow","060714003","1","0.028","ppm","26","Redlands","24","100.0000","44201","Ozone","","40140","Riverside-San Bernardino-Ontario, CA","06","California","071","San Bernardino","34.05977","-117.14731"
"12/03/2024","AirNow","060714003","1","0.02","ppm","19","Redlands","24","100.0000","44201","Ozone","","40140","Riverside-San Bernardino-Ontario, CA","06","California","071","San Bernardino","34.05977","-117.14731"
"12/04/2024","AirNow","060714003","1","0.037","ppm","34","Redlands","24","100.0000","44201","Ozone","","40140","Riverside-San Bernardino-Ontario, CA","06","California","071","San Bernardino","34.05977","-117.14731"
"12/05/2024","AirNow","060714003","1","0.028","ppm","26","Redlands","24","100.0000","44201","Ozone","","40140","Riverside-San Bernardino-Ontario, CA","06","California","071","San Bernardino","34.05977","-117.14731"
"12/06/2024","AirNow","060714003","1","0.037","ppm","34","Redlands","24","100.0000","44201","Ozone","","40140","Riverside-San Bernardino-Ontario, CA","06","California","071","San Bernardino","34.05977","-117.14731"
"12/07/2024","AirNow","060714003","1","0.042","ppm","39","Redlands","24","100.0000","44201","Ozone","","40140","Riverside-San Bernardino-Ontario, CA","06","California","071","San Bernardino","34.05977","-117.14731"
"12/08/2024","AirNow","060714003","1","0.041","ppm","38","Redlands","24","100.0000","44201","Ozone","","40140","Riverside-San Bernardino-Ontario, CA","06","California","071","San Bernardino","34.05977","-117.14731"
"12/09/2024","AirNow","060714003","1","0.037","ppm","34","Redlands","24","100.0000","44201","Ozone","","40140","Riverside-San Bernardino-Ontario, CA","06","California","071","San Bernardino","34.05977","-117.14731"
"12/10/2024","AirNow","060714003","1","0.039","ppm","36","Redlands","24","100.0000","44201","Ozone","","40140","Riverside-San Bernardino-Ontario, CA","06","California","071","San Bernardino","34.05977","-117.14731"
"12/11/2024","AirNow","060714003","1","0.03","ppm","28","Redlands","24","100.0000","44201","Ozone","","40140","Riverside-San Bernardino-Ontario, CA","06","California","071","San Bernardino","34.05977","-117.14731"
"12/12/2024","AirNow","060714003","1","0.031","ppm","29","Redlands","24","100.0000","44201","Ozone","","40140","Riverside-San Bernardino-Ontario, CA","06","California","071","San Bernardino","34.05977","-117.14731"
"12/13/2024","AirNow","060714003","1","0.034","ppm","31","Redlands","24","100.0000","44201","Ozone","","40140","Riverside-San Bernardino-Ontario, CA","06","California","071","San Bernardino","34.05977","-117.14731"
"12/14/2024","AirNow","060714003","1","0.039","ppm","36","Redlands","24","100.0000","44201","Ozone","","40140","Riverside-San Bernardino-Ontario, CA","06","California","071","San Bernardino","34.05977","-117.14731"
"12/15/2024","AirNow","060714003","1","0.043","ppm","40","Redlands","24","100.0000","44201","Ozone","","40140","Riverside-San Bernardino-Ontario, CA","06","California","071","San Bernardino","34.05977","-117.14731"
"12/16/2024","AirNow","060714003","1","0.037","ppm","34","Redlands","24","100.0000","44201","Ozone","","40140","Riverside-San Bernardino-Ontario, CA","06","California","071","San Bernardino","34.05977","-117.14731"
"12/17/2024","AirNow","060714003","1","0.036","ppm","33","Redlands","24","100.0000","44201","Ozone","","40140","Riverside-San Bernardino-Ontario, CA","06","California","071","San Bernardino","34.05977","-117.14731"
"12/18/2024","AirNow","060714003","1","0.039","ppm","36","Redlands","24","100.0000","44201","Ozone","","40140","Riverside-San Bernardino-Ontario, CA","06","California","071","San Bernardino","34.05977","-117.14731"
"12/19/2024","AirNow","060714003","1","0.039","ppm","36","Redlands","24","100.0000","44201","Ozone","","40140","Riverside-San Bernardino-Ontario, CA","06","California","071","San Bernardino","34.05977","-117.14731"
"12/20/2024","AirNow","060714003","1","0.036","ppm","33","Redlands","24","100.0000","44201","Ozone","","40140","Riverside-San Bernardino-Ontario, CA","06","California","071","San Bernardino","34.05977","-117.14731"
"12/21/2024","AirNow","060714003","1","0.04","ppm","37","Redlands","24","100.0000","44201","Ozone","","40140","Riverside-San Bernardino-Ontario, CA","06","California","071","San Bernardino","34.05977","-117.14731"
"12/22/2024","AirNow","060714003","1","0.038","ppm","35","Redlands","24","100.0000","44201","Ozone","","40140","Riverside-San Bernardino-Ontario, CA","06","California","071","San Bernardino","34.05977","-117.14731"
"12/23/2024","AirNow","060714003","1","0.035","ppm","32","Redlands","24","100.0000","44201","Ozone","","40140","Riverside-San Bernardino-Ontario, CA","06","California","071","San Bernardino","34.05977","-117.14731"
"12/24/2024","AirNow","060714003","1","0.029","ppm","27","Redlands","24","100.0000","44201","Ozone","","40140","Riverside-San Bernardino-Ontario, CA","06","California","071","San Bernardino","34.05977","-117.14731"
"12/25/2024","AirNow","060714003","1","0.04","ppm","37","Redlands","24","100.0000","44201","Ozone","","40140","Riverside-San Bernardino-Ontario, CA","06","California","071","San Bernardino","34.05977","-117.14731"
"12/26/2024","AirNow","060714003","1","0.031","ppm","29","Redlands","24","100.0000","44201","Ozone","","40140","Riverside-San Bernardino-Ontario, CA","06","California","071","San Bernardino","34.05977","-117.14731"
"12/27/2024","AirNow","060714003","1","0.026","ppm","24","Redlands","24","100.0000","44201","Ozone","","40140","Riverside-San Bernardino-Ontario, CA","06","California","071","San Bernardino","34.05977","-117.14731"
"12/28/2024","AirNow","060714003","1","0.026","ppm","24","Redlands","24","100.0000","44201","Ozone","","40140","Riverside-San Bernardino-Ontario, CA","06","California","071","San Bernardino","34.05977","-117.14731"
"12/29/2024","AirNow","060714003","1","0.039","ppm","36","Redlands","24","100.0000","44201","Ozone","","40140","Riverside-San Bernardino-Ontario, CA","06","California","071","San Bernardino","34.05977","-117.14731"
"12/30/2024","AirNow","060714003","1","0.03","ppm","28","Redlands","24","100.0000","44201","Ozone","","40140","Riverside-San Bernardino-Ontario, CA","06","California","071","San Bernardino","34.05977","-117.14731"
"12/31/2024","AirNow","060714003","1","0.03","ppm","28","Redlands","19","79.0000","44201","Ozone","","40140","Riverside-San Bernardino-Ontario, CA","06","California","071","San Bernardino","34.05977","-117.14731"
"01/01/2024","AQS","060719002","1","0.043","ppm","40","Joshua Tree NP - Black Rock","17","100.0000","44201","Ozone","047","40140","Riverside-San Bernardino-Ontario, CA","06","California","071","San Bernardino","34.06957","-116.38893"
"01/02/2024","AQS","060719002","1","0.048","ppm","44","Joshua Tree NP - Black Rock","17","100.0000","44201","Ozone","047","40140","Riverside-San Bernardino-Ontario, CA","06","California","071","San Bernardino","34.06957","-116.38893"
"01/03/2024","AQS","060719002","1","0.04","ppm","37","Joshua Tree NP - Black Rock","17","100.0000","44201","Ozone","047","40140","Riverside-San Bernardino-Ontario, CA","06","California","071","San Bernardino","34.06957","-116.38893"
"01/04/2024","AQS","060719002","1","0.042","ppm","39","Joshua Tree NP - Black Rock","17","100.0000","44201","Ozone","047","40140","Riverside-San Bernardino-Ontario, CA","06","California","071","San Bernardino","34.06957","-116.38893"
"01/05/2024","AQS","060719002","1","0.041","ppm","38","Joshua Tree NP - Black Rock","17","100.0000","44201","Ozone","047","40140","Riverside-San Bernardino-Ontario, CA","06","California","071","San Bernardino","34.06957","-116.38893"
"01/06/2024","AQS","060719002","1","0.043","ppm","40","Joshua Tree NP - Black Rock","17","100.0000","44201","Ozone","047","40140","Riverside-San Bernardino-Ontario, CA","06","California","071","San Bernardino","34.06957","-116.38893"
"01/07/2024","AQS","060719002","1","0.04","ppm","37","Joshua Tree NP - Black Rock","17","100.0000","44201","Ozone","047","40140","Riverside-San Bernardino-Ontario, CA","06","California","071","San Bernardino","34.06957","-116.38893"
"01/08/2024","AQS","060719002","1","0.039","ppm","36","Joshua Tree NP - Black Rock","17","100.0000","44201","Ozone","047","40140","Riverside-San Bernardino-Ontario, CA","06","California","071","San Bernardino","34.06957","-116.38893"
"01/09/2024","AQS","060719002","1","0.04","ppm","37","Joshua Tree NP - Black Rock","17","100.0000","44201","Ozone","047","40140","Riverside-San Bernardino-Ontario, CA","06","California","071","San Bernardino","34.06957","-116.38893"
"01/10/2024","AQS","060719002","1","0.039","ppm","36","Joshua Tree NP - Black Rock","16","94.0000","44201","Ozone","047","40140","Riverside-San Bernardino-Ontario, CA","06","California","071","San Bernardino","34.06957","-116.38893"
"01/11/2024","AQS","060719002","1","0.042","ppm","39","Joshua Tree NP - Black Rock","17","100.0000","44201","Ozone","047","40140","Riverside-San Bernardino-Ontario, CA","06","California","071","San Bernardino","34.06957","-116.38893"
"01/12/2024","AQS","060719002","1","0.044","ppm","41","Joshua Tree NP - Black Rock","17","100.0000","44201","Ozone","047","40140","Riverside-San Bernardino-Ontario, CA","06","California","071","San Bernardino","34.06957","-116.38893"
"01/13/2024","AQS","060719002","1","0.044","ppm","41","Joshua Tree NP - Black Rock","17","100.0000","44201","Ozone","047","40140","Riverside-San Bernardino-Ontario, CA","06","California","071","San Bernardino","34.06957","-116.38893"
"01/14/2024","AQS","060719002","1","0.044","ppm","41","Joshua Tree NP - Black Rock","17","100.0000","44201","Ozone","047","40140","Riverside-San Bernardino-Ontario, CA","06","California","071","San Bernardino","34.06957","-116.38893"
"01/15/2024","AQS","060719002","1","0.041","ppm","38","Joshua Tree NP - Black Rock","17","100.0000","44201","Ozone","047","40140","Riverside-San Bernardino-Ontario, CA","06","California","071","San Bernardino","34.06957","-116.38893"
"01/16/2024","AQS","060719002","1","0.043","ppm","40","Joshua Tree NP - Black Rock","17","100.0000","44201","Ozone","047","40140","Riverside-San Bernardino-Ontario, CA","06","California","071","San Bernardino","34.06957","-116.38893"
"01/17/2024","AQS","060719002","1","0.042","ppm","39","Joshua Tree NP - Black Rock","17","100.0000","44201","Ozone","047","40140","Riverside-San Bernardino-Ontario, CA","06","California","071","San Bernardino","34.06957","-116.38893"
"01/18/2024","AQS","060719002","1","0.044","ppm","41","Joshua Tree NP - Black Rock","17","100.0000","44201","Ozone","047","40140","Riverside-San Bernardino-Ontario, CA","06","California","071","San Bernardino","34.06957","-116.38893"
"01/19/2024","AQS","060719002","1","0.047","ppm","44","Joshua Tree NP - Black Rock","17","100.0000","44201","Ozone","047","40140","Riverside-San Bernardino-Ontario, CA","06","California","071","San Bernardino","34.06957","-116.38893"
"01/20/2024","AQS","060719002","1","0.037","ppm","34","Joshua Tree NP - Black Rock","17","100.0000","44201","Ozone","047","40140","Riverside-San Bernardino-Ontario, CA","06","California","071","San Bernardino","34.06957","-116.38893"
"01/21/2024","AQS","060719002","1","0.04","ppm","37","Joshua Tree NP - Black Rock","17","100.0000","44201","Ozone","047","40140","Riverside-San Bernardino-Ontario, CA","06","California","071","San Bernardino","34.06957","-116.38893"
"01/22/2024","AQS","060719002","1","0.039","ppm","36","Joshua Tree NP - Black Rock","17","100.0000","44201","Ozone","047","40140","Riverside-San Bernardino-Ontario, CA","06","California","071","San Bernardino","34.06957","-116.38893"
"01/23/2024","AQS","060719002","1","0.038","ppm","35","Joshua Tree NP - Black Rock","17","100.0000","44201","Ozone","047","40140","Riverside-San Bernardino-Ontario, CA","06","California","071","San Bernardino","34.06957","-116.38893"
"01/24/2024","AQS","060719002","1","0.038","ppm","35","Joshua Tree NP - Black Rock","17","100.0000","44201","Ozone","047","40140","Riverside-San Bernardino-Ontario, CA","06","California","071","San Bernardino","34.06957","-116.38893"
"01/25/2024","AQS","060719002","1","0.043","ppm","40","Joshua Tree NP - Black Rock","17","100.0000","44201","Ozone","047","40140","Riverside-San Bernardino-Ontario, CA","06","California","071","San Bernardino","34.06957","-116.38893"
"01/26/2024","AQS","060719002","1","0.043","ppm","40","Joshua Tree NP - Black Rock","17","100.0000","44201","Ozone","047","40140","Riverside-San Bernardino-Ontario, CA","06","California","071","San Bernardino","34.06957","-116.38893"
"01/27/2024","AQS","060719002","1","0.044","ppm","41","Joshua Tree NP - Black Rock","17","100.0000","44201","Ozone","047","40140","Riverside-San Bernardino-Ontario, CA","06","California","071","San Bernardino","34.06957","-116.38893"
"01/28/2024","AQS","060719002","1","0.038","ppm","35","Joshua Tree NP - Black Rock","17","100.0000","44201","Ozone","047","40140","Riverside-San Bernardino-Ontario, CA","06","California","071","San Bernardino","34.06957","-116.38893"
"01/29/2024","AQS","060719002","1","0.043","ppm","40","Joshua Tree NP - Black Rock","17","100.0000","44201","Ozone","047","40140","Riverside-San Bernardino-Ontario, CA","06","California","071","San Bernardino","34.06957","-116.38893"
"01/30/2024","AQS","060719002","1","0.046","ppm","43","Joshua Tree NP - Black Rock","17","100.0000","44201","Ozone","047","40140","Riverside-San Bernardino-Ontario, CA","06","California","071","San Bernardino","34.06957","-116.38893"
"01/31/2024","AQS","060719002","1","0.05","ppm","46","Joshua Tree NP - Black Rock","17","100.0000","44201","Ozone","047","40140","Riverside-San Bernardino-Ontario, CA","06","California","071","San Bernardino","34.06957","-116.38893"
"02/01/2024","AQS","060719002","1","0.042","ppm","39","Joshua Tree NP - Black Rock","17","100.0000","44201","Ozone","047","40140","Riverside-San Bernardino-Ontario, CA","06","California","071","San Bernardino","34.06957","-116.38893"
"02/02/2024","AQS","060719002","1","0.043","ppm","40","Joshua Tree NP - Black Rock","17","100.0000","44201","Ozone","047","40140","Riverside-San Bernardino-Ontario, CA","06","California","071","San Bernardino","34.06957","-116.38893"
"02/03/2024","AQS","060719002","1","0.044","ppm","41","Joshua Tree NP - Black Rock","17","100.0000","44201","Ozone","047","40140","Riverside-San Bernardino-Ontario, CA","06","California","071","San Bernardino","34.06957","-116.38893"
"02/04/2024","AQS","060719002","1","0.04","ppm","37","Joshua Tree NP - Black Rock","17","100.0000","44201","Ozone","047","40140","Riverside-San Bernardino-Ontario, CA","06","California","071","San Bernardino","34.06957","-116.38893"
"02/05/2024","AQS","060719002","1","0.035","ppm","32","Joshua Tree NP - Black Rock","17","100.0000","44201","Ozone","047","40140","Riverside-San Bernardino-Ontario, CA","06","California","071","San Bernardino","34.06957","-116.38893"
"02/06/2024","AQS","060719002","1","0.043","ppm","40","Joshua Tree NP - Black Rock","17","100.0000","44201","Ozone","047","40140","Riverside-San Bernardino-Ontario, CA","06","California","071","San Bernardino","34.06957","-116.38893"
"02/07/2024","AQS","060719002","1","0.044","ppm","41","Joshua Tree NP - Black Rock","17","100.0000","44201","Ozone","047","40140","Riverside-San Bernardino-Ontario, CA","06","California","071","San Bernardino","34.06957","-116.38893"
"02/08/2024","AQS","060719002","1","0.044","ppm","41","Joshua Tree NP - Black Rock","17","100.0000","44201","Ozone","047","40140","Riverside-San Bernardino-Ontario, CA","06","California","071","San Bernardino","34.06957","-116.38893"
"02/09/2024","AQS","060719002","1","0.042","ppm","39","Joshua Tree NP - Black Rock","17","100.0000","44201","Ozone","047","40140","Riverside-San Bernardino-Ontario, CA","06","California","071","San Bernardino","34.06957","-116.38893"
"02/10/2024","AQS","060719002","1","0.04","ppm","37","Joshua Tree NP - Black Rock","17","100.0000","44201","Ozone","047","40140","Riverside-San Bernardino-Ontario, CA","06","California","071","San Bernardino","34.06957","-116.38893"
"02/11/2024","AQS","060719002","1","0.039","ppm","36","Joshua Tree NP - Black Rock","17","100.0000","44201","Ozone","047","40140","Riverside-San Bernardino-Ontario, CA","06","California","071","San Bernardino","34.06957","-116.38893"
"02/12/2024","AQS","060719002","1","0.044","ppm","41","Joshua Tree NP - Black Rock","17","100.0000","44201","Ozone","047","40140","Riverside-San Bernardino-Ontario, CA","06","California","071","San Bernardino","34.06957","-116.38893"
"02/13/2024","AQS","060719002","1","0.048","ppm","44","Joshua Tree NP - Black Rock","17","100.0000","44201","Ozone","047","40140","Riverside-San Bernardino-Ontario, CA","06","California","071","San Bernardino","34.06957","-116.38893"
"02/14/2024","AQS","060719002","1","0.051","ppm","47","Joshua Tree NP - Black Rock","17","100.0000","44201","Ozone","047","40140","Riverside-San Bernardino-Ontario, CA","06","California","071","San Bernardino","34.06957","-116.38893"
"02/15/2024","AQS","060719002","1","0.048","ppm","44","Joshua Tree NP - Black Rock","17","100.0000","44201","Ozone","047","40140","Riverside-San Bernardino-Ontario, CA","06","California","071","San Bernardino","34.06957","-116.38893"
"02/16/2024","AQS","060719002","1","0.049","ppm","45","Joshua Tree NP - Black Rock","17","100.0000","44201","Ozone","047","40140","Riverside-San Bernardino-Ontario, CA","06","California","071","San Bernardino","34.06957","-116.38893"
"02/17/2024","AQS","060719002","1","0.054","ppm","50","Joshua Tree NP - Black Rock","17","100.0000","44201","Ozone","047","40140","Riverside-San Bernardino-Ontario, CA","06","California","071","San Bernardino","34.06957","-116.38893"
"02/18/2024","AQS","060719002","1","0.047","ppm","44","Joshua Tree NP - Black Rock","17","100.0000","44201","Ozone","047","40140","Riverside-San Bernardino-Ontario, CA","06","California","071","San Bernardino","34.06957","-116.38893"
"02/19/2024","AQS","060719002","1","0.035","ppm","32","Joshua Tree NP - Black Rock","17","100.0000","44201","Ozone","047","40140","Riverside-San Bernardino-Ontario, CA","06","California","071","San Bernardino","34.06957","-116.38893"
"02/20/2024","AQS","060719002","1","0.037","ppm","34","Joshua Tree NP - Black Rock","17","100.0000","44201","Ozone","047","40140","Riverside-San Bernardino-Ontario, CA","06","California","071","San Bernardino","34.06957","-116.38893"
"02/21/2024","AQS","060719002","1","0.042","ppm","39","Joshua Tree NP - Black Rock","17","100.0000","44201","Ozone","047","40140","Riverside-San Bernardino-Ontario, CA","06","California","071","San Bernardino","34.06957","-116.38893"
"02/22/2024","AQS","060719002","1","0.046","ppm","43","Joshua Tree NP - Black Rock","17","100.0000","44201","Ozone","047","40140","Riverside-San Bernardino-Ontario, CA","06","California","071","San Bernardino","34.06957","-116.38893"
"02/23/2024","AQS","060719002","1","0.044","ppm","41","Joshua Tree NP - Black Rock","17","100.0000","44201","Ozone","047","40140","Riverside-San Bernardino-Ontario, CA","06","California","071","San Bernardino","34.06957","-116.38893"
"02/24/2024","AQS","060719002","1","0.047","ppm","44","Joshua Tree NP - Black Rock","17","100.0000","44201","Ozone","047","40140","Riverside-San Bernardino-Ontario, CA","06","California","071","San Bernardino","34.06957","-116.38893"
"02/25/2024","AQS","060719002","1","0.051","ppm","47","Joshua Tree NP - Black Rock","17","100.0000","44201","Ozone","047","40140","Riverside-San Bernardino-Ontario, CA","06","California","071","San Bernardino","34.06957","-116.38893"
"02/26/2024","AQS","060719002","1","0.045","ppm","42","Joshua Tree NP - Black Rock","17","100.0000","44201","Ozone","047","40140","Riverside-San Bernardino-Ontario, CA","06","California","071","San Bernardino","34.06957","-116.38893"
"02/27/2024","AQS","060719002","1","0.044","ppm","41","Joshua Tree NP - Black Rock","17","100.0000","44201","Ozone","047","40140","Riverside-San Bernardino-Ontario, CA","06","California","071","San Bernardino","34.06957","-116.38893"
"02/28/2024","AQS","060719002","1","0.048","ppm","44","Joshua Tree NP - Black Rock","17","100.0000","44201","Ozone","047","40140","Riverside-San Bernardino-Ontario, CA","06","California","071","San Bernardino","34.06957","-116.38893"
"02/29/2024","AQS","060719002","1","0.045","ppm","42","Joshua Tree NP - Black Rock","17","100.0000","44201","Ozone","047","40140","Riverside-San Bernardino-Ontario, CA","06","California","071","San Bernardino","34.06957","-116.38893"
"03/01/2024","AQS","060719002","1","0.046","ppm","43","Joshua Tree NP - Black Rock","17","100.0000","44201","Ozone","047","40140","Riverside-San Bernardino-Ontario, CA","06","California","071","San Bernardino","34.06957","-116.38893"
"03/02/2024","AQS","060719002","1","0.042","ppm","39","Joshua Tree NP - Black Rock","17","100.0000","44201","Ozone","047","40140","Riverside-San Bernardino-Ontario, CA","06","California","071","San Bernardino","34.06957","-116.38893"
"03/03/2024","AQS","060719002","1","0.045","ppm","42","Joshua Tree NP - Black Rock","17","100.0000","44201","Ozone","047","40140","Riverside-San Bernardino-Ontario, CA","06","California","071","San Bernardino","34.06957","-116.38893"
"03/04/2024","AQS","060719002","1","0.044","ppm","41","Joshua Tree NP - Black Rock","17","100.0000","44201","Ozone","047","40140","Riverside-San Bernardino-Ontario, CA","06","California","071","San Bernardino","34.06957","-116.38893"
"03/05/2024","AQS","060719002","1","0.045","ppm","42","Joshua Tree NP - Black Rock","17","100.0000","44201","Ozone","047","40140","Riverside-San Bernardino-Ontario, CA","06","California","071","San Bernardino","34.06957","-116.38893"
"03/06/2024","AQS","060719002","1","0.044","ppm","41","Joshua Tree NP - Black Rock","17","100.0000","44201","Ozone","047","40140","Riverside-San Bernardino-Ontario, CA","06","California","071","San Bernardino","34.06957","-116.38893"
"03/07/2024","AQS","060719002","1","0.041","ppm","38","Joshua Tree NP - Black Rock","17","100.0000","44201","Ozone","047","40140","Riverside-San Bernardino-Ontario, CA","06","California","071","San Bernardino","34.06957","-116.38893"
"03/08/2024","AQS","060719002","1","0.043","ppm","40","Joshua Tree NP - Black Rock","17","100.0000","44201","Ozone","047","40140","Riverside-San Bernardino-Ontario, CA","06","California","071","San Bernardino","34.06957","-116.38893"
"03/09/2024","AQS","060719002","1","0.048","ppm","44","Joshua Tree NP - Black Rock","17","100.0000","44201","Ozone","047","40140","Riverside-San Bernardino-Ontario, CA","06","California","071","San Bernardino","34.06957","-116.38893"
"03/10/2024","AQS","060719002","1","0.053","ppm","49","Joshua Tree NP - Black Rock","17","100.0000","44201","Ozone","047","40140","Riverside-San Bernardino-Ontario, CA","06","California","071","San Bernardino","34.06957","-116.38893"
"03/11/2024","AQS","060719002","1","0.051","ppm","47","Joshua Tree NP - Black Rock","17","100.0000","44201","Ozone","047","40140","Riverside-San Bernardino-Ontario, CA","06","California","071","San Bernardino","34.06957","-116.38893"
"03/14/2024","AQS","060719002","1","0.044","ppm","41","Joshua Tree NP - Black Rock","17","100.0000","44201","Ozone","047","40140","Riverside-San Bernardino-Ontario, CA","06","California","071","San Bernardino","34.06957","-116.38893"
"03/15/2024","AQS","060719002","1","0.037","ppm","34","Joshua Tree NP - Black Rock","17","100.0000","44201","Ozone","047","40140","Riverside-San Bernardino-Ontario, CA","06","California","071","San Bernardino","34.06957","-116.38893"
"03/16/2024","AQS","060719002","1","0.037","ppm","34","Joshua Tree NP - Black Rock","17","100.0000","44201","Ozone","047","40140","Riverside-San Bernardino-Ontario, CA","06","California","071","San Bernardino","34.06957","-116.38893"
"03/17/2024","AQS","060719002","1","0.047","ppm","44","Joshua Tree NP - Black Rock","17","100.0000","44201","Ozone","047","40140","Riverside-San Bernardino-Ontario, CA","06","California","071","San Bernardino","34.06957","-116.38893"
"03/18/2024","AQS","060719002","1","0.047","ppm","44","Joshua Tree NP - Black Rock","17","100.0000","44201","Ozone","047","40140","Riverside-San Bernardino-Ontario, CA","06","California","071","San Bernardino","34.06957","-116.38893"
"03/19/2024","AQS","060719002","1","0.05","ppm","46","Joshua Tree NP - Black Rock","17","100.0000","44201","Ozone","047","40140","Riverside-San Bernardino-Ontario, CA","06","California","071","San Bernardino","34.06957","-116.38893"
"03/20/2024","AQS","060719002","1","0.06","ppm","67","Joshua Tree NP - Black Rock","17","100.0000","44201","Ozone","047","40140","Riverside-San Bernardino-Ontario, CA","06","California","071","San Bernardino","34.06957","-116.38893"
"03/21/2024","AQS","060719002","1","0.058","ppm","61","Joshua Tree NP - Black Rock","17","100.0000","44201","Ozone","047","40140","Riverside-San Bernardino-Ontario, CA","06","California","071","San Bernardino","34.06957","-116.38893"
"03/22/2024","AQS","060719002","1","0.057","ppm","58","Joshua Tree NP - Black Rock","17","100.0000","44201","Ozone","047","40140","Riverside-San Bernardino-Ontario, CA","06","California","071","San Bernardino","34.06957","-116.38893"
"03/23/2024","AQS","060719002","1","0.045","ppm","42","Joshua Tree NP - Black Rock","17","100.0000","44201","Ozone","047","40140","Riverside-San Bernardino-Ontario, CA","06","California","071","San Bernardino","34.06957","-116.38893"
"03/24/2024","AQS","060719002","1","0.045","ppm","42","Joshua Tree NP - Black Rock","17","100.0000","44201","Ozone","047","40140","Riverside-San Bernardino-Ontario, CA","06","California","071","San Bernardino","34.06957","-116.38893"
"03/25/2024","AQS","060719002","1","0.046","ppm","43","Joshua Tree NP - Black Rock","17","100.0000","44201","Ozone","047","40140","Riverside-San Bernardino-Ontario, CA","06","California","071","San Bernardino","34.06957","-116.38893"
"03/26/2024","AQS","060719002","1","0.05","ppm","46","Joshua Tree NP - Black Rock","17","100.0000","44201","Ozone","047","40140","Riverside-San Bernardino-Ontario, CA","06","California","071","San Bernardino","34.06957","-116.38893"
"03/27/2024","AQS","060719002","1","0.058","ppm","61","Joshua Tree NP - Black Rock","17","100.0000","44201","Ozone","047","40140","Riverside-San Bernardino-Ontario, CA","06","California","071","San Bernardino","34.06957","-116.38893"
"03/28/2024","AQS","060719002","1","0.049","ppm","45","Joshua Tree NP - Black Rock","17","100.0000","44201","Ozone","047","40140","Riverside-San Bernardino-Ontario, CA","06","California","071","San Bernardino","34.06957","-116.38893"
"03/29/2024","AQS","060719002","1","0.053","ppm","49","Joshua Tree NP - Black Rock","17","100.0000","44201","Ozone","047","40140","Riverside-San Bernardino-Ontario, CA","06","California","071","San Bernardino","34.06957","-116.38893"
"03/30/2024","AQS","060719002","1","0.049","ppm","45","Joshua Tree NP - Black Rock","17","100.0000","44201","Ozone","047","40140","Riverside-San Bernardino-Ontario, CA","06","California","071","San Bernardino","34.06957","-116.38893"
"03/31/2024","AQS","060719002","1","0.045","ppm","42","Joshua Tree NP - Black Rock","17","100.0000","44201","Ozone","047","40140","Riverside-San Bernardino-Ontario, CA","06","California","071","San Bernardino","34.06957","-116.38893"
"04/01/2024","AQS","060719002","1","0.047","ppm","44","Joshua Tree NP - Black Rock","51","300.0000","44201","Ozone","014","40140","Riverside-San Bernardino-Ontario, CA","06","California","071","San Bernardino","34.06957","-116.38893"
"04/02/2024","AQS","060719002","1","0.051","ppm","47","Joshua Tree NP - Black Rock","51","300.0000","44201","Ozone","014","40140","Riverside-San Bernardino-Ontario, CA","06","California","071","San Bernardino","34.06957","-116.38893"
"04/03/2024","AQS","060719002","1","0.064","ppm","80","Joshua Tree NP - Black Rock","51","300.0000","44201","Ozone","014","40140","Riverside-San Bernardino-Ontario, CA","06","California","071","San Bernardino","34.06957","-116.38893"
"04/04/2024","AQS","060719002","1","0.054","ppm","50","Joshua Tree NP - Black Rock","51","300.0000","44201","Ozone","014","40140","Riverside-San Bernardino-Ontario, CA","06","California","071","San Bernardino","34.06957","-116.38893"
"04/05/2024","AQS","060719002","1","0.048","ppm","44","Joshua Tree NP - Black Rock","51","300.0000","44201","Ozone","014","40140","Riverside-San Bernardino-Ontario, CA","06","California","071","San Bernardino","34.06957","-116.38893"
"04/06/2024","AQS","060719002","1","0.05","ppm","46","Joshua Tree NP - Black Rock","51","300.0000","44201","Ozone","014","40140","Riverside-San Bernardino-Ontario, CA","06","California","071","San Bernardino","34.06957","-116.38893"
"04/07/2024","AQS","060719002","1","0.06","ppm","67","Joshua Tree NP - Black Rock","51","300.0000","44201","Ozone","014","40140","Riverside-San Bernardino-Ontario, CA","06","California","071","San Bernardino","34.06957","-116.38893"
"04/08/2024","AQS","060719002","1","0.052","ppm","48","Joshua Tree NP - Black Rock","51","300.0000","44201","Ozone","014","40140","Riverside-San Bernardino-Ontario, CA","06","California","071","San Bernardino","34.06957","-116.38893"
"04/09/2024","AQS","060719002","1","0.054","ppm","50","Joshua Tree NP - Black Rock","51","300.0000","44201","Ozone","014","40140","Riverside-San Bernardino-Ontario, CA","06","California","071","San Bernardino","34.06957","-116.38893"
"04/10/2024","AQS","060719002","1","0.051","ppm","47","Joshua Tree NP - Black Rock","51","300.0000","44201","Ozone","014","40140","Riverside-San Bernardino-Ontario, CA","06","California","071","San Bernardino","34.06957","-116.38893"
"04/11/2024","AQS","060719002","1","0.062","ppm","74","Joshua Tree NP - Black Rock","51","300.0000","44201","Ozone","014","40140","Riverside-San Bernardino-Ontario, CA","06","California","071","San Bernardino","34.06957","-116.38893"
"04/12/2024","AQS","060719002","1","0.062","ppm","74","Joshua Tree NP - Black Rock","51","300.0000","44201","Ozone","014","40140","Riverside-San Bernardino-Ontario, CA","06","California","071","San Bernardino","34.06957","-116.38893"
"04/13/2024","AQS","060719002","1","0.06","ppm","67","Joshua Tree NP - Black Rock","51","300.0000","44201","Ozone","014","40140","Riverside-San Bernardino-Ontario, CA","06","California","071","San Bernardino","34.06957","-116.38893"
"04/14/2024","AQS","060719002","1","0.053","ppm","49","Joshua Tree NP - Black Rock","51","300.0000","44201","Ozone","014","40140","Riverside-San Bernardino-Ontario, CA","06","California","071","San Bernardino","34.06957","-116.38893"
"04/15/2024","AQS","060719002","1","0.052","ppm","48","Joshua Tree NP - Black Rock","30","176.0000","44201","Ozone","014","40140","Riverside-San Bernardino-Ontario, CA","06","California","071","San Bernardino","34.06957","-116.38893"
"04/16/2024","AQS","060719002","1","0.066","ppm","87","Joshua Tree NP - Black Rock","36","212.0000","44201","Ozone","014","40140","Riverside-San Bernardino-Ontario, CA","06","California","071","San Bernardino","34.06957","-116.38893"
"04/17/2024","AQS","060719002","1","0.074","ppm","112","Joshua Tree NP - Black Rock","36","212.0000","44201","Ozone","014","40140","Riverside-San Bernardino-Ontario, CA","06","California","071","San Bernardino","34.06957","-116.38893"
"04/18/2024","AQS","060719002","1","0.059","ppm","64","Joshua Tree NP - Black Rock","51","300.0000","44201","Ozone","014","40140","Riverside-San Bernardino-Ontario, CA","06","California","071","San Bernardino","34.06957","-116.38893"
"04/19/2024","AQS","060719002","1","0.056","ppm","54","Joshua Tree NP - Black Rock","51","300.0000","44201","Ozone","014","40140","Riverside-San Bernardino-Ontario, CA","06","California","071","San Bernardino","34.06957","-116.38893"
"04/20/2024","AQS","060719002","1","0.064","ppm","80","Joshua Tree NP - Black Rock","51","300.0000","44201","Ozone","014","40140","Riverside-San Bernardino-Ontario, CA","06","California","071","San Bernardino","34.06957","-116.38893"
"04/21/2024","AQS","060719002","1","0.06","ppm","67","Joshua Tree NP - Black Rock","51","300.0000","44201","Ozone","014","40140","Riverside-San Bernardino-Ontario, CA","06","California","071","San Bernardino","34.06957","-116.38893"
"04/22/2024","AQS","060719002","1","0.062","ppm","74","Joshua Tree NP - Black Rock","51","300.0000","44201","Ozone","014","40140","Riverside-San Bernardino-Ontario, CA","06","California","071","San Bernardino","34.06957","-116.38893"
"04/23/2024","AQS","060719002","1","0.055","ppm","51","Joshua Tree NP - Black Rock","51","300.0000","44201","Ozone","014","40140","Riverside-San Bernardino-Ontario, CA","06","California","071","San Bernardino","34.06957","-116.38893"
"04/24/2024","AQS","060719002","1","0.051","ppm","47","Joshua Tree NP - Black Rock","51","300.0000","44201","Ozone","014","40140","Riverside-San Bernardino-Ontario, CA","06","California","071","San Bernardino","34.06957","-116.38893"
"04/25/2024","AQS","060719002","1","0.047","ppm","44","Joshua Tree NP - Black Rock","51","300.0000","44201","Ozone","014","40140","Riverside-San Bernardino-Ontario, CA","06","California","071","San Bernardino","34.06957","-116.38893"
"04/26/2024","AQS","060719002","1","0.047","ppm","44","Joshua Tree NP - Black Rock","51","300.0000","44201","Ozone","014","40140","Riverside-San Bernardino-Ontario, CA","06","California","071","San Bernardino","34.06957","-116.38893"
"04/27/2024","AQS","060719002","1","0.053","ppm","49","Joshua Tree NP - Black Rock","51","300.0000","44201","Ozone","014","40140","Riverside-San Bernardino-Ontario, CA","06","California","071","San Bernardino","34.06957","-116.38893"
"04/28/2024","AQS","060719002","1","0.058","ppm","61","Joshua Tree NP - Black Rock","51","300.0000","44201","Ozone","014","40140","Riverside-San Bernardino-Ontario, CA","06","California","071","San Bernardino","34.06957","-116.38893"
"04/29/2024","AQS","060719002","1","0.068","ppm","93","Joshua Tree NP - Black Rock","51","300.0000","44201","Ozone","014","40140","Riverside-San Bernardino-Ontario, CA","06","California","071","San Bernardino","34.06957","-116.38893"
"04/30/2024","AQS","060719002","1","0.067","ppm","90","Joshua Tree NP - Black Rock","51","300.0000","44201","Ozone","014","40140","Riverside-San Bernardino-Ontario, CA","06","California","071","San Bernardino","34.06957","-116.38893"
"05/01/2024","AQS","060719002","1","0.057","ppm","58","Joshua Tree NP - Black Rock","51","300.0000","44201","Ozone","014","40140","Riverside-San Bernardino-Ontario, CA","06","California","071","San Bernardino","34.06957","-116.38893"
"05/02/2024","AQS","060719002","1","0.065","ppm","84","Joshua Tree NP - Black Rock","51","300.0000","44201","Ozone","014","40140","Riverside-San Bernardino-Ontario, CA","06","California","071","San Bernardino","34.06957","-116.38893"
"05/03/2024","AQS","060719002","1","0.065","ppm","84","Joshua Tree NP - Black Rock","51","300.0000","44201","Ozone","014","40140","Riverside-San Bernardino-Ontario, CA","06","California","071","San Bernardino","34.06957","-116.38893"
"05/04/2024","AQS","060719002","1","0.048","ppm","44","Joshua Tree NP - Black Rock","51","300.0000","44201","Ozone","014","40140","Riverside-San Bernardino-Ontario, CA","06","California","071","San Bernardino","34.06957","-116.38893"
"05/05/2024","AQS","060719002","1","0.061","ppm","71","Joshua Tree NP - Black Rock","51","300.0000","44201","Ozone","014","40140","Riverside-San Bernardino-Ontario, CA","06","California","071","San Bernardino","34.06957","-116.38893"
"05/06/2024","AQS","060719002","1","0.055","ppm","51","Joshua Tree NP - Black Rock","51","300.0000","44201","Ozone","014","40140","Riverside-San Bernardino-Ontario, CA","06","California","071","San Bernardino","34.06957","-116.38893"
"05/07/2024","AQS","060719002","1","0.068","ppm","93","Joshua Tree NP - Black Rock","51","300.0000","44201","Ozone","014","40140","Riverside-San Bernardino-Ontario, CA","06","California","071","San Bernardino","34.06957","-116.38893"
"05/08/2024","AQS","060719002","1","0.052","ppm","48","Joshua Tree NP - Black Rock","51","300.0000","44201","Ozone","014","40140","Riverside-San Bernardino-Ontario, CA","06","California","071","San Bernardino","34.06957","-116.38893"
"05/09/2024","AQS","060719002","1","0.046","ppm","43","Joshua Tree NP - Black Rock","51","300.0000","44201","Ozone","014","40140","Riverside-San Bernardino-Ontario, CA","06","California","071","San Bernardino","34.06957","-116.38893"
"05/10/2024","AQS","060719002","1","0.048","ppm","44","Joshua Tree NP - Black Rock","51","300.0000","44201","Ozone","014","40140","Riverside-San Bernardino-Ontario, CA","06","California","071","San Bernardino","34.06957","-116.38893"
"05/11/2024","AQS","060719002","1","0.053","ppm","49","Joshua Tree NP - Black Rock","51","300.0000","44201","Ozone","014","40140","Riverside-San Bernardino-Ontario, CA","06","California","071","San Bernardino","34.06957","-116.38893"
"05/12/2024","AQS","060719002","1","0.063","ppm","77","Joshua Tree NP - Black Rock","51","300.0000","44201","Ozone","014","40140","Riverside-San Bernardino-Ontario, CA","06","California","071","San Bernardino","34.06957","-116.38893"
"05/13/2024","AQS","060719002","1","0.068","ppm","93","Joshua Tree NP - Black Rock","51","300.0000","44201","Ozone","014","40140","Riverside-San Bernardino-Ontario, CA","06","California","071","San Bernardino","34.06957","-116.38893"
"05/14/2024","AQS","060719002","1","0.071","ppm","101","Joshua Tree NP - Black Rock","51","300.0000","44201","Ozone","014","40140","Riverside-San Bernardino-Ontario, CA","06","California","071","San Bernardino","34.06957","-116.38893"
"05/15/2024","AQS","060719002","1","0.065","ppm","84","Joshua Tree NP - Black Rock","51","300.0000","44201","Ozone","014","40140","Riverside-San Bernardino-Ontario, CA","06","California","071","San Bernardino","34.06957","-116.38893"
"05/16/2024","AQS","060719002","1","0.066","ppm","87","Joshua Tree NP - Black Rock","51","300.0000","44201","Ozone","014","40140","Riverside-San Bernardino-Ontario, CA","06","California","071","San Bernardino","34.06957","-116.38893"
"05/17/2024","AQS","060719002","1","0.061","ppm","71","Joshua Tree NP - Black Rock","51","300.0000","44201","Ozone","014","40140","Riverside-San Bernardino-Ontario, CA","06","California","071","San Bernardino","34.06957","-116.38893"
"05/18/2024","AQS","060719002","1","0.067","ppm","90","Joshua Tree NP - Black Rock","51","300.0000","44201","Ozone","014","40140","Riverside-San Bernardino-Ontario, CA","06","California","071","San Bernardino","34.06957","-116.38893"
"05/19/2024","AQS","060719002","1","0.067","ppm","90","Joshua Tree NP - Black Rock","51","300.0000","44201","Ozone","014","40140","Riverside-San Bernardino-Ontario, CA","06","California","071","San Bernardino","34.06957","-116.38893"
"05/20/2024","AQS","060719002","1","0.058","ppm","61","Joshua Tree NP - Black Rock","39","229.0000","44201","Ozone","014","40140","Riverside-San Bernardino-Ontario, CA","06","California","071","San Bernardino","34.06957","-116.38893"
"05/21/2024","AQS","060719002","1","0.061","ppm","71","Joshua Tree NP - Black Rock","51","300.0000","44201","Ozone","014","40140","Riverside-San Bernardino-Ontario, CA","06","California","071","San Bernardino","34.06957","-116.38893"
"05/22/2024","AQS","060719002","1","0.07","ppm","100","Joshua Tree NP - Black Rock","51","300.0000","44201","Ozone","014","40140","Riverside-San Bernardino-Ontario, CA","06","California","071","San Bernardino","34.06957","-116.38893"
"05/23/2024","AQS","060719002","1","0.061","ppm","71","Joshua Tree NP - Black Rock","51","300.0000","44201","Ozone","014","40140","Riverside-San Bernardino-Ontario, CA","06","California","071","San Bernardino","34.06957","-116.38893"
"05/24/2024","AQS","060719002","1","0.055","ppm","51","Joshua Tree NP - Black Rock","51","300.0000","44201","Ozone","014","40140","Riverside-San Bernardino-Ontario, CA","06","California","071","San Bernardino","34.06957","-116.38893"
"05/25/2024","AQS","060719002","1","0.054","ppm","50","Joshua Tree NP - Black Rock","51","300.0000","44201","Ozone","014","40140","Riverside-San Bernardino-Ontario, CA","06","California","071","San Bernardino","34.06957","-116.38893"
"05/26/2024","AQS","060719002","1","0.056","ppm","54","Joshua Tree NP - Black Rock","51","300.0000","44201","Ozone","014","40140","Riverside-San Bernardino-Ontario, CA","06","California","071","San Bernardino","34.06957","-116.38893"
"05/27/2024","AQS","060719002","1","0.057","ppm","58","Joshua Tree NP - Black Rock","51","300.0000","44201","Ozone","014","40140","Riverside-San Bernardino-Ontario, CA","06","California","071","San Bernardino","34.06957","-116.38893"
"05/28/2024","AQS","060719002","1","0.069","ppm","97","Joshua Tree NP - Black Rock","51","300.0000","44201","Ozone","014","40140","Riverside-San Bernardino-Ontario, CA","06","California","071","San Bernardino","34.06957","-116.38893"
"05/29/2024","AQS","060719002","1","0.065","ppm","84","Joshua Tree NP - Black Rock","51","300.0000","44201","Ozone","014","40140","Riverside-San Bernardino-Ontario, CA","06","California","071","San Bernardino","34.06957","-116.38893"
"05/30/2024","AQS","060719002","1","0.074","ppm","112","Joshua Tree NP - Black Rock","51","300.0000","44201","Ozone","014","40140","Riverside-San Bernardino-Ontario, CA","06","California","071","San Bernardino","34.06957","-116.38893"
"05/31/2024","AQS","060719002","1","0.076","ppm","119","Joshua Tree NP - Black Rock","51","300.0000","44201","Ozone","014","40140","Riverside-San Bernardino-Ontario, CA","06","California","071","San Bernardino","34.06957","-116.38893"
"06/01/2024","AQS","060719002","1","0.067","ppm","90","Joshua Tree NP - Black Rock","51","300.0000","44201","Ozone","014","40140","Riverside-San Bernardino-Ontario, CA","06","California","071","San Bernardino","34.06957","-116.38893"
"06/02/2024","AQS","060719002","1","0.054","ppm","50","Joshua Tree NP - Black Rock","51","300.0000","44201","Ozone","014","40140","Riverside-San Bernardino-Ontario, CA","06","California","071","San Bernardino","34.06957","-116.38893"
"06/03/2024","AQS","060719002","1","0.065","ppm","84","Joshua Tree NP - Black Rock","51","300.0000","44201","Ozone","014","40140","Riverside-San Bernardino-Ontario, CA","06","California","071","San Bernardino","34.06957","-116.38893"
"06/04/2024","AQS","060719002","1","0.064","ppm","80","Joshua Tree NP - Black Rock","51","300.0000","44201","Ozone","014","40140","Riverside-San Bernardino-Ontario, CA","06","California","071","San Bernardino","34.06957","-116.38893"
"06/05/2024","AQS","060719002","1","0.076","ppm","119","Joshua Tree NP - Black Rock","51","300.0000","44201","Ozone","014","40140","Riverside-San Bernardino-Ontario, CA","06","California","071","San Bernardino","34.06957","-116.38893"
"06/06/2024","AQS","060719002","1","0.077","ppm","122","Joshua Tree NP - Black Rock","51","300.0000","44201","Ozone","014","40140","Riverside-San Bernardino-Ontario, CA","06","California","071","San Bernardino","34.06957","-116.38893"
"06/07/2024","AQS","060719002","1","0.06","ppm","67","Joshua Tree NP - Black Rock","51","300.0000","44201","Ozone","014","40140","Riverside-San Bernardino-Ontario, CA","06","California","071","San Bernardino","34.06957","-116.38893"
"06/08/2024","AQS","060719002","1","0.063","ppm","77","Joshua Tree NP - Black Rock","51","300.0000","44201","Ozone","014","40140","Riverside-San Bernardino-Ontario, CA","06","California","071","San Bernardino","34.06957","-116.38893"
"06/09/2024","AQS","060719002","1","0.063","ppm","77","Joshua Tree NP - Black Rock","51","300.0000","44201","Ozone","014","40140","Riverside-San Bernardino-Ontario, CA","06","California","071","San Bernardino","34.06957","-116.38893"
"06/10/2024","AQS","060719002","1","0.062","ppm","74","Joshua Tree NP - Black Rock","51","300.0000","44201","Ozone","014","40140","Riverside-San Bernardino-Ontario, CA","06","California","071","San Bernardino","34.06957","-116.38893"
"06/11/2024","AQS","060719002","1","0.051","ppm","47","Joshua Tree NP - Black Rock","51","300.0000","44201","Ozone","014","40140","Riverside-San Bernardino-Ontario, CA","06","California","071","San Bernardino","34.06957","-116.38893"
"06/12/2024","AQS","060719002","1","0.066","ppm","87","Joshua Tree NP - Black Rock","51","300.0000","44201","Ozone","014","40140","Riverside-San Bernardino-Ontario, CA","06","California","071","San Bernardino","34.06957","-116.38893"
"06/13/2024","AQS","060719002","1","0.066","ppm","87","Joshua Tree NP - Black Rock","51","300.0000","44201","Ozone","014","40140","Riverside-San Bernardino-Ontario, CA","06","California","071","San Bernardino","34.06957","-116.38893"
"06/14/2024","AQS","060719002","1","0.072","ppm","105","Joshua Tree NP - Black Rock","51","300.0000","44201","Ozone","014","40140","Riverside-San Bernardino-Ontario, CA","06","California","071","San Bernardino","34.06957","-116.38893"
"06/15/2024","AQS","060719002","1","0.07","ppm","100","Joshua Tree NP - Black Rock","51","300.0000","44201","Ozone","014","40140","Riverside-San Bernardino-Ontario, CA","06","California","071","San Bernardino","34.06957","-116.38893"
"06/16/2024","AQS","060719002","1","0.073","ppm","108","Joshua Tree NP - Black Rock","51","300.0000","44201","Ozone","014","40140","Riverside-San Bernardino-Ontario, CA","06","California","071","San Bernardino","34.06957","-116.38893"
"06/17/2024","AQS","060719002","1","0.067","ppm","90","Joshua Tree NP - Black Rock","51","300.0000","44201","Ozone","014","40140","Riverside-San Bernardino-Ontario, CA","06","California","071","San Bernardino","34.06957","-116.38893"
"06/18/2024","AQS","060719002","1","0.071","ppm","101","Joshua Tree NP - Black Rock","51","300.0000","44201","Ozone","014","40140","Riverside-San Bernardino-Ontario, CA","06","California","071","San Bernardino","34.06957","-116.38893"
"06/19/2024","AQS","060719002","1","0.068","ppm","93","Joshua Tree NP - Black Rock","51","300.0000","44201","Ozone","014","40140","Riverside-San Bernardino-Ontario, CA","06","California","071","San Bernardino","34.06957","-116.38893"
"06/20/2024","AQS","060719002","1","0.064","ppm","80","Joshua Tree NP - Black Rock","51","300.0000","44201","Ozone","014","40140","Riverside-San Bernardino-Ontario, CA","06","California","071","San Bernardino","34.06957","-116.38893"
"06/21/2024","AQS","060719002","1","0.068","ppm","93","Joshua Tree NP - Black Rock","51","300.0000","44201","Ozone","014","40140","Riverside-San Bernardino-Ontario, CA","06","California","071","San Bernardino","34.06957","-116.38893"
"06/22/2024","AQS","060719002","1","0.059","ppm","64","Joshua Tree NP - Black Rock","51","300.0000","44201","Ozone","014","40140","Riverside-San Bernardino-Ontario, CA","06","California","071","San Bernardino","34.06957","-116.38893"
"06/23/2024","AQS","060719002","1","0.057","ppm","58","Joshua Tree NP - Black Rock","51","300.0000","44201","Ozone","014","40140","Riverside-San Bernardino-Ontario, CA","06","California","071","San Bernardino","34.06957","-116.38893"
"06/24/2024","AQS","060719002","1","0.07","ppm","100","Joshua Tree NP - Black Rock","51","300.0000","44201","Ozone","014","40140","Riverside-San Bernardino-Ontario, CA","06","California","071","San Bernardino","34.06957","-116.38893"
"06/25/2024","AQS","060719002","1","0.061","ppm","71","Joshua Tree NP - Black Rock","51","300.0000","44201","Ozone","014","40140","Riverside-San Bernardino-Ontario, CA","06","California","071","San Bernardino","34.06957","-116.38893"
"06/26/2024","AQS","060719002","1","0.06","ppm","67","Joshua Tree NP - Black Rock","51","300.0000","44201","Ozone","014","40140","Riverside-San Bernardino-Ontario, CA","06","California","071","San Bernardino","34.06957","-116.38893"
"06/27/2024","AQS","060719002","1","0.059","ppm","64","Joshua Tree NP - Black Rock","51","300.0000","44201","Ozone","014","40140","Riverside-San Bernardino-Ontario, CA","06","California","071","San Bernardino","34.06957","-116.38893"
"06/28/2024","AQS","060719002","1","0.075","ppm","115","Joshua Tree NP - Black Rock","51","300.0000","44201","Ozone","014","40140","Riverside-San Bernardino-Ontario, CA","06","California","071","San Bernardino","34.06957","-116.38893"
"06/29/2024","AQS","060719002","1","0.075","ppm","115","Joshua Tree NP - Black Rock","51","300.0000","44201","Ozone","014","40140","Riverside-San Bernardino-Ontario, CA","06","California","071","San Bernardino","34.06957","-116.38893"
"06/30/2024","AQS","060719002","1","0.066","ppm","87","Joshua Tree NP - Black Rock","51","300.0000","44201","Ozone","014","40140","Riverside-San Bernardino-Ontario, CA","06","California","071","San Bernardino","34.06957","-116.38893"
"07/01/2024","AQS","060719002","1","0.057","ppm","58","Joshua Tree NP - Black Rock","51","300.0000","44201","Ozone","014","40140","Riverside-San Bernardino-Ontario, CA","06","California","071","San Bernardino","34.06957","-116.38893"
"07/02/2024","AQS","060719002","1","0.072","ppm","105","Joshua Tree NP - Black Rock","51","300.0000","44201","Ozone","014","40140","Riverside-San Bernardino-Ontario, CA","06","California","071","San Bernardino","34.06957","-116.38893"
"07/03/2024","AQS","060719002","1","0.068","ppm","93","Joshua Tree NP - Black Rock","51","300.0000","44201","Ozone","014","40140","Riverside-San Bernardino-Ontario, CA","06","California","071","San Bernardino","34.06957","-116.38893"
"07/04/2024","AQS","060719002","1","0.08","ppm","133","Joshua Tree NP - Black Rock","51","300.0000","44201","Ozone","014","40140","Riverside-San Bernardino-Ontario, CA","06","California","071","San Bernardino","34.06957","-116.38893"
"07/05/2024","AQS","060719002","1","0.063","ppm","77","Joshua Tree NP - Black Rock","51","300.0000","44201","Ozone","014","40140","Riverside-San Bernardino-Ontario, CA","06","California","071","San Bernardino","34.06957","-116.38893"
"07/06/2024","AQS","060719002","1","0.071","ppm","101","Joshua Tree NP - Black Rock","51","300.0000","44201","Ozone","014","40140","Riverside-San Bernardino-Ontario, CA","06","California","071","San Bernardino","34.06957","-116.38893"
"07/07/2024","AQS","060719002","1","0.069","ppm","97","Joshua Tree NP - Black Rock","51","300.0000","44201","Ozone","014","40140","Riverside-San Bernardino-Ontario, CA","06","California","071","San Bernardino","34.06957","-116.38893"
"07/08/2024","AQS","060719002","1","0.067","ppm","90","Joshua Tree NP - Black Rock","51","300.0000","44201","Ozone","014","40140","Riverside-San Bernardino-Ontario, CA","06","California","071","San Bernardino","34.06957","-116.38893"
"07/09/2024","AQS","060719002","1","0.082","ppm","140","Joshua Tree NP - Black Rock","51","300.0000","44201","Ozone","014","40140","Riverside-San Bernardino-Ontario, CA","06","California","071","San Bernardino","34.06957","-116.38893"
"07/10/2024","AQS","060719002","1","0.079","ppm","129","Joshua Tree NP - Black Rock","51","300.0000","44201","Ozone","014","40140","Riverside-San Bernardino-Ontario, CA","06","California","071","San Bernardino","34.06957","-116.38893"
"07/11/2024","AQS","060719002","1","0.085","ppm","150","Joshua Tree NP - Black Rock","51","300.0000","44201","Ozone","014","40140","Riverside-San Bernardino-Ontario, CA","06","California","071","San Bernardino","34.06957","-116.38893"
"07/12/2024","AQS","060719002","1","0.066","ppm","87","Joshua Tree NP - Black Rock","51","300.0000","44201","Ozone","014","40140","Riverside-San Bernardino-Ontario, CA","06","California","071","San Bernardino","34.06957","-116.38893"
"07/13/2024","AQS","060719002","1","0.066","ppm","87","Joshua Tree NP - Black Rock","51","300.0000","44201","Ozone","014","40140","Riverside-San Bernardino-Ontario, CA","06","California","071","San Bernardino","34.06957","-116.38893"
"07/14/2024","AQS","060719002","1","0.061","ppm","71","Joshua Tree NP - Black Rock","51","300.0000","44201","Ozone","014","40140","Riverside-San Bernardino-Ontario, CA","06","California","071","San Bernardino","34.06957","-116.38893"
"07/15/2024","AQS","060719002","1","0.072","ppm","105","Joshua Tree NP - Black Rock","51","300.0000","44201","Ozone","014","40140","Riverside-San Bernardino-Ontario, CA","06","California","071","San Bernardino","34.06957","-116.38893"
"07/16/2024","AQS","060719002","1","0.065","ppm","84","Joshua Tree NP - Black Rock","51","300.0000","44201","Ozone","014","40140","Riverside-San Bernardino-Ontario, CA","06","California","071","San Bernardino","34.06957","-116.38893"
"07/17/2024","AQS","060719002","1","0.078","ppm","126","Joshua Tree NP - Black Rock","51","300.0000","44201","Ozone","014","40140","Riverside-San Bernardino-Ontario, CA","06","California","071","San Bernardino","34.06957","-116.38893"
"07/18/2024","AQS","060719002","1","0.063","ppm","77","Joshua Tree NP - Black Rock","51","300.0000","44201","Ozone","014","40140","Riverside-San Bernardino-Ontario, CA","06","California","071","San Bernardino","34.06957","-116.38893"
"07/19/2024","AQS","060719002","1","0.067","ppm","90","Joshua Tree NP - Black Rock","51","300.0000","44201","Ozone","014","40140","Riverside-San Bernardino-Ontario, CA","06","California","071","San Bernardino","34.06957","-116.38893"
"07/20/2024","AQS","060719002","1","0.064","ppm","80","Joshua Tree NP - Black Rock","51","300.0000","44201","Ozone","014","40140","Riverside-San Bernardino-Ontario, CA","06","California","071","San Bernardino","34.06957","-116.38893"
"07/21/2024","AQS","060719002","1","0.066","ppm","87","Joshua Tree NP - Black Rock","51","300.0000","44201","Ozone","014","40140","Riverside-San Bernardino-Ontario, CA","06","California","071","San Bernardino","34.06957","-116.38893"
"07/22/2024","AQS","060719002","1","0.072","ppm","105","Joshua Tree NP - Black Rock","51","300.0000","44201","Ozone","014","40140","Riverside-San Bernardino-Ontario, CA","06","California","071","San Bernardino","34.06957","-116.38893"
"07/23/2024","AQS","060719002","1","0.069","ppm","97","Joshua Tree NP - Black Rock","51","300.0000","44201","Ozone","014","40140","Riverside-San Bernardino-Ontario, CA","06","California","071","San Bernardino","34.06957","-116.38893"
"07/24/2024","AQS","060719002","1","0.074","ppm","112","Joshua Tree NP - Black Rock","51","300.0000","44201","Ozone","014","40140","Riverside-San Bernardino-Ontario, CA","06","California","071","San Bernardino","34.06957","-116.38893"
"07/25/2024","AQS","060719002","1","0.075","ppm","115","Joshua Tree NP - Black Rock","51","300.0000","44201","Ozone","014","40140","Riverside-San Bernardino-Ontario, CA","06","California","071","San Bernardino","34.06957","-116.38893"
"07/26/2024","AQS","060719002","1","0.065","ppm","84","Joshua Tree NP - Black Rock","51","300.0000","44201","Ozone","014","40140","Riverside-San Bernardino-Ontario, CA","06","California","071","San Bernardino","34.06957","-116.38893"
"07/27/2024","AQS","060719002","1","0.061","ppm","71","Joshua Tree NP - Black Rock","51","300.0000","44201","Ozone","014","40140","Riverside-San Bernardino-Ontario, CA","06","California","071","San Bernardino","34.06957","-116.38893"
"07/28/2024","AQS","060719002","1","0.058","ppm","61","Joshua Tree NP - Black Rock","51","300.0000","44201","Ozone","014","40140","Riverside-San Bernardino-Ontario, CA","06","California","071","San Bernardino","34.06957","-116.38893"
"07/29/2024","AQS","060719002","1","0.072","ppm","105","Joshua Tree NP - Black Rock","51","300.0000","44201","Ozone","014","40140","Riverside-San Bernardino-Ontario, CA","06","California","071","San Bernardino","34.06957","-116.38893"
"07/30/2024","AQS","060719002","1","0.077","ppm","122","Joshua Tree NP - Black Rock","51","300.0000","44201","Ozone","014","40140","Riverside-San Bernardino-Ontario, CA","06","California","071","San Bernardino","34.06957","-116.38893"
"07/31/2024","AQS","060719002","1","0.076","ppm","119","Joshua Tree NP - Black Rock","51","300.0000","44201","Ozone","014","40140","Riverside-San Bernardino-Ontario, CA","06","California","071","San Bernardino","34.06957","-116.38893"
"08/01/2024","AQS","060719002","1","0.054","ppm","50","Joshua Tree NP - Black Rock","51","300.0000","44201","Ozone","014","40140","Riverside-San Bernardino-Ontario, CA","06","California","071","San Bernardino","34.06957","-116.38893"
"08/02/2024","AQS","060719002","1","0.078","ppm","126","Joshua Tree NP - Black Rock","51","300.0000","44201","Ozone","014","40140","Riverside-San Bernardino-Ontario, CA","06","California","071","San Bernardino","34.06957","-116.38893"
"08/03/2024","AQS","060719002","1","0.07","ppm","100","Joshua Tree NP - Black Rock","51","300.0000","44201","Ozone","014","40140","Riverside-San Bernardino-Ontario, CA","06","California","071","San Bernardino","34.06957","-116.38893"
"08/04/2024","AQS","060719002","1","0.055","ppm","51","Joshua Tree NP - Black Rock","51","300.0000","44201","Ozone","014","40140","Riverside-San Bernardino-Ontario, CA","06","California","071","San Bernardino","34.06957","-116.38893"
"08/05/2024","AQS","060719002","1","0.064","ppm","80","Joshua Tree NP - Black Rock","51","300.0000","44201","Ozone","014","40140","Riverside-San Bernardino-Ontario, CA","06","California","071","San Bernardino","34.06957","-116.38893"
"08/06/2024","AQS","060719002","1","0.063","ppm","77","Joshua Tree NP - Black Rock","51","300.0000","44201","Ozone","014","40140","Riverside-San Bernardino-Ontario, CA","06","California","071","San Bernardino","34.06957","-116.38893"
"08/07/2024","AQS","060719002","1","0.075","ppm","115","Joshua Tree NP - Black Rock","51","300.0000","44201","Ozone","014","40140","Riverside-San Bernardino-Ontario, CA","06","California","071","San Bernardino","34.06957","-116.38893"
"08/08/2024","AQS","060719002","1","0.069","ppm","97","Joshua Tree NP - Black Rock","51","300.0000","44201","Ozone","014","40140","Riverside-San Bernardino-Ontario, CA","06","California","071","San Bernardino","34.06957","-116.38893"
"08/09/2024","AQS","060719002","1","0.077","ppm","122","Joshua Tree NP - Black Rock","51","300.0000","44201","Ozone","014","40140","Riverside-San Bernardino-Ontario, CA","06","California","071","San Bernardino","34.06957","-116.38893"
"08/10/2024","AQS","060719002","1","0.07","ppm","100","Joshua Tree NP - Black Rock","51","300.0000","44201","Ozone","014","40140","Riverside-San Bernardino-Ontario, CA","06","California","071","San Bernardino","34.06957","-116.38893"
"08/11/2024","AQS","060719002","1","0.048","ppm","44","Joshua Tree NP - Black Rock","51","300.0000","44201","Ozone","014","40140","Riverside-San Bernardino-Ontario, CA","06","California","071","San Bernardino","34.06957","-116.38893"
"08/12/2024","AQS","060719002","1","0.056","ppm","54","Joshua Tree NP - Black Rock","51","300.0000","44201","Ozone","014","40140","Riverside-San Bernardino-Ontario, CA","06","California","071","San Bernardino","34.06957","-116.38893"
"08/13/2024","AQS","060719002","1","0.051","ppm","47","Joshua Tree NP - Black Rock","51","300.0000","44201","Ozone","014","40140","Riverside-San Bernardino-Ontario, CA","06","California","071","San Bernardino","34.06957","-116.38893"
"08/14/2024","AQS","060719002","1","0.069","ppm","97","Joshua Tree NP - Black Rock","51","300.0000","44201","Ozone","014","40140","Riverside-San Bernardino-Ontario, CA","06","California","071","San Bernardino","34.06957","-116.38893"
"08/15/2024","AQS","060719002","1","0.074","ppm","112","Joshua Tree NP - Black Rock","51","300.0000","44201","Ozone","014","40140","Riverside-San Bernardino-Ontario, CA","06","California","071","San Bernardino","34.06957","-116.38893"
"08/16/2024","AQS","060719002","1","0.052","ppm","48","Joshua Tree NP - Black Rock","51","300.0000","44201","Ozone","014","40140","Riverside-San Bernardino-Ontario, CA","06","California","071","San Bernardino","34.06957","-116.38893"
"08/17/2024","AQS","060719002","1","0.052","ppm","48","Joshua Tree NP - Black Rock","51","300.0000","44201","Ozone","014","40140","Riverside-San Bernardino-Ontario, CA","06","California","071","San Bernardino","34.06957","-116.38893"
"08/18/2024","AQS","060719002","1","0.049","ppm","45","Joshua Tree NP - Black Rock","51","300.0000","44201","Ozone","014","40140","Riverside-San Bernardino-Ontario, CA","06","California","071","San Bernardino","34.06957","-116.38893"
"08/19/2024","AQS","060719002","1","0.052","ppm","48","Joshua Tree NP - Black Rock","51","300.0000","44201","Ozone","014","40140","Riverside-San Bernardino-Ontario, CA","06","California","071","San Bernardino","34.06957","-116.38893"
"08/20/2024","AQS","060719002","1","0.066","ppm","87","Joshua Tree NP - Black Rock","51","300.0000","44201","Ozone","014","40140","Riverside-San Bernardino-Ontario, CA","06","California","071","San Bernardino","34.06957","-116.38893"
"08/21/2024","AQS","060719002","1","0.069","ppm","97","Joshua Tree NP - Black Rock","51","300.0000","44201","Ozone","014","40140","Riverside-San Bernardino-Ontario, CA","06","California","071","San Bernardino","34.06957","-116.38893"
"08/22/2024","AQS","060719002","1","0.057","ppm","58","Joshua Tree NP - Black Rock","51","300.0000","44201","Ozone","014","40140","Riverside-San Bernardino-Ontario, CA","06","California","071","San Bernardino","34.06957","-116.38893"
"08/23/2024","AQS","060719002","1","0.066","ppm","87","Joshua Tree NP - Black Rock","51","300.0000","44201","Ozone","014","40140","Riverside-San Bernardino-Ontario, CA","06","California","071","San Bernardino","34.06957","-116.38893"
"08/24/2024","AQS","060719002","1","0.057","ppm","58","Joshua Tree NP - Black Rock","51","300.0000","44201","Ozone","014","40140","Riverside-San Bernardino-Ontario, CA","06","California","071","San Bernardino","34.06957","-116.38893"
"08/25/2024","AQS","060719002","1","0.056","ppm","54","Joshua Tree NP - Black Rock","51","300.0000","44201","Ozone","014","40140","Riverside-San Bernardino-Ontario, CA","06","California","071","San Bernardino","34.06957","-116.38893"
"08/26/2024","AQS","060719002","1","0.053","ppm","49","Joshua Tree NP - Black Rock","51","300.0000","44201","Ozone","014","40140","Riverside-San Bernardino-Ontario, CA","06","California","071","San Bernardino","34.06957","-116.38893"
"08/27/2024","AQS","060719002","1","0.056","ppm","54","Joshua Tree NP - Black Rock","51","300.0000","44201","Ozone","014","40140","Riverside-San Bernardino-Ontario, CA","06","California","071","San Bernardino","34.06957","-116.38893"
"08/28/2024","AQS","060719002","1","0.055","ppm","51","Joshua Tree NP - Black Rock","51","300.0000","44201","Ozone","014","40140","Riverside-San Bernardino-Ontario, CA","06","California","071","San Bernardino","34.06957","-116.38893"
"08/29/2024","AQS","060719002","1","0.067","ppm","90","Joshua Tree NP - Black Rock","51","300.0000","44201","Ozone","014","40140","Riverside-San Bernardino-Ontario, CA","06","California","071","San Bernardino","34.06957","-116.38893"
"08/30/2024","AQS","060719002","1","0.051","ppm","47","Joshua Tree NP - Black Rock","51","300.0000","44201","Ozone","014","40140","Riverside-San Bernardino-Ontario, CA","06","California","071","San Bernardino","34.06957","-116.38893"
"08/31/2024","AQS","060719002","1","0.064","ppm","80","Joshua Tree NP - Black Rock","51","300.0000","44201","Ozone","014","40140","Riverside-San Bernardino-Ontario, CA","06","California","071","San Bernardino","34.06957","-116.38893"
"09/01/2024","AQS","060719002","1","0.056","ppm","54","Joshua Tree NP - Black Rock","51","300.0000","44201","Ozone","014","40140","Riverside-San Bernardino-Ontario, CA","06","California","071","San Bernardino","34.06957","-116.38893"
"09/02/2024","AQS","060719002","1","0.06","ppm","67","Joshua Tree NP - Black Rock","51","300.0000","44201","Ozone","014","40140","Riverside-San Bernardino-Ontario, CA","06","California","071","San Bernardino","34.06957","-116.38893"
"09/03/2024","AQS","060719002","1","0.071","ppm","101","Joshua Tree NP - Black Rock","51","300.0000","44201","Ozone","014","40140","Riverside-San Bernardino-Ontario, CA","06","California","071","San Bernardino","34.06957","-116.38893"
"09/04/2024","AQS","060719002","1","0.07","ppm","100","Joshua Tree NP - Black Rock","51","300.0000","44201","Ozone","014","40140","Riverside-San Bernardino-Ontario, CA","06","California","071","San Bernardino","34.06957","-116.38893"
"09/05/2024","AQS","060719002","1","0.06","ppm","67","Joshua Tree NP - Black Rock","51","300.0000","44201","Ozone","014","40140","Riverside-San Bernardino-Ontario, CA","06","California","071","San Bernardino","34.06957","-116.38893"
"09/06/2024","AQS","060719002","1","0.058","ppm","61","Joshua Tree NP - Black Rock","51","300.0000","44201","Ozone","014","40140","Riverside-San Bernardino-Ontario, CA","06","California","071","San Bernardino","34.06957","-116.38893"
"09/07/2024","AQS","060719002","1","0.051","ppm","47","Joshua Tree NP - Black Rock","51","300.0000","44201","Ozone","014","40140","Riverside-San Bernardino-Ontario, CA","06","California","071","San Bernardino","34.06957","-116.38893"
"09/08/2024","AQS","060719002","1","0.055","ppm","51","Joshua Tree NP - Black Rock","51","300.0000","44201","Ozone","014","40140","Riverside-San Bernardino-Ontario, CA","06","California","071","San Bernardino","34.06957","-116.38893"
"09/09/2024","AQS","060719002","1","0.064","ppm","80","Joshua Tree NP - Black Rock","51","300.0000","44201","Ozone","014","40140","Riverside-San Bernardino-Ontario, CA","06","California","071","San Bernardino","34.06957","-116.38893"
"09/10/2024","AQS","060719002","1","0.062","ppm","74","Joshua Tree NP - Black Rock","51","300.0000","44201","Ozone","014","40140","Riverside-San Bernardino-Ontario, CA","06","California","071","San Bernardino","34.06957","-116.38893"
"09/11/2024","AQS","060719002","1","0.063","ppm","77","Joshua Tree NP - Black Rock","51","300.0000","44201","Ozone","014","40140","Riverside-San Bernardino-Ontario, CA","06","California","071","San Bernardino","34.06957","-116.38893"
"09/12/2024","AQS","060719002","1","0.065","ppm","84","Joshua Tree NP - Black Rock","51","300.0000","44201","Ozone","014","40140","Riverside-San Bernardino-Ontario, CA","06","California","071","San Bernardino","34.06957","-116.38893"
"09/13/2024","AQS","060719002","1","0.075","ppm","115","Joshua Tree NP - Black Rock","51","300.0000","44201","Ozone","014","40140","Riverside-San Bernardino-Ontario, CA","06","California","071","San Bernardino","34.06957","-116.38893"
"09/14/2024","AQS","060719002","1","0.065","ppm","84","Joshua Tree NP - Black Rock","51","300.0000","44201","Ozone","014","40140","Riverside-San Bernardino-Ontario, CA","06","California","071","San Bernardino","34.06957","-116.38893"
"09/15/2024","AQS","060719002","1","0.067","ppm","90","Joshua Tree NP - Black Rock","51","300.0000","44201","Ozone","014","40140","Riverside-San Bernardino-Ontario, CA","06","California","071","San Bernardino","34.06957","-116.38893"
"09/16/2024","AQS","060719002","1","0.05","ppm","46","Joshua Tree NP - Black Rock","51","300.0000","44201","Ozone","014","40140","Riverside-San Bernardino-Ontario, CA","06","California","071","San Bernardino","34.06957","-116.38893"
"09/17/2024","AQS","060719002","1","0.051","ppm","47","Joshua Tree NP - Black Rock","51","300.0000","44201","Ozone","014","40140","Riverside-San Bernardino-Ontario, CA","06","California","071","San Bernardino","34.06957","-116.38893"
"09/18/2024","AQS","060719002","1","0.062","ppm","74","Joshua Tree NP - Black Rock","51","300.0000","44201","Ozone","014","40140","Riverside-San Bernardino-Ontario, CA","06","California","071","San Bernardino","34.06957","-116.38893"
"09/19/2024","AQS","060719002","1","0.059","ppm","64","Joshua Tree NP - Black Rock","51","300.0000","44201","Ozone","014","40140","Riverside-San Bernardino-Ontario, CA","06","California","071","San Bernardino","34.06957","-116.38893"
"09/20/2024","AQS","060719002","1","0.053","ppm","49","Joshua Tree NP - Black Rock","51","300.0000","44201","Ozone","014","40140","Riverside-San Bernardino-Ontario, CA","06","California","071","San Bernardino","34.06957","-116.38893"
"09/21/2024","AQS","060719002","1","0.065","ppm","84","Joshua Tree NP - Black Rock","51","300.0000","44201","Ozone","014","40140","Riverside-San Bernardino-Ontario, CA","06","California","071","San Bernardino","34.06957","-116.38893"
"09/22/2024","AQS","060719002","1","0.064","ppm","80","Joshua Tree NP - Black Rock","51","300.0000","44201","Ozone","014","40140","Riverside-San Bernardino-Ontario, CA","06","California","071","San Bernardino","34.06957","-116.38893"
"09/23/2024","AQS","060719002","1","0.058","ppm","61","Joshua Tree NP - Black Rock","51","300.0000","44201","Ozone","014","40140","Riverside-San Bernardino-Ontario, CA","06","California","071","San Bernardino","34.06957","-116.38893"
"09/24/2024","AQS","060719002","1","0.061","ppm","71","Joshua Tree NP - Black Rock","51","300.0000","44201","Ozone","014","40140","Riverside-San Bernardino-Ontario, CA","06","California","071","San Bernardino","34.06957","-116.38893"
"09/25/2024","AQS","060719002","1","0.062","ppm","74","Joshua Tree NP - Black Rock","51","300.0000","44201","Ozone","014","40140","Riverside-San Bernardino-Ontario, CA","06","California","071","San Bernardino","34.06957","-116.38893"
"09/26/2024","AQS","060719002","1","0.067","ppm","90","Joshua Tree NP - Black Rock","36","212.0000","44201","Ozone","014","40140","Riverside-San Bernardino-Ontario, CA","06","California","071","San Bernardino","34.06957","-116.38893"
"09/27/2024","AQS","060719002","1","0.066","ppm","87","Joshua Tree NP - Black Rock","51","300.0000","44201","Ozone","014","40140","Riverside-San Bernardino-Ontario, CA","06","California","071","San Bernardino","34.06957","-116.38893"
"09/28/2024","AQS","060719002","1","0.064","ppm","80","Joshua Tree NP - Black Rock","51","300.0000","44201","Ozone","014","40140","Riverside-San Bernardino-Ontario, CA","06","California","071","San Bernardino","34.06957","-116.38893"
"09/29/2024","AQS","060719002","1","0.054","ppm","50","Joshua Tree NP - Black Rock","51","300.0000","44201","Ozone","014","40140","Riverside-San Bernardino-Ontario, CA","06","California","071","San Bernardino","34.06957","-116.38893"
"09/30/2024","AQS","060719002","1","0.061","ppm","71","Joshua Tree NP - Black Rock","51","300.0000","44201","Ozone","014","40140","Riverside-San Bernardino-Ontario, CA","06","California","071","San Bernardino","34.06957","-116.38893"
"10/01/2024","AQS","060719002","1","0.055","ppm","51","Joshua Tree NP - Black Rock","17","100.0000","44201","Ozone","047","40140","Riverside-San Bernardino-Ontario, CA","06","California","071","San Bernardino","34.06957","-116.38893"
"10/02/2024","AQS","060719002","1","0.056","ppm","54","Joshua Tree NP - Black Rock","17","100.0000","44201","Ozone","047","40140","Riverside-San Bernardino-Ontario, CA","06","California","071","San Bernardino","34.06957","-116.38893"
"10/03/2024","AQS","060719002","1","0.068","ppm","93","Joshua Tree NP - Black Rock","17","100.0000","44201","Ozone","047","40140","Riverside-San Bernardino-Ontario, CA","06","California","071","San Bernardino","34.06957","-116.38893"
"10/04/2024","AQS","060719002","1","0.078","ppm","126","Joshua Tree NP - Black Rock","17","100.0000","44201","Ozone","047","40140","Riverside-San Bernardino-Ontario, CA","06","California","071","San Bernardino","34.06957","-116.38893"
"10/05/2024","AQS","060719002","1","0.062","ppm","74","Joshua Tree NP - Black Rock","17","100.0000","44201","Ozone","047","40140","Riverside-San Bernardino-Ontario, CA","06","California","071","San Bernardino","34.06957","-116.38893"
"10/06/2024","AQS","060719002","1","0.056","ppm","54","Joshua Tree NP - Black Rock","17","100.0000","44201","Ozone","047","40140","Riverside-San Bernardino-Ontario, CA","06","California","071","San Bernardino","34.06957","-116.38893"
"10/07/2024","AQS","060719002","1","0.068","ppm","93","Joshua Tree NP - Black Rock","17","100.0000","44201","Ozone","047","40140","Riverside-San Bernardino-Ontario, CA","06","California","071","San Bernardino","34.06957","-116.38893"
"10/08/2024","AQS","060719002","1","0.055","ppm","51","Joshua Tree NP - Black Rock","17","100.0000","44201","Ozone","047","40140","Riverside-San Bernardino-Ontario, CA","06","California","071","San Bernardino","34.06957","-116.38893"
"10/09/2024","AQS","060719002","1","0.055","ppm","51","Joshua Tree NP - Black Rock","17","100.0000","44201","Ozone","047","40140","Riverside-San Bernardino-Ontario, CA","06","California","071","San Bernardino","34.06957","-116.38893"
"10/10/2024","AQS","060719002","1","0.058","ppm","61","Joshua Tree NP - Black Rock","17","100.0000","44201","Ozone","047","40140","Riverside-San Bernardino-Ontario, CA","06","California","071","San Bernardino","34.06957","-116.38893"
"10/11/2024","AQS","060719002","1","0.063","ppm","77","Joshua Tree NP - Black Rock","17","100.0000","44201","Ozone","047","40140","Riverside-San Bernardino-Ontario, CA","06","California","071","San Bernardino","34.06957","-116.38893"
"10/12/2024","AQS","060719002","1","0.057","ppm","58","Joshua Tree NP - Black Rock","17","100.0000","44201","Ozone","047","40140","Riverside-San Bernardino-Ontario, CA","06","California","071","San Bernardino","34.06957","-116.38893"
"10/13/2024","AQS","060719002","1","0.059","ppm","64","Joshua Tree NP - Black Rock","17","100.0000","44201","Ozone","047","40140","Riverside-San Bernardino-Ontario, CA","06","California","071","San Bernardino","34.06957","-116.38893"
"10/14/2024","AQS","060719002","1","0.057","ppm","58","Joshua Tree NP - Black Rock","17","100.0000","44201","Ozone","047","40140","Riverside-San Bernardino-Ontario, CA","06","California","071","San Bernardino","34.06957","-116.38893"
"10/15/2024","AQS","060719002","1","0.055","ppm","51","Joshua Tree NP - Black Rock","17","100.0000","44201","Ozone","047","40140","Riverside-San Bernardino-Ontario, CA","06","California","071","San Bernardino","34.06957","-116.38893"
"10/16/2024","AQS","060719002","1","0.065","ppm","84","Joshua Tree NP - Black Rock","17","100.0000","44201","Ozone","047","40140","Riverside-San Bernardino-Ontario, CA","06","California","071","San Bernardino","34.06957","-116.38893"
"10/17/2024","AQS","060719002","1","0.053","ppm","49","Joshua Tree NP - Black Rock","17","100.0000","44201","Ozone","047","40140","Riverside-San Bernardino-Ontario, CA","06","California","071","San Bernardino","34.06957","-116.38893"
"10/18/2024","AQS","060719002","1","0.042","ppm","39","Joshua Tree NP - Black Rock","17","100.0000","44201","Ozone","047","40140","Riverside-San Bernardino-Ontario, CA","06","California","071","San Bernardino","34.06957","-116.38893"
"10/19/2024","AQS","060719002","1","0.042","ppm","39","Joshua Tree NP - Black Rock","17","100.0000","44201","Ozone","047","40140","Riverside-San Bernardino-Ontario, CA","06","California","071","San Bernardino","34.06957","-116.38893"
"10/20/2024","AQS","060719002","1","0.049","ppm","45","Joshua Tree NP - Black Rock","17","100.0000","44201","Ozone","047","40140","Riverside-San Bernardino-Ontario, CA","06","California","071","San Bernardino","34.06957","-116.38893"
"10/21/2024","AQS","060719002","1","0.052","ppm","48","Joshua Tree NP - Black Rock","17","100.0000","44201","Ozone","047","40140","Riverside-San Bernardino-Ontario, CA","06","California","071","San Bernardino","34.06957","-116.38893"
"10/22/2024","AQS","060719002","1","0.052","ppm","48","Joshua Tree NP - Black Rock","17","100.0000","44201","Ozone","047","40140","Riverside-San Bernardino-Ontario, CA","06","California","071","San Bernardino","34.06957","-116.38893"
"10/23/2024","AQS","060719002","1","0.064","ppm","80","Joshua Tree NP - Black Rock","17","100.0000","44201","Ozone","047","40140","Riverside-San Bernardino-Ontario, CA","06","California","071","San Bernardino","34.06957","-116.38893"
"10/24/2024","AQS","060719002","1","0.066","ppm","87","Joshua Tree NP - Black Rock","17","100.0000","44201","Ozone","047","40140","Riverside-San Bernardino-Ontario, CA","06","California","071","San Bernardino","34.06957","-116.38893"
"10/25/2024","AQS","060719002","1","0.067","ppm","90","Joshua Tree NP - Black Rock","17","100.0000","44201","Ozone","047","40140","Riverside-San Bernardino-Ontario, CA","06","California","071","San Bernardino","34.06957","-116.38893"
"10/26/2024","AQS","060719002","1","0.053","ppm","49","Joshua Tree NP - Black Rock","17","100.0000","44201","Ozone","047","40140","Riverside-San Bernardino-Ontario, CA","06","California","071","San Bernardino","34.06957","-116.38893"
"10/27/2024","AQS","060719002","1","0.059","ppm","64","Joshua Tree NP - Black Rock","17","100.0000","44201","Ozone","047","40140","Riverside-San Bernardino-Ontario, CA","06","California","071","San Bernardino","34.06957","-116.38893"
"10/28/2024","AQS","060719002","1","0.048","ppm","44","Joshua Tree NP - Black Rock","17","100.0000","44201","Ozone","047","40140","Riverside-San Bernardino-Ontario, CA","06","California","071","San Bernardino","34.06957","-116.38893"
"10/29/2024","AQS","060719002","1","0.047","ppm","44","Joshua Tree NP - Black Rock","17","100.0000","44201","Ozone","047","40140","Riverside-San Bernardino-Ontario, CA","06","California","071","San Bernardino","34.06957","-116.38893"
"10/30/2024","AQS","060719002","1","0.045","ppm","42","Joshua Tree NP - Black Rock","17","100.0000","44201","Ozone","047","40140","Riverside-San Bernardino-Ontario, CA","06","California","071","San Bernardino","34.06957","-116.38893"
"10/31/2024","AQS","060719002","1","0.057","ppm","58","Joshua Tree NP - Black Rock","17","100.0000","44201","Ozone","047","40140","Riverside-San Bernardino-Ontario, CA","06","California","071","San Bernardino","34.06957","-116.38893"
"11/01/2024","AQS","060719002","1","0.06","ppm","67","Joshua Tree NP - Black Rock","17","100.0000","44201","Ozone","047","40140","Riverside-San Bernardino-Ontario, CA","06","California","071","San Bernardino","34.06957","-116.38893"
"11/02/2024","AQS","060719002","1","0.05","ppm","46","Joshua Tree NP - Black Rock","17","100.0000","44201","Ozone","047","40140","Riverside-San Bernardino-Ontario, CA","06","California","071","San Bernardino","34.06957","-116.38893"
"11/03/2024","AQS","060719002","1","0.045","ppm","42","Joshua Tree NP - Black Rock","17","100.0000","44201","Ozone","047","40140","Riverside-San Bernardino-Ontario, CA","06","California","071","San Bernardino","34.06957","-116.38893"
"11/04/2024","AQS","060719002","1","0.04","ppm","37","Joshua Tree NP - Black Rock","17","100.0000","44201","Ozone","047","40140","Riverside-San Bernardino-Ontario, CA","06","California","071","San Bernardino","34.06957","-116.38893"
"11/05/2024","AQS","060719002","1","0.046","ppm","43","Joshua Tree NP - Black Rock","17","100.0000","44201","Ozone","047","40140","Riverside-San Bernardino-Ontario, CA","06","California","071","San Bernardino","34.06957","-116.38893"
"11/06/2024","AQS","060719002","1","0.041","ppm","38","Joshua Tree NP - Black Rock","17","100.0000","44201","Ozone","047","40140","Riverside-San Bernardino-Ontario, CA","06","California","071","San Bernardino","34.06957","-116.38893"
"11/07/2024","AQS","060719002","1","0.038","ppm","35","Joshua Tree NP - Black Rock","17","100.0000","44201","Ozone","047","40140","Riverside-San Bernardino-Ontario, CA","06","California","071","San Bernardino","34.06957","-116.38893"
"11/08/2024","AQS","060719002","1","0.04","ppm","37","Joshua Tree NP - Black Rock","17","100.0000","44201","Ozone","047","40140","Riverside-San Bernardino-Ontario, CA","06","California","071","San Bernardino","34.06957","-116.38893"
"11/09/2024","AQS","060719002","1","0.042","ppm","39","Joshua Tree NP - Black Rock","17","100.0000","44201","Ozone","047","40140","Riverside-San Bernardino-Ontario, CA","06","California","071","San Bernardino","34.06957","-116.38893"
"11/10/2024","AQS","060719002","1","0.048","ppm","44","Joshua Tree NP - Black Rock","17","100.0000","44201","Ozone","047","40140","Riverside-San Bernardino-Ontario, CA","06","California","071","San Bernardino","34.06957","-116.38893"
"11/11/2024","AQS","060719002","1","0.06","ppm","67","Joshua Tree NP - Black Rock","17","100.0000","44201","Ozone","047","40140","Riverside-San Bernardino-Ontario, CA","06","California","071","San Bernardino","34.06957","-116.38893"
"11/12/2024","AQS","060719002","1","0.046","ppm","43","Joshua Tree NP - Black Rock","17","100.0000","44201","Ozone","047","40140","Riverside-San Bernardino-Ontario, CA","06","California","071","San Bernardino","34.06957","-116.38893"
"11/13/2024","AQS","060719002","1","0.044","ppm","41","Joshua Tree NP - Black Rock","17","100.0000","44201","Ozone","047","40140","Riverside-San Bernardino-Ontario, CA","06","California","071","San Bernardino","34.06957","-116.38893"
"11/14/2024","AQS","060719002","1","0.054","ppm","50","Joshua Tree NP - Black Rock","15","88.0000","44201","Ozone","047","40140","Riverside-San Bernardino-Ontario, CA","06","California","071","San Bernardino","34.06957","-116.38893"
"11/15/2024","AQS","060719002","1","0.044","ppm","41","Joshua Tree NP - Black Rock","17","100.0000","44201","Ozone","047","40140","Riverside-San Bernardino-Ontario, CA","06","California","071","San Bernardino","34.06957","-116.38893"
"11/16/2024","AQS","060719002","1","0.039","ppm","36","Joshua Tree NP - Black Rock","17","100.0000","44201","Ozone","047","40140","Riverside-San Bernardino-Ontario, CA","06","California","071","San Bernardino","34.06957","-116.38893"
"11/17/2024","AQS","060719002","1","0.043","ppm","40","Joshua Tree NP - Black Rock","17","100.0000","44201","Ozone","047","40140","Riverside-San Bernardino-Ontario, CA","06","California","071","San Bernardino","34.06957","-116.38893"
"11/18/2024","AQS","060719002","1","0.045","ppm","42","Joshua Tree NP - Black Rock","17","100.0000","44201","Ozone","047","40140","Riverside-San Bernardino-Ontario, CA","06","California","071","San Bernardino","34.06957","-116.38893"
"11/19/2024","AQS","060719002","1","0.044","ppm","41","Joshua Tree NP - Black Rock","17","100.0000","44201","Ozone","047","40140","Riverside-San Bernardino-Ontario, CA","06","California","071","San Bernardino","34.06957","-116.38893"
"11/20/2024","AQS","060719002","1","0.05","ppm","46","Joshua Tree NP - Black Rock","17","100.0000","44201","Ozone","047","40140","Riverside-San Bernardino-Ontario, CA","06","California","071","San Bernardino","34.06957","-116.38893"
"11/21/2024","AQS","060719002","1","0.057","ppm","58","Joshua Tree NP - Black Rock","17","100.0000","44201","Ozone","047","40140","Riverside-San Bernardino-Ontario, CA","06","California","071","San Bernardino","34.06957","-116.38893"
"11/22/2024","AQS","060719002","1","0.057","ppm","58","Joshua Tree NP - Black Rock","17","100.0000","44201","Ozone","047","40140","Riverside-San Bernardino-Ontario, CA","06","California","071","San Bernardino","34.06957","-116.38893"
"11/23/2024","AQS","060719002","1","0.042","ppm","39","Joshua Tree NP - Black Rock","17","100.0000","44201","Ozone","047","40140","Riverside-San Bernardino-Ontario, CA","06","California","071","San Bernardino","34.06957","-116.38893"
"11/24/2024","AQS","060719002","1","0.043","ppm","40","Joshua Tree NP - Black Rock","17","100.0000","44201","Ozone","047","40140","Riverside-San Bernardino-Ontario, CA","06","California","071","San Bernardino","34.06957","-116.38893"
"11/25/2024","AQS","060719002","1","0.044","ppm","41","Joshua Tree NP - Black Rock","17","100.0000","44201","Ozone","047","40140","Riverside-San Bernardino-Ontario, CA","06","California","071","San Bernardino","34.06957","-116.38893"
"11/26/2024","AQS","060719002","1","0.037","ppm","34","Joshua Tree NP - Black Rock","17","100.0000","44201","Ozone","047","40140","Riverside-San Bernardino-Ontario, CA","06","California","071","San Bernardino","34.06957","-116.38893"
"11/27/2024","AQS","060719002","1","0.04","ppm","37","Joshua Tree NP - Black Rock","17","100.0000","44201","Ozone","047","40140","Riverside-San Bernardino-Ontario, CA","06","California","071","San Bernardino","34.06957","-116.38893"
"11/28/2024","AQS","060719002","1","0.042","ppm","39","Joshua Tree NP - Black Rock","17","100.0000","44201","Ozone","047","40140","Riverside-San Bernardino-Ontario, CA","06","California","071","San Bernardino","34.06957","-116.38893"
"11/29/2024","AQS","060719002","1","0.041","ppm","38","Joshua Tree NP - Black Rock","17","100.0000","44201","Ozone","047","40140","Riverside-San Bernardino-Ontario, CA","06","California","071","San Bernardino","34.06957","-116.38893"
"11/30/2024","AQS","060719002","1","0.044","ppm","41","Joshua Tree NP - Black Rock","17","100.0000","44201","Ozone","047","40140","Riverside-San Bernardino-Ontario, CA","06","California","071","San Bernardino","34.06957","-116.38893"
"12/01/2024","AQS","060719002","1","0.045","ppm","42","Joshua Tree NP - Black Rock","17","100.0000","44201","Ozone","047","40140","Riverside-San Bernardino-Ontario, CA","06","California","071","San Bernardino","34.06957","-116.38893"
"12/02/2024","AQS","060719002","1","0.042","ppm","39","Joshua Tree NP - Black Rock","17","100.0000","44201","Ozone","047","40140","Riverside-San Bernardino-Ontario, CA","06","California","071","San Bernardino","34.06957","-116.38893"
"12/03/2024","AQS","060719002","1","0.043","ppm","40","Joshua Tree NP - Black Rock","17","100.0000","44201","Ozone","047","40140","Riverside-San Bernardino-Ontario, CA","06","California","071","San Bernardino","34.06957","-116.38893"
"12/04/2024","AQS","060719002","1","0.043","ppm","40","Joshua Tree NP - Black Rock","17","100.0000","44201","Ozone","047","40140","Riverside-San Bernardino-Ontario, CA","06","California","071","San Bernardino","34.06957","-116.38893"
"12/05/2024","AQS","060719002","1","0.042","ppm","39","Joshua Tree NP - Black Rock","17","100.0000","44201","Ozone","047","40140","Riverside-San Bernardino-Ontario, CA","06","California","071","San Bernardino","34.06957","-116.38893"
"12/06/2024","AQS","060719002","1","0.042","ppm","39","Joshua Tree NP - Black Rock","17","100.0000","44201","Ozone","047","40140","Riverside-San Bernardino-Ontario, CA","06","California","071","San Bernardino","34.06957","-116.38893"
"12/07/2024","AirNow","060719002","1","0.042","ppm","39","Joshua Tree NP - Black Rock","24","100.0000","44201","Ozone","","40140","Riverside-San Bernardino-Ontario, CA","06","California","071","San Bernardino","34.06957","-116.38893"
"12/08/2024","AirNow","060719002","1","0.05","ppm","46","Joshua Tree NP - Black Rock","24","100.0000","44201","Ozone","","40140","Riverside-San Bernardino-Ontario, CA","06","California","071","San Bernardino","34.06957","-116.38893"
"12/18/2024","AQS","060719002","1","0.044","ppm","41","Joshua Tree NP - Black Rock","17","100.0000","44201","Ozone","047","40140","Riverside-San Bernardino-Ontario, CA","06","California","071","San Bernardino","34.06957","-116.38893"
"12/19/2024","AQS","060719002","1","0.047","ppm","44","Joshua Tree NP - Black Rock","17","100.0000","44201","Ozone","047","40140","Riverside-San Bernardino-Ontario, CA","06","California","071","San Bernardino","34.06957","-116.38893"
"12/20/2024","AQS","060719002","1","0.05","ppm","46","Joshua Tree NP - Black Rock","17","100.0000","44201","Ozone","047","40140","Riverside-San Bernardino-Ontario, CA","06","California","071","San Bernardino","34.06957","-116.38893"
"12/21/2024","AQS","060719002","1","0.054","ppm","50","Joshua Tree NP - Black Rock","17","100.0000","44201","Ozone","047","40140","Riverside-San Bernardino-Ontario, CA","06","California","071","San Bernardino","34.06957","-116.38893"
"12/22/2024","AQS","060719002","1","0.045","ppm","42","Joshua Tree NP - Black Rock","17","100.0000","44201","Ozone","047","40140","Riverside-San Bernardino-Ontario, CA","06","California","071","San Bernardino","34.06957","-116.38893"
"12/23/2024","AQS","060719002","1","0.039","ppm","36","Joshua Tree NP - Black Rock","17","100.0000","44201","Ozone","047","40140","Riverside-San Bernardino-Ontario, CA","06","California","071","San Bernardino","34.06957","-116.38893"
"12/24/2024","AQS","060719002","1","0.046","ppm","43","Joshua Tree NP - Black Rock","17","100.0000","44201","Ozone","047","40140","Riverside-San Bernardino-Ontario, CA","06","California","071","San Bernardino","34.06957","-116.38893"
"12/25/2024","AQS","060719002","1","0.046","ppm","43","Joshua Tree NP - Black Rock","17","100.0000","44201","Ozone","047","40140","Riverside-San Bernardino-Ontario, CA","06","California","071","San Bernardino","34.06957","-116.38893"
"12/26/2024","AQS","060719002","1","0.046","ppm","43","Joshua Tree NP - Black Rock","17","100.0000","44201","Ozone","047","40140","Riverside-San Bernardino-Ontario, CA","06","California","071","San Bernardino","34.06957","-116.38893"
"12/27/2024","AQS","060719002","1","0.045","ppm","42","Joshua Tree NP - Black Rock","17","100.0000","44201","Ozone","047","40140","Riverside-San Bernardino-Ontario, CA","06","California","071","San Bernardino","34.06957","-116.38893"
"12/28/2024","AQS","060719002","1","0.044","ppm","41","Joshua Tree NP - Black Rock","17","100.0000","44201","Ozone","047","40140","Riverside-San Bernardino-Ontario, CA","06","California","071","San Bernardino","34.06957","-116.38893"
"12/29/2024","AQS","060719002","1","0.048","ppm","44","Joshua Tree NP - Black Rock","17","100.0000","44201","Ozone","047","40140","Riverside-San Bernardino-Ontario, CA","06","California","071","San Bernardino","34.06957","-116.38893"
"12/30/2024","AQS","060719002","1","0.045","ppm","42","Joshua Tree NP - Black Rock","17","100.0000","44201","Ozone","047","40140","Riverside-San Bernardino-Ontario, CA","06","California","071","San Bernardino","34.06957","-116.38893"
"12/31/2024","AirNow","060719002","1","0.045","ppm","42","Joshua Tree NP - Black Rock","19","79.0000","44201","Ozone","","40140","Riverside-San Bernardino-Ontario, CA","06","California","071","San Bernardino","34.06957","-116.38893"
"01/01/2024","AQS","060719004","1","0.035","ppm","32","San Bernardino","17","100.0000","44201","Ozone","087","40140","Riverside-San Bernardino-Ontario, CA","06","California","071","San Bernardino","34.1066780008763","-117.274063"
"01/02/2024","AQS","060719004","1","0.034","ppm","31","San Bernardino","17","100.0000","44201","Ozone","087","40140","Riverside-San Bernardino-Ontario, CA","06","California","071","San Bernardino","34.1066780008763","-117.274063"
"01/03/2024","AQS","060719004","1","0.027","ppm","25","San Bernardino","17","100.0000","44201","Ozone","087","40140","Riverside-San Bernardino-Ontario, CA","06","California","071","San Bernardino","34.1066780008763","-117.274063"
"01/04/2024","AQS","060719004","1","0.04","ppm","37","San Bernardino","17","100.0000","44201","Ozone","087","40140","Riverside-San Bernardino-Ontario, CA","06","California","071","San Bernardino","34.1066780008763","-117.274063"
"01/05/2024","AQS","060719004","1","0.032","ppm","30","San Bernardino","17","100.0000","44201","Ozone","087","40140","Riverside-San Bernardino-Ontario, CA","06","California","071","San Bernardino","34.1066780008763","-117.274063"
"01/06/2024","AQS","060719004","1","0.036","ppm","33","San Bernardino","17","100.0000","44201","Ozone","087","40140","Riverside-San Bernardino-Ontario, CA","06","California","071","San Bernardino","34.1066780008763","-117.274063"
"01/07/2024","AQS","060719004","1","0.038","ppm","35","San Bernardino","17","100.0000","44201","Ozone","087","40140","Riverside-San Bernardino-Ontario, CA","06","California","071","San Bernardino","34.1066780008763","-117.274063"
"01/08/2024","AQS","060719004","1","0.037","ppm","34","San Bernardino","17","100.0000","44201","Ozone","087","40140","Riverside-San Bernardino-Ontario, CA","06","California","071","San Bernardino","34.1066780008763","-117.274063"
"01/09/2024","AQS","060719004","1","0.028","ppm","26","San Bernardino","17","100.0000","44201","Ozone","087","40140","Riverside-San Bernardino-Ontario, CA","06","California","071","San Bernardino","34.1066780008763","-117.274063"
"01/10/2024","AQS","060719004","1","0.028","ppm","26","San Bernardino","17","100.0000","44201","Ozone","087","40140","Riverside-San Bernardino-Ontario, CA","06","California","071","San Bernardino","34.1066780008763","-117.274063"
"01/11/2024","AQS","060719004","1","0.041","ppm","38","San Bernardino","17","100.0000","44201","Ozone","087","40140","Riverside-San Bernardino-Ontario, CA","06","California","071","San Bernardino","34.1066780008763","-117.274063"
"01/13/2024","AQS","060719004","1","0.037","ppm","34","San Bernardino","17","100.0000","44201","Ozone","087","40140","Riverside-San Bernardino-Ontario, CA","06","California","071","San Bernardino","34.1066780008763","-117.274063"
"01/14/2024","AQS","060719004","1","0.042","ppm","39","San Bernardino","17","100.0000","44201","Ozone","087","40140","Riverside-San Bernardino-Ontario, CA","06","California","071","San Bernardino","34.1066780008763","-117.274063"
"01/15/2024","AQS","060719004","1","0.033","ppm","31","San Bernardino","17","100.0000","44201","Ozone","087","40140","Riverside-San Bernardino-Ontario, CA","06","California","071","San Bernardino","34.1066780008763","-117.274063"
"01/16/2024","AQS","060719004","1","0.028","ppm","26","San Bernardino","17","100.0000","44201","Ozone","087","40140","Riverside-San Bernardino-Ontario, CA","06","California","071","San Bernardino","34.1066780008763","-117.274063"
"01/17/2024","AQS","060719004","1","0.024","ppm","22","San Bernardino","17","100.0000","44201","Ozone","087","40140","Riverside-San Bernardino-Ontario, CA","06","California","071","San Bernardino","34.1066780008763","-117.274063"
"01/20/2024","AQS","060719004","1","0.018","ppm","17","San Bernardino","17","100.0000","44201","Ozone","087","40140","Riverside-San Bernardino-Ontario, CA","06","California","071","San Bernardino","34.1066780008763","-117.274063"
"01/21/2024","AQS","060719004","1","0.037","ppm","34","San Bernardino","17","100.0000","44201","Ozone","087","40140","Riverside-San Bernardino-Ontario, CA","06","California","071","San Bernardino","34.1066780008763","-117.274063"
"01/22/2024","AQS","060719004","1","0.028","ppm","26","San Bernardino","17","100.0000","44201","Ozone","087","40140","Riverside-San Bernardino-Ontario, CA","06","California","071","San Bernardino","34.1066780008763","-117.274063"
"01/24/2024","AQS","060719004","1","0.021","ppm","19","San Bernardino","17","100.0000","44201","Ozone","087","40140","Riverside-San Bernardino-Ontario, CA","06","California","071","San Bernardino","34.1066780008763","-117.274063"
"01/25/2024","AQS","060719004","1","0.03","ppm","28","San Bernardino","17","100.0000","44201","Ozone","087","40140","Riverside-San Bernardino-Ontario, CA","06","California","071","San Bernardino","34.1066780008763","-117.274063"
"01/26/2024","AQS","060719004","1","0.041","ppm","38","San Bernardino","17","100.0000","44201","Ozone","087","40140","Riverside-San Bernardino-Ontario, CA","06","California","071","San Bernardino","34.1066780008763","-117.274063"
"01/27/2024","AQS","060719004","1","0.04","ppm","37","San Bernardino","17","100.0000","44201","Ozone","087","40140","Riverside-San Bernardino-Ontario, CA","06","California","071","San Bernardino","34.1066780008763","-117.274063"
"01/28/2024","AQS","060719004","1","0.038","ppm","35","San Bernardino","17","100.0000","44201","Ozone","087","40140","Riverside-San Bernardino-Ontario, CA","06","California","071","San Bernardino","34.1066780008763","-117.274063"
"01/29/2024","AQS","060719004","1","0.039","ppm","36","San Bernardino","17","100.0000","44201","Ozone","087","40140","Riverside-San Bernardino-Ontario, CA","06","California","071","San Bernardino","34.1066780008763","-117.274063"
"01/30/2024","AQS","060719004","1","0.041","ppm","38","San Bernardino","17","100.0000","44201","Ozone","087","40140","Riverside-San Bernardino-Ontario, CA","06","California","071","San Bernardino","34.1066780008763","-117.274063"
"01/31/2024","AQS","060719004","1","0.042","ppm","39","San Bernardino","17","100.0000","44201","Ozone","087","40140","Riverside-San Bernardino-Ontario, CA","06","California","071","San Bernardino","34.1066780008763","-117.274063"
"02/01/2024","AQS","060719004","1","0.03","ppm","28","San Bernardino","17","100.0000","44201","Ozone","087","40140","Riverside-San Bernardino-Ontario, CA","06","California","071","San Bernardino","34.1066780008763","-117.274063"
"02/02/2024","AQS","060719004","1","0.038","ppm","35","San Bernardino","17","100.0000","44201","Ozone","087","40140","Riverside-San Bernardino-Ontario, CA","06","California","071","San Bernardino","34.1066780008763","-117.274063"
"02/03/2024","AQS","060719004","1","0.043","ppm","40","San Bernardino","17","100.0000","44201","Ozone","087","40140","Riverside-San Bernardino-Ontario, CA","06","California","071","San Bernardino","34.1066780008763","-117.274063"
"02/04/2024","AQS","060719004","1","0.039","ppm","36","San Bernardino","17","100.0000","44201","Ozone","087","40140","Riverside-San Bernardino-Ontario, CA","06","California","071","San Bernardino","34.1066780008763","-117.274063"
"02/05/2024","AQS","060719004","1","0.027","ppm","25","San Bernardino","17","100.0000","44201","Ozone","087","40140","Riverside-San Bernardino-Ontario, CA","06","California","071","San Bernardino","34.1066780008763","-117.274063"
"02/06/2024","AQS","060719004","1","0.034","ppm","31","San Bernardino","17","100.0000","44201","Ozone","087","40140","Riverside-San Bernardino-Ontario, CA","06","California","071","San Bernardino","34.1066780008763","-117.274063"
"02/07/2024","AQS","060719004","1","0.037","ppm","34","San Bernardino","17","100.0000","44201","Ozone","087","40140","Riverside-San Bernardino-Ontario, CA","06","California","071","San Bernardino","34.1066780008763","-117.274063"
"02/08/2024","AQS","060719004","1","0.038","ppm","35","San Bernardino","17","100.0000","44201","Ozone","087","40140","Riverside-San Bernardino-Ontario, CA","06","California","071","San Bernardino","34.1066780008763","-117.274063"
"02/09/2024","AQS","060719004","1","0.04","ppm","37","San Bernardino","17","100.0000","44201","Ozone","087","40140","Riverside-San Bernardino-Ontario, CA","06","California","071","San Bernardino","34.1066780008763","-117.274063"
"02/10/2024","AQS","060719004","1","0.039","ppm","36","San Bernardino","17","100.0000","44201","Ozone","087","40140","Riverside-San Bernardino-Ontario, CA","06","California","071","San Bernardino","34.1066780008763","-117.274063"
"02/11/2024","AQS","060719004","1","0.044","ppm","41","San Bernardino","17","100.0000","44201","Ozone","087","40140","Riverside-San Bernardino-Ontario, CA","06","California","071","San Bernardino","34.1066780008763","-117.274063"
"02/12/2024","AQS","060719004","1","0.041","ppm","38","San Bernardino","17","100.0000","44201","Ozone","087","40140","Riverside-San Bernardino-Ontario, CA","06","California","071","San Bernardino","34.1066780008763","-117.274063"
"02/13/2024","AQS","060719004","1","0.043","ppm","40","San Bernardino","17","100.0000","44201","Ozone","087","40140","Riverside-San Bernardino-Ontario, CA","06","California","071","San Bernardino","34.1066780008763","-117.274063"
"02/14/2024","AQS","060719004","1","0.042","ppm","39","San Bernardino","17","100.0000","44201","Ozone","087","40140","Riverside-San Bernardino-Ontario, CA","06","California","071","San Bernardino","34.1066780008763","-117.274063"
"02/15/2024","AQS","060719004","1","0.042","ppm","39","San Bernardino","17","100.0000","44201","Ozone","087","40140","Riverside-San Bernardino-Ontario, CA","06","California","071","San Bernardino","34.1066780008763","-117.274063"
"02/16/2024","AQS","060719004","1","0.036","ppm","33","San Bernardino","17","100.0000","44201","Ozone","087","40140","Riverside-San Bernardino-Ontario, CA","06","California","071","San Bernardino","34.1066780008763","-117.274063"
"02/17/2024","AQS","060719004","1","0.035","ppm","32","San Bernardino","17","100.0000","44201","Ozone","087","40140","Riverside-San Bernardino-Ontario, CA","06","California","071","San Bernardino","34.1066780008763","-117.274063"
"02/18/2024","AQS","060719004","1","0.039","ppm","36","San Bernardino","17","100.0000","44201","Ozone","087","40140","Riverside-San Bernardino-Ontario, CA","06","California","071","San Bernardino","34.1066780008763","-117.274063"
"02/19/2024","AQS","060719004","1","0.029","ppm","27","San Bernardino","17","100.0000","44201","Ozone","087","40140","Riverside-San Bernardino-Ontario, CA","06","California","071","San Bernardino","34.1066780008763","-117.274063"
"02/20/2024","AQS","060719004","1","0.023","ppm","21","San Bernardino","17","100.0000","44201","Ozone","087","40140","Riverside-San Bernardino-Ontario, CA","06","California","071","San Bernardino","34.1066780008763","-117.274063"
"02/21/2024","AQS","060719004","1","0.039","ppm","36","San Bernardino","17","100.0000","44201","Ozone","087","40140","Riverside-San Bernardino-Ontario, CA","06","California","071","San Bernardino","34.1066780008763","-117.274063"
"02/22/2024","AQS","060719004","1","0.037","ppm","34","San Bernardino","17","100.0000","44201","Ozone","087","40140","Riverside-San Bernardino-Ontario, CA","06","California","071","San Bernardino","34.1066780008763","-117.274063"
"02/23/2024","AQS","060719004","1","0.041","ppm","38","San Bernardino","17","100.0000","44201","Ozone","087","40140","Riverside-San Bernardino-Ontario, CA","06","California","071","San Bernardino","34.1066780008763","-117.274063"
"02/24/2024","AQS","060719004","1","0.044","ppm","41","San Bernardino","17","100.0000","44201","Ozone","087","40140","Riverside-San Bernardino-Ontario, CA","06","California","071","San Bernardino","34.1066780008763","-117.274063"
"02/25/2024","AQS","060719004","1","0.039","ppm","36","San Bernardino","17","100.0000","44201","Ozone","087","40140","Riverside-San Bernardino-Ontario, CA","06","California","071","San Bernardino","34.1066780008763","-117.274063"
"02/26/2024","AQS","060719004","1","0.031","ppm","29","San Bernardino","17","100.0000","44201","Ozone","087","40140","Riverside-San Bernardino-Ontario, CA","06","California","071","San Bernardino","34.1066780008763","-117.274063"
"02/27/2024","AQS","060719004","1","0.035","ppm","32","San Bernardino","17","100.0000","44201","Ozone","087","40140","Riverside-San Bernardino-Ontario, CA","06","California","071","San Bernardino","34.1066780008763","-117.274063"
"02/28/2024","AQS","060719004","1","0.04","ppm","37","San Bernardino","17","100.0000","44201","Ozone","087","40140","Riverside-San Bernardino-Ontario, CA","06","California","071","San Bernardino","34.1066780008763","-117.274063"
"02/29/2024","AQS","060719004","1","0.037","ppm","34","San Bernardino","17","100.0000","44201","Ozone","087","40140","Riverside-San Bernardino-Ontario, CA","06","California","071","San Bernardino","34.1066780008763","-117.274063"
"03/01/2024","AQS","060719004","1","0.043","ppm","40","San Bernardino","17","100.0000","44201","Ozone","087","40140","Riverside-San Bernardino-Ontario, CA","06","California","071","San Bernardino","34.1066780008763","-117.274063"
"03/02/2024","AQS","060719004","1","0.037","ppm","34","San Bernardino","17","100.0000","44201","Ozone","087","40140","Riverside-San Bernardino-Ontario, CA","06","California","071","San Bernardino","34.1066780008763","-117.274063"
"03/03/2024","AQS","060719004","1","0.04","ppm","37","San Bernardino","17","100.0000","44201","Ozone","087","40140","Riverside-San Bernardino-Ontario, CA","06","California","071","San Bernardino","34.1066780008763","-117.274063"
"03/04/2024","AQS","060719004","1","0.041","ppm","38","San Bernardino","17","100.0000","44201","Ozone","087","40140","Riverside-San Bernardino-Ontario, CA","06","California","071","San Bernardino","34.1066780008763","-117.274063"
"03/05/2024","AQS","060719004","1","0.043","ppm","40","San Bernardino","17","100.0000","44201","Ozone","087","40140","Riverside-San Bernardino-Ontario, CA","06","California","071","San Bernardino","34.1066780008763","-117.274063"
"03/06/2024","AQS","060719004","1","0.038","ppm","35","San Bernardino","17","100.0000","44201","Ozone","087","40140","Riverside-San Bernardino-Ontario, CA","06","California","071","San Bernardino","34.1066780008763","-117.274063"
"03/07/2024","AQS","060719004","1","0.035","ppm","32","San Bernardino","17","100.0000","44201","Ozone","087","40140","Riverside-San Bernardino-Ontario, CA","06","California","071","San Bernardino","34.1066780008763","-117.274063"
"03/08/2024","AQS","060719004","1","0.039","ppm","36","San Bernardino","17","100.0000","44201","Ozone","087","40140","Riverside-San Bernardino-Ontario, CA","06","California","071","San Bernardino","34.1066780008763","-117.274063"
"03/09/2024","AQS","060719004","1","0.05","ppm","46","San Bernardino","17","100.0000","44201","Ozone","087","40140","Riverside-San Bernardino-Ontario, CA","06","California","071","San Bernardino","34.1066780008763","-117.274063"
"03/10/2024","AQS","060719004","1","0.054","ppm","50","San Bernardino","17","100.0000","44201","Ozone","087","40140","Riverside-San Bernardino-Ontario, CA","06","California","071","San Bernardino","34.1066780008763","-117.274063"
"03/11/2024","AQS","060719004","1","0.044","ppm","41","San Bernardino","17","100.0000","44201","Ozone","087","40140","Riverside-San Bernardino-Ontario, CA","06","California","071","San Bernardino","34.1066780008763","-117.274063"
"03/12/2024","AQS","060719004","1","0.032","ppm","30","San Bernardino","17","100.0000","44201","Ozone","087","40140","Riverside-San Bernardino-Ontario, CA","06","California","071","San Bernardino","34.1066780008763","-117.274063"
"03/13/2024","AQS","060719004","1","0.042","ppm","39","San Bernardino","17","100.0000","44201","Ozone","087","40140","Riverside-San Bernardino-Ontario, CA","06","California","071","San Bernardino","34.1066780008763","-117.274063"
"03/14/2024","AQS","060719004","1","0.043","ppm","40","San Bernardino","13","76.0000","44201","Ozone","087","40140","Riverside-San Bernardino-Ontario, CA","06","California","071","San Bernardino","34.1066780008763","-117.274063"
"03/15/2024","AQS","060719004","1","0.038","ppm","35","San Bernardino","17","100.0000","44201","Ozone","087","40140","Riverside-San Bernardino-Ontario, CA","06","California","071","San Bernardino","34.1066780008763","-117.274063"
"03/16/2024","AQS","060719004","1","0.036","ppm","33","San Bernardino","17","100.0000","44201","Ozone","087","40140","Riverside-San Bernardino-Ontario, CA","06","California","071","San Bernardino","34.1066780008763","-117.274063"
"03/17/2024","AQS","060719004","1","0.047","ppm","44","San Bernardino","17","100.0000","44201","Ozone","087","40140","Riverside-San Bernardino-Ontario, CA","06","California","071","San Bernardino","34.1066780008763","-117.274063"
"03/18/2024","AQS","060719004","1","0.044","ppm","41","San Bernardino","17","100.0000","44201","Ozone","087","40140","Riverside-San Bernardino-Ontario, CA","06","California","071","San Bernardino","34.1066780008763","-117.274063"
"03/19/2024","AQS","060719004","1","0.053","ppm","49","San Bernardino","17","100.0000","44201","Ozone","087","40140","Riverside-San Bernardino-Ontario, CA","06","California","071","San Bernardino","34.1066780008763","-117.274063"
"03/20/2024","AQS","060719004","1","0.059","ppm","64","San Bernardino","17","100.0000","44201","Ozone","087","40140","Riverside-San Bernardino-Ontario, CA","06","California","071","San Bernardino","34.1066780008763","-117.274063"
"03/21/2024","AQS","060719004","1","0.06","ppm","67","San Bernardino","17","100.0000","44201","Ozone","087","40140","Riverside-San Bernardino-Ontario, CA","06","California","071","San Bernardino","34.1066780008763","-117.274063"
"03/22/2024","AQS","060719004","1","0.057","ppm","58","San Bernardino","17","100.0000","44201","Ozone","087","40140","Riverside-San Bernardino-Ontario, CA","06","California","071","San Bernardino","34.1066780008763","-117.274063"
"03/23/2024","AQS","060719004","1","0.041","ppm","38","San Bernardino","17","100.0000","44201","Ozone","087","40140","Riverside-San Bernardino-Ontario, CA","06","California","071","San Bernardino","34.1066780008763","-117.274063"
"03/24/2024","AQS","060719004","1","0.042","ppm","39","San Bernardino","17","100.0000","44201","Ozone","087","40140","Riverside-San Bernardino-Ontario, CA","06","California","071","San Bernardino","34.1066780008763","-117.274063"
"03/25/2024","AQS","060719004","1","0.044","ppm","41","San Bernardino","17","100.0000","44201","Ozone","087","40140","Riverside-San Bernardino-Ontario, CA","06","California","071","San Bernardino","34.1066780008763","-117.274063"
"03/26/2024","AQS","060719004","1","0.047","ppm","44","San Bernardino","17","100.0000","44201","Ozone","087","40140","Riverside-San Bernardino-Ontario, CA","06","California","071","San Bernardino","34.1066780008763","-117.274063"
"03/27/2024","AQS","060719004","1","0.057","ppm","58","San Bernardino","17","100.0000","44201","Ozone","087","40140","Riverside-San Bernardino-Ontario, CA","06","California","071","San Bernardino","34.1066780008763","-117.274063"
"03/28/2024","AQS","060719004","1","0.05","ppm","46","San Bernardino","17","100.0000","44201","Ozone","087","40140","Riverside-San Bernardino-Ontario, CA","06","California","071","San Bernardino","34.1066780008763","-117.274063"
"03/29/2024","AQS","060719004","1","0.049","ppm","45","San Bernardino","17","100.0000","44201","Ozone","087","40140","Riverside-San Bernardino-Ontario, CA","06","California","071","San Bernardino","34.1066780008763","-117.274063"
"03/30/2024","AQS","060719004","1","0.043","ppm","40","San Bernardino","17","100.0000","44201","Ozone","087","40140","Riverside-San Bernardino-Ontario, CA","06","California","071","San Bernardino","34.1066780008763","-117.274063"
"03/31/2024","AQS","060719004","1","0.047","ppm","44","San Bernardino","17","100.0000","44201","Ozone","087","40140","Riverside-San Bernardino-Ontario, CA","06","California","071","San Bernardino","34.1066780008763","-117.274063"
"04/01/2024","AQS","060719004","1","0.046","ppm","43","San Bernardino","34","200.0000","44201","Ozone","014","40140","Riverside-San Bernardino-Ontario, CA","06","California","071","San Bernardino","34.1066780008763","-117.274063"
"04/02/2024","AQS","060719004","1","0.051","ppm","47","San Bernardino","34","200.0000","44201","Ozone","014","40140","Riverside-San Bernardino-Ontario, CA","06","California","071","San Bernardino","34.1066780008763","-117.274063"
"04/03/2024","AQS","060719004","1","0.058","ppm","61","San Bernardino","34","200.0000","44201","Ozone","014","40140","Riverside-San Bernardino-Ontario, CA","06","California","071","San Bernardino","34.1066780008763","-117.274063"
"04/04/2024","AQS","060719004","1","0.04","ppm","37","San Bernardino","28","165.0000","44201","Ozone","014","40140","Riverside-San Bernardino-Ontario, CA","06","California","071","San Bernardino","34.1066780008763","-117.274063"
"04/05/2024","AQS","060719004","1","0.046","ppm","43","San Bernardino","34","200.0000","44201","Ozone","014","40140","Riverside-San Bernardino-Ontario, CA","06","California","071","San Bernardino","34.1066780008763","-117.274063"
"04/06/2024","AQS","060719004","1","0.051","ppm","47","San Bernardino","34","200.0000","44201","Ozone","014","40140","Riverside-San Bernardino-Ontario, CA","06","California","071","San Bernardino","34.1066780008763","-117.274063"
"04/07/2024","AQS","060719004","1","0.056","ppm","54","San Bernardino","34","200.0000","44201","Ozone","014","40140","Riverside-San Bernardino-Ontario, CA","06","California","071","San Bernardino","34.1066780008763","-117.274063"
"04/08/2024","AQS","060719004","1","0.052","ppm","48","San Bernardino","34","200.0000","44201","Ozone","014","40140","Riverside-San Bernardino-Ontario, CA","06","California","071","San Bernardino","34.1066780008763","-117.274063"
"04/09/2024","AQS","060719004","1","0.053","ppm","49","San Bernardino","24","141.0000","44201","Ozone","014","40140","Riverside-San Bernardino-Ontario, CA","06","California","071","San Bernardino","34.1066780008763","-117.274063"
"04/10/2024","AQS","060719004","1","0.066","ppm","87","San Bernardino","34","200.0000","44201","Ozone","014","40140","Riverside-San Bernardino-Ontario, CA","06","California","071","San Bernardino","34.1066780008763","-117.274063"
"04/11/2024","AQS","060719004","1","0.071","ppm","101","San Bernardino","34","200.0000","44201","Ozone","014","40140","Riverside-San Bernardino-Ontario, CA","06","California","071","San Bernardino","34.1066780008763","-117.274063"
"04/12/2024","AQS","060719004","1","0.053","ppm","49","San Bernardino","34","200.0000","44201","Ozone","014","40140","Riverside-San Bernardino-Ontario, CA","06","California","071","San Bernardino","34.1066780008763","-117.274063"
"04/13/2024","AQS","060719004","1","0.052","ppm","48","San Bernardino","34","200.0000","44201","Ozone","014","40140","Riverside-San Bernardino-Ontario, CA","06","California","071","San Bernardino","34.1066780008763","-117.274063"
"04/14/2024","AQS","060719004","1","0.047","ppm","44","San Bernardino","34","200.0000","44201","Ozone","014","40140","Riverside-San Bernardino-Ontario, CA","06","California","071","San Bernardino","34.1066780008763","-117.274063"
"04/15/2024","AQS","060719004","1","0.058","ppm","61","San Bernardino","34","200.0000","44201","Ozone","014","40140","Riverside-San Bernardino-Ontario, CA","06","California","071","San Bernardino","34.1066780008763","-117.274063"
"04/16/2024","AQS","060719004","1","0.065","ppm","84","San Bernardino","34","200.0000","44201","Ozone","014","40140","Riverside-San Bernardino-Ontario, CA","06","California","071","San Bernardino","34.1066780008763","-117.274063"
"04/17/2024","AQS","060719004","1","0.073","ppm","108","San Bernardino","34","200.0000","44201","Ozone","014","40140","Riverside-San Bernardino-Ontario, CA","06","California","071","San Bernardino","34.1066780008763","-117.274063"
"04/18/2024","AQS","060719004","1","0.066","ppm","87","San Bernardino","34","200.0000","44201","Ozone","014","40140","Riverside-San Bernardino-Ontario, CA","06","California","071","San Bernardino","34.1066780008763","-117.274063"
"04/19/2024","AQS","060719004","1","0.057","ppm","58","San Bernardino","34","200.0000","44201","Ozone","014","40140","Riverside-San Bernardino-Ontario, CA","06","California","071","San Bernardino","34.1066780008763","-117.274063"
"04/20/2024","AQS","060719004","1","0.068","ppm","93","San Bernardino","34","200.0000","44201","Ozone","014","40140","Riverside-San Bernardino-Ontario, CA","06","California","071","San Bernardino","34.1066780008763","-117.274063"
"04/21/2024","AQS","060719004","1","0.089","ppm","159","San Bernardino","34","200.0000","44201","Ozone","014","40140","Riverside-San Bernardino-Ontario, CA","06","California","071","San Bernardino","34.1066780008763","-117.274063"
"04/22/2024","AQS","060719004","1","0.066","ppm","87","San Bernardino","34","200.0000","44201","Ozone","014","40140","Riverside-San Bernardino-Ontario, CA","06","California","071","San Bernardino","34.1066780008763","-117.274063"
"04/23/2024","AQS","060719004","1","0.049","ppm","45","San Bernardino","34","200.0000","44201","Ozone","014","40140","Riverside-San Bernardino-Ontario, CA","06","California","071","San Bernardino","34.1066780008763","-117.274063"
"04/24/2024","AQS","060719004","1","0.052","ppm","48","San Bernardino","34","200.0000","44201","Ozone","014","40140","Riverside-San Bernardino-Ontario, CA","06","California","071","San Bernardino","34.1066780008763","-117.274063"
"04/25/2024","AQS","060719004","1","0.045","ppm","42","San Bernardino","34","200.0000","44201","Ozone","014","40140","Riverside-San Bernardino-Ontario, CA","06","California","071","San Bernardino","34.1066780008763","-117.274063"
"04/26/2024","AQS","060719004","1","0.032","ppm","30","San Bernardino","34","200.0000","44201","Ozone","014","40140","Riverside-San Bernardino-Ontario, CA","06","California","071","San Bernardino","34.1066780008763","-117.274063"
"04/27/2024","AQS","060719004","1","0.054","ppm","50","San Bernardino","34","200.0000","44201","Ozone","014","40140","Riverside-San Bernardino-Ontario, CA","06","California","071","San Bernardino","34.1066780008763","-117.274063"
"04/28/2024","AQS","060719004","1","0.064","ppm","80","San Bernardino","34","200.0000","44201","Ozone","014","40140","Riverside-San Bernardino-Ontario, CA","06","California","071","San Bernardino","34.1066780008763","-117.274063"
"04/29/2024","AQS","060719004","1","0.067","ppm","90","San Bernardino","34","200.0000","44201","Ozone","014","40140","Riverside-San Bernardino-Ontario, CA","06","California","071","San Bernardino","34.1066780008763","-117.274063"
"04/30/2024","AQS","060719004","1","0.066","ppm","87","San Bernardino","34","200.0000","44201","Ozone","014","40140","Riverside-San Bernardino-Ontario, CA","06","California","071","San Bernardino","34.1066780008763","-117.274063"
"05/01/2024","AQS","060719004","1","0.063","ppm","77","San Bernardino","34","200.0000","44201","Ozone","014","40140","Riverside-San Bernardino-Ontario, CA","06","California","071","San Bernardino","34.1066780008763","-117.274063"
"05/02/2024","AQS","060719004","1","0.062","ppm","74","San Bernardino","34","200.0000","44201","Ozone","014","40140","Riverside-San Bernardino-Ontario, CA","06","California","071","San Bernardino","34.1066780008763","-117.274063"
"05/03/2024","AQS","060719004","1","0.06","ppm","67","San Bernardino","22","129.0000","44201","Ozone","014","40140","Riverside-San Bernardino-Ontario, CA","06","California","071","San Bernardino","34.1066780008763","-117.274063"
"05/04/2024","AQS","060719004","1","0.05","ppm","46","San Bernardino","34","200.0000","44201","Ozone","014","40140","Riverside-San Bernardino-Ontario, CA","06","California","071","San Bernardino","34.1066780008763","-117.274063"
"05/05/2024","AQS","060719004","1","0.053","ppm","49","San Bernardino","34","200.0000","44201","Ozone","014","40140","Riverside-San Bernardino-Ontario, CA","06","California","071","San Bernardino","34.1066780008763","-117.274063"
"05/06/2024","AQS","060719004","1","0.051","ppm","47","San Bernardino","34","200.0000","44201","Ozone","014","40140","Riverside-San Bernardino-Ontario, CA","06","California","071","San Bernardino","34.1066780008763","-117.274063"
"05/07/2024","AQS","060719004","1","0.068","ppm","93","San Bernardino","26","153.0000","44201","Ozone","014","40140","Riverside-San Bernardino-Ontario, CA","06","California","071","San Bernardino","34.1066780008763","-117.274063"
"05/08/2024","AQS","060719004","1","0.061","ppm","71","San Bernardino","34","200.0000","44201","Ozone","014","40140","Riverside-San Bernardino-Ontario, CA","06","California","071","San Bernardino","34.1066780008763","-117.274063"
"05/09/2024","AQS","060719004","1","0.057","ppm","58","San Bernardino","34","200.0000","44201","Ozone","014","40140","Riverside-San Bernardino-Ontario, CA","06","California","071","San Bernardino","34.1066780008763","-117.274063"
"05/10/2024","AQS","060719004","1","0.065","ppm","84","San Bernardino","34","200.0000","44201","Ozone","014","40140","Riverside-San Bernardino-Ontario, CA","06","California","071","San Bernardino","34.1066780008763","-117.274063"
"05/11/2024","AQS","060719004","1","0.07","ppm","100","San Bernardino","34","200.0000","44201","Ozone","014","40140","Riverside-San Bernardino-Ontario, CA","06","California","071","San Bernardino","34.1066780008763","-117.274063"
"05/12/2024","AQS","060719004","1","0.074","ppm","112","San Bernardino","34","200.0000","44201","Ozone","014","40140","Riverside-San Bernardino-Ontario, CA","06","California","071","San Bernardino","34.1066780008763","-117.274063"
"05/13/2024","AQS","060719004","1","0.061","ppm","71","San Bernardino","34","200.0000","44201","Ozone","014","40140","Riverside-San Bernardino-Ontario, CA","06","California","071","San Bernardino","34.1066780008763","-117.274063"
"05/14/2024","AQS","060719004","1","0.055","ppm","51","San Bernardino","32","188.0000","44201","Ozone","014","40140","Riverside-San Bernardino-Ontario, CA","06","California","071","San Bernardino","34.1066780008763","-117.274063"
"05/15/2024","AQS","060719004","1","0.046","ppm","43","San Bernardino","34","200.0000","44201","Ozone","014","40140","Riverside-San Bernardino-Ontario, CA","06","California","071","San Bernardino","34.1066780008763","-117.274063"
"05/16/2024","AQS","060719004","1","0.047","ppm","44","San Bernardino","34","200.0000","44201","Ozone","014","40140","Riverside-San Bernardino-Ontario, CA","06","California","071","San Bernardino","34.1066780008763","-117.274063"
"05/17/2024","AQS","060719004","1","0.054","ppm","50","San Bernardino","34","200.0000","44201","Ozone","014","40140","Riverside-San Bernardino-Ontario, CA","06","California","071","San Bernardino","34.1066780008763","-117.274063"
"05/18/2024","AQS","060719004","1","0.064","ppm","80","San Bernardino","34","200.0000","44201","Ozone","014","40140","Riverside-San Bernardino-Ontario, CA","06","California","071","San Bernardino","34.1066780008763","-117.274063"
"05/19/2024","AQS","060719004","1","0.064","ppm","80","San Bernardino","34","200.0000","44201","Ozone","014","40140","Riverside-San Bernardino-Ontario, CA","06","California","071","San Bernardino","34.1066780008763","-117.274063"
"05/20/2024","AQS","060719004","1","0.053","ppm","49","San Bernardino","34","200.0000","44201","Ozone","014","40140","Riverside-San Bernardino-Ontario, CA","06","California","071","San Bernardino","34.1066780008763","-117.274063"
"05/21/2024","AQS","060719004","1","0.063","ppm","77","San Bernardino","24","141.0000","44201","Ozone","014","40140","Riverside-San Bernardino-Ontario, CA","06","California","071","San Bernardino","34.1066780008763","-117.274063"
"05/22/2024","AQS","060719004","1","0.062","ppm","74","San Bernardino","34","200.0000","44201","Ozone","014","40140","Riverside-San Bernardino-Ontario, CA","06","California","071","San Bernardino","34.1066780008763","-117.274063"
"05/23/2024","AQS","060719004","1","0.051","ppm","47","San Bernardino","34","200.0000","44201","Ozone","014","40140","Riverside-San Bernardino-Ontario, CA","06","California","071","San Bernardino","34.1066780008763","-117.274063"
"05/24/2024","AQS","060719004","1","0.044","ppm","41","San Bernardino","34","200.0000","44201","Ozone","014","40140","Riverside-San Bernardino-Ontario, CA","06","California","071","San Bernardino","34.1066780008763","-117.274063"
"05/25/2024","AQS","060719004","1","0.051","ppm","47","San Bernardino","34","200.0000","44201","Ozone","014","40140","Riverside-San Bernardino-Ontario, CA","06","California","071","San Bernardino","34.1066780008763","-117.274063"
"05/26/2024","AQS","060719004","1","0.052","ppm","48","San Bernardino","34","200.0000","44201","Ozone","014","40140","Riverside-San Bernardino-Ontario, CA","06","California","071","San Bernardino","34.1066780008763","-117.274063"
"05/27/2024","AQS","060719004","1","0.063","ppm","77","San Bernardino","34","200.0000","44201","Ozone","014","40140","Riverside-San Bernardino-Ontario, CA","06","California","071","San Bernardino","34.1066780008763","-117.274063"
"05/28/2024","AQS","060719004","1","0.066","ppm","87","San Bernardino","34","200.0000","44201","Ozone","014","40140","Riverside-San Bernardino-Ontario, CA","06","California","071","San Bernardino","34.1066780008763","-117.274063"
"05/29/2024","AQS","060719004","1","0.064","ppm","80","San Bernardino","34","200.0000","44201","Ozone","014","40140","Riverside-San Bernardino-Ontario, CA","06","California","071","San Bernardino","34.1066780008763","-117.274063"
"05/30/2024","AQS","060719004","1","0.079","ppm","129","San Bernardino","34","200.0000","44201","Ozone","014","40140","Riverside-San Bernardino-Ontario, CA","06","California","071","San Bernardino","34.1066780008763","-117.274063"
"05/31/2024","AQS","060719004","1","0.073","ppm","108","San Bernardino","34","200.0000","44201","Ozone","014","40140","Riverside-San Bernardino-Ontario, CA","06","California","071","San Bernardino","34.1066780008763","-117.274063"
"06/01/2024","AQS","060719004","1","0.07","ppm","100","San Bernardino","34","200.0000","44201","Ozone","014","40140","Riverside-San Bernardino-Ontario, CA","06","California","071","San Bernardino","34.1066780008763","-117.274063"
"06/02/2024","AQS","060719004","1","0.053","ppm","49","San Bernardino","34","200.0000","44201","Ozone","014","40140","Riverside-San Bernardino-Ontario, CA","06","California","071","San Bernardino","34.1066780008763","-117.274063"
"06/03/2024","AQS","060719004","1","0.056","ppm","54","San Bernardino","34","200.0000","44201","Ozone","014","40140","Riverside-San Bernardino-Ontario, CA","06","California","071","San Bernardino","34.1066780008763","-117.274063"
"06/04/2024","AQS","060719004","1","0.085","ppm","150","San Bernardino","34","200.0000","44201","Ozone","014","40140","Riverside-San Bernardino-Ontario, CA","06","California","071","San Bernardino","34.1066780008763","-117.274063"
"06/05/2024","AQS","060719004","1","0.093","ppm","169","San Bernardino","34","200.0000","44201","Ozone","014","40140","Riverside-San Bernardino-Ontario, CA","06","California","071","San Bernardino","34.1066780008763","-117.274063"
"06/06/2024","AQS","060719004","1","0.099","ppm","185","San Bernardino","34","200.0000","44201","Ozone","014","40140","Riverside-San Bernardino-Ontario, CA","06","California","071","San Bernardino","34.1066780008763","-117.274063"
"06/07/2024","AQS","060719004","1","0.071","ppm","101","San Bernardino","34","200.0000","44201","Ozone","014","40140","Riverside-San Bernardino-Ontario, CA","06","California","071","San Bernardino","34.1066780008763","-117.274063"
"06/08/2024","AQS","060719004","1","0.061","ppm","71","San Bernardino","34","200.0000","44201","Ozone","014","40140","Riverside-San Bernardino-Ontario, CA","06","California","071","San Bernardino","34.1066780008763","-117.274063"
"06/09/2024","AQS","060719004","1","0.057","ppm","58","San Bernardino","34","200.0000","44201","Ozone","014","40140","Riverside-San Bernardino-Ontario, CA","06","California","071","San Bernardino","34.1066780008763","-117.274063"
"06/10/2024","AQS","060719004","1","0.074","ppm","112","San Bernardino","34","200.0000","44201","Ozone","014","40140","Riverside-San Bernardino-Ontario, CA","06","California","071","San Bernardino","34.1066780008763","-117.274063"
"06/11/2024","AQS","060719004","1","0.082","ppm","140","San Bernardino","34","200.0000","44201","Ozone","014","40140","Riverside-San Bernardino-Ontario, CA","06","California","071","San Bernardino","34.1066780008763","-117.274063"
"06/12/2024","AQS","060719004","1","0.074","ppm","112","San Bernardino","34","200.0000","44201","Ozone","014","40140","Riverside-San Bernardino-Ontario, CA","06","California","071","San Bernardino","34.1066780008763","-117.274063"
"06/13/2024","AQS","060719004","1","0.069","ppm","97","San Bernardino","34","200.0000","44201","Ozone","014","40140","Riverside-San Bernardino-Ontario, CA","06","California","071","San Bernardino","34.1066780008763","-117.274063"
"06/14/2024","AQS","060719004","1","0.092","ppm","166","San Bernardino","34","200.0000","44201","Ozone","014","40140","Riverside-San Bernardino-Ontario, CA","06","California","071","San Bernardino","34.1066780008763","-117.274063"
"06/15/2024","AQS","060719004","1","0.106","ppm","201","San Bernardino","34","200.0000","44201","Ozone","014","40140","Riverside-San Bernardino-Ontario, CA","06","California","071","San Bernardino","34.1066780008763","-117.274063"
"06/16/2024","AQS","060719004","1","0.075","ppm","115","San Bernardino","34","200.0000","44201","Ozone","014","40140","Riverside-San Bernardino-Ontario, CA","06","California","071","San Bernardino","34.1066780008763","-117.274063"
"06/17/2024","AQS","060719004","1","0.065","ppm","84","San Bernardino","34","200.0000","44201","Ozone","014","40140","Riverside-San Bernardino-Ontario, CA","06","California","071","San Bernardino","34.1066780008763","-117.274063"
"06/18/2024","AQS","060719004","1","0.069","ppm","97","San Bernardino","34","200.0000","44201","Ozone","014","40140","Riverside-San Bernardino-Ontario, CA","06","California","071","San Bernardino","34.1066780008763","-117.274063"
"06/19/2024","AQS","060719004","1","0.076","ppm","119","San Bernardino","34","200.0000","44201","Ozone","014","40140","Riverside-San Bernardino-Ontario, CA","06","California","071","San Bernardino","34.1066780008763","-117.274063"
"06/20/2024","AQS","060719004","1","0.085","ppm","150","San Bernardino","34","200.0000","44201","Ozone","014","40140","Riverside-San Bernardino-Ontario, CA","06","California","071","San Bernardino","34.1066780008763","-117.274063"
"06/21/2024","AQS","060719004","1","0.096","ppm","177","San Bernardino","34","200.0000","44201","Ozone","014","40140","Riverside-San Bernardino-Ontario, CA","06","California","071","San Bernardino","34.1066780008763","-117.274063"
"06/22/2024","AQS","060719004","1","0.091","ppm","164","San Bernardino","34","200.0000","44201","Ozone","014","40140","Riverside-San Bernardino-Ontario, CA","06","California","071","San Bernardino","34.1066780008763","-117.274063"
"06/23/2024","AQS","060719004","1","0.088","ppm","156","San Bernardino","34","200.0000","44201","Ozone","014","40140","Riverside-San Bernardino-Ontario, CA","06","California","071","San Bernardino","34.1066780008763","-117.274063"
"06/24/2024","AQS","060719004","1","0.092","ppm","166","San Bernardino","34","200.0000","44201","Ozone","014","40140","Riverside-San Bernardino-Ontario, CA","06","California","071","San Bernardino","34.1066780008763","-117.274063"
"06/25/2024","AQS","060719004","1","0.078","ppm","126","San Bernardino","34","200.0000","44201","Ozone","014","40140","Riverside-San Bernardino-Ontario, CA","06","California","071","San Bernardino","34.1066780008763","-117.274063"
"06/26/2024","AQS","060719004","1","0.079","ppm","129","San Bernardino","34","200.0000","44201","Ozone","014","40140","Riverside-San Bernardino-Ontario, CA","06","California","071","San Bernardino","34.1066780008763","-117.274063"
"06/27/2024","AQS","060719004","1","0.085","ppm","150","San Bernardino","34","200.0000","44201","Ozone","014","40140","Riverside-San Bernardino-Ontario, CA","06","California","071","San Bernardino","34.1066780008763","-117.274063"
"06/28/2024","AQS","060719004","1","0.076","ppm","119","San Bernardino","34","200.0000","44201","Ozone","014","40140","Riverside-San Bernardino-Ontario, CA","06","California","071","San Bernardino","34.1066780008763","-117.274063"
"06/29/2024","AQS","060719004","1","0.082","ppm","140","San Bernardino","34","200.0000","44201","Ozone","014","40140","Riverside-San Bernardino-Ontario, CA","06","California","071","San Bernardino","34.1066780008763","-117.274063"
"06/30/2024","AQS","060719004","1","0.085","ppm","150","San Bernardino","34","200.0000","44201","Ozone","014","40140","Riverside-San Bernardino-Ontario, CA","06","California","071","San Bernardino","34.1066780008763","-117.274063"
"07/01/2024","AQS","060719004","1","0.086","ppm","151","San Bernardino","17","100.0000","44201","Ozone","087","40140","Riverside-San Bernardino-Ontario, CA","06","California","071","San Bernardino","34.1066780008763","-117.274063"
"07/02/2024","AQS","060719004","1","0.098","ppm","182","San Bernardino","17","100.0000","44201","Ozone","087","40140","Riverside-San Bernardino-Ontario, CA","06","California","071","San Bernardino","34.1066780008763","-117.274063"
"07/03/2024","AQS","060719004","1","0.118","ppm","214","San Bernardino","17","100.0000","44201","Ozone","087","40140","Riverside-San Bernardino-Ontario, CA","06","California","071","San Bernardino","34.1066780008763","-117.274063"
"07/04/2024","AQS","060719004","1","0.105","ppm","200","San Bernardino","17","100.0000","44201","Ozone","087","40140","Riverside-San Bernardino-Ontario, CA","06","California","071","San Bernardino","34.1066780008763","-117.274063"
"07/05/2024","AQS","060719004","1","0.121","ppm","217","San Bernardino","17","100.0000","44201","Ozone","087","40140","Riverside-San Bernardino-Ontario, CA","06","California","071","San Bernardino","34.1066780008763","-117.274063"
"07/06/2024","AQS","060719004","1","0.095","ppm","174","San Bernardino","17","100.0000","44201","Ozone","087","40140","Riverside-San Bernardino-Ontario, CA","06","California","071","San Bernardino","34.1066780008763","-117.274063"
"07/07/2024","AQS","060719004","1","0.083","ppm","143","San Bernardino","17","100.0000","44201","Ozone","087","40140","Riverside-San Bernardino-Ontario, CA","06","California","071","San Bernardino","34.1066780008763","-117.274063"
"07/08/2024","AQS","060719004","1","0.106","ppm","201","San Bernardino","17","100.0000","44201","Ozone","087","40140","Riverside-San Bernardino-Ontario, CA","06","California","071","San Bernardino","34.1066780008763","-117.274063"
"07/09/2024","AQS","060719004","1","0.115","ppm","210","San Bernardino","17","100.0000","44201","Ozone","087","40140","Riverside-San Bernardino-Ontario, CA","06","California","071","San Bernardino","34.1066780008763","-117.274063"
"07/10/2024","AQS","060719004","1","0.117","ppm","213","San Bernardino","17","100.0000","44201","Ozone","087","40140","Riverside-San Bernardino-Ontario, CA","06","California","071","San Bernardino","34.1066780008763","-117.274063"
"07/11/2024","AQS","060719004","1","0.116","ppm","212","San Bernardino","17","100.0000","44201","Ozone","087","40140","Riverside-San Bernardino-Ontario, CA","06","California","071","San Bernardino","34.1066780008763","-117.274063"
"07/12/2024","AQS","060719004","1","0.091","ppm","164","San Bernardino","17","100.0000","44201","Ozone","087","40140","Riverside-San Bernardino-Ontario, CA","06","California","071","San Bernardino","34.1066780008763","-117.274063"
"07/13/2024","AQS","060719004","1","0.095","ppm","174","San Bernardino","17","100.0000","44201","Ozone","087","40140","Riverside-San Bernardino-Ontario, CA","06","California","071","San Bernardino","34.1066780008763","-117.274063"
"07/14/2024","AQS","060719004","1","0.085","ppm","150","San Bernardino","17","100.0000","44201","Ozone","087","40140","Riverside-San Bernardino-Ontario, CA","06","California","071","San Bernardino","34.1066780008763","-117.274063"
"07/15/2024","AQS","060719004","1","0.088","ppm","156","San Bernardino","17","100.0000","44201","Ozone","087","40140","Riverside-San Bernardino-Ontario, CA","06","California","071","San Bernardino","34.1066780008763","-117.274063"
"07/16/2024","AQS","060719004","1","0.084","ppm","147","San Bernardino","17","100.0000","44201","Ozone","087","40140","Riverside-San Bernardino-Ontario, CA","06","California","071","San Bernardino","34.1066780008763","-117.274063"
"07/17/2024","AQS","060719004","1","0.106","ppm","201","San Bernardino","15","88.0000","44201","Ozone","087","40140","Riverside-San Bernardino-Ontario, CA","06","California","071","San Bernardino","34.1066780008763","-117.274063"
"07/18/2024","AQS","060719004","1","0.11","ppm","205","San Bernardino","16","94.0000","44201","Ozone","087","40140","Riverside-San Bernardino-Ontario, CA","06","California","071","San Bernardino","34.1066780008763","-117.274063"
"07/19/2024","AQS","060719004","1","0.101","ppm","190","San Bernardino","17","100.0000","44201","Ozone","087","40140","Riverside-San Bernardino-Ontario, CA","06","California","071","San Bernardino","34.1066780008763","-117.274063"
"07/20/2024","AQS","060719004","1","0.098","ppm","182","San Bernardino","17","100.0000","44201","Ozone","087","40140","Riverside-San Bernardino-Ontario, CA","06","California","071","San Bernardino","34.1066780008763","-117.274063"
"07/21/2024","AQS","060719004","1","0.084","ppm","147","San Bernardino","17","100.0000","44201","Ozone","087","40140","Riverside-San Bernardino-Ontario, CA","06","California","071","San Bernardino","34.1066780008763","-117.274063"
"07/22/2024","AQS","060719004","1","0.106","ppm","201","San Bernardino","17","100.0000","44201","Ozone","087","40140","Riverside-San Bernardino-Ontario, CA","06","California","071","San Bernardino","34.1066780008763","-117.274063"
"07/23/2024","AQS","060719004","1","0.111","ppm","206","San Bernardino","17","100.0000","44201","Ozone","087","40140","Riverside-San Bernardino-Ontario, CA","06","California","071","San Bernardino","34.1066780008763","-117.274063"
"07/24/2024","AQS","060719004","1","0.11","ppm","205","San Bernardino","17","100.0000","44201","Ozone","087","40140","Riverside-San Bernardino-Ontario, CA","06","California","071","San Bernardino","34.1066780008763","-117.274063"
"07/25/2024","AQS","060719004","1","0.104","ppm","197","San Bernardino","17","100.0000","44201","Ozone","087","40140","Riverside-San Bernardino-Ontario, CA","06","California","071","San Bernardino","34.1066780008763","-117.274063"
"07/26/2024","AQS","060719004","1","0.072","ppm","105","San Bernardino","17","100.0000","44201","Ozone","087","40140","Riverside-San Bernardino-Ontario, CA","06","California","071","San Bernardino","34.1066780008763","-117.274063"
"07/27/2024","AQS","060719004","1","0.065","ppm","84","San Bernardino","17","100.0000","44201","Ozone","087","40140","Riverside-San Bernardino-Ontario, CA","06","California","071","San Bernardino","34.1066780008763","-117.274063"
"07/28/2024","AQS","060719004","1","0.063","ppm","77","San Bernardino","17","100.0000","44201","Ozone","087","40140","Riverside-San Bernardino-Ontario, CA","06","California","071","San Bernardino","34.1066780008763","-117.274063"
"07/29/2024","AQS","060719004","1","0.076","ppm","119","San Bernardino","17","100.0000","44201","Ozone","087","40140","Riverside-San Bernardino-Ontario, CA","06","California","071","San Bernardino","34.1066780008763","-117.274063"
"07/30/2024","AQS","060719004","1","0.082","ppm","140","San Bernardino","17","100.0000","44201","Ozone","087","40140","Riverside-San Bernardino-Ontario, CA","06","California","071","San Bernardino","34.1066780008763","-117.274063"
"07/31/2024","AQS","060719004","1","0.099","ppm","185","San Bernardino","17","100.0000","44201","Ozone","087","40140","Riverside-San Bernardino-Ontario, CA","06","California","071","San Bernardino","34.1066780008763","-117.274063"
"08/01/2024","AQS","060719004","1","0.076","ppm","119","San Bernardino","17","100.0000","44201","Ozone","087","40140","Riverside-San Bernardino-Ontario, CA","06","California","071","San Bernardino","34.1066780008763","-117.274063"
"08/02/2024","AQS","060719004","1","0.1","ppm","187","San Bernardino","17","100.0000","44201","Ozone","087","40140","Riverside-San Bernardino-Ontario, CA","06","California","071","San Bernardino","34.1066780008763","-117.274063"
"08/03/2024","AQS","060719004","1","0.091","ppm","164","San Bernardino","17","100.0000","44201","Ozone","087","40140","Riverside-San Bernardino-Ontario, CA","06","California","071","San Bernardino","34.1066780008763","-117.274063"
"08/04/2024","AQS","060719004","1","0.089","ppm","159","San Bernardino","17","100.0000","44201","Ozone","087","40140","Riverside-San Bernardino-Ontario, CA","06","California","071","San Bernardino","34.1066780008763","-117.274063"
"08/05/2024","AQS","060719004","1","0.094","ppm","172","San Bernardino","17","100.0000","44201","Ozone","087","40140","Riverside-San Bernardino-Ontario, CA","06","California","071","San Bernardino","34.1066780008763","-117.274063"
"08/06/2024","AQS","060719004","1","0.094","ppm","172","San Bernardino","17","100.0000","44201","Ozone","087","40140","Riverside-San Bernardino-Ontario, CA","06","California","071","San Bernardino","34.1066780008763","-117.274063"
"08/07/2024","AQS","060719004","1","0.073","ppm","108","San Bernardino","17","100.0000","44201","Ozone","087","40140","Riverside-San Bernardino-Ontario, CA","06","California","071","San Bernardino","34.1066780008763","-117.274063"
"08/08/2024","AQS","060719004","1","0.077","ppm","122","San Bernardino","17","100.0000","44201","Ozone","087","40140","Riverside-San Bernardino-Ontario, CA","06","California","071","San Bernardino","34.1066780008763","-117.274063"
"08/09/2024","AQS","060719004","1","0.102","ppm","192","San Bernardino","17","100.0000","44201","Ozone","087","40140","Riverside-San Bernardino-Ontario, CA","06","California","071","San Bernardino","34.1066780008763","-117.274063"
"08/10/2024","AQS","060719004","1","0.096","ppm","177","San Bernardino","17","100.0000","44201","Ozone","087","40140","Riverside-San Bernardino-Ontario, CA","06","California","071","San Bernardino","34.1066780008763","-117.274063"
"08/11/2024","AQS","060719004","1","0.072","ppm","105","San Bernardino","17","100.0000","44201","Ozone","087","40140","Riverside-San Bernardino-Ontario, CA","06","California","071","San Bernardino","34.1066780008763","-117.274063"
"08/12/2024","AQS","060719004","1","0.058","ppm","61","San Bernardino","17","100.0000","44201","Ozone","087","40140","Riverside-San Bernardino-Ontario, CA","06","California","071","San Bernardino","34.1066780008763","-117.274063"
"08/13/2024","AQS","060719004","1","0.068","ppm","93","San Bernardino","17","100.0000","44201","Ozone","087","40140","Riverside-San Bernardino-Ontario, CA","06","California","071","San Bernardino","34.1066780008763","-117.274063"
"08/14/2024","AQS","060719004","1","0.071","ppm","101","San Bernardino","17","100.0000","44201","Ozone","087","40140","Riverside-San Bernardino-Ontario, CA","06","California","071","San Bernardino","34.1066780008763","-117.274063"
"08/15/2024","AQS","060719004","1","0.087","ppm","154","San Bernardino","17","100.0000","44201","Ozone","087","40140","Riverside-San Bernardino-Ontario, CA","06","California","071","San Bernardino","34.1066780008763","-117.274063"
"08/16/2024","AQS","060719004","1","0.092","ppm","166","San Bernardino","17","100.0000","44201","Ozone","087","40140","Riverside-San Bernardino-Ontario, CA","06","California","071","San Bernardino","34.1066780008763","-117.274063"
"08/17/2024","AQS","060719004","1","0.068","ppm","93","San Bernardino","17","100.0000","44201","Ozone","087","40140","Riverside-San Bernardino-Ontario, CA","06","California","071","San Bernardino","34.1066780008763","-117.274063"
"08/18/2024","AQS","060719004","1","0.076","ppm","119","San Bernardino","17","100.0000","44201","Ozone","087","40140","Riverside-San Bernardino-Ontario, CA","06","California","071","San Bernardino","34.1066780008763","-117.274063"
"08/19/2024","AQS","060719004","1","0.095","ppm","174","San Bernardino","17","100.0000","44201","Ozone","087","40140","Riverside-San Bernardino-Ontario, CA","06","California","071","San Bernardino","34.1066780008763","-117.274063"
"08/20/2024","AQS","060719004","1","0.081","ppm","136","San Bernardino","17","100.0000","44201","Ozone","087","40140","Riverside-San Bernardino-Ontario, CA","06","California","071","San Bernardino","34.1066780008763","-117.274063"
"08/21/2024","AQS","060719004","1","0.084","ppm","147","San Bernardino","17","100.0000","44201","Ozone","087","40140","Riverside-San Bernardino-Ontario, CA","06","California","071","San Bernardino","34.1066780008763","-117.274063"
"08/22/2024","AQS","060719004","1","0.067","ppm","90","San Bernardino","17","100.0000","44201","Ozone","087","40140","Riverside-San Bernardino-Ontario, CA","06","California","071","San Bernardino","34.1066780008763","-117.274063"
"08/23/2024","AQS","060719004","1","0.058","ppm","61","San Bernardino","17","100.0000","44201","Ozone","087","40140","Riverside-San Bernardino-Ontario, CA","06","California","071","San Bernardino","34.1066780008763","-117.274063"
"08/24/2024","AQS","060719004","1","0.057","ppm","58","San Bernardino","17","100.0000","44201","Ozone","087","40140","Riverside-San Bernardino-Ontario, CA","06","California","071","San Bernardino","34.1066780008763","-117.274063"
"08/25/2024","AQS","060719004","1","0.066","ppm","87","San Bernardino","17","100.0000","44201","Ozone","087","40140","Riverside-San Bernardino-Ontario, CA","06","California","071","San Bernardino","34.1066780008763","-117.274063"
"08/26/2024","AQS","060719004","1","0.081","ppm","136","San Bernardino","17","100.0000","44201","Ozone","087","40140","Riverside-San Bernardino-Ontario, CA","06","California","071","San Bernardino","34.1066780008763","-117.274063"
"08/27/2024","AQS","060719004","1","0.091","ppm","164","San Bernardino","17","100.0000","44201","Ozone","087","40140","Riverside-San Bernardino-Ontario, CA","06","California","071","San Bernardino","34.1066780008763","-117.274063"
"08/28/2024","AQS","060719004","1","0.081","ppm","136","San Bernardino","17","100.0000","44201","Ozone","087","40140","Riverside-San Bernardino-Ontario, CA","06","California","071","San Bernardino","34.1066780008763","-117.274063"
"08/29/2024","AQS","060719004","1","0.087","ppm","154","San Bernardino","17","100.0000","44201","Ozone","087","40140","Riverside-San Bernardino-Ontario, CA","06","California","071","San Bernardino","34.1066780008763","-117.274063"
"08/30/2024","AQS","060719004","1","0.091","ppm","164","San Bernardino","17","100.0000","44201","Ozone","087","40140","Riverside-San Bernardino-Ontario, CA","06","California","071","San Bernardino","34.1066780008763","-117.274063"
"08/31/2024","AQS","060719004","1","0.11","ppm","205","San Bernardino","17","100.0000","44201","Ozone","087","40140","Riverside-San Bernardino-Ontario, CA","06","California","071","San Bernardino","34.1066780008763","-117.274063"
"09/01/2024","AQS","060719004","1","0.098","ppm","182","San Bernardino","17","100.0000","44201","Ozone","087","40140","Riverside-San Bernardino-Ontario, CA","06","California","071","San Bernardino","34.1066780008763","-117.274063"
"09/02/2024","AQS","060719004","1","0.094","ppm","172","San Bernardino","17","100.0000","44201","Ozone","087","40140","Riverside-San Bernardino-Ontario, CA","06","California","071","San Bernardino","34.1066780008763","-117.274063"
"09/03/2024","AQS","060719004","1","0.086","ppm","151","San Bernardino","17","100.0000","44201","Ozone","087","40140","Riverside-San Bernardino-Ontario, CA","06","California","071","San Bernardino","34.1066780008763","-117.274063"
"09/04/2024","AQS","060719004","1","0.08","ppm","133","San Bernardino","17","100.0000","44201","Ozone","087","40140","Riverside-San Bernardino-Ontario, CA","06","California","071","San Bernardino","34.1066780008763","-117.274063"
"09/05/2024","AQS","060719004","1","0.082","ppm","140","San Bernardino","17","100.0000","44201","Ozone","087","40140","Riverside-San Bernardino-Ontario, CA","06","California","071","San Bernardino","34.1066780008763","-117.274063"
"09/06/2024","AQS","060719004","1","0.084","ppm","147","San Bernardino","17","100.0000","44201","Ozone","087","40140","Riverside-San Bernardino-Ontario, CA","06","California","071","San Bernardino","34.1066780008763","-117.274063"
"09/07/2024","AQS","060719004","1","0.091","ppm","164","San Bernardino","17","100.0000","44201","Ozone","087","40140","Riverside-San Bernardino-Ontario, CA","06","California","071","San Bernardino","34.1066780008763","-117.274063"
"09/08/2024","AQS","060719004","1","0.065","ppm","84","San Bernardino","17","100.0000","44201","Ozone","087","40140","Riverside-San Bernardino-Ontario, CA","06","California","071","San Bernardino","34.1066780008763","-117.274063"
"09/09/2024","AQS","060719004","1","0.106","ppm","201","San Bernardino","17","100.0000","44201","Ozone","087","40140","Riverside-San Bernardino-Ontario, CA","06","California","071","San Bernardino","34.1066780008763","-117.274063"
"09/10/2024","AQS","060719004","1","0.069","ppm","97","San Bernardino","17","100.0000","44201","Ozone","087","40140","Riverside-San Bernardino-Ontario, CA","06","California","071","San Bernardino","34.1066780008763","-117.274063"
"09/11/2024","AQS","060719004","1","0.07","ppm","100","San Bernardino","17","100.0000","44201","Ozone","087","40140","Riverside-San Bernardino-Ontario, CA","06","California","071","San Bernardino","34.1066780008763","-117.274063"
"09/12/2024","AQS","060719004","1","0.057","ppm","58","San Bernardino","17","100.0000","44201","Ozone","087","40140","Riverside-San Bernardino-Ontario, CA","06","California","071","San Bernardino","34.1066780008763","-117.274063"
"09/13/2024","AQS","060719004","1","0.067","ppm","90","San Bernardino","17","100.0000","44201","Ozone","087","40140","Riverside-San Bernardino-Ontario, CA","06","California","071","San Bernardino","34.1066780008763","-117.274063"
"09/14/2024","AQS","060719004","1","0.074","ppm","112","San Bernardino","17","100.0000","44201","Ozone","087","40140","Riverside-San Bernardino-Ontario, CA","06","California","071","San Bernardino","34.1066780008763","-117.274063"
"09/15/2024","AQS","060719004","1","0.063","ppm","77","San Bernardino","17","100.0000","44201","Ozone","087","40140","Riverside-San Bernardino-Ontario, CA","06","California","071","San Bernardino","34.1066780008763","-117.274063"
"09/16/2024","AQS","060719004","1","0.049","ppm","45","San Bernardino","17","100.0000","44201","Ozone","087","40140","Riverside-San Bernardino-Ontario, CA","06","California","071","San Bernardino","34.1066780008763","-117.274063"
"09/17/2024","AQS","060719004","1","0.051","ppm","47","San Bernardino","17","100.0000","44201","Ozone","087","40140","Riverside-San Bernardino-Ontario, CA","06","California","071","San Bernardino","34.1066780008763","-117.274063"
"09/18/2024","AQS","060719004","1","0.059","ppm","64","San Bernardino","17","100.0000","44201","Ozone","087","40140","Riverside-San Bernardino-Ontario, CA","06","California","071","San Bernardino","34.1066780008763","-117.274063"
"09/19/2024","AQS","060719004","1","0.053","ppm","49","San Bernardino","17","100.0000","44201","Ozone","087","40140","Riverside-San Bernardino-Ontario, CA","06","California","071","San Bernardino","34.1066780008763","-117.274063"
"09/20/2024","AQS","060719004","1","0.039","ppm","36","San Bernardino","17","100.0000","44201","Ozone","087","40140","Riverside-San Bernardino-Ontario, CA","06","California","071","San Bernardino","34.1066780008763","-117.274063"
"09/21/2024","AQS","060719004","1","0.064","ppm","80","San Bernardino","17","100.0000","44201","Ozone","087","40140","Riverside-San Bernardino-Ontario, CA","06","California","071","San Bernardino","34.1066780008763","-117.274063"
"09/22/2024","AQS","060719004","1","0.084","ppm","147","San Bernardino","17","100.0000","44201","Ozone","087","40140","Riverside-San Bernardino-Ontario, CA","06","California","071","San Bernardino","34.1066780008763","-117.274063"
"09/23/2024","AQS","060719004","1","0.083","ppm","143","San Bernardino","17","100.0000","44201","Ozone","087","40140","Riverside-San Bernardino-Ontario, CA","06","California","071","San Bernardino","34.1066780008763","-117.274063"
"09/24/2024","AQS","060719004","1","0.075","ppm","115","San Bernardino","17","100.0000","44201","Ozone","087","40140","Riverside-San Bernardino-Ontario, CA","06","California","071","San Bernardino","34.1066780008763","-117.274063"
"09/25/2024","AQS","060719004","1","0.077","ppm","122","San Bernardino","17","100.0000","44201","Ozone","087","40140","Riverside-San Bernardino-Ontario, CA","06","California","071","San Bernardino","34.1066780008763","-117.274063"
"09/26/2024","AQS","060719004","1","0.075","ppm","115","San Bernardino","17","100.0000","44201","Ozone","087","40140","Riverside-San Bernardino-Ontario, CA","06","California","071","San Bernardino","34.1066780008763","-117.274063"
"09/27/2024","AQS","060719004","1","0.082","ppm","140","San Bernardino","17","100.0000","44201","Ozone","087","40140","Riverside-San Bernardino-Ontario, CA","06","California","071","San Bernardino","34.1066780008763","-117.274063"
"09/28/2024","AQS","060719004","1","0.079","ppm","129","San Bernardino","17","100.0000","44201","Ozone","087","40140","Riverside-San Bernardino-Ontario, CA","06","California","071","San Bernardino","34.1066780008763","-117.274063"
"09/29/2024","AQS","060719004","1","0.081","ppm","136","San Bernardino","17","100.0000","44201","Ozone","087","40140","Riverside-San Bernardino-Ontario, CA","06","California","071","San Bernardino","34.1066780008763","-117.274063"
"09/30/2024","AQS","060719004","1","0.102","ppm","192","San Bernardino","17","100.0000","44201","Ozone","087","40140","Riverside-San Bernardino-Ontario, CA","06","California","071","San Bernardino","34.1066780008763","-117.274063"
"10/01/2024","AQS","060719004","1","0.095","ppm","174","San Bernardino","17","100.0000","44201","Ozone","087","40140","Riverside-San Bernardino-Ontario, CA","06","California","071","San Bernardino","34.1066780008763","-117.274063"
"10/02/2024","AQS","060719004","1","0.098","ppm","182","San Bernardino","17","100.0000","44201","Ozone","087","40140","Riverside-San Bernardino-Ontario, CA","06","California","071","San Bernardino","34.1066780008763","-117.274063"
"10/03/2024","AQS","060719004","1","0.101","ppm","190","San Bernardino","17","100.0000","44201","Ozone","087","40140","Riverside-San Bernardino-Ontario, CA","06","California","071","San Bernardino","34.1066780008763","-117.274063"
"10/04/2024","AQS","060719004","1","0.09","ppm","161","San Bernardino","17","100.0000","44201","Ozone","087","40140","Riverside-San Bernardino-Ontario, CA","06","California","071","San Bernardino","34.1066780008763","-117.274063"
"10/05/2024","AQS","060719004","1","0.102","ppm","192","San Bernardino","17","100.0000","44201","Ozone","087","40140","Riverside-San Bernardino-Ontario, CA","06","California","071","San Bernardino","34.1066780008763","-117.274063"
"10/06/2024","AQS","060719004","1","0.092","ppm","166","San Bernardino","17","100.0000","44201","Ozone","087","40140","Riverside-San Bernardino-Ontario, CA","06","California","071","San Bernardino","34.1066780008763","-117.274063"
"10/07/2024","AQS","060719004","1","0.079","ppm","129","San Bernardino","17","100.0000","44201","Ozone","087","40140","Riverside-San Bernardino-Ontario, CA","06","California","071","San Bernardino","34.1066780008763","-117.274063"
"10/08/2024","AQS","060719004","1","0.071","ppm","101","San Bernardino","17","100.0000","44201","Ozone","087","40140","Riverside-San Bernardino-Ontario, CA","06","California","071","San Bernardino","34.1066780008763","-117.274063"
"10/09/2024","AQS","060719004","1","0.067","ppm","90","San Bernardino","17","100.0000","44201","Ozone","087","40140","Riverside-San Bernardino-Ontario, CA","06","California","071","San Bernardino","34.1066780008763","-117.274063"
"10/10/2024","AQS","060719004","1","0.067","ppm","90","San Bernardino","17","100.0000","44201","Ozone","087","40140","Riverside-San Bernardino-Ontario, CA","06","California","071","San Bernardino","34.1066780008763","-117.274063"
"10/11/2024","AQS","060719004","1","0.06","ppm","67","San Bernardino","17","100.0000","44201","Ozone","087","40140","Riverside-San Bernardino-Ontario, CA","06","California","071","San Bernardino","34.1066780008763","-117.274063"
"10/12/2024","AQS","060719004","1","0.063","ppm","77","San Bernardino","17","100.0000","44201","Ozone","087","40140","Riverside-San Bernardino-Ontario, CA","06","California","071","San Bernardino","34.1066780008763","-117.274063"
"10/13/2024","AQS","060719004","1","0.059","ppm","64","San Bernardino","17","100.0000","44201","Ozone","087","40140","Riverside-San Bernardino-Ontario, CA","06","California","071","San Bernardino","34.1066780008763","-117.274063"
"10/14/2024","AQS","060719004","1","0.051","ppm","47","San Bernardino","17","100.0000","44201","Ozone","087","40140","Riverside-San Bernardino-Ontario, CA","06","California","071","San Bernardino","34.1066780008763","-117.274063"
"10/15/2024","AQS","060719004","1","0.045","ppm","42","San Bernardino","17","100.0000","44201","Ozone","087","40140","Riverside-San Bernardino-Ontario, CA","06","California","071","San Bernardino","34.1066780008763","-117.274063"
"10/16/2024","AQS","060719004","1","0.037","ppm","34","San Bernardino","17","100.0000","44201","Ozone","087","40140","Riverside-San Bernardino-Ontario, CA","06","California","071","San Bernardino","34.1066780008763","-117.274063"
"10/17/2024","AQS","060719004","1","0.037","ppm","34","San Bernardino","17","100.0000","44201","Ozone","087","40140","Riverside-San Bernardino-Ontario, CA","06","California","071","San Bernardino","34.1066780008763","-117.274063"
"10/19/2024","AQS","060719004","1","0.044","ppm","41","San Bernardino","17","100.0000","44201","Ozone","087","40140","Riverside-San Bernardino-Ontario, CA","06","California","071","San Bernardino","34.1066780008763","-117.274063"
"10/20/2024","AQS","060719004","1","0.054","ppm","50","San Bernardino","17","100.0000","44201","Ozone","087","40140","Riverside-San Bernardino-Ontario, CA","06","California","071","San Bernardino","34.1066780008763","-117.274063"
"10/21/2024","AQS","060719004","1","0.057","ppm","58","San Bernardino","17","100.0000","44201","Ozone","087","40140","Riverside-San Bernardino-Ontario, CA","06","California","071","San Bernardino","34.1066780008763","-117.274063"
"10/22/2024","AQS","060719004","1","0.057","ppm","58","San Bernardino","17","100.0000","44201","Ozone","087","40140","Riverside-San Bernardino-Ontario, CA","06","California","071","San Bernardino","34.1066780008763","-117.274063"
"10/23/2024","AQS","060719004","1","0.064","ppm","80","San Bernardino","17","100.0000","44201","Ozone","087","40140","Riverside-San Bernardino-Ontario, CA","06","California","071","San Bernardino","34.1066780008763","-117.274063"
"10/24/2024","AQS","060719004","1","0.067","ppm","90","San Bernardino","17","100.0000","44201","Ozone","087","40140","Riverside-San Bernardino-Ontario, CA","06","California","071","San Bernardino","34.1066780008763","-117.274063"
"10/25/2024","AQS","060719004","1","0.068","ppm","93","San Bernardino","17","100.0000","44201","Ozone","087","40140","Riverside-San Bernardino-Ontario, CA","06","California","071","San Bernardino","34.1066780008763","-117.274063"
"10/26/2024","AQS","060719004","1","0.073","ppm","108","San Bernardino","17","100.0000","44201","Ozone","087","40140","Riverside-San Bernardino-Ontario, CA","06","California","071","San Bernardino","34.1066780008763","-117.274063"
"10/27/2024","AQS","060719004","1","0.078","ppm","126","San Bernardino","17","100.0000","44201","Ozone","087","40140","Riverside-San Bernardino-Ontario, CA","06","California","071","San Bernardino","34.1066780008763","-117.274063"
"10/28/2024","AQS","060719004","1","0.04","ppm","37","San Bernardino","17","100.0000","44201","Ozone","087","40140","Riverside-San Bernardino-Ontario, CA","06","California","071","San Bernardino","34.1066780008763","-117.274063"
"10/29/2024","AQS","060719004","1","0.042","ppm","39","San Bernardino","17","100.0000","44201","Ozone","087","40140","Riverside-San Bernardino-Ontario, CA","06","California","071","San Bernardino","34.1066780008763","-117.274063"
"10/30/2024","AQS","060719004","1","0.039","ppm","36","San Bernardino","17","100.0000","44201","Ozone","087","40140","Riverside-San Bernardino-Ontario, CA","06","California","071","San Bernardino","34.1066780008763","-117.274063"
"10/31/2024","AirNow","060719004","1","0.046","ppm","43","San Bernardino","24","100.0000","44201","Ozone","","40140","Riverside-San Bernardino-Ontario, CA","06","California","071","San Bernardino","34.1066780008763","-117.274063"
"11/01/2024","AirNow","060719004","1","0.046","ppm","43","San Bernardino","24","100.0000","44201","Ozone","","40140","Riverside-San Bernardino-Ontario, CA","06","California","071","San Bernardino","34.1066780008763","-117.274063"
"11/02/2024","AirNow","060719004","1","0.045","ppm","42","San Bernardino","24","100.0000","44201","Ozone","","40140","Riverside-San Bernardino-Ontario, CA","06","California","071","San Bernardino","34.1066780008763","-117.274063"
"11/03/2024","AirNow","060719004","1","0.043","ppm","40","San Bernardino","24","100.0000","44201","Ozone","","40140","Riverside-San Bernardino-Ontario, CA","06","California","071","San Bernardino","34.1066780008763","-117.274063"
"11/04/2024","AirNow","060719004","1","0.04","ppm","37","San Bernardino","24","100.0000","44201","Ozone","","40140","Riverside-San Bernardino-Ontario, CA","06","California","071","San Bernardino","34.1066780008763","-117.274063"
"11/05/2024","AirNow","060719004","1","0.04","ppm","37","San Bernardino","24","100.0000","44201","Ozone","","40140","Riverside-San Bernardino-Ontario, CA","06","California","071","San Bernardino","34.1066780008763","-117.274063"
"11/06/2024","AirNow","060719004","1","0.041","ppm","38","San Bernardino","24","100.0000","44201","Ozone","","40140","Riverside-San Bernardino-Ontario, CA","06","California","071","San Bernardino","34.1066780008763","-117.274063"
"11/07/2024","AirNow","060719004","1","0.035","ppm","32","San Bernardino","24","100.0000","44201","Ozone","","40140","Riverside-San Bernardino-Ontario, CA","06","California","071","San Bernardino","34.1066780008763","-117.274063"
"11/09/2024","AirNow","060719004","1","0.038","ppm","35","San Bernardino","24","100.0000","44201","Ozone","","40140","Riverside-San Bernardino-Ontario, CA","06","California","071","San Bernardino","34.1066780008763","-117.274063"
"11/10/2024","AirNow","060719004","1","0.046","ppm","43","San Bernardino","24","100.0000","44201","Ozone","","40140","Riverside-San Bernardino-Ontario, CA","06","California","071","San Bernardino","34.1066780008763","-117.274063"
"11/11/2024","AirNow","060719004","1","0.053","ppm","49","San Bernardino","24","100.0000","44201","Ozone","","40140","Riverside-San Bernardino-Ontario, CA","06","California","071","San Bernardino","34.1066780008763","-117.274063"
"11/12/2024","AirNow","060719004","1","0.042","ppm","39","San Bernardino","24","100.0000","44201","Ozone","","40140","Riverside-San Bernardino-Ontario, CA","06","California","071","San Bernardino","34.1066780008763","-117.274063"
"11/13/2024","AirNow","060719004","1","0.041","ppm","38","San Bernardino","24","100.0000","44201","Ozone","","40140","Riverside-San Bernardino-Ontario, CA","06","California","071","San Bernardino","34.1066780008763","-117.274063"
"11/14/2024","AirNow","060719004","1","0.04","ppm","37","San Bernardino","24","100.0000","44201","Ozone","","40140","Riverside-San Bernardino-Ontario, CA","06","California","071","San Bernardino","34.1066780008763","-117.274063"
"11/15/2024","AirNow","060719004","1","0.033","ppm","31","San Bernardino","24","100.0000","44201","Ozone","","40140","Riverside-San Bernardino-Ontario, CA","06","California","071","San Bernardino","34.1066780008763","-117.274063"
"11/16/2024","AirNow","060719004","1","0.037","ppm","34","San Bernardino","24","100.0000","44201","Ozone","","40140","Riverside-San Bernardino-Ontario, CA","06","California","071","San Bernardino","34.1066780008763","-117.274063"
"11/17/2024","AirNow","060719004","1","0.039","ppm","36","San Bernardino","24","100.0000","44201","Ozone","","40140","Riverside-San Bernardino-Ontario, CA","06","California","071","San Bernardino","34.1066780008763","-117.274063"
"11/18/2024","AirNow","060719004","1","0.037","ppm","34","San Bernardino","24","100.0000","44201","Ozone","","40140","Riverside-San Bernardino-Ontario, CA","06","California","071","San Bernardino","34.1066780008763","-117.274063"
"11/19/2024","AirNow","060719004","1","0.039","ppm","36","San Bernardino","24","100.0000","44201","Ozone","","40140","Riverside-San Bernardino-Ontario, CA","06","California","071","San Bernardino","34.1066780008763","-117.274063"
"11/20/2024","AirNow","060719004","1","0.033","ppm","31","San Bernardino","24","100.0000","44201","Ozone","","40140","Riverside-San Bernardino-Ontario, CA","06","California","071","San Bernardino","34.1066780008763","-117.274063"
"11/21/2024","AirNow","060719004","1","0.037","ppm","34","San Bernardino","24","100.0000","44201","Ozone","","40140","Riverside-San Bernardino-Ontario, CA","06","California","071","San Bernardino","34.1066780008763","-117.274063"
"11/22/2024","AirNow","060719004","1","0.035","ppm","32","San Bernardino","24","100.0000","44201","Ozone","","40140","Riverside-San Bernardino-Ontario, CA","06","California","071","San Bernardino","34.1066780008763","-117.274063"
"11/23/2024","AirNow","060719004","1","0.027","ppm","25","San Bernardino","24","100.0000","44201","Ozone","","40140","Riverside-San Bernardino-Ontario, CA","06","California","071","San Bernardino","34.1066780008763","-117.274063"
"11/24/2024","AirNow","060719004","1","0.036","ppm","33","San Bernardino","24","100.0000","44201","Ozone","","40140","Riverside-San Bernardino-Ontario, CA","06","California","071","San Bernardino","34.1066780008763","-117.274063"
"11/25/2024","AirNow","060719004","1","0.006","ppm","6","San Bernardino","24","100.0000","44201","Ozone","","40140","Riverside-San Bernardino-Ontario, CA","06","California","071","San Bernardino","34.1066780008763","-117.274063"
"11/28/2024","AirNow","060719004","1","0.038","ppm","35","San Bernardino","24","100.0000","44201","Ozone","","40140","Riverside-San Bernardino-Ontario, CA","06","California","071","San Bernardino","34.1066780008763","-117.274063"
"11/29/2024","AirNow","060719004","1","0.027","ppm","25","San Bernardino","24","100.0000","44201","Ozone","","40140","Riverside-San Bernardino-Ontario, CA","06","California","071","San Bernardino","34.1066780008763","-117.274063"
"11/30/2024","AirNow","060719004","1","0.034","ppm","31","San Bernardino","24","100.0000","44201","Ozone","","40140","Riverside-San Bernardino-Ontario, CA","06","California","071","San Bernardino","34.1066780008763","-117.274063"
"12/01/2024","AirNow","060719004","1","0.036","ppm","33","San Bernardino","24","100.0000","44201","Ozone","","40140","Riverside-San Bernardino-Ontario, CA","06","California","071","San Bernardino","34.1066780008763","-117.274063"
"12/02/2024","AirNow","060719004","1","0.025","ppm","23","San Bernardino","24","100.0000","44201","Ozone","","40140","Riverside-San Bernardino-Ontario, CA","06","California","071","San Bernardino","34.1066780008763","-117.274063"
"12/03/2024","AirNow","060719004","1","0.019","ppm","18","San Bernardino","24","100.0000","44201","Ozone","","40140","Riverside-San Bernardino-Ontario, CA","06","California","071","San Bernardino","34.1066780008763","-117.274063"
"12/04/2024","AirNow","060719004","1","0.029","ppm","27","San Bernardino","24","100.0000","44201","Ozone","","40140","Riverside-San Bernardino-Ontario, CA","06","California","071","San Bernardino","34.1066780008763","-117.274063"
"12/05/2024","AirNow","060719004","1","0.03","ppm","28","San Bernardino","24","100.0000","44201","Ozone","","40140","Riverside-San Bernardino-Ontario, CA","06","California","071","San Bernardino","34.1066780008763","-117.274063"
"12/06/2024","AirNow","060719004","1","0.038","ppm","35","San Bernardino","24","100.0000","44201","Ozone","","40140","Riverside-San Bernardino-Ontario, CA","06","California","071","San Bernardino","34.1066780008763","-117.274063"
"12/07/2024","AirNow","060719004","1","0.037","ppm","34","San Bernardino","24","100.0000","44201","Ozone","","40140","Riverside-San Bernardino-Ontario, CA","06","California","071","San Bernardino","34.1066780008763","-117.274063"
"12/08/2024","AirNow","060719004","1","0.037","ppm","34","San Bernardino","24","100.0000","44201","Ozone","","40140","Riverside-San Bernardino-Ontario, CA","06","California","071","San Bernardino","34.1066780008763","-117.274063"
"12/09/2024","AirNow","060719004","1","0.04","ppm","37","San Bernardino","24","100.0000","44201","Ozone","","40140","Riverside-San Bernardino-Ontario, CA","06","California","071","San Bernardino","34.1066780008763","-117.274063"
"12/10/2024","AirNow","060719004","1","0.038","ppm","35","San Bernardino","24","100.0000","44201","Ozone","","40140","Riverside-San Bernardino-Ontario, CA","06","California","071","San Bernardino","34.1066780008763","-117.274063"
"12/11/2024","AirNow","060719004","1","0.026","ppm","24","San Bernardino","24","100.0000","44201","Ozone","","40140","Riverside-San Bernardino-Ontario, CA","06","California","071","San Bernardino","34.1066780008763","-117.274063"
"12/12/2024","AirNow","060719004","1","0.028","ppm","26","San Bernardino","24","100.0000","44201","Ozone","","40140","Riverside-San Bernardino-Ontario, CA","06","California","071","San Bernardino","34.1066780008763","-117.274063"
"12/13/2024","AirNow","060719004","1","0.032","ppm","30","San Bernardino","24","100.0000","44201","Ozone","","40140","Riverside-San Bernardino-Ontario, CA","06","California","071","San Bernardino","34.1066780008763","-117.274063"
"12/14/2024","AirNow","060719004","1","0.036","ppm","33","San Bernardino","24","100.0000","44201","Ozone","","40140","Riverside-San Bernardino-Ontario, CA","06","California","071","San Bernardino","34.1066780008763","-117.274063"
"12/15/2024","AirNow","060719004","1","0.034","ppm","31","San Bernardino","24","100.0000","44201","Ozone","","40140","Riverside-San Bernardino-Ontario, CA","06","California","071","San Bernardino","34.1066780008763","-117.274063"
"12/16/2024","AirNow","060719004","1","0.031","ppm","29","San Bernardino","24","100.0000","44201","Ozone","","40140","Riverside-San Bernardino-Ontario, CA","06","California","071","San Bernardino","34.1066780008763","-117.274063"
"12/17/2024","AirNow","060719004","1","0.041","ppm","38","San Bernardino","24","100.0000","44201","Ozone","","40140","Riverside-San Bernardino-Ontario, CA","06","California","071","San Bernardino","34.1066780008763","-117.274063"
"12/18/2024","AirNow","060719004","1","0.038","ppm","35","San Bernardino","24","100.0000","44201","Ozone","","40140","Riverside-San Bernardino-Ontario, CA","06","California","071","San Bernardino","34.1066780008763","-117.274063"
"12/19/2024","AirNow","060719004","1","0.036","ppm","33","San Bernardino","24","100.0000","44201","Ozone","","40140","Riverside-San Bernardino-Ontario, CA","06","California","071","San Bernardino","34.1066780008763","-117.274063"
"12/20/2024","AirNow","060719004","1","0.028","ppm","26","San Bernardino","24","100.0000","44201","Ozone","","40140","Riverside-San Bernardino-Ontario, CA","06","California","071","San Bernardino","34.1066780008763","-117.274063"
"12/21/2024","AirNow","060719004","1","0.033","ppm","31","San Bernardino","24","100.0000","44201","Ozone","","40140","Riverside-San Bernardino-Ontario, CA","06","California","071","San Bernardino","34.1066780008763","-117.274063"
"12/22/2024","AirNow","060719004","1","0.029","ppm","27","San Bernardino","24","100.0000","44201","Ozone","","40140","Riverside-San Bernardino-Ontario, CA","06","California","071","San Bernardino","34.1066780008763","-117.274063"
"12/23/2024","AirNow","060719004","1","0.027","ppm","25","San Bernardino","24","100.0000","44201","Ozone","","40140","Riverside-San Bernardino-Ontario, CA","06","California","071","San Bernardino","34.1066780008763","-117.274063"
"12/24/2024","AirNow","060719004","1","0.026","ppm","24","San Bernardino","24","100.0000","44201","Ozone","","40140","Riverside-San Bernardino-Ontario, CA","06","California","071","San Bernardino","34.1066780008763","-117.274063"
"12/25/2024","AirNow","060719004","1","0.038","ppm","35","San Bernardino","24","100.0000","44201","Ozone","","40140","Riverside-San Bernardino-Ontario, CA","06","California","071","San Bernardino","34.1066780008763","-117.274063"
"12/26/2024","AirNow","060719004","1","0.028","ppm","26","San Bernardino","24","100.0000","44201","Ozone","","40140","Riverside-San Bernardino-Ontario, CA","06","California","071","San Bernardino","34.1066780008763","-117.274063"
"12/27/2024","AirNow","060719004","1","0.021","ppm","19","San Bernardino","24","100.0000","44201","Ozone","","40140","Riverside-San Bernardino-Ontario, CA","06","California","071","San Bernardino","34.1066780008763","-117.274063"
"12/28/2024","AirNow","060719004","1","0.024","ppm","22","San Bernardino","24","100.0000","44201","Ozone","","40140","Riverside-San Bernardino-Ontario, CA","06","California","071","San Bernardino","34.1066780008763","-117.274063"
"12/29/2024","AirNow","060719004","1","0.034","ppm","31","San Bernardino","24","100.0000","44201","Ozone","","40140","Riverside-San Bernardino-Ontario, CA","06","California","071","San Bernardino","34.1066780008763","-117.274063"
"12/30/2024","AirNow","060719004","1","0.025","ppm","23","San Bernardino","24","100.0000","44201","Ozone","","40140","Riverside-San Bernardino-Ontario, CA","06","California","071","San Bernardino","34.1066780008763","-117.274063"
"12/31/2024","AirNow","060719004","1","0.015","ppm","14","San Bernardino","19","79.0000","44201","Ozone","","40140","Riverside-San Bernardino-Ontario, CA","06","California","071","San Bernardino","34.1066780008763","-117.274063"
