"Date","Source","Site ID","POC","Daily Max 8-hour Ozone Concentration","Units","Daily AQI Value","Local Site Name","Daily Obs Count","Percent Complete","AQS Parameter Code","AQS Parameter Description","Method Code","CBSA Code","CBSA Name","State FIPS Code","State","County FIPS Code","County","Site Latitude","Site Longitude"
"01/01/2025","AirNow","060710001","1","0.031","ppm","29","Barstow","24","100.0000","44201","Ozone","","40140","Riverside-San Bernardino-Ontario, CA","06","California","071","San Bernardino","34.89405","-117.02471"
"01/02/2025","AirNow","060710001","1","0.034","ppm","31","Barstow","24","100.0000","44201","Ozone","","40140","Riverside-San Bernardino-Ontario, CA","06","California","071","San Bernardino","34.89405","-117.02471"
"01/03/2025","AirNow","060710001","1","0.036","ppm","33","Barstow","24","100.0000","44201","Ozone","","40140","Riverside-San Bernardino-Ontario, CA","06","California","071","San Bernardino","34.89405","-117.02471"
"01/04/2025","AirNow","060710001","1","0.042","ppm","39","Barstow","24","100.0000","44201","Ozone","","40140","Riverside-San Bernardino-Ontario, CA","06","California","071","San Bernardino","34.89405","-117.02471"
"01/05/2025","AirNow","060710001","1","0.028","ppm","26","Barstow","24","100.0000","44201","Ozone","","40140","Riverside-San Bernardino-Ontario, CA","06","California","071","San Bernardino","34.89405","-117.02471"
"01/06/2025","AirNow","060710001","1","0.021","ppm","19","Barstow","18","75.0000","44201","Ozone","","40140","Riverside-San Bernardino-Ontario, CA","06","California","071","San Bernardino","34.89405","-117.02471"
"01/07/2025","AirNow","060710001","1","0.042","ppm","39","Barstow","24","100.0000","44201","Ozone","","40140","Riverside-San Bernardino-Ontario, CA","06","California","071","San Bernardino","34.89405","-117.02471"
"01/08/2025","AirNow","060710001","1","0.043","ppm","40","Barstow","24","100.0000","44201","Ozone","","40140","Riverside-San Bernardino-Ontario, CA","06","California","071","San Bernardino","34.89405","-117.02471"
"01/09/2025","AirNow","060710001","1","0.045","ppm","42","Barstow","24","100.0000","44201","Ozone","","40140","Riverside-San Bernardino-Ontario, CA","06","California","071","San Bernardino","34.89405","-117.02471"
"01/13/2025","AirNow","060710001","1","0.038","ppm","35","Barstow","24","100.0000","44201","Ozone","","40140","Riverside-San Bernardino-Ontario, CA","06","California","071","San Bernardino","34.89405","-117.02471"
"01/14/2025","AirNow","060710001","1","0.034","ppm","31","Barstow","24","100.0000","44201","Ozone","","40140","Riverside-San Bernardino-Ontario, CA","06","California","071","San Bernardino","34.89405","-117.02471"
"01/15/2025","AirNow","060710001","1","0.04","ppm","37","Barstow","24","100.0000","44201","Ozone","","40140","Riverside-San Bernardino-Ontario, CA","06","California","071","San Bernardino","34.89405","-117.02471"
"01/16/2025","AirNow","060710001","1","0.032","ppm","30","Barstow","24","100.0000","44201","Ozone","","40140","Riverside-San Bernardino-Ontario, CA","06","California","071","San Bernardino","34.89405","-117.02471"
"01/17/2025","AirNow","060710001","1","0.047","ppm","44","Barstow","24","100.0000","44201","Ozone","","40140","Riverside-San Bernardino-Ontario, CA","06","California","071","San Bernardino","34.89405","-117.02471"
"01/18/2025","AirNow","060710001","1","0.039","ppm","36","Barstow","24","100.0000","44201","Ozone","","40140","Riverside-San Bernardino-Ontario, CA","06","California","071","San Bernardino","34.89405","-117.02471"
"01/19/2025","AirNow","060710001","1","0.037","ppm","34","Barstow","24","100.0000","44201","Ozone","","40140","Riverside-San Bernardino-Ontario, CA","06","California","071","San Bernardino","34.89405","-117.02471"
"01/20/2025","AirNow","060710001","1","0.046","ppm","43","Barstow","24","100.0000","44201","Ozone","","40140","Riverside-San Bernardino-Ontario, CA","06","California","071","San Bernardino","34.89405","-117.02471"
"01/21/2025","AirNow","060710001","1","0.038","ppm","35","Barstow","24","100.0000","44201","Ozone","","40140","Riverside-San Bernardino-Ontario, CA","06","California","071","San Bernardino","34.89405","-117.02471"
"01/22/2025","AirNow","060710001","1","0.025","ppm","23","Barstow","24","100.0000","44201","Ozone","","40140","Riverside-San Bernardino-Ontario, CA","06","California","071","San Bernardino","34.89405","-117.02471"
"01/23/2025","AirNow","060710001","1","0.043","ppm","40","Barstow","24","100.0000","44201","Ozone","","40140","Riverside-San Bernardino-Ontario, CA","06","California","071","San Bernardino","34.89405","-117.02471"
"01/24/2025","AirNow","060710001","1","0.034","ppm","31","Barstow","24","100.0000","44201","Ozone","","40140","Riverside-San Bernardino-Ontario, CA","06","California","071","San Bernardino","34.89405","-117.02471"
"01/25/2025","AirNow","060710001","1","0.052","ppm","48","Barstow","24","100.0000","44201","Ozone","","40140","Riverside-San Bernardino-Ontario, CA","06","California","071","San Bernardino","34.89405","-117.02471"
"01/26/2025","AirNow","060710001","1","0.039","ppm","36","Barstow","24","100.0000","44201","Ozone","","40140","Riverside-San Bernardino-Ontario, CA","06","California","071","San Bernardino","34.89405","-117.02471"
"01/27/2025","AirNow","060710001","1","0.031","ppm","29","Barstow","24","100.0000","44201","Ozone","","40140","Riverside-San Bernardino-Ontario, CA","06","California","071","San Bernardino","34.89405","-117.02471"
"01/28/2025","AirNow","060710001","1","0.027","ppm","25","Barstow","24","100.0000","44201","Ozone","","40140","Riverside-San Bernardino-Ontario, CA","06","California","071","San Bernardino","34.89405","-117.02471"
"01/29/2025","AirNow","060710001","1","0.04","ppm","37","Barstow","24","100.0000","44201","Ozone","","40140","Riverside-San Bernardino-Ontario, CA","06","California","071","San Bernardino","34.89405","-117.02471"
"01/30/2025","AirNow","060710001","1","0.042","ppm","39","Barstow","24","100.0000","44201","Ozone","","40140","Riverside-San Bernardino-Ontario, CA","06","California","071","San Bernardino","34.89405","-117.02471"
"01/31/2025","AirNow","060710001","1","0.031","ppm","29","Barstow","24","100.0000","44201","Ozone","","40140","Riverside-San Bernardino-Ontario, CA","06","California","071","San Bernardino","34.89405","-117.02471"
"02/01/2025","AirNow","060710001","1","0.041","ppm","38","Barstow","24","100.0000","44201","Ozone","","40140","Riverside-San Bernardino-Ontario, CA","06","California","071","San Bernardino","34.89405","-117.02471"
"02/02/2025","AirNow","060710001","1","0.04","ppm","37","Barstow","24","100.0000","44201","Ozone","","40140","Riverside-San Bernardino-Ontario, CA","06","California","071","San Bernardino","34.89405","-117.02471"
"02/03/2025","AirNow","060710001","1","0.037","ppm","34","Barstow","24","100.0000","44201","Ozone","","40140","Riverside-San Bernardino-Ontario, CA","06","California","071","San Bernardino","34.89405","-117.02471"
"02/05/2025","AirNow","060710001","1","0.033","ppm","31","Barstow","24","100.0000","44201","Ozone","","40140","Riverside-San Bernardino-Ontario, CA","06","California","071","San Bernardino","34.89405","-117.02471"
"02/06/2025","AirNow","060710001","1","0.04","ppm","37","Barstow","24","100.0000","44201","Ozone","","40140","Riverside-San Bernardino-Ontario, CA","06","California","071","San Bernardino","34.89405","-117.02471"
"02/07/2025","AirNow","060710001","1","0.043","ppm","40","Barstow","24","100.0000","44201","Ozone","","40140","Riverside-San Bernardino-Ontario, CA","06","California","071","San Bernardino","34.89405","-117.02471"
"02/08/2025","AirNow","060710001","1","0.044","ppm","41","Barstow","24","100.0000","44201","Ozone","","40140","Riverside-San Bernardino-Ontario, CA","06","California","071","San Bernardino","34.89405","-117.02471"
"02/09/2025","AirNow","060710001","1","0.042","ppm","39","Barstow","24","100.0000","44201","Ozone","","40140","Riverside-San Bernardino-Ontario, CA","06","California","071","San Bernardino","34.89405","-117.02471"
"02/10/2025","AirNow","060710001","1","0.044","ppm","41","Barstow","24","100.0000","44201","Ozone","","40140","Riverside-San Bernardino-Ontario, CA","06","California","071","San Bernardino","34.89405","-117.02471"
"02/11/2025","AirNow","060710001","1","0.046","ppm","43","Barstow","24","100.0000","44201","Ozone","","40140","Riverside-San Bernardino-Ontario, CA","06","California","071","San Bernardino","34.89405","-117.02471"
"02/12/2025","AirNow","060710001","1","0.037","ppm","34","Barstow","24","100.0000","44201","Ozone","","40140","Riverside-San Bernardino-Ontario, CA","06","California","071","San Bernardino","34.89405","-117.02471"
"02/13/2025","AirNow","060710001","1","0.039","ppm","36","Barstow","24","100.0000","44201","Ozone","","40140","Riverside-San Bernardino-Ontario, CA","06","California","071","San Bernardino","34.89405","-117.02471"
"02/14/2025","AirNow","060710001","1","0.045","ppm","42","Barstow","24","100.0000","44201","Ozone","","40140","Riverside-San Bernardino-Ontario, CA","06","California","071","San Bernardino","34.89405","-117.02471"
"02/15/2025","AirNow","060710001","1","0.042","ppm","39","Barstow","24","100.0000","44201","Ozone","","40140","Riverside-San Bernardino-Ontario, CA","06","California","071","San Bernardino","34.89405","-117.02471"
"02/16/2025","AirNow","060710001","1","0.038","ppm","35","Barstow","24","100.0000","44201","Ozone","","40140","Riverside-San Bernardino-Ontario, CA","06","California","071","San Bernardino","34.89405","-117.02471"
"02/17/2025","AirNow","060710001","1","0.046","ppm","43","Barstow","24","100.0000","44201","Ozone","","40140","Riverside-San Bernardino-Ontario, CA","06","California","071","San Bernardino","34.89405","-117.02471"
"02/18/2025","AirNow","060710001","1","0.044","ppm","41","Barstow","24","100.0000","44201","Ozone","","40140","Riverside-San Bernardino-Ontario, CA","06","California","071","San Bernardino","34.89405","-117.02471"
"02/19/2025","AirNow","060710001","1","0.044","ppm","41","Barstow","24","100.0000","44201","Ozone","","40140","Riverside-San Bernardino-Ontario, CA","06","California","071","San Bernardino","34.89405","-117.02471"
"02/20/2025","AirNow","060710001","1","0.046","ppm","43","Barstow","24","100.0000","44201","Ozone","","40140","Riverside-San Bernardino-Ontario, CA","06","California","071","San Bernardino","34.89405","-117.02471"
"02/21/2025","AirNow","060710001","1","0.047","ppm","44","Barstow","24","100.0000","44201","Ozone","","40140","Riverside-San Bernardino-Ontario, CA","06","California","071","San Bernardino","34.89405","-117.02471"
"02/22/2025","AirNow","060710001","1","0.043","ppm","40","Barstow","24","100.0000","44201","Ozone","","40140","Riverside-San Bernardino-Ontario, CA","06","California","071","San Bernardino","34.89405","-117.02471"
"02/23/2025","AirNow","060710001","1","0.046","ppm","43","Barstow","24","100.0000","44201","Ozone","","40140","Riverside-San Bernardino-Ontario, CA","06","California","071","San Bernardino","34.89405","-117.02471"
"02/24/2025","AirNow","060710001","1","0.044","ppm","41","Barstow","24","100.0000","44201","Ozone","","40140","Riverside-San Bernardino-Ontario, CA","06","California","071","San Bernardino","34.89405","-117.02471"
"02/25/2025","AirNow","060710001","1","0.05","ppm","46","Barstow","24","100.0000","44201","Ozone","","40140","Riverside-San Bernardino-Ontario, CA","06","California","071","San Bernardino","34.89405","-117.02471"
"02/26/2025","AirNow","060710001","1","0.044","ppm","41","Barstow","24","100.0000","44201","Ozone","","40140","Riverside-San Bernardino-Ontario, CA","06","California","071","San Bernardino","34.89405","-117.02471"
"02/27/2025","AirNow","060710001","1","0.052","ppm","48","Barstow","24","100.0000","44201","Ozone","","40140","Riverside-San Bernardino-Ontario, CA","06","California","071","San Bernardino","34.89405","-117.02471"
"02/28/2025","AirNow","060710001","1","0.051","ppm","47","Barstow","24","100.0000","44201","Ozone","","40140","Riverside-San Bernardino-Ontario, CA","06","California","071","San Bernardino","34.89405","-117.02471"
"03/01/2025","AirNow","060710001","1","0.052","ppm","48","Barstow","19","79.0000","44201","Ozone","","40140","Riverside-San Bernardino-Ontario, CA","06","California","071","San Bernardino","34.89405","-117.02471"
"01/01/2025","AirNow","060710005","1","0.041","ppm","38","Crestline","24","100.0000","44201","Ozone","","40140","Riverside-San Bernardino-Ontario, CA","06","California","071","San Bernardino","34.2431","-117.27235"
"01/02/2025","AirNow","060710005","1","0.044","ppm","41","Crestline","24","100.0000","44201","Ozone","","40140","Riverside-San Bernardino-Ontario, CA","06","California","071","San Bernardino","34.2431","-117.27235"
"01/03/2025","AirNow","060710005","1","0.047","ppm","44","Crestline","24","100.0000","44201","Ozone","","40140","Riverside-San Bernardino-Ontario, CA","06","California","071","San Bernardino","34.2431","-117.27235"
"01/04/2025","AirNow","060710005","1","0.043","ppm","40","Crestline","24","100.0000","44201","Ozone","","40140","Riverside-San Bernardino-Ontario, CA","06","California","071","San Bernardino","34.2431","-117.27235"
"01/05/2025","AirNow","060710005","1","0.041","ppm","38","Crestline","24","100.0000","44201","Ozone","","40140","Riverside-San Bernardino-Ontario, CA","06","California","071","San Bernardino","34.2431","-117.27235"
"01/06/2025","AirNow","060710005","1","0.042","ppm","39","Crestline","24","100.0000","44201","Ozone","","40140","Riverside-San Bernardino-Ontario, CA","06","California","071","San Bernardino","34.2431","-117.27235"
"01/07/2025","AirNow","060710005","1","0.04","ppm","37","Crestline","24","100.0000","44201","Ozone","","40140","Riverside-San Bernardino-Ontario, CA","06","California","071","San Bernardino","34.2431","-117.27235"
"01/08/2025","AirNow","060710005","1","0.042","ppm","39","Crestline","23","96.0000","44201","Ozone","","40140","Riverside-San Bernardino-Ontario, CA","06","California","071","San Bernardino","34.2431","-117.27235"
"01/11/2025","AirNow","060710005","1","0.046","ppm","43","Crestline","24","100.0000","44201","Ozone","","40140","Riverside-San Bernardino-Ontario, CA","06","California","071","San Bernardino","34.2431","-117.27235"
"01/12/2025","AirNow","060710005","1","0.043","ppm","40","Crestline","24","100.0000","44201","Ozone","","40140","Riverside-San Bernardino-Ontario, CA","06","California","071","San Bernardino","34.2431","-117.27235"
"01/13/2025","AirNow","060710005","1","0.038","ppm","35","Crestline","24","100.0000","44201","Ozone","","40140","Riverside-San Bernardino-Ontario, CA","06","California","071","San Bernardino","34.2431","-117.27235"
"01/17/2025","AirNow","060710005","1","0.039","ppm","36","Crestline","24","100.0000","44201","Ozone","","40140","Riverside-San Bernardino-Ontario, CA","06","California","071","San Bernardino","34.2431","-117.27235"
"01/18/2025","AirNow","060710005","1","0.043","ppm","40","Crestline","24","100.0000","44201","Ozone","","40140","Riverside-San Bernardino-Ontario, CA","06","California","071","San Bernardino","34.2431","-117.27235"
"01/19/2025","AirNow","060710005","1","0.046","ppm","43","Crestline","24","100.0000","44201","Ozone","","40140","Riverside-San Bernardino-Ontario, CA","06","California","071","San Bernardino","34.2431","-117.27235"
"01/20/2025","AirNow","060710005","1","0.046","ppm","43","Crestline","24","100.0000","44201","Ozone","","40140","Riverside-San Bernardino-Ontario, CA","06","California","071","San Bernardino","34.2431","-117.27235"
"01/21/2025","AirNow","060710005","1","0.042","ppm","39","Crestline","24","100.0000","44201","Ozone","","40140","Riverside-San Bernardino-Ontario, CA","06","California","071","San Bernardino","34.2431","-117.27235"
"01/22/2025","AirNow","060710005","1","0.044","ppm","41","Crestline","24","100.0000","44201","Ozone","","40140","Riverside-San Bernardino-Ontario, CA","06","California","071","San Bernardino","34.2431","-117.27235"
"01/23/2025","AirNow","060710005","1","0.045","ppm","42","Crestline","24","100.0000","44201","Ozone","","40140","Riverside-San Bernardino-Ontario, CA","06","California","071","San Bernardino","34.2431","-117.27235"
"01/24/2025","AirNow","060710005","1","0.043","ppm","40","Crestline","24","100.0000","44201","Ozone","","40140","Riverside-San Bernardino-Ontario, CA","06","California","071","San Bernardino","34.2431","-117.27235"
"01/25/2025","AirNow","060710005","1","0.053","ppm","49","Crestline","24","100.0000","44201","Ozone","","40140","Riverside-San Bernardino-Ontario, CA","06","California","071","San Bernardino","34.2431","-117.27235"
"01/26/2025","AirNow","060710005","1","0.04","ppm","37","Crestline","24","100.0000","44201","Ozone","","40140","Riverside-San Bernardino-Ontario, CA","06","California","071","San Bernardino","34.2431","-117.27235"
"01/27/2025","AirNow","060710005","1","0.036","ppm","33","Crestline","24","100.0000","44201","Ozone","","40140","Riverside-San Bernardino-Ontario, CA","06","California","071","San Bernardino","34.2431","-117.27235"
"01/28/2025","AirNow","060710005","1","0.034","ppm","31","Crestline","24","100.0000","44201","Ozone","","40140","Riverside-San Bernardino-Ontario, CA","06","California","071","San Bernardino","34.2431","-117.27235"
"01/29/2025","AirNow","060710005","1","0.036","ppm","33","Crestline","24","100.0000","44201","Ozone","","40140","Riverside-San Bernardino-Ontario, CA","06","California","071","San Bernardino","34.2431","-117.27235"
"01/30/2025","AirNow","060710005","1","0.032","ppm","30","Crestline","24","100.0000","44201","Ozone","","40140","Riverside-San Bernardino-Ontario, CA","06","California","071","San Bernardino","34.2431","-117.27235"
"01/31/2025","AirNow","060710005","1","0.046","ppm","43","Crestline","24","100.0000","44201","Ozone","","40140","Riverside-San Bernardino-Ontario, CA","06","California","071","San Bernardino","34.2431","-117.27235"
"02/01/2025","AirNow","060710005","1","0.041","ppm","38","Crestline","24","100.0000","44201","Ozone","","40140","Riverside-San Bernardino-Ontario, CA","06","California","071","San Bernardino","34.2431","-117.27235"
"02/02/2025","AirNow","060710005","1","0.046","ppm","43","Crestline","24","100.0000","44201","Ozone","","40140","Riverside-San Bernardino-Ontario, CA","06","California","071","San Bernardino","34.2431","-117.27235"
"02/03/2025","AirNow","060710005","1","0.045","ppm","42","Crestline","24","100.0000","44201","Ozone","","40140","Riverside-San Bernardino-Ontario, CA","06","California","071","San Bernardino","34.2431","-117.27235"
"02/04/2025","AirNow","060710005","1","0.04","ppm","37","Crestline","24","100.0000","44201","Ozone","","40140","Riverside-San Bernardino-Ontario, CA","06","California","071","San Bernardino","34.2431","-117.27235"
"02/05/2025","AirNow","060710005","1","0.034","ppm","31","Crestline","24","100.0000","44201","Ozone","","40140","Riverside-San Bernardino-Ontario, CA","06","California","071","San Bernardino","34.2431","-117.27235"
"02/06/2025","AirNow","060710005","1","0.034","ppm","31","Crestline","24","100.0000","44201","Ozone","","40140","Riverside-San Bernardino-Ontario, CA","06","California","071","San Bernardino","34.2431","-117.27235"
"02/07/2025","AirNow","060710005","1","0.038","ppm","35","Crestline","24","100.0000","44201","Ozone","","40140","Riverside-San Bernardino-Ontario, CA","06","California","071","San Bernardino","34.2431","-117.27235"
"02/08/2025","AirNow","060710005","1","0.043","ppm","40","Crestline","24","100.0000","44201","Ozone","","40140","Riverside-San Bernardino-Ontario, CA","06","California","071","San Bernardino","34.2431","-117.27235"
"02/09/2025","AirNow","060710005","1","0.05","ppm","46","Crestline","24","100.0000","44201","Ozone","","40140","Riverside-San Bernardino-Ontario, CA","06","California","071","San Bernardino","34.2431","-117.27235"
"02/10/2025","AirNow","060710005","1","0.051","ppm","47","Crestline","24","100.0000","44201","Ozone","","40140","Riverside-San Bernardino-Ontario, CA","06","California","071","San Bernardino","34.2431","-117.27235"
"02/11/2025","AirNow","060710005","1","0.039","ppm","36","Crestline","24","100.0000","44201","Ozone","","40140","Riverside-San Bernardino-Ontario, CA","06","California","071","San Bernardino","34.2431","-117.27235"
"02/12/2025","AirNow","060710005","1","0.038","ppm","35","Crestline","24","100.0000","44201","Ozone","","40140","Riverside-San Bernardino-Ontario, CA","06","California","071","San Bernardino","34.2431","-117.27235"
"02/13/2025","AirNow","060710005","1","0.043","ppm","40","Crestline","24","100.0000","44201","Ozone","","40140","Riverside-San Bernardino-Ontario, CA","06","California","071","San Bernardino","34.2431","-117.27235"
"02/14/2025","AirNow","060710005","1","0.044","ppm","41","Crestline","24","100.0000","44201","Ozone","","40140","Riverside-San Bernardino-Ontario, CA","06","California","071","San Bernardino","34.2431","-117.27235"
"02/15/2025","AirNow","060710005","1","0.046","ppm","43","Crestline","24","100.0000","44201","Ozone","","40140","Riverside-San Bernardino-Ontario, CA","06","California","071","San Bernardino","34.2431","-117.27235"
"02/16/2025","AirNow","060710005","1","0.04","ppm","37","Crestline","24","100.0000","44201","Ozone","","40140","Riverside-San Bernardino-Ontario, CA","06","California","071","San Bernardino","34.2431","-117.27235"
"02/17/2025","AirNow","060710005","1","0.052","ppm","48","Crestline","24","100.0000","44201","Ozone","","40140","Riverside-San Bernardino-Ontario, CA","06","California","071","San Bernardino","34.2431","-117.27235"
"02/18/2025","AirNow","060710005","1","0.046","ppm","43","Crestline","24","100.0000","44201","Ozone","","40140","Riverside-San Bernardino-Ontario, CA","06","California","071","San Bernardino","34.2431","-117.27235"
"02/19/2025","AirNow","060710005","1","0.047","ppm","44","Crestline","24","100.0000","44201","Ozone","","40140","Riverside-San Bernardino-Ontario, CA","06","California","071","San Bernardino","34.2431","-117.27235"
"02/20/2025","AirNow","060710005","1","0.048","ppm","44","Crestline","24","100.0000","44201","Ozone","","40140","Riverside-San Bernardino-Ontario, CA","06","California","071","San Bernardino","34.2431","-117.27235"
"02/21/2025","AirNow","060710005","1","0.048","ppm","44","Crestline","24","100.0000","44201","Ozone","","40140","Riverside-San Bernardino-Ontario, CA","06","California","071","San Bernardino","34.2431","-117.27235"
"02/22/2025","AirNow","060710005","1","0.047","ppm","44","Crestline","24","100.0000","44201","Ozone","","40140","Riverside-San Bernardino-Ontario, CA","06","California","071","San Bernardino","34.2431","-117.27235"
"02/23/2025","AirNow","060710005","1","0.056","ppm","54","Crestline","24","100.0000","44201","Ozone","","40140","Riverside-San Bernardino-Ontario, CA","06","California","071","San Bernardino","34.2431","-117.27235"
"02/24/2025","AirNow","060710005","1","0.042","ppm","39","Crestline","24","100.0000","44201","Ozone","","40140","Riverside-San Bernardino-Ontario, CA","06","California","071","San Bernardino","34.2431","-117.27235"
"02/25/2025","AirNow","060710005","1","0.052","ppm","48","Crestline","24","100.0000","44201","Ozone","","40140","Riverside-San Bernardino-Ontario, CA","06","California","071","San Bernardino","34.2431","-117.27235"
"02/26/2025","AirNow","060710005","1","0.047","ppm","44","Crestline","24","100.0000","44201","Ozone","","40140","Riverside-San Bernardino-Ontario, CA","06","California","071","San Bernardino","34.2431","-117.27235"
"02/27/2025","AirNow","060710005","1","0.051","ppm","47","Crestline","24","100.0000","44201","Ozone","","40140","Riverside-San Bernardino-Ontario, CA","06","California","071","San Bernardino","34.2431","-117.27235"
"02/28/2025","AirNow","060710005","1","0.054","ppm","50","Crestline","24","100.0000","44201","Ozone","","40140","Riverside-San Bernardino-Ontario, CA","06","California","071","San Bernardino","34.2431","-117.27235"
"03/01/2025","AirNow","060710005","1","0.042","ppm","39","Crestline","21","88.0000","44201","Ozone","","40140","Riverside-San Bernardino-Ontario, CA","06","California","071","San Bernardino","34.2431","-117.27235"
"01/01/2025","AirNow","060710306","1","0.037","ppm","34","Victorville-Park Avenue","24","100.0000","44201","Ozone","","40140","Riverside-San Bernardino-Ontario, CA","06","California","071","San Bernardino","34.5109611108812","-117.32554"
"01/02/2025","AirNow","060710306","1","0.03","ppm","28","Victorville-Park Avenue","24","100.0000","44201","Ozone","","40140","Riverside-San Bernardino-Ontario, CA","06","California","071","San Bernardino","34.5109611108812","-117.32554"
"01/03/2025","AirNow","060710306","1","0.042","ppm","39","Victorville-Park Avenue","24","100.0000","44201","Ozone","","40140","Riverside-San Bernardino-Ontario, CA","06","California","071","San Bernardino","34.5109611108812","-117.32554"
"01/04/2025","AirNow","060710306","1","0.042","ppm","39","Victorville-Park Avenue","24","100.0000","44201","Ozone","","40140","Riverside-San Bernardino-Ontario, CA","06","California","071","San Bernardino","34.5109611108812","-117.32554"
"01/05/2025","AirNow","060710306","1","0.035","ppm","32","Victorville-Park Avenue","24","100.0000","44201","Ozone","","40140","Riverside-San Bernardino-Ontario, CA","06","California","071","San Bernardino","34.5109611108812","-117.32554"
"01/06/2025","AirNow","060710306","1","0.039","ppm","36","Victorville-Park Avenue","24","100.0000","44201","Ozone","","40140","Riverside-San Bernardino-Ontario, CA","06","California","071","San Bernardino","34.5109611108812","-117.32554"
"01/07/2025","AirNow","060710306","1","0.039","ppm","36","Victorville-Park Avenue","24","100.0000","44201","Ozone","","40140","Riverside-San Bernardino-Ontario, CA","06","California","071","San Bernardino","34.5109611108812","-117.32554"
"01/08/2025","AirNow","060710306","1","0.041","ppm","38","Victorville-Park Avenue","24","100.0000","44201","Ozone","","40140","Riverside-San Bernardino-Ontario, CA","06","California","071","San Bernardino","34.5109611108812","-117.32554"
"01/09/2025","AirNow","060710306","1","0.043","ppm","40","Victorville-Park Avenue","24","100.0000","44201","Ozone","","40140","Riverside-San Bernardino-Ontario, CA","06","California","071","San Bernardino","34.5109611108812","-117.32554"
"01/13/2025","AirNow","060710306","1","0.037","ppm","34","Victorville-Park Avenue","24","100.0000","44201","Ozone","","40140","Riverside-San Bernardino-Ontario, CA","06","California","071","San Bernardino","34.5109611108812","-117.32554"
"01/14/2025","AirNow","060710306","1","0.036","ppm","33","Victorville-Park Avenue","24","100.0000","44201","Ozone","","40140","Riverside-San Bernardino-Ontario, CA","06","California","071","San Bernardino","34.5109611108812","-117.32554"
"01/15/2025","AirNow","060710306","1","0.042","ppm","39","Victorville-Park Avenue","24","100.0000","44201","Ozone","","40140","Riverside-San Bernardino-Ontario, CA","06","California","071","San Bernardino","34.5109611108812","-117.32554"
"01/16/2025","AirNow","060710306","1","0.037","ppm","34","Victorville-Park Avenue","24","100.0000","44201","Ozone","","40140","Riverside-San Bernardino-Ontario, CA","06","California","071","San Bernardino","34.5109611108812","-117.32554"
"01/17/2025","AirNow","060710306","1","0.046","ppm","43","Victorville-Park Avenue","24","100.0000","44201","Ozone","","40140","Riverside-San Bernardino-Ontario, CA","06","California","071","San Bernardino","34.5109611108812","-117.32554"
"01/18/2025","AirNow","060710306","1","0.041","ppm","38","Victorville-Park Avenue","24","100.0000","44201","Ozone","","40140","Riverside-San Bernardino-Ontario, CA","06","California","071","San Bernardino","34.5109611108812","-117.32554"
"01/19/2025","AirNow","060710306","1","0.049","ppm","45","Victorville-Park Avenue","24","100.0000","44201","Ozone","","40140","Riverside-San Bernardino-Ontario, CA","06","California","071","San Bernardino","34.5109611108812","-117.32554"
"01/20/2025","AirNow","060710306","1","0.045","ppm","42","Victorville-Park Avenue","24","100.0000","44201","Ozone","","40140","Riverside-San Bernardino-Ontario, CA","06","California","071","San Bernardino","34.5109611108812","-117.32554"
"01/21/2025","AirNow","060710306","1","0.038","ppm","35","Victorville-Park Avenue","24","100.0000","44201","Ozone","","40140","Riverside-San Bernardino-Ontario, CA","06","California","071","San Bernardino","34.5109611108812","-117.32554"
"01/22/2025","AirNow","060710306","1","0.034","ppm","31","Victorville-Park Avenue","24","100.0000","44201","Ozone","","40140","Riverside-San Bernardino-Ontario, CA","06","California","071","San Bernardino","34.5109611108812","-117.32554"
"01/23/2025","AirNow","060710306","1","0.042","ppm","39","Victorville-Park Avenue","24","100.0000","44201","Ozone","","40140","Riverside-San Bernardino-Ontario, CA","06","California","071","San Bernardino","34.5109611108812","-117.32554"
"01/24/2025","AirNow","060710306","1","0.044","ppm","41","Victorville-Park Avenue","24","100.0000","44201","Ozone","","40140","Riverside-San Bernardino-Ontario, CA","06","California","071","San Bernardino","34.5109611108812","-117.32554"
"01/25/2025","AirNow","060710306","1","0.054","ppm","50","Victorville-Park Avenue","24","100.0000","44201","Ozone","","40140","Riverside-San Bernardino-Ontario, CA","06","California","071","San Bernardino","34.5109611108812","-117.32554"
"01/26/2025","AirNow","060710306","1","0.04","ppm","37","Victorville-Park Avenue","24","100.0000","44201","Ozone","","40140","Riverside-San Bernardino-Ontario, CA","06","California","071","San Bernardino","34.5109611108812","-117.32554"
"01/27/2025","AirNow","060710306","1","0.034","ppm","31","Victorville-Park Avenue","24","100.0000","44201","Ozone","","40140","Riverside-San Bernardino-Ontario, CA","06","California","071","San Bernardino","34.5109611108812","-117.32554"
"01/28/2025","AirNow","060710306","1","0.043","ppm","40","Victorville-Park Avenue","24","100.0000","44201","Ozone","","40140","Riverside-San Bernardino-Ontario, CA","06","California","071","San Bernardino","34.5109611108812","-117.32554"
"01/29/2025","AirNow","060710306","1","0.043","ppm","40","Victorville-Park Avenue","24","100.0000","44201","Ozone","","40140","Riverside-San Bernardino-Ontario, CA","06","California","071","San Bernardino","34.5109611108812","-117.32554"
"01/30/2025","AirNow","060710306","1","0.039","ppm","36","Victorville-Park Avenue","24","100.0000","44201","Ozone","","40140","Riverside-San Bernardino-Ontario, CA","06","California","071","San Bernardino","34.5109611108812","-117.32554"
"01/31/2025","AirNow","060710306","1","0.039","ppm","36","Victorville-Park Avenue","24","100.0000","44201","Ozone","","40140","Riverside-San Bernardino-Ontario, CA","06","California","071","San Bernardino","34.5109611108812","-117.32554"
"02/01/2025","AirNow","060710306","1","0.043","ppm","40","Victorville-Park Avenue","24","100.0000","44201","Ozone","","40140","Riverside-San Bernardino-Ontario, CA","06","California","071","San Bernardino","34.5109611108812","-117.32554"
"02/02/2025","AirNow","060710306","1","0.046","ppm","43","Victorville-Park Avenue","24","100.0000","44201","Ozone","","40140","Riverside-San Bernardino-Ontario, CA","06","California","071","San Bernardino","34.5109611108812","-117.32554"
"02/03/2025","AirNow","060710306","1","0.041","ppm","38","Victorville-Park Avenue","24","100.0000","44201","Ozone","","40140","Riverside-San Bernardino-Ontario, CA","06","California","071","San Bernardino","34.5109611108812","-117.32554"
"02/04/2025","AirNow","060710306","1","0.045","ppm","42","Victorville-Park Avenue","24","100.0000","44201","Ozone","","40140","Riverside-San Bernardino-Ontario, CA","06","California","071","San Bernardino","34.5109611108812","-117.32554"
"02/05/2025","AirNow","060710306","1","0.034","ppm","31","Victorville-Park Avenue","24","100.0000","44201","Ozone","","40140","Riverside-San Bernardino-Ontario, CA","06","California","071","San Bernardino","34.5109611108812","-117.32554"
"02/06/2025","AirNow","060710306","1","0.038","ppm","35","Victorville-Park Avenue","24","100.0000","44201","Ozone","","40140","Riverside-San Bernardino-Ontario, CA","06","California","071","San Bernardino","34.5109611108812","-117.32554"
"02/07/2025","AirNow","060710306","1","0.041","ppm","38","Victorville-Park Avenue","24","100.0000","44201","Ozone","","40140","Riverside-San Bernardino-Ontario, CA","06","California","071","San Bernardino","34.5109611108812","-117.32554"
"02/08/2025","AirNow","060710306","1","0.049","ppm","45","Victorville-Park Avenue","24","100.0000","44201","Ozone","","40140","Riverside-San Bernardino-Ontario, CA","06","California","071","San Bernardino","34.5109611108812","-117.32554"
"02/09/2025","AirNow","060710306","1","0.043","ppm","40","Victorville-Park Avenue","24","100.0000","44201","Ozone","","40140","Riverside-San Bernardino-Ontario, CA","06","California","071","San Bernardino","34.5109611108812","-117.32554"
"02/10/2025","AirNow","060710306","1","0.05","ppm","46","Victorville-Park Avenue","24","100.0000","44201","Ozone","","40140","Riverside-San Bernardino-Ontario, CA","06","California","071","San Bernardino","34.5109611108812","-117.32554"
"02/11/2025","AirNow","060710306","1","0.048","ppm","44","Victorville-Park Avenue","24","100.0000","44201","Ozone","","40140","Riverside-San Bernardino-Ontario, CA","06","California","071","San Bernardino","34.5109611108812","-117.32554"
"02/12/2025","AirNow","060710306","1","0.036","ppm","33","Victorville-Park Avenue","24","100.0000","44201","Ozone","","40140","Riverside-San Bernardino-Ontario, CA","06","California","071","San Bernardino","34.5109611108812","-117.32554"
"02/13/2025","AirNow","060710306","1","0.043","ppm","40","Victorville-Park Avenue","24","100.0000","44201","Ozone","","40140","Riverside-San Bernardino-Ontario, CA","06","California","071","San Bernardino","34.5109611108812","-117.32554"
"02/14/2025","AirNow","060710306","1","0.045","ppm","42","Victorville-Park Avenue","24","100.0000","44201","Ozone","","40140","Riverside-San Bernardino-Ontario, CA","06","California","071","San Bernardino","34.5109611108812","-117.32554"
"02/15/2025","AirNow","060710306","1","0.047","ppm","44","Victorville-Park Avenue","24","100.0000","44201","Ozone","","40140","Riverside-San Bernardino-Ontario, CA","06","California","071","San Bernardino","34.5109611108812","-117.32554"
"02/16/2025","AirNow","060710306","1","0.045","ppm","42","Victorville-Park Avenue","24","100.0000","44201","Ozone","","40140","Riverside-San Bernardino-Ontario, CA","06","California","071","San Bernardino","34.5109611108812","-117.32554"
"02/17/2025","AirNow","060710306","1","0.048","ppm","44","Victorville-Park Avenue","24","100.0000","44201","Ozone","","40140","Riverside-San Bernardino-Ontario, CA","06","California","071","San Bernardino","34.5109611108812","-117.32554"
"02/18/2025","AirNow","060710306","1","0.047","ppm","44","Victorville-Park Avenue","24","100.0000","44201","Ozone","","40140","Riverside-San Bernardino-Ontario, CA","06","California","071","San Bernardino","34.5109611108812","-117.32554"
"02/19/2025","AirNow","060710306","1","0.05","ppm","46","Victorville-Park Avenue","24","100.0000","44201","Ozone","","40140","Riverside-San Bernardino-Ontario, CA","06","California","071","San Bernardino","34.5109611108812","-117.32554"
"02/20/2025","AirNow","060710306","1","0.047","ppm","44","Victorville-Park Avenue","24","100.0000","44201","Ozone","","40140","Riverside-San Bernardino-Ontario, CA","06","California","071","San Bernardino","34.5109611108812","-117.32554"
"02/21/2025","AirNow","060710306","1","0.048","ppm","44","Victorville-Park Avenue","24","100.0000","44201","Ozone","","40140","Riverside-San Bernardino-Ontario, CA","06","California","071","San Bernardino","34.5109611108812","-117.32554"
"02/22/2025","AirNow","060710306","1","0.048","ppm","44","Victorville-Park Avenue","24","100.0000","44201","Ozone","","40140","Riverside-San Bernardino-Ontario, CA","06","California","071","San Bernardino","34.5109611108812","-117.32554"
"02/23/2025","AirNow","060710306","1","0.052","ppm","48","Victorville-Park Avenue","24","100.0000","44201","Ozone","","40140","Riverside-San Bernardino-Ontario, CA","06","California","071","San Bernardino","34.5109611108812","-117.32554"
"02/24/2025","AirNow","060710306","1","0.045","ppm","42","Victorville-Park Avenue","24","100.0000","44201","Ozone","","40140","Riverside-San Bernardino-Ontario, CA","06","California","071","San Bernardino","34.5109611108812","-117.32554"
"02/25/2025","AirNow","060710306","1","0.051","ppm","47","Victorville-Park Avenue","24","100.0000","44201","Ozone","","40140","Riverside-San Bernardino-Ontario, CA","06","California","071","San Bernardino","34.5109611108812","-117.32554"
"02/26/2025","AirNow","060710306","1","0.047","ppm","44","Victorville-Park Avenue","24","100.0000","44201","Ozone","","40140","Riverside-San Bernardino-Ontario, CA","06","California","071","San Bernardino","34.5109611108812","-117.32554"
"02/27/2025","AirNow","060710306","1","0.05","ppm","46","Victorville-Park Avenue","24","100.0000","44201","Ozone","","40140","Riverside-San Bernardino-Ontario, CA","06","California","071","San Bernardino","34.5109611108812","-117.32554"
"02/28/2025","AirNow","060710306","1","0.05","ppm","46","Victorville-Park Avenue","24","100.0000","44201","Ozone","","40140","Riverside-San Bernardino-Ontario, CA","06","California","071","San Bernardino","34.5109611108812","-117.32554"
"03/01/2025","AirNow","060710306","1","0.047","ppm","44","Victorville-Park Avenue","19","79.0000","44201","Ozone","","40140","Riverside-San Bernardino-Ontario, CA","06","California","071","San Bernardino","34.5109611108812","-117.32554"
"01/01/2025","AirNow","060711234","1","0.03","ppm","28","Trona - Athol/Telescope #2","24","100.0000","44201","Ozone","","40140","Riverside-San Bernardino-Ontario, CA","06","California","071","San Bernardino","35.77446","-117.3721"
"01/02/2025","AirNow","060711234","1","0.026","ppm","24","Trona - Athol/Telescope #2","24","100.0000","44201","Ozone","","40140","Riverside-San Bernardino-Ontario, CA","06","California","071","San Bernardino","35.77446","-117.3721"
"01/03/2025","AirNow","060711234","1","0.04","ppm","37","Trona - Athol/Telescope #2","24","100.0000","44201","Ozone","","40140","Riverside-San Bernardino-Ontario, CA","06","California","071","San Bernardino","35.77446","-117.3721"
"01/04/2025","AirNow","060711234","1","0.037","ppm","34","Trona - Athol/Telescope #2","24","100.0000","44201","Ozone","","40140","Riverside-San Bernardino-Ontario, CA","06","California","071","San Bernardino","35.77446","-117.3721"
"01/05/2025","AirNow","060711234","1","0.029","ppm","27","Trona - Athol/Telescope #2","24","100.0000","44201","Ozone","","40140","Riverside-San Bernardino-Ontario, CA","06","California","071","San Bernardino","35.77446","-117.3721"
"01/06/2025","AirNow","060711234","1","0.035","ppm","32","Trona - Athol/Telescope #2","24","100.0000","44201","Ozone","","40140","Riverside-San Bernardino-Ontario, CA","06","California","071","San Bernardino","35.77446","-117.3721"
"01/07/2025","AirNow","060711234","1","0.044","ppm","41","Trona - Athol/Telescope #2","24","100.0000","44201","Ozone","","40140","Riverside-San Bernardino-Ontario, CA","06","California","071","San Bernardino","35.77446","-117.3721"
"01/13/2025","AirNow","060711234","1","0.039","ppm","36","Trona - Athol/Telescope #2","24","100.0000","44201","Ozone","","40140","Riverside-San Bernardino-Ontario, CA","06","California","071","San Bernardino","35.77446","-117.3721"
"01/15/2025","AirNow","060711234","1","0.035","ppm","32","Trona - Athol/Telescope #2","24","100.0000","44201","Ozone","","40140","Riverside-San Bernardino-Ontario, CA","06","California","071","San Bernardino","35.77446","-117.3721"
"01/16/2025","AirNow","060711234","1","0.028","ppm","26","Trona - Athol/Telescope #2","24","100.0000","44201","Ozone","","40140","Riverside-San Bernardino-Ontario, CA","06","California","071","San Bernardino","35.77446","-117.3721"
"01/17/2025","AirNow","060711234","1","0.039","ppm","36","Trona - Athol/Telescope #2","24","100.0000","44201","Ozone","","40140","Riverside-San Bernardino-Ontario, CA","06","California","071","San Bernardino","35.77446","-117.3721"
"01/18/2025","AirNow","060711234","1","0.026","ppm","24","Trona - Athol/Telescope #2","24","100.0000","44201","Ozone","","40140","Riverside-San Bernardino-Ontario, CA","06","California","071","San Bernardino","35.77446","-117.3721"
"01/19/2025","AirNow","060711234","1","0.026","ppm","24","Trona - Athol/Telescope #2","24","100.0000","44201","Ozone","","40140","Riverside-San Bernardino-Ontario, CA","06","California","071","San Bernardino","35.77446","-117.3721"
"01/21/2025","AirNow","060711234","1","0.032","ppm","30","Trona - Athol/Telescope #2","24","100.0000","44201","Ozone","","40140","Riverside-San Bernardino-Ontario, CA","06","California","071","San Bernardino","35.77446","-117.3721"
"01/22/2025","AirNow","060711234","1","0.019","ppm","18","Trona - Athol/Telescope #2","24","100.0000","44201","Ozone","","40140","Riverside-San Bernardino-Ontario, CA","06","California","071","San Bernardino","35.77446","-117.3721"
"01/24/2025","AirNow","060711234","1","0.03","ppm","28","Trona - Athol/Telescope #2","24","100.0000","44201","Ozone","","40140","Riverside-San Bernardino-Ontario, CA","06","California","071","San Bernardino","35.77446","-117.3721"
"01/30/2025","AirNow","060711234","1","0.038","ppm","35","Trona - Athol/Telescope #2","24","100.0000","44201","Ozone","","40140","Riverside-San Bernardino-Ontario, CA","06","California","071","San Bernardino","35.77446","-117.3721"
"01/31/2025","AirNow","060711234","1","0.041","ppm","38","Trona - Athol/Telescope #2","24","100.0000","44201","Ozone","","40140","Riverside-San Bernardino-Ontario, CA","06","California","071","San Bernardino","35.77446","-117.3721"
"02/01/2025","AirNow","060711234","1","0.04","ppm","37","Trona - Athol/Telescope #2","24","100.0000","44201","Ozone","","40140","Riverside-San Bernardino-Ontario, CA","06","California","071","San Bernardino","35.77446","-117.3721"
"02/02/2025","AirNow","060711234","1","0.033","ppm","31","Trona - Athol/Telescope #2","24","100.0000","44201","Ozone","","40140","Riverside-San Bernardino-Ontario, CA","06","California","071","San Bernardino","35.77446","-117.3721"
"02/03/2025","AirNow","060711234","1","0.04","ppm","37","Trona - Athol/Telescope #2","24","100.0000","44201","Ozone","","40140","Riverside-San Bernardino-Ontario, CA","06","California","071","San Bernardino","35.77446","-117.3721"
"02/04/2025","AirNow","060711234","1","0.038","ppm","35","Trona - Athol/Telescope #2","24","100.0000","44201","Ozone","","40140","Riverside-San Bernardino-Ontario, CA","06","California","071","San Bernardino","35.77446","-117.3721"
"02/05/2025","AirNow","060711234","1","0.036","ppm","33","Trona - Athol/Telescope #2","24","100.0000","44201","Ozone","","40140","Riverside-San Bernardino-Ontario, CA","06","California","071","San Bernardino","35.77446","-117.3721"
"02/06/2025","AirNow","060711234","1","0.035","ppm","32","Trona - Athol/Telescope #2","24","100.0000","44201","Ozone","","40140","Riverside-San Bernardino-Ontario, CA","06","California","071","San Bernardino","35.77446","-117.3721"
"02/07/2025","AirNow","060711234","1","0.045","ppm","42","Trona - Athol/Telescope #2","24","100.0000","44201","Ozone","","40140","Riverside-San Bernardino-Ontario, CA","06","California","071","San Bernardino","35.77446","-117.3721"
"02/08/2025","AirNow","060711234","1","0.047","ppm","44","Trona - Athol/Telescope #2","24","100.0000","44201","Ozone","","40140","Riverside-San Bernardino-Ontario, CA","06","California","071","San Bernardino","35.77446","-117.3721"
"02/09/2025","AirNow","060711234","1","0.044","ppm","41","Trona - Athol/Telescope #2","24","100.0000","44201","Ozone","","40140","Riverside-San Bernardino-Ontario, CA","06","California","071","San Bernardino","35.77446","-117.3721"
"02/10/2025","AirNow","060711234","1","0.042","ppm","39","Trona - Athol/Telescope #2","24","100.0000","44201","Ozone","","40140","Riverside-San Bernardino-Ontario, CA","06","California","071","San Bernardino","35.77446","-117.3721"
"02/11/2025","AirNow","060711234","1","0.043","ppm","40","Trona - Athol/Telescope #2","24","100.0000","44201","Ozone","","40140","Riverside-San Bernardino-Ontario, CA","06","California","071","San Bernardino","35.77446","-117.3721"
"02/12/2025","AirNow","060711234","1","0.045","ppm","42","Trona - Athol/Telescope #2","24","100.0000","44201","Ozone","","40140","Riverside-San Bernardino-Ontario, CA","06","California","071","San Bernardino","35.77446","-117.3721"
"02/13/2025","AirNow","060711234","1","0.038","ppm","35","Trona - Athol/Telescope #2","24","100.0000","44201","Ozone","","40140","Riverside-San Bernardino-Ontario, CA","06","California","071","San Bernardino","35.77446","-117.3721"
"02/14/2025","AirNow","060711234","1","0.041","ppm","38","Trona - Athol/Telescope #2","24","100.0000","44201","Ozone","","40140","Riverside-San Bernardino-Ontario, CA","06","California","071","San Bernardino","35.77446","-117.3721"
"02/15/2025","AirNow","060711234","1","0.042","ppm","39","Trona - Athol/Telescope #2","24","100.0000","44201","Ozone","","40140","Riverside-San Bernardino-Ontario, CA","06","California","071","San Bernardino","35.77446","-117.3721"
"02/16/2025","AirNow","060711234","1","0.043","ppm","40","Trona - Athol/Telescope #2","24","100.0000","44201","Ozone","","40140","Riverside-San Bernardino-Ontario, CA","06","California","071","San Bernardino","35.77446","-117.3721"
"02/17/2025","AirNow","060711234","1","0.042","ppm","39","Trona - Athol/Telescope #2","24","100.0000","44201","Ozone","","40140","Riverside-San Bernardino-Ontario, CA","06","California","071","San Bernardino","35.77446","-117.3721"
"02/18/2025","AirNow","060711234","1","0.045","ppm","42","Trona - Athol/Telescope #2","24","100.0000","44201","Ozone","","40140","Riverside-San Bernardino-Ontario, CA","06","California","071","San Bernardino","35.77446","-117.3721"
"02/19/2025","AirNow","060711234","1","0.04","ppm","37","Trona - Athol/Telescope #2","24","100.0000","44201","Ozone","","40140","Riverside-San Bernardino-Ontario, CA","06","California","071","San Bernardino","35.77446","-117.3721"
"02/20/2025","AirNow","060711234","1","0.049","ppm","45","Trona - Athol/Telescope #2","24","100.0000","44201","Ozone","","40140","Riverside-San Bernardino-Ontario, CA","06","California","071","San Bernardino","35.77446","-117.3721"
"02/21/2025","AirNow","060711234","1","0.049","ppm","45","Trona - Athol/Telescope #2","24","100.0000","44201","Ozone","","40140","Riverside-San Bernardino-Ontario, CA","06","California","071","San Bernardino","35.77446","-117.3721"
"02/22/2025","AirNow","060711234","1","0.04","ppm","37","Trona - Athol/Telescope #2","24","100.0000","44201","Ozone","","40140","Riverside-San Bernardino-Ontario, CA","06","California","071","San Bernardino","35.77446","-117.3721"
"02/23/2025","AirNow","060711234","1","0.042","ppm","39","Trona - Athol/Telescope #2","24","100.0000","44201","Ozone","","40140","Riverside-San Bernardino-Ontario, CA","06","California","071","San Bernardino","35.77446","-117.3721"
"02/24/2025","AirNow","060711234","1","0.044","ppm","41","Trona - Athol/Telescope #2","24","100.0000","44201","Ozone","","40140","Riverside-San Bernardino-Ontario, CA","06","California","071","San Bernardino","35.77446","-117.3721"
"02/25/2025","AirNow","060711234","1","0.046","ppm","43","Trona - Athol/Telescope #2","24","100.0000","44201","Ozone","","40140","Riverside-San Bernardino-Ontario, CA","06","California","071","San Bernardino","35.77446","-117.3721"
"02/26/2025","AirNow","060711234","1","0.044","ppm","41","Trona - Athol/Telescope #2","24","100.0000","44201","Ozone","","40140","Riverside-San Bernardino-Ontario, CA","06","California","071","San Bernardino","35.77446","-117.3721"
"02/27/2025","AirNow","060711234","1","0.049","ppm","45","Trona - Athol/Telescope #2","24","100.0000","44201","Ozone","","40140","Riverside-San Bernardino-Ontario, CA","06","California","071","San Bernardino","35.77446","-117.3721"
"02/28/2025","AirNow","060711234","1","0.047","ppm","44","Trona - Athol/Telescope #2","24","100.0000","44201","Ozone","","40140","Riverside-San Bernardino-Ontario, CA","06","California","071","San Bernardino","35.77446","-117.3721"
"03/01/2025","AirNow","060711234","1","0.051","ppm","47","Trona - Athol/Telescope #2","19","79.0000","44201","Ozone","","40140","Riverside-San Bernardino-Ontario, CA","06","California","071","San Bernardino","35.77446","-117.3721"
"01/01/2025","AirNow","060712002","1","0.037","ppm","34","Fontana","24","100.0000","44201","Ozone","","40140","Riverside-San Bernardino-Ontario, CA","06","California","071","San Bernardino","34.10002","-117.49201"
"01/02/2025","AirNow","060712002","1","0.029","ppm","27","Fontana","24","100.0000","44201","Ozone","","40140","Riverside-San Bernardino-Ontario, CA","06","California","071","San Bernardino","34.10002","-117.49201"
"01/03/2025","AirNow","060712002","1","0.022","ppm","20","Fontana","24","100.0000","44201","Ozone","","40140","Riverside-San Bernardino-Ontario, CA","06","California","071","San Bernardino","34.10002","-117.49201"
"01/04/2025","AirNow","060712002","1","0.039","ppm","36","Fontana","24","100.0000","44201","Ozone","","40140","Riverside-San Bernardino-Ontario, CA","06","California","071","San Bernardino","34.10002","-117.49201"
"01/05/2025","AirNow","060712002","1","0.041","ppm","38","Fontana","24","100.0000","44201","Ozone","","40140","Riverside-San Bernardino-Ontario, CA","06","California","071","San Bernardino","34.10002","-117.49201"
"01/06/2025","AirNow","060712002","1","0.029","ppm","27","Fontana","24","100.0000","44201","Ozone","","40140","Riverside-San Bernardino-Ontario, CA","06","California","071","San Bernardino","34.10002","-117.49201"
"01/07/2025","AirNow","060712002","1","0.04","ppm","37","Fontana","18","75.0000","44201","Ozone","","40140","Riverside-San Bernardino-Ontario, CA","06","California","071","San Bernardino","34.10002","-117.49201"
"01/08/2025","AirNow","060712002","1","0.041","ppm","38","Fontana","24","100.0000","44201","Ozone","","40140","Riverside-San Bernardino-Ontario, CA","06","California","071","San Bernardino","34.10002","-117.49201"
"01/09/2025","AirNow","060712002","1","0.044","ppm","41","Fontana","24","100.0000","44201","Ozone","","40140","Riverside-San Bernardino-Ontario, CA","06","California","071","San Bernardino","34.10002","-117.49201"
"01/10/2025","AirNow","060712002","1","0.044","ppm","41","Fontana","24","100.0000","44201","Ozone","","40140","Riverside-San Bernardino-Ontario, CA","06","California","071","San Bernardino","34.10002","-117.49201"
"01/11/2025","AirNow","060712002","1","0.044","ppm","41","Fontana","24","100.0000","44201","Ozone","","40140","Riverside-San Bernardino-Ontario, CA","06","California","071","San Bernardino","34.10002","-117.49201"
"01/12/2025","AirNow","060712002","1","0.042","ppm","39","Fontana","24","100.0000","44201","Ozone","","40140","Riverside-San Bernardino-Ontario, CA","06","California","071","San Bernardino","34.10002","-117.49201"
"01/13/2025","AirNow","060712002","1","0.04","ppm","37","Fontana","24","100.0000","44201","Ozone","","40140","Riverside-San Bernardino-Ontario, CA","06","California","071","San Bernardino","34.10002","-117.49201"
"01/14/2025","AirNow","060712002","1","0.044","ppm","41","Fontana","24","100.0000","44201","Ozone","","40140","Riverside-San Bernardino-Ontario, CA","06","California","071","San Bernardino","34.10002","-117.49201"
"01/15/2025","AirNow","060712002","1","0.043","ppm","40","Fontana","24","100.0000","44201","Ozone","","40140","Riverside-San Bernardino-Ontario, CA","06","California","071","San Bernardino","34.10002","-117.49201"
"01/16/2025","AirNow","060712002","1","0.032","ppm","30","Fontana","24","100.0000","44201","Ozone","","40140","Riverside-San Bernardino-Ontario, CA","06","California","071","San Bernardino","34.10002","-117.49201"
"01/17/2025","AirNow","060712002","1","0.036","ppm","33","Fontana","24","100.0000","44201","Ozone","","40140","Riverside-San Bernardino-Ontario, CA","06","California","071","San Bernardino","34.10002","-117.49201"
"01/18/2025","AirNow","060712002","1","0.039","ppm","36","Fontana","24","100.0000","44201","Ozone","","40140","Riverside-San Bernardino-Ontario, CA","06","California","071","San Bernardino","34.10002","-117.49201"
"01/19/2025","AirNow","060712002","1","0.044","ppm","41","Fontana","24","100.0000","44201","Ozone","","40140","Riverside-San Bernardino-Ontario, CA","06","California","071","San Bernardino","34.10002","-117.49201"
"01/20/2025","AirNow","060712002","1","0.045","ppm","42","Fontana","24","100.0000","44201","Ozone","","40140","Riverside-San Bernardino-Ontario, CA","06","California","071","San Bernardino","34.10002","-117.49201"
"01/21/2025","AirNow","060712002","1","0.046","ppm","43","Fontana","24","100.0000","44201","Ozone","","40140","Riverside-San Bernardino-Ontario, CA","06","California","071","San Bernardino","34.10002","-117.49201"
"01/25/2025","AirNow","060712002","1","0.045","ppm","42","Fontana","24","100.0000","44201","Ozone","","40140","Riverside-San Bernardino-Ontario, CA","06","California","071","San Bernardino","34.10002","-117.49201"
"01/26/2025","AirNow","060712002","1","0.038","ppm","35","Fontana","24","100.0000","44201","Ozone","","40140","Riverside-San Bernardino-Ontario, CA","06","California","071","San Bernardino","34.10002","-117.49201"
"01/27/2025","AirNow","060712002","1","0.033","ppm","31","Fontana","24","100.0000","44201","Ozone","","40140","Riverside-San Bernardino-Ontario, CA","06","California","071","San Bernardino","34.10002","-117.49201"
"01/28/2025","AirNow","060712002","1","0.031","ppm","29","Fontana","24","100.0000","44201","Ozone","","40140","Riverside-San Bernardino-Ontario, CA","06","California","071","San Bernardino","34.10002","-117.49201"
"01/29/2025","AirNow","060712002","1","0.033","ppm","31","Fontana","24","100.0000","44201","Ozone","","40140","Riverside-San Bernardino-Ontario, CA","06","California","071","San Bernardino","34.10002","-117.49201"
"01/30/2025","AirNow","060712002","1","0.037","ppm","34","Fontana","24","100.0000","44201","Ozone","","40140","Riverside-San Bernardino-Ontario, CA","06","California","071","San Bernardino","34.10002","-117.49201"
"01/31/2025","AirNow","060712002","1","0.024","ppm","22","Fontana","24","100.0000","44201","Ozone","","40140","Riverside-San Bernardino-Ontario, CA","06","California","071","San Bernardino","34.10002","-117.49201"
"02/01/2025","AirNow","060712002","1","0.042","ppm","39","Fontana","24","100.0000","44201","Ozone","","40140","Riverside-San Bernardino-Ontario, CA","06","California","071","San Bernardino","34.10002","-117.49201"
"02/02/2025","AirNow","060712002","1","0.049","ppm","45","Fontana","24","100.0000","44201","Ozone","","40140","Riverside-San Bernardino-Ontario, CA","06","California","071","San Bernardino","34.10002","-117.49201"
"02/03/2025","AirNow","060712002","1","0.032","ppm","30","Fontana","24","100.0000","44201","Ozone","","40140","Riverside-San Bernardino-Ontario, CA","06","California","071","San Bernardino","34.10002","-117.49201"
"02/04/2025","AirNow","060712002","1","0.029","ppm","27","Fontana","24","100.0000","44201","Ozone","","40140","Riverside-San Bernardino-Ontario, CA","06","California","071","San Bernardino","34.10002","-117.49201"
"02/05/2025","AirNow","060712002","1","0.023","ppm","21","Fontana","24","100.0000","44201","Ozone","","40140","Riverside-San Bernardino-Ontario, CA","06","California","071","San Bernardino","34.10002","-117.49201"
"02/06/2025","AirNow","060712002","1","0.027","ppm","25","Fontana","24","100.0000","44201","Ozone","","40140","Riverside-San Bernardino-Ontario, CA","06","California","071","San Bernardino","34.10002","-117.49201"
"02/07/2025","AirNow","060712002","1","0.025","ppm","23","Fontana","24","100.0000","44201","Ozone","","40140","Riverside-San Bernardino-Ontario, CA","06","California","071","San Bernardino","34.10002","-117.49201"
"02/08/2025","AirNow","060712002","1","0.037","ppm","34","Fontana","24","100.0000","44201","Ozone","","40140","Riverside-San Bernardino-Ontario, CA","06","California","071","San Bernardino","34.10002","-117.49201"
"02/09/2025","AirNow","060712002","1","0.045","ppm","42","Fontana","24","100.0000","44201","Ozone","","40140","Riverside-San Bernardino-Ontario, CA","06","California","071","San Bernardino","34.10002","-117.49201"
"02/10/2025","AirNow","060712002","1","0.04","ppm","37","Fontana","24","100.0000","44201","Ozone","","40140","Riverside-San Bernardino-Ontario, CA","06","California","071","San Bernardino","34.10002","-117.49201"
"02/11/2025","AirNow","060712002","1","0.035","ppm","32","Fontana","24","100.0000","44201","Ozone","","40140","Riverside-San Bernardino-Ontario, CA","06","California","071","San Bernardino","34.10002","-117.49201"
"02/12/2025","AirNow","060712002","1","0.028","ppm","26","Fontana","24","100.0000","44201","Ozone","","40140","Riverside-San Bernardino-Ontario, CA","06","California","071","San Bernardino","34.10002","-117.49201"
"02/14/2025","AirNow","060712002","1","0.037","ppm","34","Fontana","24","100.0000","44201","Ozone","","40140","Riverside-San Bernardino-Ontario, CA","06","California","071","San Bernardino","34.10002","-117.49201"
"02/15/2025","AirNow","060712002","1","0.045","ppm","42","Fontana","24","100.0000","44201","Ozone","","40140","Riverside-San Bernardino-Ontario, CA","06","California","071","San Bernardino","34.10002","-117.49201"
"02/16/2025","AirNow","060712002","1","0.042","ppm","39","Fontana","24","100.0000","44201","Ozone","","40140","Riverside-San Bernardino-Ontario, CA","06","California","071","San Bernardino","34.10002","-117.49201"
"02/17/2025","AirNow","060712002","1","0.042","ppm","39","Fontana","24","100.0000","44201","Ozone","","40140","Riverside-San Bernardino-Ontario, CA","06","California","071","San Bernardino","34.10002","-117.49201"
"02/18/2025","AirNow","060712002","1","0.04","ppm","37","Fontana","24","100.0000","44201","Ozone","","40140","Riverside-San Bernardino-Ontario, CA","06","California","071","San Bernardino","34.10002","-117.49201"
"02/19/2025","AirNow","060712002","1","0.044","ppm","41","Fontana","24","100.0000","44201","Ozone","","40140","Riverside-San Bernardino-Ontario, CA","06","California","071","San Bernardino","34.10002","-117.49201"
"02/20/2025","AirNow","060712002","1","0.046","ppm","43","Fontana","24","100.0000","44201","Ozone","","40140","Riverside-San Bernardino-Ontario, CA","06","California","071","San Bernardino","34.10002","-117.49201"
"02/21/2025","AirNow","060712002","1","0.046","ppm","43","Fontana","24","100.0000","44201","Ozone","","40140","Riverside-San Bernardino-Ontario, CA","06","California","071","San Bernardino","34.10002","-117.49201"
"02/22/2025","AirNow","060712002","1","0.048","ppm","44","Fontana","24","100.0000","44201","Ozone","","40140","Riverside-San Bernardino-Ontario, CA","06","California","071","San Bernardino","34.10002","-117.49201"
"02/23/2025","AirNow","060712002","1","0.057","ppm","58","Fontana","24","100.0000","44201","Ozone","","40140","Riverside-San Bernardino-Ontario, CA","06","California","071","San Bernardino","34.10002","-117.49201"
"02/24/2025","AirNow","060712002","1","0.061","ppm","71","Fontana","24","100.0000","44201","Ozone","","40140","Riverside-San Bernardino-Ontario, CA","06","California","071","San Bernardino","34.10002","-117.49201"
"02/26/2025","AirNow","060712002","1","0.045","ppm","42","Fontana","24","100.0000","44201","Ozone","","40140","Riverside-San Bernardino-Ontario, CA","06","California","071","San Bernardino","34.10002","-117.49201"
"02/27/2025","AirNow","060712002","1","0.05","ppm","46","Fontana","24","100.0000","44201","Ozone","","40140","Riverside-San Bernardino-Ontario, CA","06","California","071","San Bernardino","34.10002","-117.49201"
"02/28/2025","AirNow","060712002","1","0.047","ppm","44","Fontana","24","100.0000","44201","Ozone","","40140","Riverside-San Bernardino-Ontario, CA","06","California","071","San Bernardino","34.10002","-117.49201"
"03/01/2025","AirNow","060712002","1","0.039","ppm","36","Fontana","21","88.0000","44201","Ozone","","40140","Riverside-San Bernardino-Ontario, CA","06","California","071","San Bernardino","34.10002","-117.49201"
"01/01/2025","AirNow","060714001","1","0.038","ppm","35","Hesperia-Olive Street","24","100.0000","44201","Ozone","","40140","Riverside-San Bernardino-Ontario, CA","06","California","071","San Bernardino","34.41651","-117.28563"
"01/02/2025","AirNow","060714001","1","0.031","ppm","29","Hesperia-Olive Street","24","100.0000","44201","Ozone","","40140","Riverside-San Bernardino-Ontario, CA","06","California","071","San Bernardino","34.41651","-117.28563"
"01/03/2025","AirNow","060714001","1","0.044","ppm","41","Hesperia-Olive Street","24","100.0000","44201","Ozone","","40140","Riverside-San Bernardino-Ontario, CA","06","California","071","San Bernardino","34.41651","-117.28563"
"01/04/2025","AirNow","060714001","1","0.041","ppm","38","Hesperia-Olive Street","24","100.0000","44201","Ozone","","40140","Riverside-San Bernardino-Ontario, CA","06","California","071","San Bernardino","34.41651","-117.28563"
"01/05/2025","AirNow","060714001","1","0.012","ppm","11","Hesperia-Olive Street","24","100.0000","44201","Ozone","","40140","Riverside-San Bernardino-Ontario, CA","06","California","071","San Bernardino","34.41651","-117.28563"
"01/06/2025","AirNow","060714001","1","0.034","ppm","31","Hesperia-Olive Street","24","100.0000","44201","Ozone","","40140","Riverside-San Bernardino-Ontario, CA","06","California","071","San Bernardino","34.41651","-117.28563"
"01/07/2025","AirNow","060714001","1","0.04","ppm","37","Hesperia-Olive Street","24","100.0000","44201","Ozone","","40140","Riverside-San Bernardino-Ontario, CA","06","California","071","San Bernardino","34.41651","-117.28563"
"01/08/2025","AirNow","060714001","1","0.041","ppm","38","Hesperia-Olive Street","24","100.0000","44201","Ozone","","40140","Riverside-San Bernardino-Ontario, CA","06","California","071","San Bernardino","34.41651","-117.28563"
"01/09/2025","AirNow","060714001","1","0.043","ppm","40","Hesperia-Olive Street","24","100.0000","44201","Ozone","","40140","Riverside-San Bernardino-Ontario, CA","06","California","071","San Bernardino","34.41651","-117.28563"
"01/13/2025","AirNow","060714001","1","0.037","ppm","34","Hesperia-Olive Street","24","100.0000","44201","Ozone","","40140","Riverside-San Bernardino-Ontario, CA","06","California","071","San Bernardino","34.41651","-117.28563"
"01/14/2025","AirNow","060714001","1","0.038","ppm","35","Hesperia-Olive Street","24","100.0000","44201","Ozone","","40140","Riverside-San Bernardino-Ontario, CA","06","California","071","San Bernardino","34.41651","-117.28563"
"01/15/2025","AirNow","060714001","1","0.043","ppm","40","Hesperia-Olive Street","24","100.0000","44201","Ozone","","40140","Riverside-San Bernardino-Ontario, CA","06","California","071","San Bernardino","34.41651","-117.28563"
"01/16/2025","AirNow","060714001","1","0.038","ppm","35","Hesperia-Olive Street","24","100.0000","44201","Ozone","","40140","Riverside-San Bernardino-Ontario, CA","06","California","071","San Bernardino","34.41651","-117.28563"
"01/17/2025","AirNow","060714001","1","0.039","ppm","36","Hesperia-Olive Street","24","100.0000","44201","Ozone","","40140","Riverside-San Bernardino-Ontario, CA","06","California","071","San Bernardino","34.41651","-117.28563"
"01/18/2025","AirNow","060714001","1","0.042","ppm","39","Hesperia-Olive Street","24","100.0000","44201","Ozone","","40140","Riverside-San Bernardino-Ontario, CA","06","California","071","San Bernardino","34.41651","-117.28563"
"01/19/2025","AirNow","060714001","1","0.044","ppm","41","Hesperia-Olive Street","24","100.0000","44201","Ozone","","40140","Riverside-San Bernardino-Ontario, CA","06","California","071","San Bernardino","34.41651","-117.28563"
"01/20/2025","AirNow","060714001","1","0.045","ppm","42","Hesperia-Olive Street","24","100.0000","44201","Ozone","","40140","Riverside-San Bernardino-Ontario, CA","06","California","071","San Bernardino","34.41651","-117.28563"
"01/21/2025","AirNow","060714001","1","0.038","ppm","35","Hesperia-Olive Street","24","100.0000","44201","Ozone","","40140","Riverside-San Bernardino-Ontario, CA","06","California","071","San Bernardino","34.41651","-117.28563"
"01/22/2025","AirNow","060714001","1","0.035","ppm","32","Hesperia-Olive Street","24","100.0000","44201","Ozone","","40140","Riverside-San Bernardino-Ontario, CA","06","California","071","San Bernardino","34.41651","-117.28563"
"01/23/2025","AirNow","060714001","1","0.046","ppm","43","Hesperia-Olive Street","24","100.0000","44201","Ozone","","40140","Riverside-San Bernardino-Ontario, CA","06","California","071","San Bernardino","34.41651","-117.28563"
"01/24/2025","AirNow","060714001","1","0.043","ppm","40","Hesperia-Olive Street","24","100.0000","44201","Ozone","","40140","Riverside-San Bernardino-Ontario, CA","06","California","071","San Bernardino","34.41651","-117.28563"
"01/25/2025","AirNow","060714001","1","0.053","ppm","49","Hesperia-Olive Street","24","100.0000","44201","Ozone","","40140","Riverside-San Bernardino-Ontario, CA","06","California","071","San Bernardino","34.41651","-117.28563"
"01/26/2025","AirNow","060714001","1","0.04","ppm","37","Hesperia-Olive Street","24","100.0000","44201","Ozone","","40140","Riverside-San Bernardino-Ontario, CA","06","California","071","San Bernardino","34.41651","-117.28563"
"01/27/2025","AirNow","060714001","1","0.032","ppm","30","Hesperia-Olive Street","24","100.0000","44201","Ozone","","40140","Riverside-San Bernardino-Ontario, CA","06","California","071","San Bernardino","34.41651","-117.28563"
"01/28/2025","AirNow","060714001","1","0.04","ppm","37","Hesperia-Olive Street","24","100.0000","44201","Ozone","","40140","Riverside-San Bernardino-Ontario, CA","06","California","071","San Bernardino","34.41651","-117.28563"
"01/29/2025","AirNow","060714001","1","0.042","ppm","39","Hesperia-Olive Street","24","100.0000","44201","Ozone","","40140","Riverside-San Bernardino-Ontario, CA","06","California","071","San Bernardino","34.41651","-117.28563"
"01/30/2025","AirNow","060714001","1","0.035","ppm","32","Hesperia-Olive Street","24","100.0000","44201","Ozone","","40140","Riverside-San Bernardino-Ontario, CA","06","California","071","San Bernardino","34.41651","-117.28563"
"01/31/2025","AirNow","060714001","1","0.032","ppm","30","Hesperia-Olive Street","24","100.0000","44201","Ozone","","40140","Riverside-San Bernardino-Ontario, CA","06","California","071","San Bernardino","34.41651","-117.28563"
"02/01/2025","AirNow","060714001","1","0.042","ppm","39","Hesperia-Olive Street","24","100.0000","44201","Ozone","","40140","Riverside-San Bernardino-Ontario, CA","06","California","071","San Bernardino","34.41651","-117.28563"
"02/02/2025","AirNow","060714001","1","0.042","ppm","39","Hesperia-Olive Street","24","100.0000","44201","Ozone","","40140","Riverside-San Bernardino-Ontario, CA","06","California","071","San Bernardino","34.41651","-117.28563"
"02/03/2025","AirNow","060714001","1","0.041","ppm","38","Hesperia-Olive Street","24","100.0000","44201","Ozone","","40140","Riverside-San Bernardino-Ontario, CA","06","California","071","San Bernardino","34.41651","-117.28563"
"02/04/2025","AirNow","060714001","1","0.041","ppm","38","Hesperia-Olive Street","24","100.0000","44201","Ozone","","40140","Riverside-San Bernardino-Ontario, CA","06","California","071","San Bernardino","34.41651","-117.28563"
"02/05/2025","AirNow","060714001","1","0.034","ppm","31","Hesperia-Olive Street","24","100.0000","44201","Ozone","","40140","Riverside-San Bernardino-Ontario, CA","06","California","071","San Bernardino","34.41651","-117.28563"
"02/06/2025","AirNow","060714001","1","0.036","ppm","33","Hesperia-Olive Street","24","100.0000","44201","Ozone","","40140","Riverside-San Bernardino-Ontario, CA","06","California","071","San Bernardino","34.41651","-117.28563"
"02/07/2025","AirNow","060714001","1","0.038","ppm","35","Hesperia-Olive Street","24","100.0000","44201","Ozone","","40140","Riverside-San Bernardino-Ontario, CA","06","California","071","San Bernardino","34.41651","-117.28563"
"02/08/2025","AirNow","060714001","1","0.045","ppm","42","Hesperia-Olive Street","24","100.0000","44201","Ozone","","40140","Riverside-San Bernardino-Ontario, CA","06","California","071","San Bernardino","34.41651","-117.28563"
"02/09/2025","AirNow","060714001","1","0.043","ppm","40","Hesperia-Olive Street","24","100.0000","44201","Ozone","","40140","Riverside-San Bernardino-Ontario, CA","06","California","071","San Bernardino","34.41651","-117.28563"
"02/10/2025","AirNow","060714001","1","0.046","ppm","43","Hesperia-Olive Street","24","100.0000","44201","Ozone","","40140","Riverside-San Bernardino-Ontario, CA","06","California","071","San Bernardino","34.41651","-117.28563"
"02/11/2025","AirNow","060714001","1","0.043","ppm","40","Hesperia-Olive Street","24","100.0000","44201","Ozone","","40140","Riverside-San Bernardino-Ontario, CA","06","California","071","San Bernardino","34.41651","-117.28563"
"02/12/2025","AirNow","060714001","1","0.035","ppm","32","Hesperia-Olive Street","24","100.0000","44201","Ozone","","40140","Riverside-San Bernardino-Ontario, CA","06","California","071","San Bernardino","34.41651","-117.28563"
"02/13/2025","AirNow","060714001","1","0.042","ppm","39","Hesperia-Olive Street","24","100.0000","44201","Ozone","","40140","Riverside-San Bernardino-Ontario, CA","06","California","071","San Bernardino","34.41651","-117.28563"
"02/14/2025","AirNow","060714001","1","0.042","ppm","39","Hesperia-Olive Street","24","100.0000","44201","Ozone","","40140","Riverside-San Bernardino-Ontario, CA","06","California","071","San Bernardino","34.41651","-117.28563"
"02/15/2025","AirNow","060714001","1","0.045","ppm","42","Hesperia-Olive Street","24","100.0000","44201","Ozone","","40140","Riverside-San Bernardino-Ontario, CA","06","California","071","San Bernardino","34.41651","-117.28563"
"02/16/2025","AirNow","060714001","1","0.044","ppm","41","Hesperia-Olive Street","24","100.0000","44201","Ozone","","40140","Riverside-San Bernardino-Ontario, CA","06","California","071","San Bernardino","34.41651","-117.28563"
"02/17/2025","AirNow","060714001","1","0.049","ppm","45","Hesperia-Olive Street","24","100.0000","44201","Ozone","","40140","Riverside-San Bernardino-Ontario, CA","06","California","071","San Bernardino","34.41651","-117.28563"
"02/18/2025","AirNow","060714001","1","0.045","ppm","42","Hesperia-Olive Street","24","100.0000","44201","Ozone","","40140","Riverside-San Bernardino-Ontario, CA","06","California","071","San Bernardino","34.41651","-117.28563"
"02/19/2025","AirNow","060714001","1","0.047","ppm","44","Hesperia-Olive Street","24","100.0000","44201","Ozone","","40140","Riverside-San Bernardino-Ontario, CA","06","California","071","San Bernardino","34.41651","-117.28563"
"02/20/2025","AirNow","060714001","1","0.046","ppm","43","Hesperia-Olive Street","24","100.0000","44201","Ozone","","40140","Riverside-San Bernardino-Ontario, CA","06","California","071","San Bernardino","34.41651","-117.28563"
"02/21/2025","AirNow","060714001","1","0.046","ppm","43","Hesperia-Olive Street","24","100.0000","44201","Ozone","","40140","Riverside-San Bernardino-Ontario, CA","06","California","071","San Bernardino","34.41651","-117.28563"
"02/22/2025","AirNow","060714001","1","0.046","ppm","43","Hesperia-Olive Street","24","100.0000","44201","Ozone","","40140","Riverside-San Bernardino-Ontario, CA","06","California","071","San Bernardino","34.41651","-117.28563"
"02/23/2025","AirNow","060714001","1","0.054","ppm","50","Hesperia-Olive Street","24","100.0000","44201","Ozone","","40140","Riverside-San Bernardino-Ontario, CA","06","California","071","San Bernardino","34.41651","-117.28563"
"02/24/2025","AirNow","060714001","1","0.044","ppm","41","Hesperia-Olive Street","24","100.0000","44201","Ozone","","40140","Riverside-San Bernardino-Ontario, CA","06","California","071","San Bernardino","34.41651","-117.28563"
"02/25/2025","AirNow","060714001","1","0.051","ppm","47","Hesperia-Olive Street","24","100.0000","44201","Ozone","","40140","Riverside-San Bernardino-Ontario, CA","06","California","071","San Bernardino","34.41651","-117.28563"
"02/26/2025","AirNow","060714001","1","0.045","ppm","42","Hesperia-Olive Street","24","100.0000","44201","Ozone","","40140","Riverside-San Bernardino-Ontario, CA","06","California","071","San Bernardino","34.41651","-117.28563"
"02/27/2025","AirNow","060714001","1","0.052","ppm","48","Hesperia-Olive Street","24","100.0000","44201","Ozone","","40140","Riverside-San Bernardino-Ontario, CA","06","California","071","San Bernardino","34.41651","-117.28563"
"02/28/2025","AirNow","060714001","1","0.051","ppm","47","Hesperia-Olive Street","24","100.0000","44201","Ozone","","40140","Riverside-San Bernardino-Ontario, CA","06","California","071","San Bernardino","34.41651","-117.28563"
"03/01/2025","AirNow","060714001","1","0.046","ppm","43","Hesperia-Olive Street","20","83.0000","44201","Ozone","","40140","Riverside-San Bernardino-Ontario, CA","06","California","071","San Bernardino","34.41651","-117.28563"
"01/01/2025","AirNow","060714003","1","0.042","ppm","39","Redlands","24","100.0000","44201","Ozone","","40140","Riverside-San Bernardino-Ontario, CA","06","California","071","San Bernardino","34.05977","-117.14731"
"01/02/2025","AirNow","060714003","1","0.041","ppm","38","Redlands","24","100.0000","44201","Ozone","","40140","Riverside-San Bernardino-Ontario, CA","06","California","071","San Bernardino","34.05977","-117.14731"
"01/03/2025","AirNow","060714003","1","0.03","ppm","28","Redlands","24","100.0000","44201","Ozone","","40140","Riverside-San Bernardino-Ontario, CA","06","California","071","San Bernardino","34.05977","-117.14731"
"01/04/2025","AirNow","060714003","1","0.028","ppm","26","Redlands","24","100.0000","44201","Ozone","","40140","Riverside-San Bernardino-Ontario, CA","06","California","071","San Bernardino","34.05977","-117.14731"
"01/05/2025","AirNow","060714003","1","0.042","ppm","39","Redlands","24","100.0000","44201","Ozone","","40140","Riverside-San Bernardino-Ontario, CA","06","California","071","San Bernardino","34.05977","-117.14731"
"01/06/2025","AirNow","060714003","1","0.039","ppm","36","Redlands","24","100.0000","44201","Ozone","","40140","Riverside-San Bernardino-Ontario, CA","06","California","071","San Bernardino","34.05977","-117.14731"
"01/07/2025","AirNow","060714003","1","0.04","ppm","37","Redlands","24","100.0000","44201","Ozone","","40140","Riverside-San Bernardino-Ontario, CA","06","California","071","San Bernardino","34.05977","-117.14731"
"01/08/2025","AirNow","060714003","1","0.042","ppm","39","Redlands","24","100.0000","44201","Ozone","","40140","Riverside-San Bernardino-Ontario, CA","06","California","071","San Bernardino","34.05977","-117.14731"
"01/09/2025","AirNow","060714003","1","0.045","ppm","42","Redlands","24","100.0000","44201","Ozone","","40140","Riverside-San Bernardino-Ontario, CA","06","California","071","San Bernardino","34.05977","-117.14731"
"01/10/2025","AirNow","060714003","1","0.041","ppm","38","Redlands","24","100.0000","44201","Ozone","","40140","Riverside-San Bernardino-Ontario, CA","06","California","071","San Bernardino","34.05977","-117.14731"
"01/11/2025","AirNow","060714003","1","0.046","ppm","43","Redlands","24","100.0000","44201","Ozone","","40140","Riverside-San Bernardino-Ontario, CA","06","California","071","San Bernardino","34.05977","-117.14731"
"01/12/2025","AirNow","060714003","1","0.043","ppm","40","Redlands","24","100.0000","44201","Ozone","","40140","Riverside-San Bernardino-Ontario, CA","06","California","071","San Bernardino","34.05977","-117.14731"
"01/13/2025","AirNow","060714003","1","0.038","ppm","35","Redlands","24","100.0000","44201","Ozone","","40140","Riverside-San Bernardino-Ontario, CA","06","California","071","San Bernardino","34.05977","-117.14731"
"01/14/2025","AirNow","060714003","1","0.038","ppm","35","Redlands","24","100.0000","44201","Ozone","","40140","Riverside-San Bernardino-Ontario, CA","06","California","071","San Bernardino","34.05977","-117.14731"
"01/15/2025","AirNow","060714003","1","0.04","ppm","37","Redlands","24","100.0000","44201","Ozone","","40140","Riverside-San Bernardino-Ontario, CA","06","California","071","San Bernardino","34.05977","-117.14731"
"01/16/2025","AirNow","060714003","1","0.039","ppm","36","Redlands","24","100.0000","44201","Ozone","","40140","Riverside-San Bernardino-Ontario, CA","06","California","071","San Bernardino","34.05977","-117.14731"
"01/17/2025","AirNow","060714003","1","0.044","ppm","41","Redlands","24","100.0000","44201","Ozone","","40140","Riverside-San Bernardino-Ontario, CA","06","California","071","San Bernardino","34.05977","-117.14731"
"01/18/2025","AirNow","060714003","1","0.038","ppm","35","Redlands","24","100.0000","44201","Ozone","","40140","Riverside-San Bernardino-Ontario, CA","06","California","071","San Bernardino","34.05977","-117.14731"
"01/19/2025","AirNow","060714003","1","0.042","ppm","39","Redlands","24","100.0000","44201","Ozone","","40140","Riverside-San Bernardino-Ontario, CA","06","California","071","San Bernardino","34.05977","-117.14731"
"01/20/2025","AirNow","060714003","1","0.046","ppm","43","Redlands","24","100.0000","44201","Ozone","","40140","Riverside-San Bernardino-Ontario, CA","06","California","071","San Bernardino","34.05977","-117.14731"
"01/21/2025","AirNow","060714003","1","0.041","ppm","38","Redlands","24","100.0000","44201","Ozone","","40140","Riverside-San Bernardino-Ontario, CA","06","California","071","San Bernardino","34.05977","-117.14731"
"01/22/2025","AirNow","060714003","1","0.037","ppm","34","Redlands","24","100.0000","44201","Ozone","","40140","Riverside-San Bernardino-Ontario, CA","06","California","071","San Bernardino","34.05977","-117.14731"
"01/23/2025","AirNow","060714003","1","0.042","ppm","39","Redlands","24","100.0000","44201","Ozone","","40140","Riverside-San Bernardino-Ontario, CA","06","California","071","San Bernardino","34.05977","-117.14731"
"01/24/2025","AirNow","060714003","1","0.042","ppm","39","Redlands","24","100.0000","44201","Ozone","","40140","Riverside-San Bernardino-Ontario, CA","06","California","071","San Bernardino","34.05977","-117.14731"
"01/25/2025","AirNow","060714003","1","0.051","ppm","47","Redlands","24","100.0000","44201","Ozone","","40140","Riverside-San Bernardino-Ontario, CA","06","California","071","San Bernardino","34.05977","-117.14731"
"01/26/2025","AirNow","060714003","1","0.038","ppm","35","Redlands","24","100.0000","44201","Ozone","","40140","Riverside-San Bernardino-Ontario, CA","06","California","071","San Bernardino","34.05977","-117.14731"
"01/27/2025","AirNow","060714003","1","0.037","ppm","34","Redlands","24","100.0000","44201","Ozone","","40140","Riverside-San Bernardino-Ontario, CA","06","California","071","San Bernardino","34.05977","-117.14731"
"01/28/2025","AirNow","060714003","1","0.032","ppm","30","Redlands","24","100.0000","44201","Ozone","","40140","Riverside-San Bernardino-Ontario, CA","06","California","071","San Bernardino","34.05977","-117.14731"
"01/29/2025","AirNow","060714003","1","0.036","ppm","33","Redlands","24","100.0000","44201","Ozone","","40140","Riverside-San Bernardino-Ontario, CA","06","California","071","San Bernardino","34.05977","-117.14731"
"01/30/2025","AirNow","060714003","1","0.034","ppm","31","Redlands","24","100.0000","44201","Ozone","","40140","Riverside-San Bernardino-Ontario, CA","06","California","071","San Bernardino","34.05977","-117.14731"
"01/31/2025","AirNow","060714003","1","0.035","ppm","32","Redlands","24","100.0000","44201","Ozone","","40140","Riverside-San Bernardino-Ontario, CA","06","California","071","San Bernardino","34.05977","-117.14731"
"02/01/2025","AirNow","060714003","1","0.046","ppm","43","Redlands","24","100.0000","44201","Ozone","","40140","Riverside-San Bernardino-Ontario, CA","06","California","071","San Bernardino","34.05977","-117.14731"
"02/02/2025","AirNow","060714003","1","0.045","ppm","42","Redlands","24","100.0000","44201","Ozone","","40140","Riverside-San Bernardino-Ontario, CA","06","California","071","San Bernardino","34.05977","-117.14731"
"02/03/2025","AirNow","060714003","1","0.037","ppm","34","Redlands","24","100.0000","44201","Ozone","","40140","Riverside-San Bernardino-Ontario, CA","06","California","071","San Bernardino","34.05977","-117.14731"
"02/04/2025","AirNow","060714003","1","0.03","ppm","28","Redlands","24","100.0000","44201","Ozone","","40140","Riverside-San Bernardino-Ontario, CA","06","California","071","San Bernardino","34.05977","-117.14731"
"02/05/2025","AirNow","060714003","1","0.027","ppm","25","Redlands","24","100.0000","44201","Ozone","","40140","Riverside-San Bernardino-Ontario, CA","06","California","071","San Bernardino","34.05977","-117.14731"
"02/06/2025","AirNow","060714003","1","0.031","ppm","29","Redlands","24","100.0000","44201","Ozone","","40140","Riverside-San Bernardino-Ontario, CA","06","California","071","San Bernardino","34.05977","-117.14731"
"02/07/2025","AirNow","060714003","1","0.03","ppm","28","Redlands","24","100.0000","44201","Ozone","","40140","Riverside-San Bernardino-Ontario, CA","06","California","071","San Bernardino","34.05977","-117.14731"
"02/08/2025","AirNow","060714003","1","0.035","ppm","32","Redlands","24","100.0000","44201","Ozone","","40140","Riverside-San Bernardino-Ontario, CA","06","California","071","San Bernardino","34.05977","-117.14731"
"02/09/2025","AirNow","060714003","1","0.046","ppm","43","Redlands","24","100.0000","44201","Ozone","","40140","Riverside-San Bernardino-Ontario, CA","06","California","071","San Bernardino","34.05977","-117.14731"
"02/10/2025","AirNow","060714003","1","0.046","ppm","43","Redlands","24","100.0000","44201","Ozone","","40140","Riverside-San Bernardino-Ontario, CA","06","California","071","San Bernardino","34.05977","-117.14731"
"02/11/2025","AirNow","060714003","1","0.04","ppm","37","Redlands","24","100.0000","44201","Ozone","","40140","Riverside-San Bernardino-Ontario, CA","06","California","071","San Bernardino","34.05977","-117.14731"
"02/12/2025","AirNow","060714003","1","0.034","ppm","31","Redlands","24","100.0000","44201","Ozone","","40140","Riverside-San Bernardino-Ontario, CA","06","California","071","San Bernardino","34.05977","-117.14731"
"02/13/2025","AirNow","060714003","1","0.035","ppm","32","Redlands","24","100.0000","44201","Ozone","","40140","Riverside-San Bernardino-Ontario, CA","06","California","071","San Bernardino","34.05977","-117.14731"
"02/14/2025","AirNow","060714003","1","0.042","ppm","39","Redlands","24","100.0000","44201","Ozone","","40140","Riverside-San Bernardino-Ontario, CA","06","California","071","San Bernardino","34.05977","-117.14731"
"02/15/2025","AirNow","060714003","1","0.043","ppm","40","Redlands","24","100.0000","44201","Ozone","","40140","Riverside-San Bernardino-Ontario, CA","06","California","071","San Bernardino","34.05977","-117.14731"
"02/16/2025","AirNow","060714003","1","0.044","ppm","41","Redlands","24","100.0000","44201","Ozone","","40140","Riverside-San Bernardino-Ontario, CA","06","California","071","San Bernardino","34.05977","-117.14731"
"02/17/2025","AirNow","060714003","1","0.049","ppm","45","Redlands","24","100.0000","44201","Ozone","","40140","Riverside-San Bernardino-Ontario, CA","06","California","071","San Bernardino","34.05977","-117.14731"
"02/18/2025","AirNow","060714003","1","0.042","ppm","39","Redlands","24","100.0000","44201","Ozone","","40140","Riverside-San Bernardino-Ontario, CA","06","California","071","San Bernardino","34.05977","-117.14731"
"02/19/2025","AirNow","060714003","1","0.048","ppm","44","Redlands","24","100.0000","44201","Ozone","","40140","Riverside-San Bernardino-Ontario, CA","06","California","071","San Bernardino","34.05977","-117.14731"
"02/20/2025","AirNow","060714003","1","0.049","ppm","45","Redlands","24","100.0000","44201","Ozone","","40140","Riverside-San Bernardino-Ontario, CA","06","California","071","San Bernardino","34.05977","-117.14731"
"02/21/2025","AirNow","060714003","1","0.047","ppm","44","Redlands","24","100.0000","44201","Ozone","","40140","Riverside-San Bernardino-Ontario, CA","06","California","071","San Bernardino","34.05977","-117.14731"
"02/22/2025","AirNow","060714003","1","0.051","ppm","47","Redlands","24","100.0000","44201","Ozone","","40140","Riverside-San Bernardino-Ontario, CA","06","California","071","San Bernardino","34.05977","-117.14731"
"02/23/2025","AirNow","060714003","1","0.059","ppm","64","Redlands","24","100.0000","44201","Ozone","","40140","Riverside-San Bernardino-Ontario, CA","06","California","071","San Bernardino","34.05977","-117.14731"
"02/24/2025","AirNow","060714003","1","0.065","ppm","84","Redlands","24","100.0000","44201","Ozone","","40140","Riverside-San Bernardino-Ontario, CA","06","California","071","San Bernardino","34.05977","-117.14731"
"02/25/2025","AirNow","060714003","1","0.062","ppm","74","Redlands","24","100.0000","44201","Ozone","","40140","Riverside-San Bernardino-Ontario, CA","06","California","071","San Bernardino","34.05977","-117.14731"
"02/26/2025","AirNow","060714003","1","0.047","ppm","44","Redlands","24","100.0000","44201","Ozone","","40140","Riverside-San Bernardino-Ontario, CA","06","California","071","San Bernardino","34.05977","-117.14731"
"02/27/2025","AirNow","060714003","1","0.045","ppm","42","Redlands","18","75.0000","44201","Ozone","","40140","Riverside-San Bernardino-Ontario, CA","06","California","071","San Bernardino","34.05977","-117.14731"
"02/28/2025","AirNow","060714003","1","0.048","ppm","44","Redlands","24","100.0000","44201","Ozone","","40140","Riverside-San Bernardino-Ontario, CA","06","California","071","San Bernardino","34.05977","-117.14731"
"03/01/2025","AirNow","060714003","1","0.039","ppm","36","Redlands","21","88.0000","44201","Ozone","","40140","Riverside-San Bernardino-Ontario, CA","06","California","071","San Bernardino","34.05977","-117.14731"
"01/01/2025","AirNow","060719002","1","0.046","ppm","43","Joshua Tree NP - Black Rock","24","100.0000","44201","Ozone","","40140","Riverside-San Bernardino-Ontario, CA","06","California","071","San Bernardino","34.06957","-116.38893"
"01/02/2025","AirNow","060719002","1","0.048","ppm","44","Joshua Tree NP - Black Rock","24","100.0000","44201","Ozone","","40140","Riverside-San Bernardino-Ontario, CA","06","California","071","San Bernardino","34.06957","-116.38893"
"01/03/2025","AirNow","060719002","1","0.049","ppm","45","Joshua Tree NP - Black Rock","24","100.0000","44201","Ozone","","40140","Riverside-San Bernardino-Ontario, CA","06","California","071","San Bernardino","34.06957","-116.38893"
"01/04/2025","AirNow","060719002","1","0.046","ppm","43","Joshua Tree NP - Black Rock","24","100.0000","44201","Ozone","","40140","Riverside-San Bernardino-Ontario, CA","06","California","071","San Bernardino","34.06957","-116.38893"
"01/05/2025","AirNow","060719002","1","0.046","ppm","43","Joshua Tree NP - Black Rock","24","100.0000","44201","Ozone","","40140","Riverside-San Bernardino-Ontario, CA","06","California","071","San Bernardino","34.06957","-116.38893"
"01/06/2025","AirNow","060719002","1","0.045","ppm","42","Joshua Tree NP - Black Rock","24","100.0000","44201","Ozone","","40140","Riverside-San Bernardino-Ontario, CA","06","California","071","San Bernardino","34.06957","-116.38893"
"01/07/2025","AirNow","060719002","1","0.041","ppm","38","Joshua Tree NP - Black Rock","24","100.0000","44201","Ozone","","40140","Riverside-San Bernardino-Ontario, CA","06","California","071","San Bernardino","34.06957","-116.38893"
"01/10/2025","AirNow","060719002","1","0.045","ppm","42","Joshua Tree NP - Black Rock","24","100.0000","44201","Ozone","","40140","Riverside-San Bernardino-Ontario, CA","06","California","071","San Bernardino","34.06957","-116.38893"
"01/11/2025","AirNow","060719002","1","0.045","ppm","42","Joshua Tree NP - Black Rock","24","100.0000","44201","Ozone","","40140","Riverside-San Bernardino-Ontario, CA","06","California","071","San Bernardino","34.06957","-116.38893"
"01/12/2025","AirNow","060719002","1","0.043","ppm","40","Joshua Tree NP - Black Rock","24","100.0000","44201","Ozone","","40140","Riverside-San Bernardino-Ontario, CA","06","California","071","San Bernardino","34.06957","-116.38893"
"01/13/2025","AirNow","060719002","1","0.039","ppm","36","Joshua Tree NP - Black Rock","24","100.0000","44201","Ozone","","40140","Riverside-San Bernardino-Ontario, CA","06","California","071","San Bernardino","34.06957","-116.38893"
"01/14/2025","AirNow","060719002","1","0.041","ppm","38","Joshua Tree NP - Black Rock","24","100.0000","44201","Ozone","","40140","Riverside-San Bernardino-Ontario, CA","06","California","071","San Bernardino","34.06957","-116.38893"
"01/15/2025","AirNow","060719002","1","0.046","ppm","43","Joshua Tree NP - Black Rock","24","100.0000","44201","Ozone","","40140","Riverside-San Bernardino-Ontario, CA","06","California","071","San Bernardino","34.06957","-116.38893"
"01/16/2025","AirNow","060719002","1","0.047","ppm","44","Joshua Tree NP - Black Rock","24","100.0000","44201","Ozone","","40140","Riverside-San Bernardino-Ontario, CA","06","California","071","San Bernardino","34.06957","-116.38893"
"01/17/2025","AirNow","060719002","1","0.051","ppm","47","Joshua Tree NP - Black Rock","24","100.0000","44201","Ozone","","40140","Riverside-San Bernardino-Ontario, CA","06","California","071","San Bernardino","34.06957","-116.38893"
"01/18/2025","AirNow","060719002","1","0.048","ppm","44","Joshua Tree NP - Black Rock","24","100.0000","44201","Ozone","","40140","Riverside-San Bernardino-Ontario, CA","06","California","071","San Bernardino","34.06957","-116.38893"
"01/19/2025","AirNow","060719002","1","0.05","ppm","46","Joshua Tree NP - Black Rock","24","100.0000","44201","Ozone","","40140","Riverside-San Bernardino-Ontario, CA","06","California","071","San Bernardino","34.06957","-116.38893"
"01/20/2025","AirNow","060719002","1","0.047","ppm","44","Joshua Tree NP - Black Rock","24","100.0000","44201","Ozone","","40140","Riverside-San Bernardino-Ontario, CA","06","California","071","San Bernardino","34.06957","-116.38893"
"01/21/2025","AirNow","060719002","1","0.047","ppm","44","Joshua Tree NP - Black Rock","24","100.0000","44201","Ozone","","40140","Riverside-San Bernardino-Ontario, CA","06","California","071","San Bernardino","34.06957","-116.38893"
"01/22/2025","AirNow","060719002","1","0.047","ppm","44","Joshua Tree NP - Black Rock","24","100.0000","44201","Ozone","","40140","Riverside-San Bernardino-Ontario, CA","06","California","071","San Bernardino","34.06957","-116.38893"
"01/23/2025","AirNow","060719002","1","0.046","ppm","43","Joshua Tree NP - Black Rock","24","100.0000","44201","Ozone","","40140","Riverside-San Bernardino-Ontario, CA","06","California","071","San Bernardino","34.06957","-116.38893"
"01/24/2025","AirNow","060719002","1","0.049","ppm","45","Joshua Tree NP - Black Rock","24","100.0000","44201","Ozone","","40140","Riverside-San Bernardino-Ontario, CA","06","California","071","San Bernardino","34.06957","-116.38893"
"01/25/2025","AirNow","060719002","1","0.052","ppm","48","Joshua Tree NP - Black Rock","24","100.0000","44201","Ozone","","40140","Riverside-San Bernardino-Ontario, CA","06","California","071","San Bernardino","34.06957","-116.38893"
"01/26/2025","AirNow","060719002","1","0.044","ppm","41","Joshua Tree NP - Black Rock","24","100.0000","44201","Ozone","","40140","Riverside-San Bernardino-Ontario, CA","06","California","071","San Bernardino","34.06957","-116.38893"
"01/27/2025","AirNow","060719002","1","0.034","ppm","31","Joshua Tree NP - Black Rock","24","100.0000","44201","Ozone","","40140","Riverside-San Bernardino-Ontario, CA","06","California","071","San Bernardino","34.06957","-116.38893"
"01/28/2025","AirNow","060719002","1","0.044","ppm","41","Joshua Tree NP - Black Rock","24","100.0000","44201","Ozone","","40140","Riverside-San Bernardino-Ontario, CA","06","California","071","San Bernardino","34.06957","-116.38893"
"01/29/2025","AirNow","060719002","1","0.046","ppm","43","Joshua Tree NP - Black Rock","24","100.0000","44201","Ozone","","40140","Riverside-San Bernardino-Ontario, CA","06","California","071","San Bernardino","34.06957","-116.38893"
"01/30/2025","AirNow","060719002","1","0.046","ppm","43","Joshua Tree NP - Black Rock","24","100.0000","44201","Ozone","","40140","Riverside-San Bernardino-Ontario, CA","06","California","071","San Bernardino","34.06957","-116.38893"
"01/31/2025","AirNow","060719002","1","0.051","ppm","47","Joshua Tree NP - Black Rock","24","100.0000","44201","Ozone","","40140","Riverside-San Bernardino-Ontario, CA","06","California","071","San Bernardino","34.06957","-116.38893"
"02/01/2025","AirNow","060719002","1","0.051","ppm","47","Joshua Tree NP - Black Rock","24","100.0000","44201","Ozone","","40140","Riverside-San Bernardino-Ontario, CA","06","California","071","San Bernardino","34.06957","-116.38893"
"02/02/2025","AirNow","060719002","1","0.048","ppm","44","Joshua Tree NP - Black Rock","24","100.0000","44201","Ozone","","40140","Riverside-San Bernardino-Ontario, CA","06","California","071","San Bernardino","34.06957","-116.38893"
"02/03/2025","AirNow","060719002","1","0.051","ppm","47","Joshua Tree NP - Black Rock","24","100.0000","44201","Ozone","","40140","Riverside-San Bernardino-Ontario, CA","06","California","071","San Bernardino","34.06957","-116.38893"
"02/04/2025","AirNow","060719002","1","0.045","ppm","42","Joshua Tree NP - Black Rock","24","100.0000","44201","Ozone","","40140","Riverside-San Bernardino-Ontario, CA","06","California","071","San Bernardino","34.06957","-116.38893"
"02/05/2025","AirNow","060719002","1","0.04","ppm","37","Joshua Tree NP - Black Rock","24","100.0000","44201","Ozone","","40140","Riverside-San Bernardino-Ontario, CA","06","California","071","San Bernardino","34.06957","-116.38893"
"02/06/2025","AirNow","060719002","1","0.04","ppm","37","Joshua Tree NP - Black Rock","24","100.0000","44201","Ozone","","40140","Riverside-San Bernardino-Ontario, CA","06","California","071","San Bernardino","34.06957","-116.38893"
"02/07/2025","AirNow","060719002","1","0.039","ppm","36","Joshua Tree NP - Black Rock","24","100.0000","44201","Ozone","","40140","Riverside-San Bernardino-Ontario, CA","06","California","071","San Bernardino","34.06957","-116.38893"
"02/08/2025","AirNow","060719002","1","0.049","ppm","45","Joshua Tree NP - Black Rock","24","100.0000","44201","Ozone","","40140","Riverside-San Bernardino-Ontario, CA","06","California","071","San Bernardino","34.06957","-116.38893"
"02/09/2025","AirNow","060719002","1","0.053","ppm","49","Joshua Tree NP - Black Rock","24","100.0000","44201","Ozone","","40140","Riverside-San Bernardino-Ontario, CA","06","California","071","San Bernardino","34.06957","-116.38893"
"02/10/2025","AirNow","060719002","1","0.055","ppm","51","Joshua Tree NP - Black Rock","24","100.0000","44201","Ozone","","40140","Riverside-San Bernardino-Ontario, CA","06","California","071","San Bernardino","34.06957","-116.38893"
"02/11/2025","AirNow","060719002","1","0.048","ppm","44","Joshua Tree NP - Black Rock","24","100.0000","44201","Ozone","","40140","Riverside-San Bernardino-Ontario, CA","06","California","071","San Bernardino","34.06957","-116.38893"
"02/12/2025","AirNow","060719002","1","0.042","ppm","39","Joshua Tree NP - Black Rock","24","100.0000","44201","Ozone","","40140","Riverside-San Bernardino-Ontario, CA","06","California","071","San Bernardino","34.06957","-116.38893"
"02/13/2025","AirNow","060719002","1","0.046","ppm","43","Joshua Tree NP - Black Rock","24","100.0000","44201","Ozone","","40140","Riverside-San Bernardino-Ontario, CA","06","California","071","San Bernardino","34.06957","-116.38893"
"02/14/2025","AirNow","060719002","1","0.046","ppm","43","Joshua Tree NP - Black Rock","24","100.0000","44201","Ozone","","40140","Riverside-San Bernardino-Ontario, CA","06","California","071","San Bernardino","34.06957","-116.38893"
"02/15/2025","AirNow","060719002","1","0.048","ppm","44","Joshua Tree NP - Black Rock","24","100.0000","44201","Ozone","","40140","Riverside-San Bernardino-Ontario, CA","06","California","071","San Bernardino","34.06957","-116.38893"
"02/16/2025","AirNow","060719002","1","0.049","ppm","45","Joshua Tree NP - Black Rock","24","100.0000","44201","Ozone","","40140","Riverside-San Bernardino-Ontario, CA","06","California","071","San Bernardino","34.06957","-116.38893"
"02/17/2025","AirNow","060719002","1","0.053","ppm","49","Joshua Tree NP - Black Rock","24","100.0000","44201","Ozone","","40140","Riverside-San Bernardino-Ontario, CA","06","California","071","San Bernardino","34.06957","-116.38893"
"02/18/2025","AirNow","060719002","1","0.048","ppm","44","Joshua Tree NP - Black Rock","24","100.0000","44201","Ozone","","40140","Riverside-San Bernardino-Ontario, CA","06","California","071","San Bernardino","34.06957","-116.38893"
"02/19/2025","AirNow","060719002","1","0.049","ppm","45","Joshua Tree NP - Black Rock","24","100.0000","44201","Ozone","","40140","Riverside-San Bernardino-Ontario, CA","06","California","071","San Bernardino","34.06957","-116.38893"
"02/20/2025","AirNow","060719002","1","0.049","ppm","45","Joshua Tree NP - Black Rock","24","100.0000","44201","Ozone","","40140","Riverside-San Bernardino-Ontario, CA","06","California","071","San Bernardino","34.06957","-116.38893"
"02/21/2025","AirNow","060719002","1","0.048","ppm","44","Joshua Tree NP - Black Rock","24","100.0000","44201","Ozone","","40140","Riverside-San Bernardino-Ontario, CA","06","California","071","San Bernardino","34.06957","-116.38893"
"02/22/2025","AirNow","060719002","1","0.047","ppm","44","Joshua Tree NP - Black Rock","24","100.0000","44201","Ozone","","40140","Riverside-San Bernardino-Ontario, CA","06","California","071","San Bernardino","34.06957","-116.38893"
"02/23/2025","AirNow","060719002","1","0.055","ppm","51","Joshua Tree NP - Black Rock","24","100.0000","44201","Ozone","","40140","Riverside-San Bernardino-Ontario, CA","06","California","071","San Bernardino","34.06957","-116.38893"
"02/24/2025","AirNow","060719002","1","0.06","ppm","67","Joshua Tree NP - Black Rock","24","100.0000","44201","Ozone","","40140","Riverside-San Bernardino-Ontario, CA","06","California","071","San Bernardino","34.06957","-116.38893"
"02/25/2025","AirNow","060719002","1","0.052","ppm","48","Joshua Tree NP - Black Rock","24","100.0000","44201","Ozone","","40140","Riverside-San Bernardino-Ontario, CA","06","California","071","San Bernardino","34.06957","-116.38893"
"02/26/2025","AirNow","060719002","1","0.048","ppm","44","Joshua Tree NP - Black Rock","24","100.0000","44201","Ozone","","40140","Riverside-San Bernardino-Ontario, CA","06","California","071","San Bernardino","34.06957","-116.38893"
"02/27/2025","AirNow","060719002","1","0.052","ppm","48","Joshua Tree NP - Black Rock","24","100.0000","44201","Ozone","","40140","Riverside-San Bernardino-Ontario, CA","06","California","071","San Bernardino","34.06957","-116.38893"
"02/28/2025","AirNow","060719002","1","0.05","ppm","46","Joshua Tree NP - Black Rock","24","100.0000","44201","Ozone","","40140","Riverside-San Bernardino-Ontario, CA","06","California","071","San Bernardino","34.06957","-116.38893"
"03/01/2025","AirNow","060719002","1","0.053","ppm","49","Joshua Tree NP - Black Rock","21","88.0000","44201","Ozone","","40140","Riverside-San Bernardino-Ontario, CA","06","California","071","San Bernardino","34.06957","-116.38893"
"01/01/2025","AirNow","060719004","1","0.038","ppm","35","San Bernardino","24","100.0000","44201","Ozone","","40140","Riverside-San Bernardino-Ontario, CA","06","California","071","San Bernardino","34.1066780008763","-117.274063"
"01/02/2025","AirNow","060719004","1","0.041","ppm","38","San Bernardino","24","100.0000","44201","Ozone","","40140","Riverside-San Bernardino-Ontario, CA","06","California","071","San Bernardino","34.1066780008763","-117.274063"
"01/03/2025","AirNow","060719004","1","0.027","ppm","25","San Bernardino","24","100.0000","44201","Ozone","","40140","Riverside-San Bernardino-Ontario, CA","06","California","071","San Bernardino","34.1066780008763","-117.274063"
"01/04/2025","AirNow","060719004","1","0.032","ppm","30","San Bernardino","24","100.0000","44201","Ozone","","40140","Riverside-San Bernardino-Ontario, CA","06","California","071","San Bernardino","34.1066780008763","-117.274063"
"01/05/2025","AirNow","060719004","1","0.041","ppm","38","San Bernardino","24","100.0000","44201","Ozone","","40140","Riverside-San Bernardino-Ontario, CA","06","California","071","San Bernardino","34.1066780008763","-117.274063"
"01/06/2025","AirNow","060719004","1","0.036","ppm","33","San Bernardino","24","100.0000","44201","Ozone","","40140","Riverside-San Bernardino-Ontario, CA","06","California","071","San Bernardino","34.1066780008763","-117.274063"
"01/07/2025","AirNow","060719004","1","0.041","ppm","38","San Bernardino","24","100.0000","44201","Ozone","","40140","Riverside-San Bernardino-Ontario, CA","06","California","071","San Bernardino","34.1066780008763","-117.274063"
"01/08/2025","AirNow","060719004","1","0.043","ppm","40","San Bernardino","24","100.0000","44201","Ozone","","40140","Riverside-San Bernardino-Ontario, CA","06","California","071","San Bernardino","34.1066780008763","-117.274063"
"01/09/2025","AirNow","060719004","1","0.047","ppm","44","San Bernardino","24","100.0000","44201","Ozone","","40140","Riverside-San Bernardino-Ontario, CA","06","California","071","San Bernardino","34.1066780008763","-117.274063"
"01/10/2025","AirNow","060719004","1","0.042","ppm","39","San Bernardino","24","100.0000","44201","Ozone","","40140","Riverside-San Bernardino-Ontario, CA","06","California","071","San Bernardino","34.1066780008763","-117.274063"
"01/11/2025","AirNow","060719004","1","0.046","ppm","43","San Bernardino","24","100.0000","44201","Ozone","","40140","Riverside-San Bernardino-Ontario, CA","06","California","071","San Bernardino","34.1066780008763","-117.274063"
"01/12/2025","AirNow","060719004","1","0.045","ppm","42","San Bernardino","24","100.0000","44201","Ozone","","40140","Riverside-San Bernardino-Ontario, CA","06","California","071","San Bernardino","34.1066780008763","-117.274063"
"01/13/2025","AirNow","060719004","1","0.04","ppm","37","San Bernardino","24","100.0000","44201","Ozone","","40140","Riverside-San Bernardino-Ontario, CA","06","California","071","San Bernardino","34.1066780008763","-117.274063"
"01/14/2025","AirNow","060719004","1","0.038","ppm","35","San Bernardino","24","100.0000","44201","Ozone","","40140","Riverside-San Bernardino-Ontario, CA","06","California","071","San Bernardino","34.1066780008763","-117.274063"
"01/15/2025","AirNow","060719004","1","0.041","ppm","38","San Bernardino","24","100.0000","44201","Ozone","","40140","Riverside-San Bernardino-Ontario, CA","06","California","071","San Bernardino","34.1066780008763","-117.274063"
"01/16/2025","AirNow","060719004","1","0.032","ppm","30","San Bernardino","24","100.0000","44201","Ozone","","40140","Riverside-San Bernardino-Ontario, CA","06","California","071","San Bernardino","34.1066780008763","-117.274063"
"01/17/2025","AirNow","060719004","1","0.033","ppm","31","San Bernardino","18","75.0000","44201","Ozone","","40140","Riverside-San Bernardino-Ontario, CA","06","California","071","San Bernardino","34.1066780008763","-117.274063"
"01/18/2025","AirNow","060719004","1","0.038","ppm","35","San Bernardino","24","100.0000","44201","Ozone","","40140","Riverside-San Bernardino-Ontario, CA","06","California","071","San Bernardino","34.1066780008763","-117.274063"
"01/19/2025","AirNow","060719004","1","0.044","ppm","41","San Bernardino","24","100.0000","44201","Ozone","","40140","Riverside-San Bernardino-Ontario, CA","06","California","071","San Bernardino","34.1066780008763","-117.274063"
"01/20/2025","AirNow","060719004","1","0.047","ppm","44","San Bernardino","24","100.0000","44201","Ozone","","40140","Riverside-San Bernardino-Ontario, CA","06","California","071","San Bernardino","34.1066780008763","-117.274063"
"01/22/2025","AirNow","060719004","1","0.043","ppm","40","San Bernardino","24","100.0000","44201","Ozone","","40140","Riverside-San Bernardino-Ontario, CA","06","California","071","San Bernardino","34.1066780008763","-117.274063"
"01/24/2025","AirNow","060719004","1","0.039","ppm","36","San Bernardino","24","100.0000","44201","Ozone","","40140","Riverside-San Bernardino-Ontario, CA","06","California","071","San Bernardino","34.1066780008763","-117.274063"
"01/25/2025","AirNow","060719004","1","0.05","ppm","46","San Bernardino","24","100.0000","44201","Ozone","","40140","Riverside-San Bernardino-Ontario, CA","06","California","071","San Bernardino","34.1066780008763","-117.274063"
"01/26/2025","AirNow","060719004","1","0.037","ppm","34","San Bernardino","24","100.0000","44201","Ozone","","40140","Riverside-San Bernardino-Ontario, CA","06","California","071","San Bernardino","34.1066780008763","-117.274063"
"01/27/2025","AirNow","060719004","1","0.037","ppm","34","San Bernardino","24","100.0000","44201","Ozone","","40140","Riverside-San Bernardino-Ontario, CA","06","California","071","San Bernardino","34.1066780008763","-117.274063"
"01/28/2025","AirNow","060719004","1","0.033","ppm","31","San Bernardino","24","100.0000","44201","Ozone","","40140","Riverside-San Bernardino-Ontario, CA","06","California","071","San Bernardino","34.1066780008763","-117.274063"
"01/29/2025","AirNow","060719004","1","0.035","ppm","32","San Bernardino","24","100.0000","44201","Ozone","","40140","Riverside-San Bernardino-Ontario, CA","06","California","071","San Bernardino","34.1066780008763","-117.274063"
"01/30/2025","AirNow","060719004","1","0.035","ppm","32","San Bernardino","24","100.0000","44201","Ozone","","40140","Riverside-San Bernardino-Ontario, CA","06","California","071","San Bernardino","34.1066780008763","-117.274063"
"01/31/2025","AirNow","060719004","1","0.027","ppm","25","San Bernardino","24","100.0000","44201","Ozone","","40140","Riverside-San Bernardino-Ontario, CA","06","California","071","San Bernardino","34.1066780008763","-117.274063"
"02/01/2025","AirNow","060719004","1","0.044","ppm","41","San Bernardino","24","100.0000","44201","Ozone","","40140","Riverside-San Bernardino-Ontario, CA","06","California","071","San Bernardino","34.1066780008763","-117.274063"
"02/02/2025","AirNow","060719004","1","0.05","ppm","46","San Bernardino","24","100.0000","44201","Ozone","","40140","Riverside-San Bernardino-Ontario, CA","06","California","071","San Bernardino","34.1066780008763","-117.274063"
"02/03/2025","AirNow","060719004","1","0.033","ppm","31","San Bernardino","24","100.0000","44201","Ozone","","40140","Riverside-San Bernardino-Ontario, CA","06","California","071","San Bernardino","34.1066780008763","-117.274063"
"02/04/2025","AirNow","060719004","1","0.031","ppm","29","San Bernardino","24","100.0000","44201","Ozone","","40140","Riverside-San Bernardino-Ontario, CA","06","California","071","San Bernardino","34.1066780008763","-117.274063"
"02/05/2025","AirNow","060719004","1","0.027","ppm","25","San Bernardino","24","100.0000","44201","Ozone","","40140","Riverside-San Bernardino-Ontario, CA","06","California","071","San Bernardino","34.1066780008763","-117.274063"
"02/06/2025","AirNow","060719004","1","0.03","ppm","28","San Bernardino","24","100.0000","44201","Ozone","","40140","Riverside-San Bernardino-Ontario, CA","06","California","071","San Bernardino","34.1066780008763","-117.274063"
"02/07/2025","AirNow","060719004","1","0.029","ppm","27","San Bernardino","24","100.0000","44201","Ozone","","40140","Riverside-San Bernardino-Ontario, CA","06","California","071","San Bernardino","34.1066780008763","-117.274063"
"02/08/2025","AirNow","060719004","1","0.035","ppm","32","San Bernardino","24","100.0000","44201","Ozone","","40140","Riverside-San Bernardino-Ontario, CA","06","California","071","San Bernardino","34.1066780008763","-117.274063"
"02/09/2025","AirNow","060719004","1","0.047","ppm","44","San Bernardino","24","100.0000","44201","Ozone","","40140","Riverside-San Bernardino-Ontario, CA","06","California","071","San Bernardino","34.1066780008763","-117.274063"
"02/10/2025","AirNow","060719004","1","0.046","ppm","43","San Bernardino","24","100.0000","44201","Ozone","","40140","Riverside-San Bernardino-Ontario, CA","06","California","071","San Bernardino","34.1066780008763","-117.274063"
"02/11/2025","AirNow","060719004","1","0.039","ppm","36","San Bernardino","24","100.0000","44201","Ozone","","40140","Riverside-San Bernardino-Ontario, CA","06","California","071","San Bernardino","34.1066780008763","-117.274063"
"02/12/2025","AirNow","060719004","1","0.03","ppm","28","San Bernardino","24","100.0000","44201","Ozone","","40140","Riverside-San Bernardino-Ontario, CA","06","California","071","San Bernardino","34.1066780008763","-117.274063"
"02/13/2025","AirNow","060719004","1","0.033","ppm","31","San Bernardino","24","100.0000","44201","Ozone","","40140","Riverside-San Bernardino-Ontario, CA","06","California","071","San Bernardino","34.1066780008763","-117.274063"
"02/14/2025","AirNow","060719004","1","0.041","ppm","38","San Bernardino","24","100.0000","44201","Ozone","","40140","Riverside-San Bernardino-Ontario, CA","06","California","071","San Bernardino","34.1066780008763","-117.274063"
"02/15/2025","AirNow","060719004","1","0.045","ppm","42","San Bernardino","24","100.0000","44201","Ozone","","40140","Riverside-San Bernardino-Ontario, CA","06","California","071","San Bernardino","34.1066780008763","-117.274063"
"02/16/2025","AirNow","060719004","1","0.045","ppm","42","San Bernardino","24","100.0000","44201","Ozone","","40140","Riverside-San Bernardino-Ontario, CA","06","California","071","San Bernardino","34.1066780008763","-117.274063"
"02/17/2025","AirNow","060719004","1","0.049","ppm","45","San Bernardino","24","100.0000","44201","Ozone","","40140","Riverside-San Bernardino-Ontario, CA","06","California","071","San Bernardino","34.1066780008763","-117.274063"
"02/18/2025","AirNow","060719004","1","0.041","ppm","38","San Bernardino","24","100.0000","44201","Ozone","","40140","Riverside-San Bernardino-Ontario, CA","06","California","071","San Bernardino","34.1066780008763","-117.274063"
"02/19/2025","AirNow","060719004","1","0.046","ppm","43","San Bernardino","24","100.0000","44201","Ozone","","40140","Riverside-San Bernardino-Ontario, CA","06","California","071","San Bernardino","34.1066780008763","-117.274063"
"02/20/2025","AirNow","060719004","1","0.049","ppm","45","San Bernardino","24","100.0000","44201","Ozone","","40140","Riverside-San Bernardino-Ontario, CA","06","California","071","San Bernardino","34.1066780008763","-117.274063"
"02/21/2025","AirNow","060719004","1","0.048","ppm","44","San Bernardino","24","100.0000","44201","Ozone","","40140","Riverside-San Bernardino-Ontario, CA","06","California","071","San Bernardino","34.1066780008763","-117.274063"
"02/22/2025","AirNow","060719004","1","0.05","ppm","46","San Bernardino","24","100.0000","44201","Ozone","","40140","Riverside-San Bernardino-Ontario, CA","06","California","071","San Bernardino","34.1066780008763","-117.274063"
"02/23/2025","AirNow","060719004","1","0.061","ppm","71","San Bernardino","24","100.0000","44201","Ozone","","40140","Riverside-San Bernardino-Ontario, CA","06","California","071","San Bernardino","34.1066780008763","-117.274063"
"02/24/2025","AirNow","060719004","1","0.064","ppm","80","San Bernardino","24","100.0000","44201","Ozone","","40140","Riverside-San Bernardino-Ontario, CA","06","California","071","San Bernardino","34.1066780008763","-117.274063"
"02/25/2025","AirNow","060719004","1","0.058","ppm","61","San Bernardino","24","100.0000","44201","Ozone","","40140","Riverside-San Bernardino-Ontario, CA","06","California","071","San Bernardino","34.1066780008763","-117.274063"
"02/26/2025","AirNow","060719004","1","0.049","ppm","45","San Bernardino","24","100.0000","44201","Ozone","","40140","Riverside-San Bernardino-Ontario, CA","06","California","071","San Bernardino","34.1066780008763","-117.274063"
"02/27/2025","AirNow","060719004","1","0.05","ppm","46","San Bernardino","24","100.0000","44201","Ozone","","40140","Riverside-San Bernardino-Ontario, CA","06","California","071","San Bernardino","34.1066780008763","-117.274063"
"02/28/2025","AirNow","060719004","1","0.047","ppm","44","San Bernardino","24","100.0000","44201","Ozone","","40140","Riverside-San Bernardino-Ontario, CA","06","California","071","San Bernardino","34.1066780008763","-117.274063"
"03/01/2025","AirNow","060719004","1","0.04","ppm","37","San Bernardino","21","88.0000","44201","Ozone","","40140","Riverside-San Bernardino-Ontario, CA","06","California","071","San Bernardino","34.1066780008763","-117.274063"
